Case ID,Species,NCBI Taxonomy,GenoType,Modality,Technique,Anatomical Region,Organization,Investigator,Grant Number,Project,R24 Name,R24 Link,Age,Sex,Viewer Link,AP,ML,DV,Injection Type,Injection Type
SW160525-01A,mouse,NCBI:txid10090,C57Bl6,Tracer Injected,retrograde,ENTm,"University of California, Los Angeles",Hongwei Dong,U19MH114821-01,U19 Huang,BIL,https://download.brainimagelibrary.org/75/6c/756cd8f5634d1b88/1U19MH114821-01/SW160525-01A,NA,NA,NA,-4.65,3,-4,CTB 488,pressure (50nl)
SW160525-01A,mouse,NCBI:txid10090,C57Bl6,Tracer Injected,retrograde,failed,"University of California, Los Angeles",Hongwei Dong,U19MH114821-01,U19 Huang,BIL,https://download.brainimagelibrary.org/75/6c/756cd8f5634d1b88/1U19MH114821-01/SW160525-01A,NA,NA,NA,NA,NA,,CTB 555,pressure (50nl)
SW160525-01A,mouse,NCBI:txid10090,C57Bl6,Tracer Injected,retrograde,VII,"University of California, Los Angeles",Hongwei Dong,U19MH114821-01,U19 Huang,BIL,https://download.brainimagelibrary.org/75/6c/756cd8f5634d1b88/1U19MH114821-01/SW160525-01A,NA,NA,NA,-5.555,1.25,-6,CTB 647,"iontophoresis (10 min, 7secOn/Off)"
SW160525-01A,mouse,NCBI:txid10090,C57Bl6,Tracer Injected,retrograde,,"University of California, Los Angeles",Hongwei Dong,U19MH114821-01,U19 Huang,BIL,https://download.brainimagelibrary.org/75/6c/756cd8f5634d1b88/1U19MH114821-01/SW160525-01A,NA,NA,NA,-5.555,2,-5.3,FG,"iontophoresis (10 min, 7secOn/Off)"
SW170201-05A,mouse,NCBI:txid10090,C57Bl6,Tracer Injected,retrograde,SC,"University of California, Los Angeles",Hongwei Dong,U19MH114821-01,U19 Huang,BIL,https://download.brainimagelibrary.org/82/19/82197a758a3b87d2/1U19MH114821-01/SW170201-05A/,NA,NA,NA,-4.28,0.6,-2.25,1. CTB 555,pressure (50nl)
SW170201-05A,mouse,NCBI:txid10090,C57Bl6,Tracer Injected,retrograde,SC,"University of California, Los Angeles",Hongwei Dong,U19MH114821-01,U19 Huang,BIL,https://download.brainimagelibrary.org/82/19/82197a758a3b87d2/1U19MH114821-01/SW170201-05A/,NA,NA,NA,-4.28,0.2,-1.75,2. CTB 647,"iontophoresis (10 min, 7secOn/Off)"
SW170201-05A,mouse,NCBI:txid10090,C57Bl6,Tracer Injected,retrograde,SC,"University of California, Los Angeles",Hongwei Dong,U19MH114821-01,U19 Huang,BIL,https://download.brainimagelibrary.org/82/19/82197a758a3b87d2/1U19MH114821-01/SW170201-05A/,NA,NA,NA,-4.28,0.9,-2.6,3. CTB 488,pressure (50nl)
SW170201-06A,mouse,NCBI:txid10090,C57Bl6,Tracer Injected,retrograde,LatSC,"University of California, Los Angeles",Hongwei Dong,U19MH114821-01,U19 Huang,BIL,https://download.brainimagelibrary.org/82/19/82197a758a3b87d2/1U19MH114821-01/SW170201-06A/,NA,NA,NA,-3.45,1.25,2.2,CTB 488,pressure (50nl)
SW170201-06A,mouse,NCBI:txid10090,C57Bl6,Tracer Injected,retrograde,MedSC,"University of California, Los Angeles",Hongwei Dong,U19MH114821-01,U19 Huang,BIL,https://download.brainimagelibrary.org/82/19/82197a758a3b87d2/1U19MH114821-01/SW170201-06A/,NA,NA,NA,-3.45,-0.75,1.9,CTB 555,pressure (50nl)
SW170201-06A,mouse,NCBI:txid10090,C57Bl6,Tracer Injected,retrograde,MedSC,"University of California, Los Angeles",Hongwei Dong,U19MH114821-01,U19 Huang,BIL,https://download.brainimagelibrary.org/82/19/82197a758a3b87d2/1U19MH114821-01/SW170201-06A/,NA,NA,NA,-3.45,0.25,1.8,CTB 647,"iontophoresis (10 min, 7secOn/Off)"
SW170201-06A,mouse,NCBI:txid10090,C57Bl6,Tracer Injected,retrograde,LatSC,"University of California, Los Angeles",Hongwei Dong,U19MH114821-01,U19 Huang,BIL,https://download.brainimagelibrary.org/82/19/82197a758a3b87d2/1U19MH114821-01/SW170201-06A/,NA,NA,NA,-3.45,1.6,2.4,FG,"iontophoresis (10 min, 7secOn/Off)"
SW170711-02A,mouse,NCBI:txid10090,C57BL/6J,Tracer Injected,retrograde,SSp-ul,University of Southern California,Hongwei Dong,U01MH114829-01,U01 Dong,BIL,https://download.brainimagelibrary.org/84/c1/84c11fe5e4550ca0/SW170711-02A/,NA,NA,NA,0.145,2.65,0.65,CTB 488,pressure (50nl)
SW170711-02A,mouse,NCBI:txid10090,C57BL/6J,Tracer Injected,retrograde,MOs-ul,University of Southern California,Hongwei Dong,U01MH114829-01,U01 Dong,BIL,https://download.brainimagelibrary.org/84/c1/84c11fe5e4550ca0/SW170711-02A/,NA,NA,NA,1.945,1,0.55,CTB 555,pressure (50nl)
SW170711-02A,mouse,NCBI:txid10090,C57BL/6J,Tracer Injected,retrograde,MOp-ul,University of Southern California,Hongwei Dong,U01MH114829-01,U01 Dong,BIL,https://download.brainimagelibrary.org/84/c1/84c11fe5e4550ca0/SW170711-02A/,NA,NA,NA,1.045,1.6,0.7,CTB 647,"iontophoresis (10 min, 7secOn/Off)"
SW170711-02A,mouse,NCBI:txid10090,C57BL/6J,Tracer Injected,retrograde,SSs-cv,University of Southern California,Hongwei Dong,U01MH114829-01,U01 Dong,BIL,https://download.brainimagelibrary.org/84/c1/84c11fe5e4550ca0/SW170711-02A/,NA,NA,NA,-1,4.6,1.65,FG ,"iontophoresis (10 min, 7secOn/Off)"
SW170711-03B,mouse,NCBI:txid10090,C57BL/6J,Tracer Injected,retrograde,MOp-ul,University of Southern California,Hongwei Dong,U01MH114829-01,U01 Dong,BIL,https://download.brainimagelibrary.org/84/c1/84c11fe5e4550ca0/SW170711-03B/,NA,NA,NA,1.045,1.6,0.7,CTB 488,pressure (50nl)
SW170711-03B,mouse,NCBI:txid10090,C57BL/6J,Tracer Injected,retrograde,SSs-cv,University of Southern California,Hongwei Dong,U01MH114829-01,U01 Dong,BIL,https://download.brainimagelibrary.org/84/c1/84c11fe5e4550ca0/SW170711-03B/,NA,NA,NA,-1,4.6,1.65,CTB 555,pressure (50nl)
SW170711-03B,mouse,NCBI:txid10090,C57BL/6J,Tracer Injected,retrograde,MOs-ul,University of Southern California,Hongwei Dong,U01MH114829-01,U01 Dong,BIL,https://download.brainimagelibrary.org/84/c1/84c11fe5e4550ca0/SW170711-03B/,NA,NA,NA,1.945,1,0.55,CTB 647,"iontophoresis (10 min, 7secOn/Off)"
SW170711-03B,mouse,NCBI:txid10090,C57BL/6J,Tracer Injected,retrograde,SSp-ul,University of Southern California,Hongwei Dong,U01MH114829-01,U01 Dong,BIL,https://download.brainimagelibrary.org/84/c1/84c11fe5e4550ca0/SW170711-03B/,NA,NA,NA,0.145,2.65,0.65,FG,"iontophoresis (10 min, 7secOn/Off)"
SW170711-04A,mouse,NCBI:txid10090,C57BL/6J,Tracer Injected,retrograde,MOs-ul,University of Southern California,Hongwei Dong,U01MH114829-01,U01 Dong,BIL,https://download.brainimagelibrary.org/84/c1/84c11fe5e4550ca0/SW170711-04A/,NA,NA,NA,1.945,1,0.55,CTB 488,pressure (50nl)
SW170711-04A,mouse,NCBI:txid10090,C57BL/6J,Tracer Injected,retrograde,SSp-ul,University of Southern California,Hongwei Dong,U01MH114829-01,U01 Dong,BIL,https://download.brainimagelibrary.org/84/c1/84c11fe5e4550ca0/SW170711-04A/,NA,NA,NA,0.145,2.65,0.65,CTB 555,pressure (50nl)
SW170711-04A,mouse,NCBI:txid10090,C57BL/6J,Tracer Injected,retrograde,SSs,University of Southern California,Hongwei Dong,U01MH114829-01,U01 Dong,BIL,https://download.brainimagelibrary.org/84/c1/84c11fe5e4550ca0/SW170711-04A/,NA,NA,NA,-1,4.6,1.65,CTB 647,"iontophoresis (10 min, 7secOn/Off)"
SW170711-04A,mouse,NCBI:txid10090,C57BL/6J,Tracer Injected,retrograde,MOp-ul,University of Southern California,Hongwei Dong,U01MH114829-01,U01 Dong,BIL,https://download.brainimagelibrary.org/84/c1/84c11fe5e4550ca0/SW170711-04A/,NA,NA,NA,1.045,1.6,0.7,FG,"iontophoresis (10 min, 7secOn/Off)"
SW170711-05A,mouse,NCBI:txid10090,C57BL/6J,Tracer Injected,retrograde,SSs-cv,University of Southern California,Hongwei Dong,U01MH114829-01,U01 Dong,BIL,https://download.brainimagelibrary.org/84/c1/84c11fe5e4550ca0/SW170711-05A/,NA,NA,NA,-1,4.6,1.65,CTB 488,pressure (50nl)
SW170711-05A,mouse,NCBI:txid10090,C57BL/6J,Tracer Injected,retrograde,MOp-ul,University of Southern California,Hongwei Dong,U01MH114829-01,U01 Dong,BIL,https://download.brainimagelibrary.org/84/c1/84c11fe5e4550ca0/SW170711-05A/,NA,NA,NA,1.045,1.6,0.7,CTB 555,pressure (50nl)
SW170711-05A,mouse,NCBI:txid10090,C57BL/6J,Tracer Injected,retrograde,SSp-ul,University of Southern California,Hongwei Dong,U01MH114829-01,U01 Dong,BIL,https://download.brainimagelibrary.org/84/c1/84c11fe5e4550ca0/SW170711-05A/,NA,NA,NA,0.145,2.65,0.65,CTB 647,"iontophoresis (10 min, 7secOn/Off)"
SW170711-05A,mouse,NCBI:txid10090,C57BL/6J,Tracer Injected,retrograde,MOs-ul,University of Southern California,Hongwei Dong,U01MH114829-01,U01 Dong,BIL,https://download.brainimagelibrary.org/84/c1/84c11fe5e4550ca0/SW170711-05A/,NA,NA,NA,1.945,1,0.55,FG,"iontophoresis (10 min, 7secOn/Off)"
SW170811-01A,mouse,NCBI:txid10090,C57BL/6J,Tracer Injected,retrograde,SSs-cv,University of Southern California,Hongwei Dong,U01MH114829-01,U01 Dong,BIL,https://download.brainimagelibrary.org/84/c1/84c11fe5e4550ca0/SW170811-01A/,NA,NA,NA,-0.9,4.5,1.55,CTB 488,pressure (50nl)
SW170811-01A,mouse,NCBI:txid10090,C57BL/6J,Tracer Injected,retrograde,MOp-ul,University of Southern California,Hongwei Dong,U01MH114829-01,U01 Dong,BIL,https://download.brainimagelibrary.org/84/c1/84c11fe5e4550ca0/SW170811-01A/,NA,NA,NA,1.045,1.6,0.7,CTB 555,pressure (50nl)
SW170811-01A,mouse,NCBI:txid10090,C57BL/6J,Tracer Injected,retrograde,SSp-ul,University of Southern California,Hongwei Dong,U01MH114829-01,U01 Dong,BIL,https://download.brainimagelibrary.org/84/c1/84c11fe5e4550ca0/SW170811-01A/,NA,NA,NA,0.145,2.65,0.65,CTB 647,"iontophoresis (10 min, 7secOn/Off)"
SW170811-01A,mouse,NCBI:txid10090,C57BL/6J,Tracer Injected,retrograde,MOs-ul,University of Southern California,Hongwei Dong,U01MH114829-01,U01 Dong,BIL,https://download.brainimagelibrary.org/84/c1/84c11fe5e4550ca0/SW170811-01A/,NA,NA,NA,1.945,1,0.;55,FG,"iontophoresis (10 min, 7secOn/Off)"
SW170811-02A,mouse,NCBI:txid10090,C57BL/6J,Tracer Injected,retrograde,SSp-ul,University of Southern California,Hongwei Dong,U01MH114829-01,U01 Dong,BIL,https://download.brainimagelibrary.org/84/c1/84c11fe5e4550ca0/SW170811-02A/,NA,NA,NA,0.145,2.65,0.65,CTB 488,pressure (50nl)
SW170811-02A,mouse,NCBI:txid10090,C57BL/6J,Tracer Injected,retrograde,MOs-ul,University of Southern California,Hongwei Dong,U01MH114829-01,U01 Dong,BIL,https://download.brainimagelibrary.org/84/c1/84c11fe5e4550ca0/SW170811-02A/,NA,NA,NA,1.945,1,0.55,CTB 555,pressure (50nl)
SW170811-02A,mouse,NCBI:txid10090,C57BL/6J,Tracer Injected,retrograde,MOp-ul,University of Southern California,Hongwei Dong,U01MH114829-01,U01 Dong,BIL,https://download.brainimagelibrary.org/84/c1/84c11fe5e4550ca0/SW170811-02A/,NA,NA,NA,1.045,1.6,0.7,CTB647,"iontophoresis (10 min, 7secOn/Off)"
SW170811-02A,mouse,NCBI:txid10090,C57BL/6J,Tracer Injected,retrograde,SSs-cv,University of Southern California,Hongwei Dong,U01MH114829-01,U01 Dong,BIL,https://download.brainimagelibrary.org/84/c1/84c11fe5e4550ca0/SW170811-02A/,NA,NA,NA,-0.9,4.5,1.55,FG,"iontophoresis (10 min, 7secOn/Off)"
SW170816-01A,mouse,NCBI:txid10090,C57Bl6,Tracer Injected,retrograde,MedSC,"University of California, Los Angeles",Hongwei Dong,U19MH114821-01,U19 Huang,BIL,https://download.brainimagelibrary.org/75/6c/756cd8f5634d1b88/1U19MH114821-01/SW170816-01A,NA,NA,NA,3.3,0.75,1.7,CTB 488,pressure (50nl)
SW170816-01A,mouse,NCBI:txid10090,C57Bl6,Tracer Injected,retrograde,MedSC,"University of California, Los Angeles",Hongwei Dong,U19MH114821-01,U19 Huang,BIL,https://download.brainimagelibrary.org/75/6c/756cd8f5634d1b88/1U19MH114821-01/SW170816-01A,NA,NA,NA,3.3,1.2,2,CTB 555,pressure (50nl)
SW170816-01A,mouse,NCBI:txid10090,C57Bl6,Tracer Injected,retrograde,MedSC,"University of California, Los Angeles",Hongwei Dong,U19MH114821-01,U19 Huang,BIL,https://download.brainimagelibrary.org/75/6c/756cd8f5634d1b88/1U19MH114821-01/SW170816-01A,NA,NA,NA,3.3,0.4,1.6,CTB 647,"iontophoresis (10 min, 7secOn/Off)"
SW170816-01A,mouse,NCBI:txid10090,C57Bl6,Tracer Injected,retrograde,MedSC,"University of California, Los Angeles",Hongwei Dong,U19MH114821-01,U19 Huang,BIL,https://download.brainimagelibrary.org/75/6c/756cd8f5634d1b88/1U19MH114821-01/SW170816-01A,NA,NA,NA,3.3,1.6,2.2,FG,"iontophoresis (10 min, 7secOn/Off)"
SW170911-01A,mouse,NCBI:txid10090,C57BL/6J,Tracer Injected,retrograde,RSPv,University of Southern California,Hongwei Dong,U01MH114829-01,U01 Dong,BIL,https://download.brainimagelibrary.org/84/c1/84c11fe5e4550ca0/SW170911-01A/,NA,NA,NA,-3.58,1,-0.9,CTB 488,pressure (50nl)
SW170911-01A,mouse,NCBI:txid10090,C57BL/6J,Tracer Injected,retrograde,failed,University of Southern California,Hongwei Dong,U01MH114829-01,U01 Dong,BIL,https://download.brainimagelibrary.org/84/c1/84c11fe5e4550ca0/SW170911-01A/,NA,NA,NA,NA,NA,,CTB 555,pressure (50nl)
SW170911-01A,mouse,NCBI:txid10090,C57BL/6J,Tracer Injected,retrograde,failed,University of Southern California,Hongwei Dong,U01MH114829-01,U01 Dong,BIL,https://download.brainimagelibrary.org/84/c1/84c11fe5e4550ca0/SW170911-01A/,NA,NA,NA,NA,NA,,CTB 647,"iontophoresis (10 min, 7secOn/Off)"
SW170911-01A,mouse,NCBI:txid10090,C57BL/6J,Tracer Injected,retrograde,RE,University of Southern California,Hongwei Dong,U01MH114829-01,U01 Dong,BIL,https://download.brainimagelibrary.org/84/c1/84c11fe5e4550ca0/SW170911-01A/,NA,NA,NA,-0.555,0.5,-4.5,FG,"iontophoresis (10 min, 7secOn/Off)"
SW170911-02A,mouse,NCBI:txid10090,C57BL/6J,Tracer Injected,retrograde,RE,University of Southern California,Hongwei Dong,U01MH114829-01,U01 Dong,BIL,https://download.brainimagelibrary.org/84/c1/84c11fe5e4550ca0/SW170911-02A/,NA,NA,NA,-0.755,0.4,-4.6,1 FG,"iontophoresis (5 min, 7secOn/Off)"
SW170911-02A,mouse,NCBI:txid10090,C57BL/6J,Tracer Injected,retrograde,AM,University of Southern California,Hongwei Dong,U01MH114829-01,U01 Dong,BIL,https://download.brainimagelibrary.org/84/c1/84c11fe5e4550ca0/SW170911-02A/,NA,NA,NA,-0.755,0.7,-4.1,2 CTB 555,pressure (50nl)
SW170911-02A,mouse,NCBI:txid10090,C57BL/6J,Tracer Injected,retrograde,PVp,University of Southern California,Hongwei Dong,U01MH114829-01,U01 Dong,BIL,https://download.brainimagelibrary.org/84/c1/84c11fe5e4550ca0/SW170911-02A/,NA,NA,NA,-2.48,0.05,-6.35,3 CTB 647,"iontophoresis (10 min, 7secOn/Off)"
SW170911-02A,mouse,NCBI:txid10090,C57BL/6J,Tracer Injected,retrograde,RSPd,University of Southern California,Hongwei Dong,U01MH114829-01,U01 Dong,BIL,https://download.brainimagelibrary.org/84/c1/84c11fe5e4550ca0/SW170911-02A/,NA,NA,NA,-3.455,0.6,-0.5,4 CTB 488,pressure (50nl)
SW170928-04A,mouse,NCBI:txid10090,C57Bl6,Tracer Injected,retrograde,RE,University of Southern California,Hongwei Dong,U01MH114829-01,U01 Dong,BIL,https://download.brainimagelibrary.org/11/5b/115bda6eacd6507c/1U01MH114829-01/SW170928-04A,NA,NA,NA,-0.655,0.2,-4.75,1 CTB 647,"iontophoresis (10 min, 7secOn/Off)"
SW170928-04A,mouse,NCBI:txid10090,C57Bl6,Tracer Injected,retrograde,RSPv,University of Southern California,Hongwei Dong,U01MH114829-01,U01 Dong,BIL,https://download.brainimagelibrary.org/11/5b/115bda6eacd6507c/1U01MH114829-01/SW170928-04A,NA,NA,NA,-1.455,0.1,-1,2 CTB 488,pressure (50nl)
SW170928-04A,mouse,NCBI:txid10090,C57Bl6,Tracer Injected,retrograde,SC,University of Southern California,Hongwei Dong,U01MH114829-01,U01 Dong,BIL,https://download.brainimagelibrary.org/11/5b/115bda6eacd6507c/1U01MH114829-01/SW170928-04A,NA,NA,NA,-4.08,1.85,-2.2,3 CTB 555,pressure (50nl)
SW171016-01A,mouse,NCBI:txid10090,C57Bl6,Tracer Injected,retrograde,AD,University of Southern California,Hongwei Dong,U01MH114829-01,U01 Dong,BIL,https://download.brainimagelibrary.org/11/5b/115bda6eacd6507c/1U01MH114829-01/SW171016-01A,NA,NA,NA,-0.555,0.7,-3.25,1 CTB 647,"iontophoresis (10 min, 7secOn/Off)"
SW171016-01A,mouse,NCBI:txid10090,C57Bl6,Tracer Injected,retrograde,AV,University of Southern California,Hongwei Dong,U01MH114829-01,U01 Dong,BIL,https://download.brainimagelibrary.org/11/5b/115bda6eacd6507c/1U01MH114829-01/SW171016-01A,NA,NA,NA,-0.655,1.1,-3.5,2 CTB 488,pressure (50nl)
SW171016-01A,mouse,NCBI:txid10090,C57Bl6,Tracer Injected,retrograde,AM,University of Southern California,Hongwei Dong,U01MH114829-01,U01 Dong,BIL,https://download.brainimagelibrary.org/11/5b/115bda6eacd6507c/1U01MH114829-01/SW171016-01A,NA,NA,NA,-0.655,0.75,-4.3,3 CTB 555,pressure (50nl)
SW171016-02A,mouse,NCBI:txid10090,C57Bl6,Tracer Injected,retrograde,AD,University of Southern California,Hongwei Dong,U01MH114829-01,U01 Dong,BIL,https://download.brainimagelibrary.org/11/5b/115bda6eacd6507c/1U01MH114829-01/SW171016-02A,NA,NA,NA,-0.555,0.7,-3.25,1 CTB 647,"iontophoresis (10 min, 7secOn/Off)"
SW171016-02A,mouse,NCBI:txid10090,C57Bl6,Tracer Injected,retrograde,AV,University of Southern California,Hongwei Dong,U01MH114829-01,U01 Dong,BIL,https://download.brainimagelibrary.org/11/5b/115bda6eacd6507c/1U01MH114829-01/SW171016-02A,NA,NA,NA,-0.655,1.1,-3.5,2 CTB 488,pressure (50nl)
SW171016-02A,mouse,NCBI:txid10090,C57Bl6,Tracer Injected,retrograde,AM,University of Southern California,Hongwei Dong,U01MH114829-01,U01 Dong,BIL,https://download.brainimagelibrary.org/11/5b/115bda6eacd6507c/1U01MH114829-01/SW171016-02A,NA,NA,NA,-0.655,0.75,-4.3,3 CTB 555,pressure (50nl)
SW171031-01A,mouse,NCBI:txid10090,NA,Tracer Injected,retrograde,CA1i,University of Southern California,Hongwei Dong,U01MH114829-01,U01 Dong,BIL,https://download.brainimagelibrary.org/e8/20/e820c8267a0cbedb/2018Q4_U01/SW171031-01A/,NA,NA,NA,-3.18,3.8,-4,1 CTB 647,"iontophoresis (10 min, 7secOn/Off)"
SW171031-01A,mouse,NCBI:txid10090,NA,Tracer Injected,retrograde,SUBvv,University of Southern California,Hongwei Dong,U01MH114829-01,U01 Dong,BIL,https://download.brainimagelibrary.org/e8/20/e820c8267a0cbedb/2018Q4_U01/SW171031-01A/,NA,NA,NA,-3.455,3,-5.25,2 CTB 488,pressure (50nl)
SW171031-01A,mouse,NCBI:txid10090,NA,Tracer Injected,retrograde,CA3,University of Southern California,Hongwei Dong,U01MH114829-01,U01 Dong,BIL,https://download.brainimagelibrary.org/e8/20/e820c8267a0cbedb/2018Q4_U01/SW171031-01A/,NA,NA,NA,-2.555,3,-3,3 CTB 555,pressure (50nl)
SW171031-04A,mouse,NCBI:txid10090,C57Bl6,Tracer Injected,retrograde,failed,University of Southern California,Hongwei Dong,U01MH114829-01,U01 Dong,BIL,https://download.brainimagelibrary.org/11/5b/115bda6eacd6507c/1U01MH114829-01/SW171031-04A,NA,NA,NA,NA,NA,,1 CTB 647,"iontophoresis (10 min, 7secOn/Off)"
SW171031-04A,mouse,NCBI:txid10090,C57Bl6,Tracer Injected,retrograde,ENTm1,University of Southern California,Hongwei Dong,U01MH114829-01,U01 Dong,BIL,https://download.brainimagelibrary.org/11/5b/115bda6eacd6507c/1U01MH114829-01/SW171031-04A,NA,NA,NA,-4.155,3.1,-5.6,2 CTB 488,pressure (50nl)
SW171031-04A,mouse,NCBI:txid10090,C57Bl6,Tracer Injected,retrograde,RSPv,University of Southern California,Hongwei Dong,U01MH114829-01,U01 Dong,BIL,https://download.brainimagelibrary.org/11/5b/115bda6eacd6507c/1U01MH114829-01/SW171031-04A,NA,NA,NA,-3.88,1.35,-1.25,3 CTB 555,pressure (50nl)
SW171101-01A,mouse,NCBI:txid10090,C57BL/6J,Tracer Injected,anterograde,AId,University of Southern California,Hongwei Dong,U19MH114821-01,U19 Huang,BIL,https://download.brainimagelibrary.org/e4/2d/e42d6385cc272c17/SW171101-01A/,NA,NA,NA,2.045,2.25,-3.1,1. PHAL,"iontophoresis (10 min, 7secOn/Off)"
SW171101-01A,mouse,NCBI:txid10090,C57BL/6J,Tracer Injected,anterograde,MOp,University of Southern California,Hongwei Dong,U19MH114821-01,U19 Huang,BIL,https://download.brainimagelibrary.org/e4/2d/e42d6385cc272c17/SW171101-01A/,NA,NA,NA,1.045,1.5,-1.5,2. AAV1-CAG-tdTomato-WPRE,"iontophoresis (3 min, 7secOn/Off)"
SW171101-01A,mouse,NCBI:txid10090,C57BL/6J,Tracer Injected,anterograde,MOp,University of Southern California,Hongwei Dong,U19MH114821-01,U19 Huang,BIL,https://download.brainimagelibrary.org/e4/2d/e42d6385cc272c17/SW171101-01A/,NA,NA,NA,1.545,1.5,-1.5,3. AAV1-hSyn-GFP-WPRE,"iontophoresis (3 min, 7secOn/Off)"
SW171101-02A,mouse,NCBI:txid10090,C57BL/6J,Tracer Injected,anterograde,MOp,University of Southern California,Hongwei Dong,U19MH114821-01,U19 Huang,BIL,https://download.brainimagelibrary.org/e4/2d/e42d6385cc272c17/SW171101-02A/,NA,NA,NA,1.345,1.75,-1.5,1. PHAL,"iontophoresis (10 min, 7secOn/Off)"
SW171101-02A,mouse,NCBI:txid10090,C57BL/6J,Tracer Injected,anterograde,MOp,University of Southern California,Hongwei Dong,U19MH114821-01,U19 Huang,BIL,https://download.brainimagelibrary.org/e4/2d/e42d6385cc272c17/SW171101-02A/,NA,NA,NA,0.545,1.3,-1,2. AAV1-CAG-tdTomato-WPRE,"iontophoresis (3 min, 7secOn/Off)"
SW171101-02A,mouse,NCBI:txid10090,C57BL/6J,Tracer Injected,anterograde,MOp,University of Southern California,Hongwei Dong,U19MH114821-01,U19 Huang,BIL,https://download.brainimagelibrary.org/e4/2d/e42d6385cc272c17/SW171101-02A/,NA,NA,NA,0.545,1.1,-0.9,3. AAV1-hSyn-GFP-WPRE,"iontophoresis (3 min, 7secOn/Off)"
SW171101-03A,mouse,NCBI:txid10090,C57Bl6,Tracer Injected,anterograde,MOp,University of Southern California,Hongwei Dong,U19MH114821-01,U19 Huang,BIL,https://download.brainimagelibrary.org/47/01/4701bc104b9651f0/1U19MH114821-01/SW171101-03A/,NA,NA,NA,1.145,1.6,-1.3,1. PHAL,"iontophoresis (10 min, 7secOn/Off)"
SW171101-03A,mouse,NCBI:txid10090,C57Bl6,Tracer Injected,anterograde,MOp,University of Southern California,Hongwei Dong,U19MH114821-01,U19 Huang,BIL,https://download.brainimagelibrary.org/47/01/4701bc104b9651f0/1U19MH114821-01/SW171101-03A/,NA,NA,NA,0.945,1.5,-1.25,2. AAV1-CAG-tdTomato-WPRE,"iontophoresis (3 min, 7secOn/Off)"
SW171101-03A,mouse,NCBI:txid10090,C57Bl6,Tracer Injected,anterograde,MOp,University of Southern California,Hongwei Dong,U19MH114821-01,U19 Huang,BIL,https://download.brainimagelibrary.org/47/01/4701bc104b9651f0/1U19MH114821-01/SW171101-03A/,NA,NA,NA,1.545,1.5,-1.4,3. AAV1-hSyn-GFP-WPRE,"iontophoresis (5 min, 7secOn/Off)"
SW171102-01A,mouse,NCBI:txid10090,C57Bl6,Tracer Injected,anterograde,MOp,University of Southern California,Hongwei Dong,U19MH114821-01,U19 Huang,BIL,https://download.brainimagelibrary.org/47/01/4701bc104b9651f0/1U19MH114821-01/SW171102-01A/,NA,NA,NA,1.545,1.6,-1.5,1. PHAL,"iontophoresis (10 min, 7secOn/Off)"
SW171102-01A,mouse,NCBI:txid10090,C57Bl6,Tracer Injected,anterograde,MOp,University of Southern California,Hongwei Dong,U19MH114821-01,U19 Huang,BIL,https://download.brainimagelibrary.org/47/01/4701bc104b9651f0/1U19MH114821-01/SW171102-01A/,NA,NA,NA,2.245,1.9,-2.75,2. AAV1-CAG-tdTomato-WPRE,"iontophoresis (3 min, 7secOn/Off)"
SW171102-01A,mouse,NCBI:txid10090,C57Bl6,Tracer Injected,anterograde,MOp,University of Southern California,Hongwei Dong,U19MH114821-01,U19 Huang,BIL,https://download.brainimagelibrary.org/47/01/4701bc104b9651f0/1U19MH114821-01/SW171102-01A/,NA,NA,NA,1.145,1.5,-1.1,3. AAV1-hSyn-GFP-WPRE,"iontophoresis (3 min, 7secOn/Off)"
SW171102-02A,mouse,NCBI:txid10090,C57Bl6,Tracer Injected,anterograde,SSp,University of Southern California,Hongwei Dong,U19MH114821-01,U19 Huang,BIL,https://download.brainimagelibrary.org/47/01/4701bc104b9651f0/1U19MH114821-01/SW171102-02A/,NA,NA,NA,1.345,2,-1.75,1. PHAL,"iontophoresis (10 min, 7secOn/Off)"
SW171102-02A,mouse,NCBI:txid10090,C57Bl6,Tracer Injected,anterograde,MOp,University of Southern California,Hongwei Dong,U19MH114821-01,U19 Huang,BIL,https://download.brainimagelibrary.org/47/01/4701bc104b9651f0/1U19MH114821-01/SW171102-02A/,NA,NA,NA,1.645,1.5,-1.6,2. AAV1-CAG-tdTomato-WPRE,"iontophoresis (3 min, 7secOn/Off)"
SW171102-02A,mouse,NCBI:txid10090,C57Bl6,Tracer Injected,anterograde,MOp,University of Southern California,Hongwei Dong,U19MH114821-01,U19 Huang,BIL,https://download.brainimagelibrary.org/47/01/4701bc104b9651f0/1U19MH114821-01/SW171102-02A/,NA,NA,NA,1.145,1.2,-1.25,3. AAV1-hSyn-GFP-WPRE,"iontophoresis (3 min, 7secOn/Off)"
SW171116-01A,mouse,NCBI:txid10090,C57BL/6J,Tracer Injected,retrograde ,VAL,University of Southern California,Hongwei Dong,U01MH114829-01,U01 Dong,BIL,https://download.brainimagelibrary.org/84/c1/84c11fe5e4550ca0/SW171116-01A/,NA,NA,NA,-1.255,1.1,-3.8,CTB 488,pressure (50nl)
SW171116-01A,mouse,NCBI:txid10090,C57BL/6J,Tracer Injected,retrograde ,VM,University of Southern California,Hongwei Dong,U01MH114829-01,U01 Dong,BIL,https://download.brainimagelibrary.org/84/c1/84c11fe5e4550ca0/SW171116-01A/,NA,NA,NA,-1.955,0.75,-4.75,CTB 555,pressure (50nl)
SW171116-01A,mouse,NCBI:txid10090,C57BL/6J,Tracer Injected,retrograde ,PO,University of Southern California,Hongwei Dong,U01MH114829-01,U01 Dong,BIL,https://download.brainimagelibrary.org/84/c1/84c11fe5e4550ca0/SW171116-01A/,NA,NA,NA,-1.955,1,-4,CTB 647,"iontophoresis (10 min, 7secOn/Off)"
SW171116-02A,mouse,NCBI:txid10090,C57BL/6J,Tracer Injected,retrograde ,CP,University of Southern California,Hongwei Dong,U01MH114829-01,U01 Dong,BIL,https://download.brainimagelibrary.org/84/c1/84c11fe5e4550ca0/SW171116-02A/,NA,NA,NA,0.145,3,-3.5,1 CTB 647,"iontophoresis (10 min, 7secOn/Off)"
SW171116-02A,mouse,NCBI:txid10090,C57BL/6J,Tracer Injected,retrograde ,SSp,University of Southern California,Hongwei Dong,U01MH114829-01,U01 Dong,BIL,https://download.brainimagelibrary.org/84/c1/84c11fe5e4550ca0/SW171116-02A/,NA,NA,NA,-0.755,3.75,-2,2 CTB 488,pressure (50nl)
SW171116-02A,mouse,NCBI:txid10090,C57BL/6J,Tracer Injected,retrograde ,LH+MD,University of Southern California,Hongwei Dong,U01MH114829-01,U01 Dong,BIL,https://download.brainimagelibrary.org/84/c1/84c11fe5e4550ca0/SW171116-02A/,NA,NA,NA,-1.855,0.65,-2.7,3 CTB 555,pressure (50nl)
SW171116-03A,mouse,NCBI:txid10090,C57BL/6J,Tracer Injected,retrograde ,SSp-ul,University of Southern California,Hongwei Dong,U01MH114829-01,U01 Dong,BIL,https://download.brainimagelibrary.org/84/c1/84c11fe5e4550ca0/SW171116-03A/,NA,NA,NA,-0.28,2.5,-1.1,1 CTB 647,"iontophoresis (10 min, 7secOn/Off)"
SW171116-03A,mouse,NCBI:txid10090,C57BL/6J,Tracer Injected,retrograde ,SSp-bfd,University of Southern California,Hongwei Dong,U01MH114829-01,U01 Dong,BIL,https://download.brainimagelibrary.org/84/c1/84c11fe5e4550ca0/SW171116-03A/,NA,NA,NA,-0.28,3.6,-1.75,2 CTB 488,pressure (50nl)
SW171116-03A,mouse,NCBI:txid10090,C57BL/6J,Tracer Injected,retrograde ,MOs-ll,University of Southern California,Hongwei Dong,U01MH114829-01,U01 Dong,BIL,https://download.brainimagelibrary.org/84/c1/84c11fe5e4550ca0/SW171116-03A/,NA,NA,NA,1.945,1,-1.4,3 CTB 555,pressure (50nl)
SW171116-04A,mouse,NCBI:txid10090,C57BL/6J,Tracer Injected,retrograde ,SC+RSPv,University of Southern California,Hongwei Dong,U01MH114829-01,U01 Dong,BIL,https://download.brainimagelibrary.org/84/c1/84c11fe5e4550ca0/SW171116-04A/,NA,NA,NA,-4.455,1.25,-1.15,1 CTB 647,"iontophoresis (10 min, 7secOn/Off)"
SW171116-04A,mouse,NCBI:txid10090,C57BL/6J,Tracer Injected,retrograde ,MRN,University of Southern California,Hongwei Dong,U01MH114829-01,U01 Dong,BIL,https://download.brainimagelibrary.org/84/c1/84c11fe5e4550ca0/SW171116-04A/,NA,NA,NA,-3.08,1.4,-4,2 CTB 488,pressure (50nl)
SW171116-04A,mouse,NCBI:txid10090,C57BL/6J,Tracer Injected,retrograde ,VAL,University of Southern California,Hongwei Dong,U01MH114829-01,U01 Dong,BIL,https://download.brainimagelibrary.org/84/c1/84c11fe5e4550ca0/SW171116-04A/,NA,NA,NA,-1.855,1.3,-4.2,3 CTB 555,pressure (50nl)
SW171117-01A,mouse,NCBI:txid10090,C57BL/6J,Tracer Injected,retrograde ,VISam,University of Southern California,Hongwei Dong,U01MH114829-01,U01 Dong,BIL,https://download.brainimagelibrary.org/84/c1/84c11fe5e4550ca0/SW171117-01A/,NA,NA,NA,-3.58,1.65,0.43,CTB 488,pressure (50nl)
SW171117-01A,mouse,NCBI:txid10090,C57BL/6J,Tracer Injected,retrograde ,VPL,University of Southern California,Hongwei Dong,U01MH114829-01,U01 Dong,BIL,https://download.brainimagelibrary.org/84/c1/84c11fe5e4550ca0/SW171117-01A/,NA,NA,NA,-1.455,1.9,3.37,CTB 555,pressure (50nl)
SW171117-01A,mouse,NCBI:txid10090,C57BL/6J,Tracer Injected,retrograde ,MOp,University of Southern California,Hongwei Dong,U01MH114829-01,U01 Dong,BIL,https://download.brainimagelibrary.org/84/c1/84c11fe5e4550ca0/SW171117-01A/,NA,NA,NA,-0.755,1.1,0.75,CTB 647,"iontophoresis (10 min, 7secOn/Off)"
SW171117-01A,mouse,NCBI:txid10090,C57BL/6J,Tracer Injected,retrograde ,ORBl,University of Southern California,Hongwei Dong,U01MH114829-01,U01 Dong,BIL,https://download.brainimagelibrary.org/84/c1/84c11fe5e4550ca0/SW171117-01A/,NA,NA,NA,2.445,1.3,2.15,FG,"iontophoresis (10 min, 7secOn/Off)"
SW171117-02A,mouse,NCBI:txid10090,C57BL/6J,Tracer Injected,retrograde ,ORBl,University of Southern California,Hongwei Dong,U01MH114829-01,U01 Dong,BIL,https://download.brainimagelibrary.org/84/c1/84c11fe5e4550ca0/SW171117-02A/,NA,NA,NA,2.245,1.5,2.7,CTB 488,pressure (50nl)
SW171117-02A,mouse,NCBI:txid10090,C57BL/6J,Tracer Injected,retrograde ,MOs,University of Southern California,Hongwei Dong,U01MH114829-01,U01 Dong,BIL,https://download.brainimagelibrary.org/84/c1/84c11fe5e4550ca0/SW171117-02A/,NA,NA,NA,-0.755,0.6,0.75,CTB 555,pressure (50nl)
SW171117-02A,mouse,NCBI:txid10090,C57BL/6J,Tracer Injected,retrograde ,PO,University of Southern California,Hongwei Dong,U01MH114829-01,U01 Dong,BIL,https://download.brainimagelibrary.org/84/c1/84c11fe5e4550ca0/SW171117-02A/,NA,NA,NA,-2.155,1.1,3.3,CTB 647,"iontophoresis (10 min, 7secOn/Off)"
SW171117-02A,mouse,NCBI:txid10090,C57BL/6J,Tracer Injected,retrograde ,RSPd/RSPagl,University of Southern California,Hongwei Dong,U01MH114829-01,U01 Dong,BIL,https://download.brainimagelibrary.org/84/c1/84c11fe5e4550ca0/SW171117-02A/,NA,NA,NA,-3.28,0.9,0.65,FG,"iontophoresis (10 min, 7secOn/Off)"
SW171117-03A,mouse,NCBI:txid10090,C57BL/6J,Tracer Injected,retrograde ,RSPagl/d,University of Southern California,Hongwei Dong,U01MH114829-01,U01 Dong,BIL,https://download.brainimagelibrary.org/84/c1/84c11fe5e4550ca0/SW171117-03A/,NA,NA,NA,-2.88,0.85,0.45,CTB 488,pressure (50nl)
SW171117-03A,mouse,NCBI:txid10090,C57BL/6J,Tracer Injected,retrograde ,AD/AMv/fx,University of Southern California,Hongwei Dong,U01MH114829-01,U01 Dong,BIL,https://download.brainimagelibrary.org/84/c1/84c11fe5e4550ca0/SW171117-03A/,NA,NA,NA,-0.43,0.95,3.7,CTB 555,pressure (50nl)
SW171117-03A,mouse,NCBI:txid10090,C57BL/6J,Tracer Injected,retrograde ,MOs/ACAd,University of Southern California,Hongwei Dong,U01MH114829-01,U01 Dong,BIL,https://download.brainimagelibrary.org/84/c1/84c11fe5e4550ca0/SW171117-03A/,NA,NA,NA,-0.48,0.6,0.6,CTB 647,"iontophoresis (10 min, 7secOn/Off)"
SW171117-03A,mouse,NCBI:txid10090,C57BL/6J,Tracer Injected,retrograde ,AONm/TTd,University of Southern California,Hongwei Dong,U01MH114829-01,U01 Dong,BIL,https://download.brainimagelibrary.org/84/c1/84c11fe5e4550ca0/SW171117-03A/,NA,NA,NA,2.945,0.85,2.65,FG,"iontophoresis (10 min, 7secOn/Off)"
SW171117-04A,mouse,NCBI:txid10090,C57BL/6J,Tracer Injected,retrograde ,ORBvl,University of Southern California,Hongwei Dong,U01MH114829-01,U01 Dong,BIL,https://download.brainimagelibrary.org/84/c1/84c11fe5e4550ca0/SW171117-04A/,NA,NA,NA,2.345,0.85,2.4,CTB 488,pressure (50nl)
SW171117-04A,mouse,NCBI:txid10090,C57BL/6J,Tracer Injected,retrograde ,ACAd/MOs,University of Southern California,Hongwei Dong,U01MH114829-01,U01 Dong,BIL,https://download.brainimagelibrary.org/84/c1/84c11fe5e4550ca0/SW171117-04A/,NA,NA,NA,-0.955,0.58,0.75,CTB 555,pressure (50nl)
SW171117-04A,mouse,NCBI:txid10090,C57BL/6J,Tracer Injected,retrograde ,LP,University of Southern California,Hongwei Dong,U01MH114829-01,U01 Dong,BIL,https://download.brainimagelibrary.org/84/c1/84c11fe5e4550ca0/SW171117-04A/,NA,NA,NA,-2.155,0.88,2.85,CTB 647,"iontophoresis (10 min, 7secOn/Off)"
SW171117-04A,mouse,NCBI:txid10090,C57BL/6J,Tracer Injected,retrograde ,RSPagl,University of Southern California,Hongwei Dong,U01MH114829-01,U01 Dong,BIL,https://download.brainimagelibrary.org/84/c1/84c11fe5e4550ca0/SW171117-04A/,NA,NA,NA,-3.38,1.08,0.4,FG,"iontophoresis (10 min, 7secOn/Off)"
SW171130-01A,mouse,NCBI:txid10090,C57BL/6J,Tracer Injected,anterograde,SSp-un,University of Southern California,Hongwei Dong,U19MH114821-01,U19 Huang,BIL,https://download.brainimagelibrary.org/e4/2d/e42d6385cc272c17/SW171130-01A/,NA,NA,NA,1.745,2.65,-2.8,1. PHAL,"iontophoresis (10 min, 7secOn/Off)"
SW171130-01A,mouse,NCBI:txid10090,C57BL/6J,Tracer Injected,anterograde,MOp,University of Southern California,Hongwei Dong,U19MH114821-01,U19 Huang,BIL,https://download.brainimagelibrary.org/e4/2d/e42d6385cc272c17/SW171130-01A/,NA,NA,NA,1.42,1.5,-1.5,2. AAV1-CAG-tdTomato-WPRE,"iontophoresis (3 min, 7secOn/Off)"
SW171130-01A,mouse,NCBI:txid10090,C57BL/6J,Tracer Injected,anterograde,MOp,University of Southern California,Hongwei Dong,U19MH114821-01,U19 Huang,BIL,https://download.brainimagelibrary.org/e4/2d/e42d6385cc272c17/SW171130-01A/,NA,NA,NA,1.42,2.25,-1.5,3. AAV1-hSyn-GFP-WPRE,"iontophoresis (5 min, 7secOn/Off)"
SW171130-02A,mouse,NCBI:txid10090,C57BL/6J,Tracer Injected,anterograde,MOp,University of Southern California,Hongwei Dong,U19MH114821-01,U19 Huang,BIL,https://download.brainimagelibrary.org/e4/2d/e42d6385cc272c17/SW171130-02A/,NA,NA,NA,1.42,2.25,-1.75,1. PHAL,"iontophoresis (10 min, 7secOn/Off)"
SW171130-02A,mouse,NCBI:txid10090,C57BL/6J,Tracer Injected,anterograde,MOp,University of Southern California,Hongwei Dong,U19MH114821-01,U19 Huang,BIL,https://download.brainimagelibrary.org/e4/2d/e42d6385cc272c17/SW171130-02A/,NA,NA,NA,1.245,1.5,-1,2. AAV1-CAG-tdTomato-WPRE,"iontophoresis (3 min, 7secOn/Off)"
SW171130-02A,mouse,NCBI:txid10090,C57BL/6J,Tracer Injected,anterograde,MOp,University of Southern California,Hongwei Dong,U19MH114821-01,U19 Huang,BIL,https://download.brainimagelibrary.org/e4/2d/e42d6385cc272c17/SW171130-02A/,NA,NA,NA,0.945,1.5,-0.9,3. AAV1-hSyn-GFP-WPRE,"iontophoresis (3 min, 7secOn/Off)"
SW171130-03A,mouse,NCBI:txid10090,NA,Tracer Injected,anterograde,MOp,University of Southern California,Hongwei Dong,U19MH114821-01,U19 Huang,BIL,https://download.brainimagelibrary.org/f1/6e/f16e93e3ff05538e/2018Q4_U19CSHL/SW171130-03A/,NA,NA,NA,1.345,1.5,-1.35,1. PHAL,"iontophoresis (10 min, 7secOn/Off)"
SW171130-03A,mouse,NCBI:txid10090,NA,Tracer Injected,anterograde,MOp,University of Southern California,Hongwei Dong,U19MH114821-01,U19 Huang,BIL,https://download.brainimagelibrary.org/f1/6e/f16e93e3ff05538e/2018Q4_U19CSHL/SW171130-03A/,NA,NA,NA,0.945,1.4,-1.6,2. AAV1-CAG-tdTomato-WPRE,"iontophoresis (3 min, 7secOn/Off)"
SW171130-03A,mouse,NCBI:txid10090,NA,Tracer Injected,anterograde,MOp,University of Southern California,Hongwei Dong,U19MH114821-01,U19 Huang,BIL,https://download.brainimagelibrary.org/f1/6e/f16e93e3ff05538e/2018Q4_U19CSHL/SW171130-03A/,NA,NA,NA,1.145,2.25,-1.5,3. AAV1-hSyn-GFP-WPRE,"iontophoresis (3 min, 7secOn/Off)"
SW171201-01A,mouse,NCBI:txid10090,NA,Tracer Injected,anterograde,MOp,University of Southern California,Hongwei Dong,U19MH114821-01,U19 Huang,BIL,https://download.brainimagelibrary.org/f1/6e/f16e93e3ff05538e/2018Q4_U19CSHL/SW171201-01A/,NA,NA,NA,1.645,1.5,-1.5,1. PHAL,"iontophoresis (10 min, 7secOn/Off)"
SW171201-01A,mouse,NCBI:txid10090,NA,Tracer Injected,anterograde,SSp-un,University of Southern California,Hongwei Dong,U19MH114821-01,U19 Huang,BIL,https://download.brainimagelibrary.org/f1/6e/f16e93e3ff05538e/2018Q4_U19CSHL/SW171201-01A/,NA,NA,NA,1.645,2.5,-2,2. AAV1-CAG-tdTomato-WPRE,"iontophoresis (3 min, 7secOn/Off)"
SW171201-01A,mouse,NCBI:txid10090,NA,Tracer Injected,anterograde,MOp,University of Southern California,Hongwei Dong,U19MH114821-01,U19 Huang,BIL,https://download.brainimagelibrary.org/f1/6e/f16e93e3ff05538e/2018Q4_U19CSHL/SW171201-01A/,NA,NA,NA,1.545,1.25,-1.25,3. AAV1-hSyn-GFP-WPRE,"iontophoresis (5 min, 7secOn/Off)"
SW171201-02A,mouse,NCBI:txid10090,,Tracer Injected,anterograde,MOp,University of Southern California,Hongwei Dong,U19MH114821-01,U01 Dong,BIL,https://download.brainimagelibrary.org/37/b6/37b6b36dedaab6c3/Round_3/SW171201-02A/,NA,NA,NA,2.045,1.8,-1.05,1. PHAL,"iontophoresis (10 min, 7secOn/Off)"
SW171201-02A,mouse,NCBI:txid10090,,Tracer Injected,anterograde,MOp,University of Southern California,Hongwei Dong,U19MH114821-01,U01 Dong,BIL,https://download.brainimagelibrary.org/37/b6/37b6b36dedaab6c3/Round_3/SW171201-02A/,NA,NA,NA,1.645,2.2,-0.95,2. AAV1-CAG-tdTomato-WPRE,"iontophoresis (3 min, 7secOn/Off)"
SW171201-02A,mouse,NCBI:txid10090,,Tracer Injected,anterograde,MOp,University of Southern California,Hongwei Dong,U19MH114821-01,U01 Dong,BIL,https://download.brainimagelibrary.org/37/b6/37b6b36dedaab6c3/Round_3/SW171201-02A/,NA,NA,NA,1.345,1.35,-0.65,3. AAV1-hSyn-GFP-WPRE,"iontophoresis (5 min, 7secOn/Off)"
SW171205-01A,mouse,NCBI:txid10090,C57BL/6J,Tracer Injected,retrograde,fp,University of Southern California,Hongwei Dong,U01MH114829-01,U01 Dong,BIL,https://download.brainimagelibrary.org/84/c1/84c11fe5e4550ca0/SW171205-01A/,NA,NA,NA,-3.455,1.5,-1,CTB 488,pressure (50nl)
SW171205-01A,mouse,NCBI:txid10090,C57BL/6J,Tracer Injected,retrograde,RT,University of Southern California,Hongwei Dong,U01MH114829-01,U01 Dong,BIL,https://download.brainimagelibrary.org/84/c1/84c11fe5e4550ca0/SW171205-01A/,NA,NA,NA,-0.555,1.25,-3.4,CTB 555,pressure (50nl)
SW171205-01A,mouse,NCBI:txid10090,C57BL/6J,Tracer Injected,retrograde,MM,University of Southern California,Hongwei Dong,U01MH114829-01,U01 Dong,BIL,https://download.brainimagelibrary.org/84/c1/84c11fe5e4550ca0/SW171205-01A/,NA,NA,NA,-2.88,0.4,-6.25,CTB 647,"iontophoresis (10 min, 7secOn/Off)"
SW171205-01A,mouse,NCBI:txid10090,C57BL/6J,Tracer Injected,retrograde,RE,University of Southern California,Hongwei Dong,U01MH114829-01,U01 Dong,BIL,https://download.brainimagelibrary.org/84/c1/84c11fe5e4550ca0/SW171205-01A/,NA,NA,NA,-0.655,0.4,-4.9,FG,"iontophoresis (10 min, 7secOn/Off)"
SW171205-02A,mouse,NCBI:txid10090,C57BL/6J,Tracer Injected,retrograde,RSPv,University of Southern California,Hongwei Dong,U01MH114829-01,U01 Dong,BIL,https://download.brainimagelibrary.org/84/c1/84c11fe5e4550ca0/SW171205-02A/,NA,NA,NA,-3.68,0.9,-1,CTB 488,pressure (50nl)
SW171205-02A,mouse,NCBI:txid10090,C57BL/6J,Tracer Injected,retrograde,AM,University of Southern California,Hongwei Dong,U01MH114829-01,U01 Dong,BIL,https://download.brainimagelibrary.org/84/c1/84c11fe5e4550ca0/SW171205-02A/,NA,NA,NA,-0.655,1.1,-3.75,CTB 555,pressure (50nl)
SW171205-02A,mouse,NCBI:txid10090,C57BL/6J,Tracer Injected,retrograde,failed,University of Southern California,Hongwei Dong,U01MH114829-01,U01 Dong,BIL,https://download.brainimagelibrary.org/84/c1/84c11fe5e4550ca0/SW171205-02A/,NA,NA,NA,NA,NA,,CTB 647,"iontophoresis (10 min, 7secOn/Off)"
SW171205-02A,mouse,NCBI:txid10090,C57BL/6J,Tracer Injected,retrograde,RE,University of Southern California,Hongwei Dong,U01MH114829-01,U01 Dong,BIL,https://download.brainimagelibrary.org/84/c1/84c11fe5e4550ca0/SW171205-02A/,NA,NA,NA,-0.655,0.4,-4.75,FG,"iontophoresis (10 min, 7secOn/Off)"
SW171214-01A,mouse,NCBI:txid10090,NA,Tracer Injected,anterograde,PL,University of Southern California,Hongwei Dong,U19MH114821-01,U19 Huang,BIL,https://download.brainimagelibrary.org/f1/6e/f16e93e3ff05538e/2018Q4_U19CSHL/SW171214-01A/,NA,NA,NA,2.045,0.25,-2.5,1. PHAL,"iontophoresis (10 min, 7secOn/Off)"
SW171214-01A,mouse,NCBI:txid10090,NA,Tracer Injected,anterograde,PL/ACAd,University of Southern California,Hongwei Dong,U19MH114821-01,U19 Huang,BIL,https://download.brainimagelibrary.org/f1/6e/f16e93e3ff05538e/2018Q4_U19CSHL/SW171214-01A/,NA,NA,NA,1.645,0.25,-1.25,2. AAV1-CAG-tdTomato-WPRE,"iontophoresis (3 min, 7secOn/Off)"
SW171214-01A,mouse,NCBI:txid10090,NA,Tracer Injected,anterograde,ACAd/MOs,University of Southern California,Hongwei Dong,U19MH114821-01,U19 Huang,BIL,https://download.brainimagelibrary.org/f1/6e/f16e93e3ff05538e/2018Q4_U19CSHL/SW171214-01A/,NA,NA,NA,1.645,0.25,-0.75,3. AAV1-hSyn-GFP-WPRE,"iontophoresis (5 min, 7secOn/Off)"
SW171221-01A,mouse,NCBI:txid10090,C57BL/6J,Tracer Injected,retrograde,VM,University of Southern California,Hongwei Dong,U01MH114829-01,U01 Dong,BIL,https://download.brainimagelibrary.org/84/c1/84c11fe5e4550ca0/SW171221-01A/,NA,NA,NA,-1.955,0.75,-4.125,CTB 488,pressure (50nl)
SW171221-01A,mouse,NCBI:txid10090,C57BL/6J,Tracer Injected,retrograde,VAL,University of Southern California,Hongwei Dong,U01MH114829-01,U01 Dong,BIL,https://download.brainimagelibrary.org/84/c1/84c11fe5e4550ca0/SW171221-01A/,NA,NA,NA,-1.255,1.15,-3.575,CTB 555,pressure (50nl)
SW171221-01A,mouse,NCBI:txid10090,C57BL/6J,Tracer Injected,retrograde,PF,University of Southern California,Hongwei Dong,U01MH114829-01,U01 Dong,BIL,https://download.brainimagelibrary.org/84/c1/84c11fe5e4550ca0/SW171221-01A/,NA,NA,NA,-2.155,0.75,-4.2,CTB 647,"iontophoresis (10 min, 7secOn/Off)"
SW171221-01A,mouse,NCBI:txid10090,C57BL/6J,Tracer Injected,retrograde,CP,University of Southern California,Hongwei Dong,U01MH114829-01,U01 Dong,BIL,https://download.brainimagelibrary.org/84/c1/84c11fe5e4550ca0/SW171221-01A/,NA,NA,NA,0.445,3,-2.75,FG,"iontophoresis (10 min, 7secOn/Off)"
SW171221-02A,mouse,NCBI:txid10090,C57BL/6J,Tracer Injected,retrograde,PF,University of Southern California,Hongwei Dong,U01MH114829-01,U01 Dong,BIL,https://download.brainimagelibrary.org/84/c1/84c11fe5e4550ca0/SW171221-02A/,NA,NA,NA,-2.155,0.75,-4.2,1. CTB 647,"iontophoresis (10 min, 7secOn/Off)"
SW171221-02A,mouse,NCBI:txid10090,C57BL/6J,Tracer Injected,retrograde,VAL,University of Southern California,Hongwei Dong,U01MH114829-01,U01 Dong,BIL,https://download.brainimagelibrary.org/84/c1/84c11fe5e4550ca0/SW171221-02A/,NA,NA,NA,-1.255,1.15,-3.575,2. CTB 555,pressure (50nl)
SW171221-02A,mouse,NCBI:txid10090,C57BL/6J,Tracer Injected,retrograde,VM,University of Southern California,Hongwei Dong,U01MH114829-01,U01 Dong,BIL,https://download.brainimagelibrary.org/84/c1/84c11fe5e4550ca0/SW171221-02A/,NA,NA,NA,-1.955,0.75,-4.125,3. CTB 488,pressure (50nl)
SW171221-02A,mouse,NCBI:txid10090,C57BL/6J,Tracer Injected,retrograde,CP,University of Southern California,Hongwei Dong,U01MH114829-01,U01 Dong,BIL,https://download.brainimagelibrary.org/84/c1/84c11fe5e4550ca0/SW171221-02A/,NA,NA,NA,0.445,3,-2.75,4. FG,"iontophoresis (5 min, 7secOn/Off)"
SW171221-03A,mouse,NCBI:txid10090,C57BL/6J,Tracer Injected,retrograde,SSp-ul,University of Southern California,Hongwei Dong,U01MH114829-01,U01 Dong,BIL,https://download.brainimagelibrary.org/84/c1/84c11fe5e4550ca0/SW171221-03A/,NA,NA,NA,-0.28,2.5,-0.65,1. CTB 647,"iontophoresis (10 min, 7secOn/Off)"
SW171221-03A,mouse,NCBI:txid10090,C57BL/6J,Tracer Injected,retrograde,CP_caudal,University of Southern California,Hongwei Dong,U01MH114829-01,U01 Dong,BIL,https://download.brainimagelibrary.org/84/c1/84c11fe5e4550ca0/SW171221-03A/,NA,NA,NA,-0.705,3.4,-3,2. CTB 555,pressure (50nl)
SW171221-03A,mouse,NCBI:txid10090,C57BL/6J,Tracer Injected,retrograde,SSp-bfd,University of Southern California,Hongwei Dong,U01MH114829-01,U01 Dong,BIL,https://download.brainimagelibrary.org/84/c1/84c11fe5e4550ca0/SW171221-03A/,NA,NA,NA,-0.88,3.75,-0.625,3. CTB 488,pressure (50nl)
SW171221-03A,mouse,NCBI:txid10090,C57BL/6J,Tracer Injected,retrograde,SSs,University of Southern California,Hongwei Dong,U01MH114829-01,U01 Dong,BIL,https://download.brainimagelibrary.org/84/c1/84c11fe5e4550ca0/SW171221-03A/,NA,NA,NA,-0.88,4.1,-1.125,4. FG,"iontophoresis (5 min, 7secOn/Off)"
SW171221-04A,mouse,NCBI:txid10090,C57Bl6,Tracer Injected,retrograde,CP,University of Southern California,Hongwei Dong,U19MH114821-01,U19 Huang,BIL,https://download.brainimagelibrary.org/47/01/4701bc104b9651f0/1U19MH114821-01/SW171221-04A/,NA,NA,NA,-0.555,3.5,-4.25,1. CTB 647,"iontophoresis (10 min, 7secOn/Off)"
SW171221-04A,mouse,NCBI:txid10090,C57Bl6,Tracer Injected,retrograde,SSp-ul,University of Southern California,Hongwei Dong,U19MH114821-01,U19 Huang,BIL,https://download.brainimagelibrary.org/47/01/4701bc104b9651f0/1U19MH114821-01/SW171221-04A/,NA,NA,NA,-0.38,2.75,-1,2. CTB 555,pressure (50nl)
SW171221-04A,mouse,NCBI:txid10090,C57Bl6,Tracer Injected,retrograde,SSp-bfd,University of Southern California,Hongwei Dong,U19MH114821-01,U19 Huang,BIL,https://download.brainimagelibrary.org/47/01/4701bc104b9651f0/1U19MH114821-01/SW171221-04A/,NA,NA,NA,-0.955,4,-1.5,3. CTB 488,pressure (50nl)
SW171221-04A,mouse,NCBI:txid10090,C57Bl6,Tracer Injected,retrograde,SSs,University of Southern California,Hongwei Dong,U19MH114821-01,U19 Huang,BIL,https://download.brainimagelibrary.org/47/01/4701bc104b9651f0/1U19MH114821-01/SW171221-04A/,NA,NA,NA,-0.755,4.5,-2.75,4. FG,"iontophoresis (5 min, 7secOn/Off)"
SW180111-03A,mouse,NCBI:txid10090,NA,Tracer Injected,retrograde,PF,University of Southern California,Hongwei Dong,U19MH114821-01,U19 Huang,BIL,https://download.brainimagelibrary.org/f1/6e/f16e93e3ff05538e/2018Q4_U19CSHL/SW180111-03A/,NA,NA,NA,-2.055,0.75,-2.1,1. CTB 647,"iontophoresis (10 min, 7secOn/Off)"
SW180111-03A,mouse,NCBI:txid10090,NA,Tracer Injected,retrograde,failed,University of Southern California,Hongwei Dong,U19MH114821-01,U19 Huang,BIL,https://download.brainimagelibrary.org/f1/6e/f16e93e3ff05538e/2018Q4_U19CSHL/SW180111-03A/,NA,NA,NA,NA,NA,,2. CTB 555,pressure (50nl)
SW180111-03A,mouse,NCBI:txid10090,NA,Tracer Injected,retrograde,SSp-ll,University of Southern California,Hongwei Dong,U19MH114821-01,U19 Huang,BIL,https://download.brainimagelibrary.org/f1/6e/f16e93e3ff05538e/2018Q4_U19CSHL/SW180111-03A/,NA,NA,NA,-0.18,2,-0.75,3. CTB 488,pressure (50nl)
SW180111-03A,mouse,NCBI:txid10090,NA,Tracer Injected,retrograde,ZI,University of Southern California,Hongwei Dong,U19MH114821-01,U19 Huang,BIL,https://download.brainimagelibrary.org/f1/6e/f16e93e3ff05538e/2018Q4_U19CSHL/SW180111-03A/,NA,NA,NA,-2.055,1.5,-4.5,4. FG,"iontophoresis (5 min, 7secOn/Off)"
SW180117-01A,mouse,NCBI:txid10090,C57Bl6,Tracer Injected,anterograde,AId,University of Southern California,Hongwei Dong,U19MH114821-01,U19 Huang,BIL,https://download.brainimagelibrary.org/4b/56/4b566d18d8902206/1U19MH114821-01/SW180117-01A/,NA,NA,NA,2.345,2.1,-3.6,1. PHAL,"iontophoresis (10 min, 7secOn/Off)"
SW180117-01A,mouse,NCBI:txid10090,C57Bl6,Tracer Injected,anterograde,AId,University of Southern California,Hongwei Dong,U19MH114821-01,U19 Huang,BIL,https://download.brainimagelibrary.org/4b/56/4b566d18d8902206/1U19MH114821-01/SW180117-01A/,NA,NA,NA,2.345,2.1,-3.6,1. PHAL,"iontophoresis (10 min, 7secOn/Off)"
SW180117-01A,mouse,NCBI:txid10090,C57Bl6,Tracer Injected,anterograde,MOs,University of Southern California,Hongwei Dong,U19MH114821-01,U19 Huang,BIL,https://download.brainimagelibrary.org/4b/56/4b566d18d8902206/1U19MH114821-01/SW180117-01A/,NA,NA,NA,2.145,1.75,-1.75,2. AAV1-CAG-tdTomato-WPRE,"iontophoresis (3 min, 7secOn/Off)"
SW180117-01A,mouse,NCBI:txid10090,C57Bl6,Tracer Injected,anterograde,MOs,University of Southern California,Hongwei Dong,U19MH114821-01,U19 Huang,BIL,https://download.brainimagelibrary.org/4b/56/4b566d18d8902206/1U19MH114821-01/SW180117-01A/,NA,NA,NA,2.145,1.75,-1.75,2. AAV1-CAG-tdTomato-WPRE,"iontophoresis (3 min, 7secOn/Off)"
SW180117-01A,mouse,NCBI:txid10090,C57Bl6,Tracer Injected,anterograde,MOp,University of Southern California,Hongwei Dong,U19MH114821-01,U19 Huang,BIL,https://download.brainimagelibrary.org/4b/56/4b566d18d8902206/1U19MH114821-01/SW180117-01A/,NA,NA,NA,1.42,1.5,-1.5,3. AAV1-hSyn-GFP-WPRE,"iontophoresis (3 min, 7secOn/Off)"
SW180117-01A,mouse,NCBI:txid10090,C57Bl6,Tracer Injected,anterograde,MOp,University of Southern California,Hongwei Dong,U19MH114821-01,U19 Huang,BIL,https://download.brainimagelibrary.org/4b/56/4b566d18d8902206/1U19MH114821-01/SW180117-01A/,NA,NA,NA,1.42,1.5,-1.5,3. AAV1-hSyn-GFP-WPRE,"iontophoresis (3 min, 7secOn/Off)"
SW180122-01A,mouse,NCBI:txid10090,NA,Tracer Injected,anterograde,MOp,University of Southern California,Hongwei Dong,U19MH114821-01,U19 Huang,BIL,https://download.brainimagelibrary.org/f1/6e/f16e93e3ff05538e/2018Q4_U19CSHL/SW180122-01A/,NA,NA,NA,1.745,1.75,-1.75,1. PHAL,"iontophoresis (10 min, 7secOn/Off)"
SW180122-01A,mouse,NCBI:txid10090,NA,Tracer Injected,anterograde,MOp,University of Southern California,Hongwei Dong,U19MH114821-01,U19 Huang,BIL,https://download.brainimagelibrary.org/f1/6e/f16e93e3ff05538e/2018Q4_U19CSHL/SW180122-01A/,NA,NA,NA,1.745,1.75,-1.75,1. PHAL,"iontophoresis (10 min, 7secOn/Off)"
SW180122-01A,mouse,NCBI:txid10090,NA,Tracer Injected,anterograde,MOp,University of Southern California,Hongwei Dong,U19MH114821-01,U19 Huang,BIL,https://download.brainimagelibrary.org/f1/6e/f16e93e3ff05538e/2018Q4_U19CSHL/SW180122-01A/,NA,NA,NA,1.345,1.5,-1.3,2. AAV1-CAG-tdTomato-WPRE,"iontophoresis (3 min, 7secOn/Off)"
SW180122-01A,mouse,NCBI:txid10090,NA,Tracer Injected,anterograde,MOp,University of Southern California,Hongwei Dong,U19MH114821-01,U19 Huang,BIL,https://download.brainimagelibrary.org/f1/6e/f16e93e3ff05538e/2018Q4_U19CSHL/SW180122-01A/,NA,NA,NA,1.345,1.5,-1.3,2. AAV1-CAG-tdTomato-WPRE,"iontophoresis (3 min, 7secOn/Off)"
SW180122-01A,mouse,NCBI:txid10090,NA,Tracer Injected,anterograde,MOp/MOs,University of Southern California,Hongwei Dong,U19MH114821-01,U19 Huang,BIL,https://download.brainimagelibrary.org/f1/6e/f16e93e3ff05538e/2018Q4_U19CSHL/SW180122-01A/,NA,NA,NA,1.345,1.25,-1.4,3. AAV1-hSyn-GFP-WPRE,"iontophoresis (3 min, 7secOn/Off)"
SW180122-01A,mouse,NCBI:txid10090,NA,Tracer Injected,anterograde,MOp/MOs,University of Southern California,Hongwei Dong,U19MH114821-01,U19 Huang,BIL,https://download.brainimagelibrary.org/f1/6e/f16e93e3ff05538e/2018Q4_U19CSHL/SW180122-01A/,NA,NA,NA,1.345,1.25,-1.4,3. AAV1-hSyn-GFP-WPRE,"iontophoresis (3 min, 7secOn/Off)"
SW180122-02A,mouse,NCBI:txid10090,C57Bl6,Tracer Injected,anterograde,MOs,University of Southern California,Hongwei Dong,U19MH114821-01,U19 Huang,BIL,https://download.brainimagelibrary.org/47/01/4701bc104b9651f0/1U19MH114821-01/SW180122-02A/,NA,NA,NA,1.945,1.5,-1.5,1. PHAL,"iontophoresis (10 min, 7secOn/Off)"
SW180122-02A,mouse,NCBI:txid10090,C57Bl6,Tracer Injected,anterograde,MOs,University of Southern California,Hongwei Dong,U19MH114821-01,U19 Huang,BIL,https://download.brainimagelibrary.org/47/01/4701bc104b9651f0/1U19MH114821-01/SW180122-02A/,NA,NA,NA,2.045,1,-1.9,2. AAV1-CAG-tdTomato-WPRE,"iontophoresis (3 min, 7secOn/Off)"
SW180122-02A,mouse,NCBI:txid10090,C57Bl6,Tracer Injected,anterograde,MOs,University of Southern California,Hongwei Dong,U19MH114821-01,U19 Huang,BIL,https://download.brainimagelibrary.org/47/01/4701bc104b9651f0/1U19MH114821-01/SW180122-02A/,NA,NA,NA,1.645,1.25,-1.15,3. AAV1-hSyn-GFP-WPRE,"iontophoresis (5 min, 7secOn/Off)"
SW180124-01A,mouse,NCBI:txid10090,C57Bl6,Tracer Injected,anterograde,MOp/SSp,University of Southern California,Hongwei Dong,U19MH114821-01,U19 Huang,BIL,https://download.brainimagelibrary.org/47/01/4701bc104b9651f0/1U19MH114821-01/SW180124-01A/,NA,NA,NA,1.645,2.25,-1.75,1. PHAL,"iontophoresis (10 min, 7secOn/Off)"
SW180124-01A,mouse,NCBI:txid10090,C57Bl6,Tracer Injected,anterograde,MOp,University of Southern California,Hongwei Dong,U19MH114821-01,U19 Huang,BIL,https://download.brainimagelibrary.org/47/01/4701bc104b9651f0/1U19MH114821-01/SW180124-01A/,NA,NA,NA,2.045,1.75,-1.75,2. AAV1-CAG-tdTomato-WPRE,"iontophoresis (3 min, 7secOn/Off)"
SW180124-01A,mouse,NCBI:txid10090,C57Bl6,Tracer Injected,anterograde,MOp,University of Southern California,Hongwei Dong,U19MH114821-01,U19 Huang,BIL,https://download.brainimagelibrary.org/47/01/4701bc104b9651f0/1U19MH114821-01/SW180124-01A/,NA,NA,NA,1.42,1.4,-1.5,3. AAV1-hSyn-GFP-WPRE,"iontophoresis (5 min, 7secOn/Off)"
SW180131-01A,mouse,NCBI:txid10090,C57Bl6,Tracer Injected,retrograde,PPN,University of Southern California,Hongwei Dong,U01MH114829-01,U01 Dong,BIL,https://download.brainimagelibrary.org/11/5b/115bda6eacd6507c/1U01MH114829-01/SW180131-01A,NA,NA,NA,-4.855,1.5,-3.7,1. CTB 647,"iontophoresis (10 min, 7secOn/Off)"
SW180131-01A,mouse,NCBI:txid10090,C57Bl6,Tracer Injected,retrograde,failed,University of Southern California,Hongwei Dong,U01MH114829-01,U01 Dong,BIL,https://download.brainimagelibrary.org/11/5b/115bda6eacd6507c/1U01MH114829-01/SW180131-01A,NA,NA,NA,NA,NA,,2. CTB 555,pressure (50nl)
SW180131-01A,mouse,NCBI:txid10090,C57Bl6,Tracer Injected,retrograde,V,University of Southern California,Hongwei Dong,U01MH114829-01,U01 Dong,BIL,https://download.brainimagelibrary.org/11/5b/115bda6eacd6507c/1U01MH114829-01/SW180131-01A,NA,NA,NA,-5.155,1.5,-4.6,3. CTB 488,pressure (50nl)
SW180131-01A,mouse,NCBI:txid10090,C57Bl6,Tracer Injected,retrograde,PNRc,University of Southern California,Hongwei Dong,U01MH114829-01,U01 Dong,BIL,https://download.brainimagelibrary.org/11/5b/115bda6eacd6507c/1U01MH114829-01/SW180131-01A,NA,NA,NA,-5.555,1,-5,4. FG,"iontophoresis (5 min, 7secOn/Off)"
SW180131-02A,mouse,NCBI:txid10090,C57Bl6,Tracer Injected,retrograde,PPN,University of Southern California,Hongwei Dong,U01MH114829-01,U01 Dong,BIL,https://download.brainimagelibrary.org/11/5b/115bda6eacd6507c/1U01MH114829-01/SW180131-02A,NA,NA,NA,-4.78,1.3,-3.6,1. CTB 647,"iontophoresis (10 min, 7secOn/Off)"
SW180131-02A,mouse,NCBI:txid10090,C57Bl6,Tracer Injected,retrograde,scp,University of Southern California,Hongwei Dong,U01MH114829-01,U01 Dong,BIL,https://download.brainimagelibrary.org/11/5b/115bda6eacd6507c/1U01MH114829-01/SW180131-02A,NA,NA,NA,-5.455,1.4,-3.3,2. CTB 555,pressure (50nl)
SW180131-02A,mouse,NCBI:txid10090,C57Bl6,Tracer Injected,retrograde,SUT/PRNc,University of Southern California,Hongwei Dong,U01MH114829-01,U01 Dong,BIL,https://download.brainimagelibrary.org/11/5b/115bda6eacd6507c/1U01MH114829-01/SW180131-02A,NA,NA,NA,-5.455,1.35,-3.85,3. CTB 488,pressure (50nl)
SW180131-02A,mouse,NCBI:txid10090,C57Bl6,Tracer Injected,retrograde,PARN,University of Southern California,Hongwei Dong,U01MH114829-01,U01 Dong,BIL,https://download.brainimagelibrary.org/11/5b/115bda6eacd6507c/1U01MH114829-01/SW180131-02A,NA,NA,NA,-6.055,1,-4.6,4. FG,"iontophoresis (5 min, 7secOn/Off)"
SW180201-01A,mouse,NCBI:txid10090,C57Bl6,Tracer Injected,retrograde,ICe,University of Southern California,Hongwei Dong,U01MH114829-01,U01 Dong,BIL,https://download.brainimagelibrary.org/11/5b/115bda6eacd6507c/1U01MH114829-01/SW180201-01A,NA,NA,NA,-4.655,1.8,-2.65,1. CTB 647,"iontophoresis (10 min, 7secOn/Off)"
SW180201-01A,mouse,NCBI:txid10090,C57Bl6,Tracer Injected,retrograde,V,University of Southern California,Hongwei Dong,U01MH114829-01,U01 Dong,BIL,https://download.brainimagelibrary.org/11/5b/115bda6eacd6507c/1U01MH114829-01/SW180201-01A,NA,NA,NA,-5.055,1.75,-4.8,2. CTB 555,pressure (50nl)
SW180201-01A,mouse,NCBI:txid10090,C57Bl6,Tracer Injected,retrograde,ISN,University of Southern California,Hongwei Dong,U01MH114829-01,U01 Dong,BIL,https://download.brainimagelibrary.org/11/5b/115bda6eacd6507c/1U01MH114829-01/SW180201-01A,NA,NA,NA,-5.855,1.5,-5,3. CTB 488,pressure (50nl)
SW180201-01A,mouse,NCBI:txid10090,C57Bl6,Tracer Injected,retrograde,MV,University of Southern California,Hongwei Dong,U01MH114829-01,U01 Dong,BIL,https://download.brainimagelibrary.org/11/5b/115bda6eacd6507c/1U01MH114829-01/SW180201-01A,NA,NA,NA,-6.255,0.35,-3.8,4. FG,"iontophoresis (5 min, 7secOn/Off)"
SW180201-02A,mouse,NCBI:txid10090,C57Bl6,Tracer Injected,retrograde,CUN,University of Southern California,Hongwei Dong,U01MH114829-01,U01 Dong,BIL,https://download.brainimagelibrary.org/11/5b/115bda6eacd6507c/1U01MH114829-01/SW180201-02A,NA,NA,NA,-5.055,1.35,-2.5,1. CTB 647,"iontophoresis (10 min, 7secOn/Off)"
SW180201-02A,mouse,NCBI:txid10090,C57Bl6,Tracer Injected,retrograde,failed,University of Southern California,Hongwei Dong,U01MH114829-01,U01 Dong,BIL,https://download.brainimagelibrary.org/11/5b/115bda6eacd6507c/1U01MH114829-01/SW180201-02A,NA,NA,NA,NA,NA,,2. CTB 555,pressure (50nl)
SW180201-02A,mouse,NCBI:txid10090,C57Bl6,Tracer Injected,retrograde,failed,University of Southern California,Hongwei Dong,U01MH114829-01,U01 Dong,BIL,https://download.brainimagelibrary.org/11/5b/115bda6eacd6507c/1U01MH114829-01/SW180201-02A,NA,NA,NA,NA,NA,,3. CTB 488,pressure (50nl)
SW180201-02A,mouse,NCBI:txid10090,C57Bl6,Tracer Injected,retrograde,failed,University of Southern California,Hongwei Dong,U01MH114829-01,U01 Dong,BIL,https://download.brainimagelibrary.org/11/5b/115bda6eacd6507c/1U01MH114829-01/SW180201-02A,NA,NA,NA,NA,NA,,4. FG,"iontophoresis (5 min, 7secOn/Off)"
SW180202-01A,mouse,NCBI:txid10090,C57Bl6,Tracer Injected,retrograde,MOs,University of Southern California,Hongwei Dong,U19MH114821-01,U19 Huang,BIL,https://download.brainimagelibrary.org/47/01/4701bc104b9651f0/1U19MH114821-01/SW180202-01A/,NA,NA,NA,1.742,0.67,-0.73,1. CTB 647,"iontophoresis (10 min, 7secOn/Off)"
SW180202-01A,mouse,NCBI:txid10090,C57Bl6,Tracer Injected,retrograde,CP,University of Southern California,Hongwei Dong,U19MH114821-01,U19 Huang,BIL,https://download.brainimagelibrary.org/47/01/4701bc104b9651f0/1U19MH114821-01/SW180202-01A/,NA,NA,NA,-0.655,2,-1.7,2. CTB 555,pressure (50nl)
SW180202-01A,mouse,NCBI:txid10090,C57Bl6,Tracer Injected,retrograde,VPL,University of Southern California,Hongwei Dong,U19MH114821-01,U19 Huang,BIL,https://download.brainimagelibrary.org/47/01/4701bc104b9651f0/1U19MH114821-01/SW180202-01A/,NA,NA,NA,-1.055,1.34,-3.54,3. CTB 488,pressure (50nl)
SW180202-01A,mouse,NCBI:txid10090,C57Bl6,Tracer Injected,retrograde,PF,University of Southern California,Hongwei Dong,U19MH114821-01,U19 Huang,BIL,https://download.brainimagelibrary.org/47/01/4701bc104b9651f0/1U19MH114821-01/SW180202-01A/,NA,NA,NA,-2.155,0.9,-3,4. FG,"iontophoresis (5 min, 7secOn/Off)"
SW180202-02A,mouse,NCBI:txid10090,C57Bl6,Tracer Injected,retrograde,MOs,University of Southern California,Hongwei Dong,U19MH114821-01,U19 Huang,BIL,https://download.brainimagelibrary.org/47/01/4701bc104b9651f0/1U19MH114821-01/SW180202-02A/,NA,NA,NA,2.045,0.6,-1.25,1. CTB 647,"iontophoresis (10 min, 7secOn/Off)"
SW180202-02A,mouse,NCBI:txid10090,C57Bl6,Tracer Injected,retrograde,MOs,University of Southern California,Hongwei Dong,U19MH114821-01,U19 Huang,BIL,https://download.brainimagelibrary.org/47/01/4701bc104b9651f0/1U19MH114821-01/SW180202-02A/,NA,NA,NA,2.045,0.6,-1.25,1. CTB 647,"iontophoresis (10 min, 7secOn/Off)"
SW180202-02A,mouse,NCBI:txid10090,C57Bl6,Tracer Injected,retrograde,CP,University of Southern California,Hongwei Dong,U19MH114821-01,U19 Huang,BIL,https://download.brainimagelibrary.org/47/01/4701bc104b9651f0/1U19MH114821-01/SW180202-02A/,NA,NA,NA,-0.655,0.9,-2.1,2. CTB 555,pressure (50nl)
SW180202-02A,mouse,NCBI:txid10090,C57Bl6,Tracer Injected,retrograde,CP,University of Southern California,Hongwei Dong,U19MH114821-01,U19 Huang,BIL,https://download.brainimagelibrary.org/47/01/4701bc104b9651f0/1U19MH114821-01/SW180202-02A/,NA,NA,NA,-0.655,0.9,-2.1,2. CTB 555,pressure (50nl)
SW180202-02A,mouse,NCBI:txid10090,C57Bl6,Tracer Injected,retrograde,LD,University of Southern California,Hongwei Dong,U19MH114821-01,U19 Huang,BIL,https://download.brainimagelibrary.org/47/01/4701bc104b9651f0/1U19MH114821-01/SW180202-02A/,NA,NA,NA,-1.055,1.6,-2.6,3. CTB 488,pressure (50nl)
SW180202-02A,mouse,NCBI:txid10090,C57Bl6,Tracer Injected,retrograde,LD,University of Southern California,Hongwei Dong,U19MH114821-01,U19 Huang,BIL,https://download.brainimagelibrary.org/47/01/4701bc104b9651f0/1U19MH114821-01/SW180202-02A/,NA,NA,NA,-1.055,1.6,-2.6,3. CTB 488,pressure (50nl)
SW180202-02A,mouse,NCBI:txid10090,C57Bl6,Tracer Injected,retrograde,ZI,University of Southern California,Hongwei Dong,U19MH114821-01,U19 Huang,BIL,https://download.brainimagelibrary.org/47/01/4701bc104b9651f0/1U19MH114821-01/SW180202-02A/,NA,NA,NA,-1.955,0.9,-5,4. FG,"iontophoresis (5 min, 7secOn/Off)"
SW180202-02A,mouse,NCBI:txid10090,C57Bl6,Tracer Injected,retrograde,ZI,University of Southern California,Hongwei Dong,U19MH114821-01,U19 Huang,BIL,https://download.brainimagelibrary.org/47/01/4701bc104b9651f0/1U19MH114821-01/SW180202-02A/,NA,NA,NA,-1.955,0.9,-5,4. FG,"iontophoresis (5 min, 7secOn/Off)"
SW180202-03A,mouse,NCBI:txid10090,C57Bl6,Tracer Injected,retrograde,CP,University of Southern California,Hongwei Dong,U19MH114821-01,U19 Huang,BIL,https://download.brainimagelibrary.org/d7/8e/d78e2226de736f24/1U19MH114821-01/SW180202-03A/,NA,NA,NA,0.445,2.3,-1.645,1. CTB 647,"iontophoresis (10 min, 7secOn/Off)"
SW180202-03A,mouse,NCBI:txid10090,C57Bl6,Tracer Injected,retrograde,PO,University of Southern California,Hongwei Dong,U19MH114821-01,U19 Huang,BIL,https://download.brainimagelibrary.org/d7/8e/d78e2226de736f24/1U19MH114821-01/SW180202-03A/,NA,NA,NA,-2.155,1.4,-2.88,2. CTB 555,pressure (50nl)
SW180202-03A,mouse,NCBI:txid10090,C57Bl6,Tracer Injected,retrograde,AUDp,University of Southern California,Hongwei Dong,U19MH114821-01,U19 Huang,BIL,https://download.brainimagelibrary.org/d7/8e/d78e2226de736f24/1U19MH114821-01/SW180202-03A/,NA,NA,NA,-2.155,3.6,-2.93,3. CTB 488,pressure (50nl)
SW180202-03A,mouse,NCBI:txid10090,C57Bl6,Tracer Injected,retrograde,APN,University of Southern California,Hongwei Dong,U19MH114821-01,U19 Huang,BIL,https://download.brainimagelibrary.org/d7/8e/d78e2226de736f24/1U19MH114821-01/SW180202-03A/,NA,NA,NA,-3.08,3,-2.93,4. FG,"iontophoresis (5 min, 7secOn/Off)"
SW180227-01A,mouse,NCBI:txid10090,C57Bl6,Tracer Injected,anterograde,PL,University of Southern California,Hongwei Dong,U19MH114821-01,U19 Huang,BIL,https://download.brainimagelibrary.org/47/01/4701bc104b9651f0/1U19MH114821-01/SW180227-01A/,NA,NA,NA,1.42,0.5,-1.65,1. PHAL,"iontophoresis (10 min, 7secOn/Off)"
SW180227-01A,mouse,NCBI:txid10090,C57Bl6,Tracer Injected,anterograde,MOs,University of Southern California,Hongwei Dong,U19MH114821-01,U19 Huang,BIL,https://download.brainimagelibrary.org/47/01/4701bc104b9651f0/1U19MH114821-01/SW180227-01A/,NA,NA,NA,1.72,0.5,-0.95,2. AAV1-CAG-tdTomato-WPRE,"iontophoresis (3 min, 7secOn/Off)"
SW180227-01A,mouse,NCBI:txid10090,C57Bl6,Tracer Injected,anterograde,,University of Southern California,Hongwei Dong,U19MH114821-01,U19 Huang,BIL,https://download.brainimagelibrary.org/47/01/4701bc104b9651f0/1U19MH114821-01/SW180227-01A/,NA,NA,NA,1.645,0.3,-0.7,3. AAV1-hSyn-GFP-WPRE,"iontophoresis (3 min, 7secOn/Off)"
SW180227-03A,mouse,NCBI:txid10090,C57Bl6,Tracer Injected,anterograde,ACAv,University of Southern California,Hongwei Dong,U19MH114821-01,U19 Huang,BIL,https://download.brainimagelibrary.org/4b/56/4b566d18d8902206/1U19MH114821-01/SW180227-03A_olivaw/,NA,NA,NA,0.145,0.25,-1.5,1. PHAL,"iontophoresis (10 min, 7secOn/Off)"
SW180227-03A,mouse,NCBI:txid10090,C57Bl6,Tracer Injected,anterograde,MOs/ACAd,University of Southern California,Hongwei Dong,U19MH114821-01,U19 Huang,BIL,https://download.brainimagelibrary.org/4b/56/4b566d18d8902206/1U19MH114821-01/SW180227-03A_olivaw/,NA,NA,NA,0.445,0.25,-0.9,2. AAV1-CAG-tdTomato-WPRE,"iontophoresis (3 min, 7secOn/Off)"
SW180227-03A,mouse,NCBI:txid10090,C57Bl6,Tracer Injected,anterograde,PL,University of Southern California,Hongwei Dong,U19MH114821-01,U19 Huang,BIL,https://download.brainimagelibrary.org/4b/56/4b566d18d8902206/1U19MH114821-01/SW180227-03A_olivaw/,NA,NA,NA,2.745,0.4,-2,3. AAV1-hSyn-GFP-WPRE,"iontophoresis (5 min, 7secOn/Off)"
SW180228-01A,mouse,NCBI:txid10090,C57Bl6,Tracer Injected,retrograde,CP,University of Southern California,Hongwei Dong,U19MH114821-01,U19 Huang,BIL,https://download.brainimagelibrary.org/4b/56/4b566d18d8902206/1U19MH114821-01/SW180228-01A/,NA,NA,NA,0.745,0.95,-3.8,1. CTB 647,"iontophoresis (10 min, 7secOn/Off)"
SW180228-01A,mouse,NCBI:txid10090,C57Bl6,Tracer Injected,retrograde,RE/PR,University of Southern California,Hongwei Dong,U19MH114821-01,U19 Huang,BIL,https://download.brainimagelibrary.org/4b/56/4b566d18d8902206/1U19MH114821-01/SW180228-01A/,NA,NA,NA,-1.225,0.26,-5.01,2. CTB 555,pressure (50nl)
SW180228-01A,mouse,NCBI:txid10090,C57Bl6,Tracer Injected,retrograde,ec,University of Southern California,Hongwei Dong,U19MH114821-01,U19 Huang,BIL,https://download.brainimagelibrary.org/4b/56/4b566d18d8902206/1U19MH114821-01/SW180228-01A/,NA,NA,NA,-2.88,4.1,-3.115,3. CTB 488,pressure (50nl)
SW180228-01A,mouse,NCBI:txid10090,C57Bl6,Tracer Injected,retrograde,ENTl,University of Southern California,Hongwei Dong,U19MH114821-01,U19 Huang,BIL,https://download.brainimagelibrary.org/4b/56/4b566d18d8902206/1U19MH114821-01/SW180228-01A/,NA,NA,NA,-4.28,3.895,-5.095,4. FG,"iontophoresis (5 min, 7secOn/Off)"
SW180228-02A,mouse,NCBI:txid10090,C57Bl6,Tracer Injected,retrograde,CP,University of Southern California,Hongwei Dong,U19MH114821-01,U19 Huang,BIL,https://download.brainimagelibrary.org/4b/56/4b566d18d8902206/1U19MH114821-01/SW180228-02A/,NA,NA,NA,0.845,0.9,-3.75,1. CTB 647,"iontophoresis (10 min, 7secOn/Off)"
SW180228-02A,mouse,NCBI:txid10090,C57Bl6,Tracer Injected,retrograde,RE/SMT/PR,University of Southern California,Hongwei Dong,U19MH114821-01,U19 Huang,BIL,https://download.brainimagelibrary.org/4b/56/4b566d18d8902206/1U19MH114821-01/SW180228-02A/,NA,NA,NA,-1.155,0.4,-4.75,2. CTB 555,pressure (50nl)
SW180228-02A,mouse,NCBI:txid10090,C57Bl6,Tracer Injected,retrograde,failed,University of Southern California,Hongwei Dong,U19MH114821-01,U19 Huang,BIL,https://download.brainimagelibrary.org/4b/56/4b566d18d8902206/1U19MH114821-01/SW180228-02A/,NA,NA,NA,NA,NA,,3. CTB 488,pressure (50nl)
SW180228-02A,mouse,NCBI:txid10090,C57Bl6,Tracer Injected,retrograde,SUBv-sr/m,University of Southern California,Hongwei Dong,U19MH114821-01,U19 Huang,BIL,https://download.brainimagelibrary.org/4b/56/4b566d18d8902206/1U19MH114821-01/SW180228-02A/,NA,NA,NA,-3.58,3.25,-4.6,4. FG,"iontophoresis (5 min, 7secOn/Off)"
SW180228-03A,mouse,NCBI:txid10090,NA,Tracer Injected,anterograde,failed,University of Southern California,Hongwei Dong,U19MH114821-01,U19 Huang,BIL,https://download.brainimagelibrary.org/f1/6e/f16e93e3ff05538e/2018Q4_U19CSHL/SW180228-03A/,NA,NA,NA,NA,NA,,1. PHAL,"iontophoresis (10 min, 7secOn/Off)"
SW180228-03A,mouse,NCBI:txid10090,NA,Tracer Injected,anterograde,ACAv,University of Southern California,Hongwei Dong,U19MH114821-01,U19 Huang,BIL,https://download.brainimagelibrary.org/f1/6e/f16e93e3ff05538e/2018Q4_U19CSHL/SW180228-03A/,NA,NA,NA,-0.38,0.175,-1,2. AAV1-CAG-tdTomato-WPRE,"iontophoresis (3 min, 7secOn/Off)"
SW180228-03A,mouse,NCBI:txid10090,NA,Tracer Injected,anterograde,failed,University of Southern California,Hongwei Dong,U19MH114821-01,U19 Huang,BIL,https://download.brainimagelibrary.org/f1/6e/f16e93e3ff05538e/2018Q4_U19CSHL/SW180228-03A/,NA,NA,NA,NA,NA,,3. AAV1-hSyn-GFP-WPRE,"iontophoresis (3 min, 7secOn/Off)"
SW180305-01A,mouse,NCBI:txid10090,C57Bl6,Tracer Injected,retrograde,CP,University of Southern California,Hongwei Dong,U19MH114821-01,U19 Huang,BIL,https://download.brainimagelibrary.org/47/01/4701bc104b9651f0/1U19MH114821-01/SW180305-01A/,NA,NA,NA,1.145,3.25,-3.3,1. CTB 647,"iontophoresis (10 min, 7secOn/Off)"
SW180305-01A,mouse,NCBI:txid10090,C57Bl6,Tracer Injected,retrograde,CP,University of Southern California,Hongwei Dong,U19MH114821-01,U19 Huang,BIL,https://download.brainimagelibrary.org/47/01/4701bc104b9651f0/1U19MH114821-01/SW180305-01A/,NA,NA,NA,1.145,3.25,-3.3,1. CTB 647,"iontophoresis (10 min, 7secOn/Off)"
SW180305-01A,mouse,NCBI:txid10090,C57Bl6,Tracer Injected,retrograde,PVT,University of Southern California,Hongwei Dong,U19MH114821-01,U19 Huang,BIL,https://download.brainimagelibrary.org/47/01/4701bc104b9651f0/1U19MH114821-01/SW180305-01A/,NA,NA,NA,-0.655,0.2,-3.2,2. CTB 555,pressure (50nl)
SW180305-01A,mouse,NCBI:txid10090,C57Bl6,Tracer Injected,retrograde,PVT,University of Southern California,Hongwei Dong,U19MH114821-01,U19 Huang,BIL,https://download.brainimagelibrary.org/47/01/4701bc104b9651f0/1U19MH114821-01/SW180305-01A/,NA,NA,NA,-0.655,0.2,-3.2,2. CTB 555,pressure (50nl)
SW180305-01A,mouse,NCBI:txid10090,C57Bl6,Tracer Injected,retrograde,SI,University of Southern California,Hongwei Dong,U19MH114821-01,U19 Huang,BIL,https://download.brainimagelibrary.org/47/01/4701bc104b9651f0/1U19MH114821-01/SW180305-01A/,NA,NA,NA,-0.755,1.4,-4.85,3. CTB 488,pressure (50nl)
SW180305-01A,mouse,NCBI:txid10090,C57Bl6,Tracer Injected,retrograde,SI,University of Southern California,Hongwei Dong,U19MH114821-01,U19 Huang,BIL,https://download.brainimagelibrary.org/47/01/4701bc104b9651f0/1U19MH114821-01/SW180305-01A/,NA,NA,NA,-0.755,1.4,-4.85,3. CTB 488,pressure (50nl)
SW180305-01A,mouse,NCBI:txid10090,C57Bl6,Tracer Injected,retrograde,MDm/l,University of Southern California,Hongwei Dong,U19MH114821-01,U19 Huang,BIL,https://download.brainimagelibrary.org/47/01/4701bc104b9651f0/1U19MH114821-01/SW180305-01A/,NA,NA,NA,-0.955,0.35,-3.15,4. FG,"iontophoresis (5 min, 7secOn/Off)"
SW180305-01A,mouse,NCBI:txid10090,C57Bl6,Tracer Injected,retrograde,MDm/l,University of Southern California,Hongwei Dong,U19MH114821-01,U19 Huang,BIL,https://download.brainimagelibrary.org/47/01/4701bc104b9651f0/1U19MH114821-01/SW180305-01A/,NA,NA,NA,-0.955,0.35,-3.15,4. FG,"iontophoresis (5 min, 7secOn/Off)"
SW180305-02A,mouse,NCBI:txid10090,NA,Tracer Injected,retrograde,CP,University of Southern California,Hongwei Dong,U19MH114821-01,U19 Huang,BIL,https://download.brainimagelibrary.org/f1/6e/f16e93e3ff05538e/2018Q4_U19CSHL/SW180305-02A/,NA,NA,NA,0.145,3.25,3.5,1. CTB 647,"iontophoresis (10 min, 7secOn/Off)"
SW180305-02A,mouse,NCBI:txid10090,NA,Tracer Injected,retrograde,PVT,University of Southern California,Hongwei Dong,U19MH114821-01,U19 Huang,BIL,https://download.brainimagelibrary.org/f1/6e/f16e93e3ff05538e/2018Q4_U19CSHL/SW180305-02A/,NA,NA,NA,-0.755,0.2,-3.1,2. CTB 555,pressure (50nl)
SW180305-02A,mouse,NCBI:txid10090,NA,Tracer Injected,retrograde,LHA/SI,University of Southern California,Hongwei Dong,U19MH114821-01,U19 Huang,BIL,https://download.brainimagelibrary.org/f1/6e/f16e93e3ff05538e/2018Q4_U19CSHL/SW180305-02A/,NA,NA,NA,-0.955,1.75,-5.1,3. CTB 488,pressure (50nl)
SW180305-02A,mouse,NCBI:txid10090,NA,Tracer Injected,retrograde,MDm,University of Southern California,Hongwei Dong,U19MH114821-01,U19 Huang,BIL,https://download.brainimagelibrary.org/f1/6e/f16e93e3ff05538e/2018Q4_U19CSHL/SW180305-02A/,NA,NA,NA,-1.155,0.25,3.2,4. FG,"iontophoresis (5 min, 7secOn/Off)"
SW180306-02A,mouse,NCBI:txid10090,C57Bl6,Tracer Injected,retrograde,MOs,University of Southern California,Hongwei Dong,U19MH114821-01,U19 Huang,BIL,https://download.brainimagelibrary.org/4b/56/4b566d18d8902206/1U19MH114821-01/SW180306-02A/,NA,NA,NA,1.945,0.8,-1.5,1. CTB 647,"iontophoresis (10 min, 7secOn/Off)"
SW180306-02A,mouse,NCBI:txid10090,C57Bl6,Tracer Injected,retrograde,VPM/VPL,University of Southern California,Hongwei Dong,U19MH114821-01,U19 Huang,BIL,https://download.brainimagelibrary.org/4b/56/4b566d18d8902206/1U19MH114821-01/SW180306-02A/,NA,NA,NA,-1.255,1.75,-3.5,2. CTB 555,pressure (50nl)
SW180306-02A,mouse,NCBI:txid10090,C57Bl6,Tracer Injected,retrograde,PO,University of Southern California,Hongwei Dong,U19MH114821-01,U19 Huang,BIL,https://download.brainimagelibrary.org/4b/56/4b566d18d8902206/1U19MH114821-01/SW180306-02A/,NA,NA,NA,-2.055,1.35,-3.35,3. CTB 488,pressure (50nl)
SW180306-02A,mouse,NCBI:txid10090,C57Bl6,Tracer Injected,retrograde,ZI,University of Southern California,Hongwei Dong,U19MH114821-01,U19 Huang,BIL,https://download.brainimagelibrary.org/4b/56/4b566d18d8902206/1U19MH114821-01/SW180306-02A/,NA,NA,NA,-2.48,1.5,-5,4. FG,"iontophoresis (5 min, 7secOn/Off)"
SW180306-03A,mouse,NCBI:txid10090,C57Bl6,Tracer Injected,retrograde,MOs,University of Southern California,Hongwei Dong,U19MH114821-01,U19 Huang,BIL,https://download.brainimagelibrary.org/47/01/4701bc104b9651f0/1U19MH114821-01/SW180306-03A/,NA,NA,NA,1.945,1,1.5,1. CTB 647,"iontophoresis (10 min, 7secOn/Off)"
SW180306-03A,mouse,NCBI:txid10090,C57Bl6,Tracer Injected,retrograde,VAL/RT,University of Southern California,Hongwei Dong,U19MH114821-01,U19 Huang,BIL,https://download.brainimagelibrary.org/47/01/4701bc104b9651f0/1U19MH114821-01/SW180306-03A/,NA,NA,NA,-0.955,1.8,3.5,2. CTB 555,pressure (50nl)
SW180306-03A,mouse,NCBI:txid10090,C57Bl6,Tracer Injected,retrograde,PO,University of Southern California,Hongwei Dong,U19MH114821-01,U19 Huang,BIL,https://download.brainimagelibrary.org/47/01/4701bc104b9651f0/1U19MH114821-01/SW180306-03A/,NA,NA,NA,-1.855,1.25,-2.7,3. CTB 488,pressure (50nl)
SW180306-03A,mouse,NCBI:txid10090,C57Bl6,Tracer Injected,retrograde,VTA/ZI,University of Southern California,Hongwei Dong,U19MH114821-01,U19 Huang,BIL,https://download.brainimagelibrary.org/47/01/4701bc104b9651f0/1U19MH114821-01/SW180306-03A/,NA,NA,NA,-2.48,1.5,-5,4. FG,"iontophoresis (5 min, 7secOn/Off)"
SW180314-03B,mouse,NCBI:txid10090,C57Bl6,Tracer Injected,retrograde,failed,University of Southern California,Hongwei Dong,U19MH114821-01,U19 Huang,BIL,https://download.brainimagelibrary.org/47/01/4701bc104b9651f0/1U19MH114821-01/SW180314-03B/,NA,NA,NA,NA,NA,,1. CTB 647,"iontophoresis (10 min, 7secOn/Off)"
SW180314-03B,mouse,NCBI:txid10090,C57Bl6,Tracer Injected,retrograde,failed,University of Southern California,Hongwei Dong,U19MH114821-01,U19 Huang,BIL,https://download.brainimagelibrary.org/47/01/4701bc104b9651f0/1U19MH114821-01/SW180314-03B/,NA,NA,NA,NA,NA,,1. CTB 647,"iontophoresis (10 min, 7secOn/Off)"
SW180314-03B,mouse,NCBI:txid10090,C57Bl6,Tracer Injected,retrograde,RT/ZI,University of Southern California,Hongwei Dong,U19MH114821-01,U19 Huang,BIL,https://download.brainimagelibrary.org/47/01/4701bc104b9651f0/1U19MH114821-01/SW180314-03B/,NA,NA,NA,-0.755,1,-4.75,2. CTB 555,pressure (50nl)
SW180314-03B,mouse,NCBI:txid10090,C57Bl6,Tracer Injected,retrograde,RT/ZI,University of Southern California,Hongwei Dong,U19MH114821-01,U19 Huang,BIL,https://download.brainimagelibrary.org/47/01/4701bc104b9651f0/1U19MH114821-01/SW180314-03B/,NA,NA,NA,-0.755,1,-4.75,2. CTB 555,pressure (50nl)
SW180314-03B,mouse,NCBI:txid10090,C57Bl6,Tracer Injected,retrograde,CL,University of Southern California,Hongwei Dong,U19MH114821-01,U19 Huang,BIL,https://download.brainimagelibrary.org/47/01/4701bc104b9651f0/1U19MH114821-01/SW180314-03B/,NA,NA,NA,-1.655,0.85,-2.8,3. AAVretro-hSyn-Cre-WPRE,"iontophoresis (3 min, 7secOn/Off)"
SW180314-03B,mouse,NCBI:txid10090,C57Bl6,Tracer Injected,retrograde,CL,University of Southern California,Hongwei Dong,U19MH114821-01,U19 Huang,BIL,https://download.brainimagelibrary.org/47/01/4701bc104b9651f0/1U19MH114821-01/SW180314-03B/,NA,NA,NA,-1.655,0.85,-2.8,3. AAVretro-hSyn-Cre-WPRE,"iontophoresis (5 min, 7secOn/Off)"
SW180314-03B,mouse,NCBI:txid10090,C57Bl6,Tracer Injected,retrograde,SCig-b,University of Southern California,Hongwei Dong,U19MH114821-01,U19 Huang,BIL,https://download.brainimagelibrary.org/47/01/4701bc104b9651f0/1U19MH114821-01/SW180314-03B/,NA,NA,NA,-3.18,0.75,-2.85,4. FG,"iontophoresis (5 min, 7secOn/Off)"
SW180314-03B,mouse,NCBI:txid10090,C57Bl6,Tracer Injected,retrograde,SCig-b,University of Southern California,Hongwei Dong,U19MH114821-01,U19 Huang,BIL,https://download.brainimagelibrary.org/47/01/4701bc104b9651f0/1U19MH114821-01/SW180314-03B/,NA,NA,NA,-3.18,0.75,-2.85,4. FG,"iontophoresis (5 min, 7secOn/Off)"
SW180315-01B,mouse,NCBI:txid10090,C57Bl6,Tracer Injected,retrograde,CP,University of Southern California,Hongwei Dong,U19MH114821-01,U19 Huang,BIL,https://download.brainimagelibrary.org/47/01/4701bc104b9651f0/1U19MH114821-01/SW180315-01B/,NA,NA,NA,0.245,2.25,-2.7,1. AAVretro-hSyn-Cre-WPRE,"iontophoresis (5 min, 7secOn/Off)"
SW180315-01B,mouse,NCBI:txid10090,C57Bl6,Tracer Injected,retrograde,CL,University of Southern California,Hongwei Dong,U19MH114821-01,U19 Huang,BIL,https://download.brainimagelibrary.org/47/01/4701bc104b9651f0/1U19MH114821-01/SW180315-01B/,NA,NA,NA,-1.255,0.8,-3,2. CTB 555,pressure (50nl)
SW180315-01B,mouse,NCBI:txid10090,C57Bl6,Tracer Injected,retrograde,NPC,University of Southern California,Hongwei Dong,U19MH114821-01,U19 Huang,BIL,https://download.brainimagelibrary.org/47/01/4701bc104b9651f0/1U19MH114821-01/SW180315-01B/,NA,NA,NA,-2.355,0.8,-3.05,3. CTB 488,pressure (50nl)
SW180315-01B,mouse,NCBI:txid10090,C57Bl6,Tracer Injected,retrograde,PAG,University of Southern California,Hongwei Dong,U19MH114821-01,U19 Huang,BIL,https://download.brainimagelibrary.org/47/01/4701bc104b9651f0/1U19MH114821-01/SW180315-01B/,NA,NA,NA,-3.58,0.55,-2.75,4. FG,"iontophoresis (5 min, 7secOn/Off)"
SW180315-02A,mouse,NCBI:txid10090,C57Bl6,Tracer Injected,retrograde,CP,University of Southern California,Hongwei Dong,U19MH114821-01,U19 Huang,BIL,https://download.brainimagelibrary.org/d7/8e/d78e2226de736f24/1U19MH114821-01/SW180315-02A/,NA,NA,NA,0.02,0.3,-4.25,1. CTB 647,"iontophoresis (10 min, 7secOn/Off)"
SW180315-02A,mouse,NCBI:txid10090,C57Bl6,Tracer Injected,retrograde,LD,University of Southern California,Hongwei Dong,U19MH114821-01,U19 Huang,BIL,https://download.brainimagelibrary.org/d7/8e/d78e2226de736f24/1U19MH114821-01/SW180315-02A/,NA,NA,NA,-1.155,1,-3,2. CTB 555,pressure (50nl)
SW180315-02A,mouse,NCBI:txid10090,C57Bl6,Tracer Injected,retrograde,PF,University of Southern California,Hongwei Dong,U19MH114821-01,U19 Huang,BIL,https://download.brainimagelibrary.org/d7/8e/d78e2226de736f24/1U19MH114821-01/SW180315-02A/,NA,NA,NA,-2.255,0.5,-3.25,3. AAVretro-hSyn-Cre-WPRE,"iontophoresis (3 min, 7secOn/Off)"
SW180315-02A,mouse,NCBI:txid10090,C57Bl6,Tracer Injected,retrograde,PAG,University of Southern California,Hongwei Dong,U19MH114821-01,U19 Huang,BIL,https://download.brainimagelibrary.org/d7/8e/d78e2226de736f24/1U19MH114821-01/SW180315-02A/,NA,NA,NA,-3.88,0.5,-3.3,4. FG,"iontophoresis (5 min, 7secOn/Off)"
SW180327-07A,mouse,NCBI:txid10090,NA,Tracer Injected,retrograde,ZI/RT,University of Southern California,Hongwei Dong,U19MH114821-01,U19 Huang,BIL,https://download.brainimagelibrary.org/f1/6e/f16e93e3ff05538e/2018Q4_U19CSHL/SW180327-07A/,NA,NA,NA,-0.755,1,-4.5,1. CTB 555,pressure (50nl)
SW180327-07A,mouse,NCBI:txid10090,NA,Tracer Injected,retrograde,MDl/c,University of Southern California,Hongwei Dong,U19MH114821-01,U19 Huang,BIL,https://download.brainimagelibrary.org/f1/6e/f16e93e3ff05538e/2018Q4_U19CSHL/SW180327-07A/,NA,NA,NA,-1.655,0.85,-3.25,2. CTB 488,pressure (50nl)
SW180327-07A,mouse,NCBI:txid10090,NA,Tracer Injected,retrograde,PL,University of Southern California,Hongwei Dong,U19MH114821-01,U19 Huang,BIL,https://download.brainimagelibrary.org/f1/6e/f16e93e3ff05538e/2018Q4_U19CSHL/SW180327-07A/,NA,NA,NA,-2.255,0.3,-5,3. CTB 647,"iontophoresis (10 min, 7secOn/Off)"
SW180327-07A,mouse,NCBI:txid10090,NA,Tracer Injected,retrograde,PAG/MRN,University of Southern California,Hongwei Dong,U19MH114821-01,U19 Huang,BIL,https://download.brainimagelibrary.org/f1/6e/f16e93e3ff05538e/2018Q4_U19CSHL/SW180327-07A/,NA,NA,NA,-3.38,0.5,-3.25,4. FG,"iontophoresis (5 min, 7secOn/Off)"
SW180327-09A,mouse,NCBI:txid10090,C57Bl6,Tracer Injected,retrograde,CP,University of Southern California,Hongwei Dong,U19MH114821-01,U19 Huang,BIL,https://download.brainimagelibrary.org/47/01/4701bc104b9651f0/1U19MH114821-01/SW180327-09A/,NA,NA,NA,-0.955,2.5,-2.65,1. CTB 647,"iontophoresis (10 min, 7secOn/Off)"
SW180327-09A,mouse,NCBI:txid10090,C57Bl6,Tracer Injected,retrograde,failed,University of Southern California,Hongwei Dong,U19MH114821-01,U19 Huang,BIL,https://download.brainimagelibrary.org/47/01/4701bc104b9651f0/1U19MH114821-01/SW180327-09A/,NA,NA,NA,NA,NA,,2. CTB 555,pressure (50nl)
SW180327-09A,mouse,NCBI:txid10090,C57Bl6,Tracer Injected,retrograde,PF,University of Southern California,Hongwei Dong,U19MH114821-01,U19 Huang,BIL,https://download.brainimagelibrary.org/47/01/4701bc104b9651f0/1U19MH114821-01/SW180327-09A/,NA,NA,NA,-2.255,0.75,-3.25,3. CTB 488,pressure (50nl)
SW180327-09A,mouse,NCBI:txid10090,C57Bl6,Tracer Injected,retrograde,SCig,University of Southern California,Hongwei Dong,U19MH114821-01,U19 Huang,BIL,https://download.brainimagelibrary.org/47/01/4701bc104b9651f0/1U19MH114821-01/SW180327-09A/,NA,NA,NA,-4.455,1.5,-2,4. FG,"iontophoresis (5 min, 7secOn/Off)"
SW180328-04A,mouse,NCBI:txid10090,C57Bl6,Tracer Injected,retrograde,OT,University of Southern California,Hongwei Dong,U19MH114821-01,U19 Huang,BIL,https://download.brainimagelibrary.org/47/01/4701bc104b9651f0/1U19MH114821-01/SW180328-04A/,NA,NA,NA,1.345,1.4,-6.6,1. CTB 647,"iontophoresis (10 min, 7secOn/Off)"
SW180328-04A,mouse,NCBI:txid10090,C57Bl6,Tracer Injected,retrograde,MOs,University of Southern California,Hongwei Dong,U19MH114821-01,U19 Huang,BIL,https://download.brainimagelibrary.org/47/01/4701bc104b9651f0/1U19MH114821-01/SW180328-04A/,NA,NA,NA,0.345,0.9,-1.8,2. CTB 555,pressure (50nl)
SW180328-04A,mouse,NCBI:txid10090,C57Bl6,Tracer Injected,retrograde,AD/sm,University of Southern California,Hongwei Dong,U19MH114821-01,U19 Huang,BIL,https://download.brainimagelibrary.org/47/01/4701bc104b9651f0/1U19MH114821-01/SW180328-04A/,NA,NA,NA,-0.755,0.6,-2.75,3. CTB 488,pressure (50nl)
SW180328-04A,mouse,NCBI:txid10090,C57Bl6,Tracer Injected,retrograde,VTA,University of Southern California,Hongwei Dong,U19MH114821-01,U19 Huang,BIL,https://download.brainimagelibrary.org/47/01/4701bc104b9651f0/1U19MH114821-01/SW180328-04A/,NA,NA,NA,-2.98,0.6,-5.1,4. FG,"iontophoresis (5 min, 7secOn/Off)"
SW180329-01A,mouse,NCBI:txid10090,C57Bl6,Tracer Injected,retrograde,SSp,University of Southern California,Hongwei Dong,U01MH114829-01,U01 Dong,BIL,https://download.brainimagelibrary.org/11/5b/115bda6eacd6507c/1U01MH114829-01/SW180329-01A,NA,NA,NA,0.145,3.15,-2.5,1 FG,"iontophoresis (5 min, 7secOn/Off)"
SW180329-01A,mouse,NCBI:txid10090,C57Bl6,Tracer Injected,retrograde,CP,University of Southern California,Hongwei Dong,U01MH114829-01,U01 Dong,BIL,https://download.brainimagelibrary.org/11/5b/115bda6eacd6507c/1U01MH114829-01/SW180329-01A,NA,NA,NA,0.345,3,-4.9,2 RVŒîG-4tdTomato,pressure injection (50nl)
SW180329-01A,mouse,NCBI:txid10090,C57Bl6,Tracer Injected,retrograde,SSs,University of Southern California,Hongwei Dong,U01MH114829-01,U01 Dong,BIL,https://download.brainimagelibrary.org/11/5b/115bda6eacd6507c/1U01MH114829-01/SW180329-01A,NA,NA,NA,-0.655,4.15,-3.25,3 CTB 647,"iontophoresis (10 min, 7secOn/Off)"
SW180329-01A,mouse,NCBI:txid10090,C57Bl6,Tracer Injected,retrograde,MOs,University of Southern California,Hongwei Dong,U01MH114829-01,U01 Dong,BIL,https://download.brainimagelibrary.org/11/5b/115bda6eacd6507c/1U01MH114829-01/SW180329-01A,NA,NA,NA,2.345,1.6,-1.75,4 2 RVŒîG-4EGFP,pressure (50nl)
SW180329-02A,mouse,NCBI:txid10090,NA,Tracer Injected,retrograde,SSp,University of Southern California,Hongwei Dong,U01MH114829-01,U01 Dong,BIL,https://download.brainimagelibrary.org/e8/20/e820c8267a0cbedb/2018Q4_U01/SW180329-02A/,NA,NA,NA,-0.08,3.5,-2.6,1 FG,"iontophoresis (5 min, 7secOn/Off)"
SW180329-02A,mouse,NCBI:txid10090,NA,Tracer Injected,retrograde,CPi,University of Southern California,Hongwei Dong,U01MH114829-01,U01 Dong,BIL,https://download.brainimagelibrary.org/e8/20/e820c8267a0cbedb/2018Q4_U01/SW180329-02A/,NA,NA,NA,-0.08,3,-4.5,2 RVŒîG-4tdTomato,pressure injection (50nl)
SW180329-02A,mouse,NCBI:txid10090,NA,Tracer Injected,retrograde,SSs,University of Southern California,Hongwei Dong,U01MH114829-01,U01 Dong,BIL,https://download.brainimagelibrary.org/e8/20/e820c8267a0cbedb/2018Q4_U01/SW180329-02A/,NA,NA,NA,-1.055,4.15,-3.25,3 CTB 647,"iontophoresis (10 min, 7secOn/Off)"
SW180329-02A,mouse,NCBI:txid10090,NA,Tracer Injected,retrograde,MOs,University of Southern California,Hongwei Dong,U01MH114829-01,U01 Dong,BIL,https://download.brainimagelibrary.org/e8/20/e820c8267a0cbedb/2018Q4_U01/SW180329-02A/,NA,NA,NA,2.245,1.5,-1.5,4 RVŒîG-4eGFP,pressure (50nl)
SW180404-01A,mouse,NCBI:txid10090,C57Bl6,Tracer Injected,retrograde,CP,University of Southern California,Hongwei Dong,U19MH114821-01,U19 Huang,BIL,https://download.brainimagelibrary.org/47/01/4701bc104b9651f0/1U19MH114821-01/SW180404-01A/,NA,NA,NA,1.145,1,-3.7,1.CTB 647,"iontophoresis (10 min, 7secOn/Off)"
SW180404-01A,mouse,NCBI:txid10090,C57Bl6,Tracer Injected,retrograde,AMd,University of Southern California,Hongwei Dong,U19MH114821-01,U19 Huang,BIL,https://download.brainimagelibrary.org/47/01/4701bc104b9651f0/1U19MH114821-01/SW180404-01A/,NA,NA,NA,-0.755,0.75,-3.85,2.CTB 555,pressure (50nl)
SW180404-01A,mouse,NCBI:txid10090,C57Bl6,Tracer Injected,retrograde,LHA,University of Southern California,Hongwei Dong,U19MH114821-01,U19 Huang,BIL,https://download.brainimagelibrary.org/47/01/4701bc104b9651f0/1U19MH114821-01/SW180404-01A/,NA,NA,NA,-1.855,0.9,-5.25,3. CTB 488,pressure (50nl)
SW180404-01A,mouse,NCBI:txid10090,C57Bl6,Tracer Injected,retrograde,VPL,University of Southern California,Hongwei Dong,U19MH114821-01,U19 Huang,BIL,https://download.brainimagelibrary.org/47/01/4701bc104b9651f0/1U19MH114821-01/SW180404-01A/,NA,NA,NA,-2.155,2.25,-4,4. FG,"iontophoresis (5 min, 7secOn/Off)"
SW180404-04A,mouse,NCBI:txid10090,C57Bl6,Tracer Injected,retrograde,fa/ACB,University of Southern California,Hongwei Dong,U19MH114821-01,U19 Huang,BIL,https://download.brainimagelibrary.org/47/01/4701bc104b9651f0/1U19MH114821-01/SW180404-04A/,NA,NA,NA,1.545,1,-3.7,1. CTB 647,"iontophoresis (10 min, 7secOn/Off)"
SW180404-04A,mouse,NCBI:txid10090,C57Bl6,Tracer Injected,retrograde,ZI/LHA,University of Southern California,Hongwei Dong,U19MH114821-01,U19 Huang,BIL,https://download.brainimagelibrary.org/47/01/4701bc104b9651f0/1U19MH114821-01/SW180404-04A/,NA,NA,NA,-1.855,1,-5.15,3. CTB 488,pressure (50nl)
SW180404-04A,mouse,NCBI:txid10090,C57Bl6,Tracer Injected,retrograde,RT,University of Southern California,Hongwei Dong,U19MH114821-01,U19 Huang,BIL,https://download.brainimagelibrary.org/47/01/4701bc104b9651f0/1U19MH114821-01/SW180404-04A/,NA,NA,NA,-2.055,2.5,-3.5,4. FG,"iontophoresis (5 min, 7secOn/Off)"
SW180405-02A,mouse,NCBI:txid10090,NA,Tracer Injected,retrograde,MOp_contralateral,University of Southern California,Hongwei Dong,U01MH114829-01,U01 Dong,BIL,https://download.brainimagelibrary.org/e8/20/e820c8267a0cbedb/2018Q4_U01/SW180405-02A/,NA,NA,NA,1.345,-1.75,-1.4,1 FG,"iontophoresis (5 min, 7secOn/Off)"
SW180405-02A,mouse,NCBI:txid10090,NA,Tracer Injected,retrograde,VAL,University of Southern California,Hongwei Dong,U01MH114829-01,U01 Dong,BIL,https://download.brainimagelibrary.org/e8/20/e820c8267a0cbedb/2018Q4_U01/SW180405-02A/,NA,NA,NA,-1.255,1.15,-4.25,2 CTB 555,pressure (50nl)
SW180405-02A,mouse,NCBI:txid10090,NA,Tracer Injected,retrograde,PF,University of Southern California,Hongwei Dong,U01MH114829-01,U01 Dong,BIL,https://download.brainimagelibrary.org/e8/20/e820c8267a0cbedb/2018Q4_U01/SW180405-02A/,NA,NA,NA,-2.055,0.9,-4.1,3 CTB 647,"iontophoresis (10 min, 7secOn/Off)"
SW180405-02A,mouse,NCBI:txid10090,NA,Tracer Injected,retrograde,NOT,University of Southern California,Hongwei Dong,U01MH114829-01,U01 Dong,BIL,https://download.brainimagelibrary.org/e8/20/e820c8267a0cbedb/2018Q4_U01/SW180405-02A/,NA,NA,NA,-3.18,1.65,-2.6,4 CTB 488,pressure (50nl)
SW180405-03A,mouse,NCBI:txid10090,NA,Tracer Injected,retrograde,CPr.l.vm,University of Southern California,Hongwei Dong,U01MH114829-01,U01 Dong,BIL,https://download.brainimagelibrary.org/e8/20/e820c8267a0cbedb/2018Q4_U01/SW180405-03A/,NA,NA,NA,0.945,2.2,-4.1,1 FG,"iontophoresis (5 min, 7secOn/Off)"
SW180405-03A,mouse,NCBI:txid10090,NA,Tracer Injected,retrograde,CPc,University of Southern California,Hongwei Dong,U01MH114829-01,U01 Dong,BIL,https://download.brainimagelibrary.org/e8/20/e820c8267a0cbedb/2018Q4_U01/SW180405-03A/,NA,NA,NA,-0.755,3.5,-3.6,2 CTB 555,pressure (50nl)
SW180405-03A,mouse,NCBI:txid10090,NA,Tracer Injected,retrograde,PF,University of Southern California,Hongwei Dong,U01MH114829-01,U01 Dong,BIL,https://download.brainimagelibrary.org/e8/20/e820c8267a0cbedb/2018Q4_U01/SW180405-03A/,NA,NA,NA,-2.255,0.85,-3.75,3 CTB 647,"iontophoresis (10 min, 7secOn/Off)"
SW180405-03A,mouse,NCBI:txid10090,NA,Tracer Injected,retrograde,PSV_contralateral,University of Southern California,Hongwei Dong,U01MH114829-01,U01 Dong,BIL,https://download.brainimagelibrary.org/e8/20/e820c8267a0cbedb/2018Q4_U01/SW180405-03A/,NA,NA,NA,-5.655,-2,-5.6,4 CTB 488,pressure (50nl)
SW180405-04A,mouse,NCBI:txid10090,NA,Tracer Injected,retrograde,CPr.l.vm/PIR,University of Southern California,Hongwei Dong,U01MH114829-01,U01 Dong,BIL,https://download.brainimagelibrary.org/e8/20/e820c8267a0cbedb/2018Q4_U01/SW180405-04A/,NA,NA,NA,1.145,2.6,-4.5,1 FG,"iontophoresis (5 min, 7secOn/Off)"
SW180405-04A,mouse,NCBI:txid10090,NA,Tracer Injected,retrograde,GU/VISC,University of Southern California,Hongwei Dong,U01MH114829-01,U01 Dong,BIL,https://download.brainimagelibrary.org/e8/20/e820c8267a0cbedb/2018Q4_U01/SW180405-04A/,NA,NA,NA,-0.28,4,-4.3,2 CTB 555,pressure (50nl)
SW180405-04A,mouse,NCBI:txid10090,NA,Tracer Injected,retrograde,VPM,University of Southern California,Hongwei Dong,U01MH114829-01,U01 Dong,BIL,https://download.brainimagelibrary.org/e8/20/e820c8267a0cbedb/2018Q4_U01/SW180405-04A/,NA,NA,NA,-2.055,1.45,-4,3 CTB 647,"iontophoresis (10 min, 7secOn/Off)"
SW180405-04A,mouse,NCBI:txid10090,NA,Tracer Injected,retrograde,PRNc,University of Southern California,Hongwei Dong,U01MH114829-01,U01 Dong,BIL,https://download.brainimagelibrary.org/e8/20/e820c8267a0cbedb/2018Q4_U01/SW180405-04A/,NA,NA,NA,-5.455,-1.6,-5.4,4 CTB 488,pressure (50nl)
SW180412-01A,mouse,NCBI:txid10090,NA,Tracer Injected,retrograde,BMAa,University of Southern California,Hongwei Dong,U01MH114829-01,U01 Dong,BIL,https://download.brainimagelibrary.org/e8/20/e820c8267a0cbedb/2018Q4_U01/SW180412-01A/,NA,NA,NA,-0.955,2.6,-6.2,1 CTB 647,"iontophoresis (10 min, 7secOn/Off)"
SW180412-01A,mouse,NCBI:txid10090,NA,Tracer Injected,retrograde,BSTju,University of Southern California,Hongwei Dong,U01MH114829-01,U01 Dong,BIL,https://download.brainimagelibrary.org/e8/20/e820c8267a0cbedb/2018Q4_U01/SW180412-01A/,NA,NA,NA,0.245,1.1,-4.55,2 FG,"iontophoresis (5 min, 7secOn/Off)"
SW180412-01A,mouse,NCBI:txid10090,NA,Tracer Injected,retrograde,COApl,University of Southern California,Hongwei Dong,U01MH114829-01,U01 Dong,BIL,https://download.brainimagelibrary.org/e8/20/e820c8267a0cbedb/2018Q4_U01/SW180412-01A/,NA,NA,NA,-1.655,2.375,-6.5,3 CTB 555,pressure (50nl)
SW180412-01A,mouse,NCBI:txid10090,NA,Tracer Injected,retrograde,MEAav,University of Southern California,Hongwei Dong,U01MH114829-01,U01 Dong,BIL,https://download.brainimagelibrary.org/e8/20/e820c8267a0cbedb/2018Q4_U01/SW180412-01A/,NA,NA,NA,-1.855,2.3,-6,4 CTB 488,pressure (50nl)
SW180412-02A,mouse,NCBI:txid10090,NA,Tracer Injected,retrograde,IA,University of Southern California,Hongwei Dong,U19MH114821-01,U19 Huang,BIL,https://download.brainimagelibrary.org/f1/6e/f16e93e3ff05538e/2018Q4_U19CSHL/SW180412-02A/,NA,NA,NA,-1.255,2.75,-5.8,1 CTB 647,"iontophoresis (10 min, 7secOn/Off)"
SW180412-02A,mouse,NCBI:txid10090,NA,Tracer Injected,retrograde,BSTov/CPi.vm.vm,University of Southern California,Hongwei Dong,U19MH114821-01,U19 Huang,BIL,https://download.brainimagelibrary.org/f1/6e/f16e93e3ff05538e/2018Q4_U19CSHL/SW180412-02A/,NA,NA,NA,0.145,1.2,-4.15,2 FG,"iontophoresis (5 min, 7secOn/Off)"
SW180412-02A,mouse,NCBI:txid10090,NA,Tracer Injected,retrograde,COApl/BMAp,University of Southern California,Hongwei Dong,U19MH114821-01,U19 Huang,BIL,https://download.brainimagelibrary.org/f1/6e/f16e93e3ff05538e/2018Q4_U19CSHL/SW180412-02A/,NA,NA,NA,-1.755,2.7,-6,3 CTB 555,pressure (50nl)
SW180412-02A,mouse,NCBI:txid10090,NA,Tracer Injected,retrograde,opt,University of Southern California,Hongwei Dong,U19MH114821-01,U19 Huang,BIL,https://download.brainimagelibrary.org/f1/6e/f16e93e3ff05538e/2018Q4_U19CSHL/SW180412-02A/,NA,NA,NA,-1.755,2.45,-5,4 CTB 488,pressure (50nl)
SW180412-03A,mouse,NCBI:txid10090,NA,Tracer Injected,retrograde,IA,University of Southern California,Hongwei Dong,U01MH114829-01,U01 Dong,BIL,https://download.brainimagelibrary.org/e8/20/e820c8267a0cbedb/2018Q4_U01/SW180412-03A/,NA,NA,NA,-1.155,2.9,-5.85,1 CTB 647,"iontophoresis (10 min, 7secOn/Off)"
SW180412-03A,mouse,NCBI:txid10090,NA,Tracer Injected,retrograde,CPi.vm.vm,University of Southern California,Hongwei Dong,U01MH114829-01,U01 Dong,BIL,https://download.brainimagelibrary.org/e8/20/e820c8267a0cbedb/2018Q4_U01/SW180412-03A/,NA,NA,NA,0.145,1.45,-4.5,2 FG,"iontophoresis (5 min, 7secOn/Off)"
SW180412-03A,mouse,NCBI:txid10090,NA,Tracer Injected,retrograde,BMAp,University of Southern California,Hongwei Dong,U01MH114829-01,U01 Dong,BIL,https://download.brainimagelibrary.org/e8/20/e820c8267a0cbedb/2018Q4_U01/SW180412-03A/,NA,NA,NA,-1.155,3,-6.5,3 CTB 555,pressure (50nl)
SW180412-03A,mouse,NCBI:txid10090,NA,Tracer Injected,retrograde,IA/BMAp/BLAa,University of Southern California,Hongwei Dong,U01MH114829-01,U01 Dong,BIL,https://download.brainimagelibrary.org/e8/20/e820c8267a0cbedb/2018Q4_U01/SW180412-03A/,NA,NA,NA,-1.155,3.15,-6,4 CTB 488,pressure (50nl)
SW180425-01A,mouse,NCBI:txid10090,NA,Tracer Injected,retrograde,MOs,University of Southern California,Hongwei Dong,U01MH114829-01,U01 Dong,BIL,https://download.brainimagelibrary.org/e8/20/e820c8267a0cbedb/2018Q4_U01/SW180425-01A/,NA,NA,NA,2.545,1.9,-1.75,1 CTB 647,"iontophoresis (10 min, 7secOn/Off)"
SW180425-01A,mouse,NCBI:txid10090,NA,Tracer Injected,retrograde,SSp-ul,University of Southern California,Hongwei Dong,U01MH114829-01,U01 Dong,BIL,https://download.brainimagelibrary.org/e8/20/e820c8267a0cbedb/2018Q4_U01/SW180425-01A/,NA,NA,NA,-0.28,2.15,-1.75,2 CTB 555,pressure (50nl)
SW180425-01A,mouse,NCBI:txid10090,NA,Tracer Injected,retrograde,SSp-bfd,University of Southern California,Hongwei Dong,U01MH114829-01,U01 Dong,BIL,https://download.brainimagelibrary.org/e8/20/e820c8267a0cbedb/2018Q4_U01/SW180425-01A/,NA,NA,NA,-0.48,3.5,-2.35,3 CTB 488,pressure (50nl)
SW180425-01A,mouse,NCBI:txid10090,NA,Tracer Injected,retrograde,SSp-bfd/SSs,University of Southern California,Hongwei Dong,U01MH114829-01,U01 Dong,BIL,https://download.brainimagelibrary.org/e8/20/e820c8267a0cbedb/2018Q4_U01/SW180425-01A/,NA,NA,NA,-1.055,3.35,-2.2,4 FG,"iontophoresis (10 min, 7secOn/Off)"
SW180425-02A,mouse,NCBI:txid10090,NA,Tracer Injected,retrograde,failed,University of Southern California,Hongwei Dong,U01MH114829-01,U01 Dong,BIL,https://download.brainimagelibrary.org/e8/20/e820c8267a0cbedb/2018Q4_U01/SW180425-02A/,NA,NA,NA,NA,NA,,1 CTB 647,"iontophoresis (10 min, 7secOn/Off)"
SW180425-02A,mouse,NCBI:txid10090,NA,Tracer Injected,retrograde,SSp-tr,University of Southern California,Hongwei Dong,U01MH114829-01,U01 Dong,BIL,https://download.brainimagelibrary.org/e8/20/e820c8267a0cbedb/2018Q4_U01/SW180425-02A/,NA,NA,NA,-0.955,2.25,-1.5,2 CTB 555,pressure (50nl)
SW180425-02A,mouse,NCBI:txid10090,NA,Tracer Injected,retrograde,SSp-bfd,University of Southern California,Hongwei Dong,U01MH114829-01,U01 Dong,BIL,https://download.brainimagelibrary.org/e8/20/e820c8267a0cbedb/2018Q4_U01/SW180425-02A/,NA,NA,NA,-1.355,3.35,-2.15,3 CTB 488,pressure (50nl)
SW180425-02A,mouse,NCBI:txid10090,NA,Tracer Injected,retrograde,SSp-bfd,University of Southern California,Hongwei Dong,U01MH114829-01,U01 Dong,BIL,https://download.brainimagelibrary.org/e8/20/e820c8267a0cbedb/2018Q4_U01/SW180425-02A/,NA,NA,NA,-1.855,3.3,-1.8,4 FG,"iontophoresis (10 min, 7secOn/Off)"
SW180425-03A,mouse,NCBI:txid10090,NA,Tracer Injected,retrograde,MOs,University of Southern California,Hongwei Dong,U01MH114829-01,U01 Dong,BIL,https://download.brainimagelibrary.org/e8/20/e820c8267a0cbedb/2018Q4_U01/SW180425-03A/,NA,NA,NA,2.345,1.75,-1.85,1 CTB 647,"iontophoresis (10 min, 7secOn/Off)"
SW180425-03A,mouse,NCBI:txid10090,NA,Tracer Injected,retrograde,MOp,University of Southern California,Hongwei Dong,U01MH114829-01,U01 Dong,BIL,https://download.brainimagelibrary.org/e8/20/e820c8267a0cbedb/2018Q4_U01/SW180425-03A/,NA,NA,NA,1.645,1.25,-1.8,2 CTB 555,pressure (50nl)
SW180425-03A,mouse,NCBI:txid10090,NA,Tracer Injected,retrograde,SSp-bfd,University of Southern California,Hongwei Dong,U01MH114829-01,U01 Dong,BIL,https://download.brainimagelibrary.org/e8/20/e820c8267a0cbedb/2018Q4_U01/SW180425-03A/,NA,NA,NA,-0.88,3,-2.15,3 CTB 488,pressure (50nl)
SW180425-03A,mouse,NCBI:txid10090,NA,Tracer Injected,retrograde,SSp-bfd/SSs,University of Southern California,Hongwei Dong,U01MH114829-01,U01 Dong,BIL,https://download.brainimagelibrary.org/e8/20/e820c8267a0cbedb/2018Q4_U01/SW180425-03A/,NA,NA,NA,-1.255,3.75,-2.15,4 FG,"iontophoresis (10 min, 7secOn/Off)"
SW180425-04A,mouse,NCBI:txid10090,NA,Tracer Injected,retrograde,failed,University of Southern California,Hongwei Dong,U01MH114829-01,U01 Dong,BIL,https://download.brainimagelibrary.org/e8/20/e820c8267a0cbedb/2018Q4_U01/SW180425-04A/,NA,NA,NA,NA,NA,,1 CTB 647,"iontophoresis (10 min, 7secOn/Off)"
SW180425-04A,mouse,NCBI:txid10090,NA,Tracer Injected,retrograde,MOp-ul,University of Southern California,Hongwei Dong,U01MH114829-01,U01 Dong,BIL,https://download.brainimagelibrary.org/e8/20/e820c8267a0cbedb/2018Q4_U01/SW180425-04A/,NA,NA,NA,1.545,1.5,-1.65,2 CTB 555,pressure (50nl)
SW180425-04A,mouse,NCBI:txid10090,NA,Tracer Injected,retrograde,SSp-bfd,University of Southern California,Hongwei Dong,U01MH114829-01,U01 Dong,BIL,https://download.brainimagelibrary.org/e8/20/e820c8267a0cbedb/2018Q4_U01/SW180425-04A/,NA,NA,NA,-1.255,3.25,-2.1,3 CTB 488,pressure (50nl)
SW180425-04A,mouse,NCBI:txid10090,NA,Tracer Injected,retrograde,SSp-bfd/SSs,University of Southern California,Hongwei Dong,U01MH114829-01,U01 Dong,BIL,https://download.brainimagelibrary.org/e8/20/e820c8267a0cbedb/2018Q4_U01/SW180425-04A/,NA,NA,NA,-1.555,3.85,-2.5,4 FG,"iontophoresis (10 min, 7secOn/Off)"
SW180427-01A,mouse,NCBI:txid10090,NA,Tracer Injected,retrograde,AUDv,University of Southern California,Hongwei Dong,U01MH114829-01,U01 Dong,BIL,https://download.brainimagelibrary.org/e8/20/e820c8267a0cbedb/2018Q4_U01/SW180427-01A/,NA,NA,NA,-2.48,4.6,-2.85,1 CTB 647,"iontophoresis (10 min, 7secOn/Off)"
SW180427-01A,mouse,NCBI:txid10090,NA,Tracer Injected,retrograde,ACB,University of Southern California,Hongwei Dong,U01MH114829-01,U01 Dong,BIL,https://download.brainimagelibrary.org/e8/20/e820c8267a0cbedb/2018Q4_U01/SW180427-01A/,NA,NA,NA,1.045,1.1,-5.3,2 FG,"iontophoresis (5 min, 7secOn/Off)"
SW180427-01A,mouse,NCBI:txid10090,NA,Tracer Injected,retrograde,AHNc,University of Southern California,Hongwei Dong,U01MH114829-01,U01 Dong,BIL,https://download.brainimagelibrary.org/e8/20/e820c8267a0cbedb/2018Q4_U01/SW180427-01A/,NA,NA,NA,-0.555,0.35,-6.2,3 CTB 555,pressure (50nl)
SW180427-01A,mouse,NCBI:txid10090,NA,Tracer Injected,retrograde,internuclear_space,University of Southern California,Hongwei Dong,U01MH114829-01,U01 Dong,BIL,https://download.brainimagelibrary.org/e8/20/e820c8267a0cbedb/2018Q4_U01/SW180427-01A/,NA,NA,NA,-0.755,0.2,-6,4 CTB 488,pressure (50nl)
SW180430-03A,mouse,NCBI:txid10090,NA,Tracer Injected,retrograde,failed,University of Southern California,Hongwei Dong,U01MH114829-01,U01 Dong,BIL,https://download.brainimagelibrary.org/e8/20/e820c8267a0cbedb/2018Q4_U01/SW180430-03A/,NA,NA,NA,NA,NA,,1 CTB 647,"iontophoresis (10 min, 7secOn/Off)"
SW180430-03A,mouse,NCBI:txid10090,NA,Tracer Injected,retrograde,OT_lateral,University of Southern California,Hongwei Dong,U01MH114829-01,U01 Dong,BIL,https://download.brainimagelibrary.org/e8/20/e820c8267a0cbedb/2018Q4_U01/SW180430-03A/,NA,NA,NA,1.245,2,-6.65,2 FG,"iontophoresis (5 min, 7secOn/Off)"
SW180430-03A,mouse,NCBI:txid10090,NA,Tracer Injected,retrograde,Sl,University of Southern California,Hongwei Dong,U01MH114829-01,U01 Dong,BIL,https://download.brainimagelibrary.org/e8/20/e820c8267a0cbedb/2018Q4_U01/SW180430-03A/,NA,NA,NA,0.145,1.4,-6,3 CTB 555,pressure (50nl)
SW180430-03A,mouse,NCBI:txid10090,NA,Tracer Injected,retrograde,SI,University of Southern California,Hongwei Dong,U01MH114829-01,U01 Dong,BIL,https://download.brainimagelibrary.org/e8/20/e820c8267a0cbedb/2018Q4_U01/SW180430-03A/,NA,NA,NA,0.145,2.5,-6,4 CTB 488,pressure (50nl)
SW180503-02A,mouse,NCBI:txid10090,C57Bl6,Tracer Injected,retrograde,MOs,University of Southern California,Hongwei Dong,U01MH114829-01,U01 Dong,BIL,https://download.brainimagelibrary.org/82/e9/82e9592c90c456ef/1U01MH114829-01/SW180503-02A/,NA,NA,NA,2.745,1.6,-1.9,1 CTB 647,"iontophoresis (10 min, 7secOn/Off)"
SW180503-02A,mouse,NCBI:txid10090,C57Bl6,Tracer Injected,retrograde,MOs,University of Southern California,Hongwei Dong,U01MH114829-01,U01 Dong,BIL,https://download.brainimagelibrary.org/82/e9/82e9592c90c456ef/1U01MH114829-01/SW180503-02A/,NA,NA,NA,2.045,1.1,-1.65,2 CTB 555,pressure (50nl)
SW180503-02A,mouse,NCBI:txid10090,C57Bl6,Tracer Injected,retrograde,SSp-bfd,University of Southern California,Hongwei Dong,U01MH114829-01,U01 Dong,BIL,https://download.brainimagelibrary.org/82/e9/82e9592c90c456ef/1U01MH114829-01/SW180503-02A/,NA,NA,NA,-1.255,3.5,-2.3,4 FG,"iontophoresis (10 min, 7secOn/Off)"
SW180511-01A,mouse,NCBI:txid10090,NA,Tracer Injected,retrograde,MOs,University of Southern California,Hongwei Dong,U01MH114829-01,U01 Dong,BIL,https://download.brainimagelibrary.org/e8/20/e820c8267a0cbedb/2018Q4_U01/SW180511-01A/,NA,NA,NA,2.345,1.65,-1.75,1 CTB 647 ,"iontophoresis (10 min, 7secOn/Off)"
SW180511-01A,mouse,NCBI:txid10090,NA,Tracer Injected,retrograde,MOs/MOp,University of Southern California,Hongwei Dong,U01MH114829-01,U01 Dong,BIL,https://download.brainimagelibrary.org/e8/20/e820c8267a0cbedb/2018Q4_U01/SW180511-01A/,NA,NA,NA,1.745,1.35,-1.6,2. AAVretro-hSyn-Cre-WPRE,"iontophoresis (5 min, 7secOn/Off)"
SW180511-01A,mouse,NCBI:txid10090,NA,Tracer Injected,retrograde,failed,University of Southern California,Hongwei Dong,U01MH114829-01,U01 Dong,BIL,https://download.brainimagelibrary.org/e8/20/e820c8267a0cbedb/2018Q4_U01/SW180511-01A/,NA,NA,NA,NA,NA,,3. AAVretro-hSyn-Cre-WPRE,"iontophoresis (3 min, 7secOn/Off)"
SW180511-01A,mouse,NCBI:txid10090,NA,Tracer Injected,retrograde,SSp-bfd,University of Southern California,Hongwei Dong,U01MH114829-01,U01 Dong,BIL,https://download.brainimagelibrary.org/e8/20/e820c8267a0cbedb/2018Q4_U01/SW180511-01A/,NA,NA,NA,-0.88,3.2,-2.25,4. FG ,"iontophoresis (5 min, 7secOn/Off)"
SW180511-02A,mouse,NCBI:txid10090,NA,Tracer Injected,retrograde,MOs/MOp,University of Southern California,Hongwei Dong,U01MH114829-01,U01 Dong,BIL,https://download.brainimagelibrary.org/e8/20/e820c8267a0cbedb/2018Q4_U01/SW180511-02A/,NA,NA,NA,2.145,1.55,-1.55,1. AAVretro-hSyn-Cre-WPRE,"iontophoresis (5 min, 7secOn/Off)"
SW180511-02A,mouse,NCBI:txid10090,NA,Tracer Injected,retrograde,MOs/MOp,University of Southern California,Hongwei Dong,U01MH114829-01,U01 Dong,BIL,https://download.brainimagelibrary.org/e8/20/e820c8267a0cbedb/2018Q4_U01/SW180511-02A/,NA,NA,NA,1.745,1.3,-1.5,2. AAVretro-hSyn-Cre-WPRE,"iontophoresis (5 min, 7secOn/Off)"
SW180511-02A,mouse,NCBI:txid10090,NA,Tracer Injected,retrograde,SSp-ul,University of Southern California,Hongwei Dong,U01MH114829-01,U01 Dong,BIL,https://download.brainimagelibrary.org/e8/20/e820c8267a0cbedb/2018Q4_U01/SW180511-02A/,NA,NA,NA,-0.48,2.25,-2,3.AAVretro-hSyn-Cre-WPRE,"iontophoresis (5 min, 7secOn/Off)"
SW180511-02A,mouse,NCBI:txid10090,NA,Tracer Injected,retrograde,SSp-bfd,University of Southern California,Hongwei Dong,U01MH114829-01,U01 Dong,BIL,https://download.brainimagelibrary.org/e8/20/e820c8267a0cbedb/2018Q4_U01/SW180511-02A/,NA,NA,NA,-0.655,3.25,-2.5,4. FG ,"iontophoresis (5 min, 7secOn/Off)"
SW180514-01A,mouse,NCBI:txid10090,NA,Tracer Injected,retrograde,ACB,University of Southern California,Hongwei Dong,U01MH114829-01,U01 Dong,BIL,https://download.brainimagelibrary.org/e8/20/e820c8267a0cbedb/2018Q4_U01/SW180514-01A/,NA,NA,NA,1.045,0.6,-5.25,1 CTB 647,"iontophoresis (10 min, 7secOn/Off)"
SW180514-01A,mouse,NCBI:txid10090,NA,Tracer Injected,retrograde,CP/CLA,University of Southern California,Hongwei Dong,U01MH114829-01,U01 Dong,BIL,https://download.brainimagelibrary.org/e8/20/e820c8267a0cbedb/2018Q4_U01/SW180514-01A/,NA,NA,NA,1.42,2.1,-3.65,2 FG,"iontophoresis (5 min, 7secOn/Off)"
SW180514-01A,mouse,NCBI:txid10090,NA,Tracer Injected,retrograde,CP_rostral,University of Southern California,Hongwei Dong,U01MH114829-01,U01 Dong,BIL,https://download.brainimagelibrary.org/e8/20/e820c8267a0cbedb/2018Q4_U01/SW180514-01A/,NA,NA,NA,1.245,1.2,-3.3,3 CTB 555,pressure (50nl)
SW180514-01A,mouse,NCBI:txid10090,NA,Tracer Injected,retrograde,ACAv,University of Southern California,Hongwei Dong,U01MH114829-01,U01 Dong,BIL,https://download.brainimagelibrary.org/e8/20/e820c8267a0cbedb/2018Q4_U01/SW180514-01A/,NA,NA,NA,1.245,1,-1.8,4 CTB 488,pressure (50nl)
SW180514-02A,mouse,NCBI:txid10090,NA,Tracer Injected,retrograde,failed,University of Southern California,Hongwei Dong,U01MH114829-01,U01 Dong,BIL,https://download.brainimagelibrary.org/e8/20/e820c8267a0cbedb/2018Q4_U01/SW180514-02A/,NA,NA,NA,NA,NA,,1 CTB 647,"iontophoresis (10 min, 7secOn/Off)"
SW180514-02A,mouse,NCBI:txid10090,NA,Tracer Injected,retrograde,CLA,University of Southern California,Hongwei Dong,U01MH114829-01,U01 Dong,BIL,https://download.brainimagelibrary.org/e8/20/e820c8267a0cbedb/2018Q4_U01/SW180514-02A/,NA,NA,NA,1.645,2,-3.3,2 FG,"iontophoresis (5 min, 7secOn/Off)"
SW180514-02A,mouse,NCBI:txid10090,NA,Tracer Injected,retrograde,CP,University of Southern California,Hongwei Dong,U01MH114829-01,U01 Dong,BIL,https://download.brainimagelibrary.org/e8/20/e820c8267a0cbedb/2018Q4_U01/SW180514-02A/,NA,NA,NA,1.245,1.2,-3.4,3 CTB 555,pressure (50nl)
SW180514-02A,mouse,NCBI:txid10090,NA,Tracer Injected,retrograde,PL,University of Southern California,Hongwei Dong,U01MH114829-01,U01 Dong,BIL,https://download.brainimagelibrary.org/e8/20/e820c8267a0cbedb/2018Q4_U01/SW180514-02A/,NA,NA,NA,1.42,0.875,-2,4 CTB 488,pressure (50nl)
SW180514-03A,mouse,NCBI:txid10090,NA,Tracer Injected,retrograde,CLA,University of Southern California,Hongwei Dong,U01MH114829-01,U01 Dong,BIL,https://download.brainimagelibrary.org/e8/20/e820c8267a0cbedb/2018Q4_U01/SW180514-03A/,NA,NA,NA,1.045,2.65,-4.2,1 CTB 647,"iontophoresis (10 min, 7secOn/Off)"
SW180514-03A,mouse,NCBI:txid10090,NA,Tracer Injected,retrograde,CP,University of Southern California,Hongwei Dong,U01MH114829-01,U01 Dong,BIL,https://download.brainimagelibrary.org/e8/20/e820c8267a0cbedb/2018Q4_U01/SW180514-03A/,NA,NA,NA,0.145,1.5,-3,2 FG,"iontophoresis (5 min, 7secOn/Off)"
SW180514-03A,mouse,NCBI:txid10090,NA,Tracer Injected,retrograde,SMT,University of Southern California,Hongwei Dong,U01MH114829-01,U01 Dong,BIL,https://download.brainimagelibrary.org/e8/20/e820c8267a0cbedb/2018Q4_U01/SW180514-03A/,NA,NA,NA,-1.155,0.5,-4.5,3 CTB 555,pressure (50nl)
SW180514-03A,mouse,NCBI:txid10090,NA,Tracer Injected,retrograde,CM,University of Southern California,Hongwei Dong,U01MH114829-01,U01 Dong,BIL,https://download.brainimagelibrary.org/e8/20/e820c8267a0cbedb/2018Q4_U01/SW180514-03A/,NA,NA,NA,-1.155,0.3,-4,4 CTB 488,pressure (50nl)
SW180514-04B,mouse,NCBI:txid10090,NA,Tracer Injected,retrograde,CLA,University of Southern California,Hongwei Dong,U01MH114829-01,U01 Dong,BIL,https://download.brainimagelibrary.org/e8/20/e820c8267a0cbedb/2018Q4_U01/SW180514-04B/,NA,NA,NA,1.245,2.6,-4,1 CTB 647,"iontophoresis (10 min, 7secOn/Off)"
SW180514-04B,mouse,NCBI:txid10090,NA,Tracer Injected,retrograde,CP,University of Southern California,Hongwei Dong,U01MH114829-01,U01 Dong,BIL,https://download.brainimagelibrary.org/e8/20/e820c8267a0cbedb/2018Q4_U01/SW180514-04B/,NA,NA,NA,0.145,1.5,-2.8,2 FG,"iontophoresis (5 min, 7secOn/Off)"
SW180514-04B,mouse,NCBI:txid10090,NA,Tracer Injected,retrograde,RE,University of Southern California,Hongwei Dong,U01MH114829-01,U01 Dong,BIL,https://download.brainimagelibrary.org/e8/20/e820c8267a0cbedb/2018Q4_U01/SW180514-04B/,NA,NA,NA,-0.655,0.6,-4.55,3 CTB 555,pressure (50nl)
SW180514-04B,mouse,NCBI:txid10090,NA,Tracer Injected,retrograde,IAM/AM,University of Southern California,Hongwei Dong,U01MH114829-01,U01 Dong,BIL,https://download.brainimagelibrary.org/e8/20/e820c8267a0cbedb/2018Q4_U01/SW180514-04B/,NA,NA,NA,-0.955,0.3,-4,4 CTB 488,pressure (50nl)
SW180516-02A,mouse,NCBI:txid10090,NA,Tracer Injected,anterograde,MOp/MOs,University of Southern California,Hongwei Dong,U19MH114821-01,U19 Huang,BIL,https://download.brainimagelibrary.org/f1/6e/f16e93e3ff05538e/2018Q4_U19CSHL/SW180516-02A/,NA,NA,NA,2.045,0.65,-1.6,1. PHAL,"iontophoresis (10 min, 7secOn/Off)"
SW180516-02A,mouse,NCBI:txid10090,NA,Tracer Injected,anterograde,MOp,University of Southern California,Hongwei Dong,U19MH114821-01,U19 Huang,BIL,https://download.brainimagelibrary.org/f1/6e/f16e93e3ff05538e/2018Q4_U19CSHL/SW180516-02A/,NA,NA,NA,1.42,1.75,-1.75,2. AAV1-CAG-tdTomato-WPRE,"iontophoresis (3 min, 7secOn/Off)"
SW180516-02A,mouse,NCBI:txid10090,NA,Tracer Injected,anterograde,MOp,University of Southern California,Hongwei Dong,U19MH114821-01,U19 Huang,BIL,https://download.brainimagelibrary.org/f1/6e/f16e93e3ff05538e/2018Q4_U19CSHL/SW180516-02A/,NA,NA,NA,0.245,1.4,-1.5,3. AAV1-hSyn-GFP-WPRE,"iontophoresis (5 min, 7secOn/Off)"
SW180517-03A,mouse,NCBI:txid10090,C57Bl6,Tracer Injected,retrograde,SSp-ul,University of Southern California,Hongwei Dong,U01MH114829-01,U01 Dong,BIL,https://download.brainimagelibrary.org/82/e9/82e9592c90c456ef/1U01MH114829-01/SW180517-03A/,NA,NA,NA,-0.755,2.2,-1,1 CTB 647,"iontophoresis (10 min, 7secOn/Off)"
SW180517-03A,mouse,NCBI:txid10090,C57Bl6,Tracer Injected,retrograde,SSp-ul,University of Southern California,Hongwei Dong,U01MH114829-01,U01 Dong,BIL,https://download.brainimagelibrary.org/82/e9/82e9592c90c456ef/1U01MH114829-01/SW180517-03A/,NA,NA,NA,-0.555,-2.3,-1.9,2 CTB 555,pressure (50nl)
SW180517-03A,mouse,NCBI:txid10090,C57Bl6,Tracer Injected,retrograde,SSp-bfd,University of Southern California,Hongwei Dong,U01MH114829-01,U01 Dong,BIL,https://download.brainimagelibrary.org/82/e9/82e9592c90c456ef/1U01MH114829-01/SW180517-03A/,NA,NA,NA,-0.755,3.1,-2.1,3.AAVretro-hSyn-Cre-WPRE,"iontophoresis (5 min, 7secOn/Off)"
SW180517-03A,mouse,NCBI:txid10090,C57Bl6,Tracer Injected,retrograde,CP,University of Southern California,Hongwei Dong,U01MH114829-01,U01 Dong,BIL,https://download.brainimagelibrary.org/82/e9/82e9592c90c456ef/1U01MH114829-01/SW180517-03A/,NA,NA,NA,-0.755,-2.97,-2.35,4 FG,"iontophoresis (10 min, 7secOn/Off)"
SW180517-04A,mouse,NCBI:txid10090,C57Bl6,Tracer Injected,retrograde,SSp-ul,University of Southern California,Hongwei Dong,U01MH114829-01,U01 Dong,BIL,https://download.brainimagelibrary.org/11/5b/115bda6eacd6507c/1U01MH114829-01/SW180517-04A,NA,NA,NA,-0.555,2.175,-1.65,1 CTB 647,"iontophoresis (10 min, 7secOn/Off)"
SW180517-04A,mouse,NCBI:txid10090,C57Bl6,Tracer Injected,retrograde,SSp-ll,University of Southern California,Hongwei Dong,U01MH114829-01,U01 Dong,BIL,https://download.brainimagelibrary.org/11/5b/115bda6eacd6507c/1U01MH114829-01/SW180517-04A,NA,NA,NA,-0.48,2,-2.25,2 CTB 555,pressure (50nl)
SW180517-04A,mouse,NCBI:txid10090,C57Bl6,Tracer Injected,retrograde,SSp-ul,University of Southern California,Hongwei Dong,U01MH114829-01,U01 Dong,BIL,https://download.brainimagelibrary.org/11/5b/115bda6eacd6507c/1U01MH114829-01/SW180517-04A,NA,NA,NA,-0.38,2.9,-2.2,3 AAVretro-hSyn-Cre-WPRE,"iontophoresis (5 min, 7secOn/Off)"
SW180517-04A,mouse,NCBI:txid10090,C57Bl6,Tracer Injected,retrograde,SSp-bfd,University of Southern California,Hongwei Dong,U01MH114829-01,U01 Dong,BIL,https://download.brainimagelibrary.org/11/5b/115bda6eacd6507c/1U01MH114829-01/SW180517-04A,NA,NA,NA,-0.48,3.1,-2.25,4 FG,"iontophoresis (10 min, 7secOn/Off)"
SW180518-01A,mouse,NCBI:txid10090,NA,Tracer Injected,retrograde,SSp_ul,University of Southern California,Hongwei Dong,U01MH114829-01,U01 Dong,BIL,https://download.brainimagelibrary.org/e8/20/e820c8267a0cbedb/2018Q4_U01/SW180518-01A/,NA,NA,NA,-0.655,2.1,-1.7,1. AAVretro-hSyn-Cre-WPRE,"iontophoresis (5 min, 7secOn/Off)"
SW180518-01A,mouse,NCBI:txid10090,NA,Tracer Injected,retrograde,SSp_ll,University of Southern California,Hongwei Dong,U01MH114829-01,U01 Dong,BIL,https://download.brainimagelibrary.org/e8/20/e820c8267a0cbedb/2018Q4_U01/SW180518-01A/,NA,NA,NA,-0.18,-2.1,-1.6,2. FG ,"iontophoresis (5 min, 7secOn/Off)"
SW180518-01A,mouse,NCBI:txid10090,NA,Tracer Injected,retrograde,MOs,University of Southern California,Hongwei Dong,U01MH114829-01,U01 Dong,BIL,https://download.brainimagelibrary.org/e8/20/e820c8267a0cbedb/2018Q4_U01/SW180518-01A/,NA,NA,NA,2.245,1.75,-1.8,3. CTB 647,"iontophoresis (10 min, 7secOn/Off)"
SW180518-01A,mouse,NCBI:txid10090,NA,Tracer Injected,retrograde,MOs,University of Southern California,Hongwei Dong,U01MH114829-01,U01 Dong,BIL,https://download.brainimagelibrary.org/e8/20/e820c8267a0cbedb/2018Q4_U01/SW180518-01A/,NA,NA,NA,2.245,-1.9,-1.9,4.CTB 555,pressure (50nl)
SW180518-02A,mouse,NCBI:txid10090,NA,Tracer Injected,retrograde,SSp-ul,University of Southern California,Hongwei Dong,U01MH114829-01,U01 Dong,BIL,https://download.brainimagelibrary.org/e8/20/e820c8267a0cbedb/2018Q4_U01/SW180518-02A/,NA,NA,NA,-0.38,2.2,-1.75,1. AAVretro-hSyn-Cre-WPRE,"iontophoresis (5 min, 7secOn/Off)"
SW180518-02A,mouse,NCBI:txid10090,NA,Tracer Injected,retrograde,SSp-ll,University of Southern California,Hongwei Dong,U01MH114829-01,U01 Dong,BIL,https://download.brainimagelibrary.org/e8/20/e820c8267a0cbedb/2018Q4_U01/SW180518-02A/,NA,NA,NA,-0.18,-1.9,-1.7,2. FG ,"iontophoresis (5 min, 7secOn/Off)"
SW180518-02A,mouse,NCBI:txid10090,NA,Tracer Injected,retrograde,MOp,University of Southern California,Hongwei Dong,U01MH114829-01,U01 Dong,BIL,https://download.brainimagelibrary.org/e8/20/e820c8267a0cbedb/2018Q4_U01/SW180518-02A/,NA,NA,NA,2.245,1.7,-1.8,3. CTB 647,"iontophoresis (10 min, 7secOn/Off)"
SW180518-02A,mouse,NCBI:txid10090,NA,Tracer Injected,retrograde,MOs,University of Southern California,Hongwei Dong,U01MH114829-01,U01 Dong,BIL,https://download.brainimagelibrary.org/e8/20/e820c8267a0cbedb/2018Q4_U01/SW180518-02A/,NA,NA,NA,2.545,-1.8,-1.9,4.CTB 555,pressure (50nl)
SW180524-01A,mouse,NCBI:txid10090,NA,Tracer Injected,retrograde,MDm/PVT,University of Southern California,Hongwei Dong,U01MH114829-01,U01 Dong,BIL,https://download.brainimagelibrary.org/e8/20/e820c8267a0cbedb/2018Q4_U01/SW180524-01A/,NA,NA,NA,-0.955,0.3,-3.2,1 CTB 647,"iontophoresis (10 min, 7secOn/Off)"
SW180524-01A,mouse,NCBI:txid10090,NA,Tracer Injected,retrograde,PF,University of Southern California,Hongwei Dong,U01MH114829-01,U01 Dong,BIL,https://download.brainimagelibrary.org/e8/20/e820c8267a0cbedb/2018Q4_U01/SW180524-01A/,NA,NA,NA,-2.055,0.45,-3.5,2 FG,"iontophoresis (5 min, 7secOn/Off)"
SW180524-01A,mouse,NCBI:txid10090,NA,Tracer Injected,retrograde,LHA,University of Southern California,Hongwei Dong,U01MH114829-01,U01 Dong,BIL,https://download.brainimagelibrary.org/e8/20/e820c8267a0cbedb/2018Q4_U01/SW180524-01A/,NA,NA,NA,-2.255,0.7,-5.4,3 CTB 555,pressure (50nl)
SW180524-01A,mouse,NCBI:txid10090,NA,Tracer Injected,retrograde,PTLp,University of Southern California,Hongwei Dong,U01MH114829-01,U01 Dong,BIL,https://download.brainimagelibrary.org/e8/20/e820c8267a0cbedb/2018Q4_U01/SW180524-01A/,NA,NA,NA,-2.055,1.3,-0.7,4 Rabies-OLLAS,pressure (50nl)
SW180524-01A,mouse,NCBI:txid10090,NA,Tracer Injected,retrograde,VISam,University of Southern California,Hongwei Dong,U01MH114829-01,U01 Dong,BIL,https://download.brainimagelibrary.org/e8/20/e820c8267a0cbedb/2018Q4_U01/SW180524-01A/,NA,NA,NA,-2.98,1.4,-0.375,5 Rabies-HA,pressure (50nl)
SW180524-01A,mouse,NCBI:txid10090,NA,Tracer Injected,retrograde,PAG,University of Southern California,Hongwei Dong,U01MH114829-01,U01 Dong,BIL,https://download.brainimagelibrary.org/e8/20/e820c8267a0cbedb/2018Q4_U01/SW180524-01A/,NA,NA,NA,-4.855,0.4,-3.1,6 Rabies-V5,pressure (50nl)
SW180611-01A,mouse,NCBI:txid10090,C57Bl6,Tracer Injected,retrograde,CPi,University of Southern California,Hongwei Dong,U01MH114829-01,U01 Dong,BIL,https://download.brainimagelibrary.org/11/5b/115bda6eacd6507c/1U01MH114829-01/SW180611-01A,NA,NA,NA,0.145,1.5,-4.25,1. Rabie GFP,pressure (50nl)
SW180612-01A,mouse,NCBI:txid10090,NA,Tracer Injected,retrograde,ORBvl,University of Southern California,Hongwei Dong,U01MH114829-01,U01 Dong,BIL,https://download.brainimagelibrary.org/e8/20/e820c8267a0cbedb/2018Q4_U01/SW180612-01A/,NA,NA,NA,2.445,-1,-3.1,1 CTB 647,"iontophoresis (10 min, 7secOn/Off)"
SW180612-01A,mouse,NCBI:txid10090,NA,Tracer Injected,retrograde,PTLp,University of Southern California,Hongwei Dong,U01MH114829-01,U01 Dong,BIL,https://download.brainimagelibrary.org/e8/20/e820c8267a0cbedb/2018Q4_U01/SW180612-01A/,NA,NA,NA,-2.055,1.2,-0.8,2 FG,"iontophoresis (5 min, 7secOn/Off)"
SW180612-01A,mouse,NCBI:txid10090,NA,Tracer Injected,retrograde,VISam,University of Southern California,Hongwei Dong,U01MH114829-01,U01 Dong,BIL,https://download.brainimagelibrary.org/e8/20/e820c8267a0cbedb/2018Q4_U01/SW180612-01A/,NA,NA,NA,-3.18,1.6,-0.6,3 CTB 555,pressure (50nl)
SW180612-01A,mouse,NCBI:txid10090,NA,Tracer Injected,retrograde,CAlslm,University of Southern California,Hongwei Dong,U01MH114829-01,U01 Dong,BIL,https://download.brainimagelibrary.org/e8/20/e820c8267a0cbedb/2018Q4_U01/SW180612-01A/,NA,NA,NA,-2.155,0.6,-2.2,4 CTB 488,pressure (50nl)
SW180612-02A,mouse,NCBI:txid10090,C57Bl6,Tracer Injected,retrograde,ORB,University of Southern California,Hongwei Dong,U01MH114829-01,U01 Dong,BIL,https://download.brainimagelibrary.org/11/5b/115bda6eacd6507c/1U01MH114829-01/SW180612-02A,NA,NA,NA,2.445,-1.25,-3,1 CTB 647,"iontophoresis (10 min, 7secOn/Off)"
SW180612-02A,mouse,NCBI:txid10090,C57Bl6,Tracer Injected,retrograde,PTLp,University of Southern California,Hongwei Dong,U01MH114829-01,U01 Dong,BIL,https://download.brainimagelibrary.org/11/5b/115bda6eacd6507c/1U01MH114829-01/SW180612-02A,NA,NA,NA,-2.055,1.25,-0.75,2 FG,"iontophoresis (5 min, 7secOn/Off)"
SW180612-02A,mouse,NCBI:txid10090,C57Bl6,Tracer Injected,retrograde,VISam,University of Southern California,Hongwei Dong,U01MH114829-01,U01 Dong,BIL,https://download.brainimagelibrary.org/11/5b/115bda6eacd6507c/1U01MH114829-01/SW180612-02A,NA,NA,NA,-3.28,1.5,-0.7,3 CTB 555,pressure (50nl)
SW180612-02A,mouse,NCBI:txid10090,C57Bl6,Tracer Injected,retrograde,LH,University of Southern California,Hongwei Dong,U01MH114829-01,U01 Dong,BIL,https://download.brainimagelibrary.org/11/5b/115bda6eacd6507c/1U01MH114829-01/SW180612-02A,NA,NA,NA,-2.055,0.7,-2.7,4 CTB 488,pressure (50nl)
SW180621-02A,mouse,NCBI:txid10090,C57Bl6,Tracer Injected,retrograde,MOp,University of Southern California,Hongwei Dong,U01MH114829-01,U01 Dong,BIL,https://download.brainimagelibrary.org/11/5b/115bda6eacd6507c/1U01MH114829-01/SW180621-02A,NA,NA,NA,2.345,2.7,-3.4,1 CTB 647,"iontophoresis (10 min, 7secOn/Off)"
SW180621-02A,mouse,NCBI:txid10090,C57Bl6,Tracer Injected,retrograde,failed,University of Southern California,Hongwei Dong,U01MH114829-01,U01 Dong,BIL,https://download.brainimagelibrary.org/11/5b/115bda6eacd6507c/1U01MH114829-01/SW180621-02A,NA,NA,NA,NA,NA,,2 FG,"iontophoresis (5 min, 7secOn/Off)"
SW180621-02A,mouse,NCBI:txid10090,C57Bl6,Tracer Injected,retrograde,CP/GPe,University of Southern California,Hongwei Dong,U01MH114829-01,U01 Dong,BIL,https://download.brainimagelibrary.org/11/5b/115bda6eacd6507c/1U01MH114829-01/SW180621-02A,NA,NA,NA,-0.38,1.5,-3.65,3 CTB 555,pressure (50nl)
SW180621-02A,mouse,NCBI:txid10090,C57Bl6,Tracer Injected,retrograde,PVT/MDm,University of Southern California,Hongwei Dong,U01MH114829-01,U01 Dong,BIL,https://download.brainimagelibrary.org/11/5b/115bda6eacd6507c/1U01MH114829-01/SW180621-02A,NA,NA,NA,-0.955,0.25,-3.25,4 CTB 488,pressure (50nl)
SW180621-03A,mouse,NCBI:txid10090,C57Bl6,Tracer Injected,retrograde,ACAd/MOs,University of Southern California,Hongwei Dong,U01MH114829-01,U01 Dong,BIL,https://download.brainimagelibrary.org/11/5b/115bda6eacd6507c/1U01MH114829-01/SW180621-03A,NA,NA,NA,1.645,0.8,-1.75,1 CTB 647,"iontophoresis (10 min, 7secOn/Off)"
SW180621-03A,mouse,NCBI:txid10090,C57Bl6,Tracer Injected,retrograde,LPO,University of Southern California,Hongwei Dong,U01MH114829-01,U01 Dong,BIL,https://download.brainimagelibrary.org/11/5b/115bda6eacd6507c/1U01MH114829-01/SW180621-03A,NA,NA,NA,0.62,0.45,-5.1,2 FG,"iontophoresis (5 min, 7secOn/Off)"
SW180621-03A,mouse,NCBI:txid10090,C57Bl6,Tracer Injected,retrograde,ACAd,University of Southern California,Hongwei Dong,U01MH114829-01,U01 Dong,BIL,https://download.brainimagelibrary.org/11/5b/115bda6eacd6507c/1U01MH114829-01/SW180621-03A,NA,NA,NA,1.045,0.2,-1.25,3 CTB 555,pressure (50nl)
SW180621-03A,mouse,NCBI:txid10090,C57Bl6,Tracer Injected,retrograde,CM/IAM/RH,University of Southern California,Hongwei Dong,U01MH114829-01,U01 Dong,BIL,https://download.brainimagelibrary.org/11/5b/115bda6eacd6507c/1U01MH114829-01/SW180621-03A,NA,NA,NA,-0.655,0.25,-4.25,4 CTB 488,pressure (50nl)
SW180627-02A,mouse,NCBI:txid10090,NA,Tracer Injected,retrograde,IAD/PT,University of Southern California,Hongwei Dong,U01MH114829-01,U01 Dong,BIL,https://download.brainimagelibrary.org/e8/20/e820c8267a0cbedb/2018Q4_U01/SW180627-02A/,NA,NA,NA,-0.555,0.4,-4.8,1 CTB 647,"iontophoresis (10 min, 7secOn/Off)"
SW180627-02A,mouse,NCBI:txid10090,NA,Tracer Injected,retrograde,LHA,University of Southern California,Hongwei Dong,U01MH114829-01,U01 Dong,BIL,https://download.brainimagelibrary.org/e8/20/e820c8267a0cbedb/2018Q4_U01/SW180627-02A/,NA,NA,NA,-2.055,1.25,-5.65,2 FG,"iontophoresis (5 min, 7secOn/Off)"
SW180627-02A,mouse,NCBI:txid10090,NA,Tracer Injected,retrograde,AId,University of Southern California,Hongwei Dong,U01MH114829-01,U01 Dong,BIL,https://download.brainimagelibrary.org/e8/20/e820c8267a0cbedb/2018Q4_U01/SW180627-02A/,NA,NA,NA,1.945,2.75,-3.7,3 CTB 555,pressure (50nl)
SW180627-02A,mouse,NCBI:txid10090,NA,Tracer Injected,retrograde,ACB/LSR,University of Southern California,Hongwei Dong,U01MH114829-01,U01 Dong,BIL,https://download.brainimagelibrary.org/e8/20/e820c8267a0cbedb/2018Q4_U01/SW180627-02A/,NA,NA,NA,1.645,0.75,-4.15,4 CTB 488,pressure (50nl)
SW180709-02A,mouse,NCBI:txid10090,C57Bl6,Tracer Injected,retrograde,ILA,University of Southern California,Hongwei Dong,U01MH114829-01,U01 Dong,BIL,https://download.brainimagelibrary.org/11/5b/115bda6eacd6507c/1U01MH114829-01/SW180709-02A,NA,NA,NA,1.945,0.4,-3.5,1. CTB 488,pressure (50nl)
SW180709-02A,mouse,NCBI:txid10090,C57Bl6,Tracer Injected,retrograde,PL,University of Southern California,Hongwei Dong,U01MH114829-01,U01 Dong,BIL,https://download.brainimagelibrary.org/11/5b/115bda6eacd6507c/1U01MH114829-01/SW180709-02A,NA,NA,NA,1.945,0.25,-1.5,2. CTB 488,pressure (50nl)
SW180709-02A,mouse,NCBI:txid10090,C57Bl6,Tracer Injected,retrograde,ORBm,University of Southern California,Hongwei Dong,U01MH114829-01,U01 Dong,BIL,https://download.brainimagelibrary.org/11/5b/115bda6eacd6507c/1U01MH114829-01/SW180709-02A,NA,NA,NA,2.145,0.3,-2.75,3. CTB 488,pressure (50nl)
SW180716-01A,mouse,NCBI:txid10090,NA,Tracer Injected,retrograde,TTd,University of Southern California,Hongwei Dong,U01MH114829-01,U01 Dong,BIL,https://download.brainimagelibrary.org/e8/20/e820c8267a0cbedb/2018Q4_U01/SW180716-01A/,NA,NA,NA,1.42,0.4,-3.6,1 CTB 647,"iontophoresis (10 min, 7secOn/Off)"
SW180716-01A,mouse,NCBI:txid10090,NA,Tracer Injected,retrograde,LSr,University of Southern California,Hongwei Dong,U01MH114829-01,U01 Dong,BIL,https://download.brainimagelibrary.org/e8/20/e820c8267a0cbedb/2018Q4_U01/SW180716-01A/,NA,NA,NA,1.42,0.35,-4.25,2 FG,"iontophoresis (5 min, 7secOn/Off)"
SW180716-01A,mouse,NCBI:txid10090,NA,Tracer Injected,retrograde,NDB,University of Southern California,Hongwei Dong,U01MH114829-01,U01 Dong,BIL,https://download.brainimagelibrary.org/e8/20/e820c8267a0cbedb/2018Q4_U01/SW180716-01A/,NA,NA,NA,0.845,0.4,-5.9,3 CTB 555,pressure (50nl)
SW180716-01A,mouse,NCBI:txid10090,NA,Tracer Injected,retrograde,LPO,University of Southern California,Hongwei Dong,U01MH114829-01,U01 Dong,BIL,https://download.brainimagelibrary.org/e8/20/e820c8267a0cbedb/2018Q4_U01/SW180716-01A/,NA,NA,NA,-0.08,1.3,-6.25,4 AAVretro-hSyn-Cre-WPRE,"iontophoresis (5 min, 7secOn/Off)"
SW180716-02A,mouse,NCBI:txid10090,C57Bl6,Tracer Injected,retrograde,TTd,University of Southern California,Hongwei Dong,U01MH114829-01,U01 Dong,BIL,https://download.brainimagelibrary.org/11/5b/115bda6eacd6507c/1U01MH114829-01/SW180716-02A,NA,NA,NA,1.345,0.2,-3.6,1 CTB 647,"iontophoresis (10 min, 7secOn/Off)"
SW180716-02A,mouse,NCBI:txid10090,C57Bl6,Tracer Injected,retrograde,NDB,University of Southern California,Hongwei Dong,U01MH114829-01,U01 Dong,BIL,https://download.brainimagelibrary.org/11/5b/115bda6eacd6507c/1U01MH114829-01/SW180716-02A,NA,NA,NA,1.145,0.2,-4.9,2 FG,"iontophoresis (5 min, 7secOn/Off)"
SW180716-02A,mouse,NCBI:txid10090,C57Bl6,Tracer Injected,retrograde,NDB,University of Southern California,Hongwei Dong,U01MH114829-01,U01 Dong,BIL,https://download.brainimagelibrary.org/11/5b/115bda6eacd6507c/1U01MH114829-01/SW180716-02A,NA,NA,NA,0.745,0.3,-5.6,3 CTB 555,pressure (50nl)
SW180716-02A,mouse,NCBI:txid10090,C57Bl6,Tracer Injected,retrograde,LPO,University of Southern California,Hongwei Dong,U01MH114829-01,U01 Dong,BIL,https://download.brainimagelibrary.org/11/5b/115bda6eacd6507c/1U01MH114829-01/SW180716-02A,NA,NA,NA,-0.08,1.25,-6.25,4 AAVretro-hSyn-Cre-WPRE,"iontophoresis (5 min, 7secOn/Off)"
SW180716-03A,mouse,NCBI:txid10090,C57Bl6,Tracer Injected,retrograde,RE,University of Southern California,Hongwei Dong,U01MH114829-01,U01 Dong,BIL,https://download.brainimagelibrary.org/11/5b/115bda6eacd6507c/1U01MH114829-01/SW180716-03A,NA,NA,NA,-0.88,0.25,-4.5,1 CTB 647,"iontophoresis (10 min, 7secOn/Off)"
SW180716-03A,mouse,NCBI:txid10090,C57Bl6,Tracer Injected,retrograde,MDm,University of Southern California,Hongwei Dong,U01MH114829-01,U01 Dong,BIL,https://download.brainimagelibrary.org/11/5b/115bda6eacd6507c/1U01MH114829-01/SW180716-03A,NA,NA,NA,-1.255,0.25,-3.35,2 FG,"iontophoresis (5 min, 7secOn/Off)"
SW180716-03A,mouse,NCBI:txid10090,C57Bl6,Tracer Injected,retrograde,SMT,University of Southern California,Hongwei Dong,U01MH114829-01,U01 Dong,BIL,https://download.brainimagelibrary.org/11/5b/115bda6eacd6507c/1U01MH114829-01/SW180716-03A,NA,NA,NA,-1.255,0.4,-4.4,3 CTB 555,pressure (50nl)
SW180716-03A,mouse,NCBI:txid10090,C57Bl6,Tracer Injected,retrograde,failed,University of Southern California,Hongwei Dong,U01MH114829-01,U01 Dong,BIL,https://download.brainimagelibrary.org/11/5b/115bda6eacd6507c/1U01MH114829-01/SW180716-03A,NA,NA,NA,NA,NA,,4 AAVretro-hSyn-Cre-WPRE,"iontophoresis (5 min, 7secOn/Off)"
SW180716-04A,mouse,NCBI:txid10090,C57Bl6,Tracer Injected,retrograde,RE,University of Southern California,Hongwei Dong,U01MH114829-01,U01 Dong,BIL,https://download.brainimagelibrary.org/11/5b/115bda6eacd6507c/1U01MH114829-01/SW180716-04A,NA,NA,NA,-0.755,0.3,-4.8,1 CTB 647,"iontophoresis (10 min, 7secOn/Off)"
SW180716-04A,mouse,NCBI:txid10090,C57Bl6,Tracer Injected,retrograde,MDm,University of Southern California,Hongwei Dong,U01MH114829-01,U01 Dong,BIL,https://download.brainimagelibrary.org/11/5b/115bda6eacd6507c/1U01MH114829-01/SW180716-04A,NA,NA,NA,-0.955,0.35,-3.2,2 FG,"iontophoresis (5 min, 7secOn/Off)"
SW180716-04A,mouse,NCBI:txid10090,C57Bl6,Tracer Injected,retrograde,SMT,University of Southern California,Hongwei Dong,U01MH114829-01,U01 Dong,BIL,https://download.brainimagelibrary.org/11/5b/115bda6eacd6507c/1U01MH114829-01/SW180716-04A,NA,NA,NA,-1.355,0.4,-4.5,3 CTB 555,pressure (50nl)
SW180716-04A,mouse,NCBI:txid10090,C57Bl6,Tracer Injected,retrograde,TTd,University of Southern California,Hongwei Dong,U01MH114829-01,U01 Dong,BIL,https://download.brainimagelibrary.org/11/5b/115bda6eacd6507c/1U01MH114829-01/SW180716-04A,NA,NA,NA,1.345,0.3,-3.4,4 AAVretro-hSyn-Cre-WPRE ,"iontophoresis (5 min, 7secOn/Off)"
SW180723-04A,mouse,NCBI:txid10090,C57Bl6,Tracer Injected,retrograde,CP,University of Southern California,Hongwei Dong,U01MH114829-01,U01 Dong,BIL,https://download.brainimagelibrary.org/82/e9/82e9592c90c456ef/1U01MH114829-01/SW180723-04A/,NA,NA,NA,-0.955,3.6,-4,1 AAVretro-hSyn-Cre-WPRE,"iontophoresis (5 min, 7secOn/Off)"
SW180723-04A,mouse,NCBI:txid10090,C57Bl6,Tracer Injected,retrograde,CP,University of Southern California,Hongwei Dong,U01MH114829-01,U01 Dong,BIL,https://download.brainimagelibrary.org/82/e9/82e9592c90c456ef/1U01MH114829-01/SW180723-04A/,NA,NA,NA,-0.755,3.5,-4.1,2. CTB 647 ,"iontophoresis (10 min, 7secOn/Off)"
SW180723-04A,mouse,NCBI:txid10090,C57Bl6,Tracer Injected,retrograde,failed,University of Southern California,Hongwei Dong,U01MH114829-01,U01 Dong,BIL,https://download.brainimagelibrary.org/82/e9/82e9592c90c456ef/1U01MH114829-01/SW180723-04A/,NA,NA,NA,NA,NA,,3. AAVretro-hSyn-Cre-WPRE,"iontophoresis (5 min, 7secOn/Off)"
SW180723-04A,mouse,NCBI:txid10090,C57Bl6,Tracer Injected,retrograde,CP,University of Southern California,Hongwei Dong,U01MH114829-01,U01 Dong,BIL,https://download.brainimagelibrary.org/82/e9/82e9592c90c456ef/1U01MH114829-01/SW180723-04A/,NA,NA,NA,-0.555,1.8,-2.3,4. FG ,"iontophoresis (5 min, 7secOn/Off)"
SW180725-02A,mouse,NCBI:txid10090,C57Bl6,Tracer Injected,retrograde,LHA,University of Southern California,Hongwei Dong,U01MH114829-01,U01 Dong,BIL,https://download.brainimagelibrary.org/11/5b/115bda6eacd6507c/1U01MH114829-01/SW180725-02A,NA,NA,NA,-1.255,1.7,-5.6,1 CTB 647,"iontophoresis (10 min, 7secOn/Off)"
SW180725-02A,mouse,NCBI:txid10090,C57Bl6,Tracer Injected,retrograde,VM/VAL,University of Southern California,Hongwei Dong,U01MH114829-01,U01 Dong,BIL,https://download.brainimagelibrary.org/11/5b/115bda6eacd6507c/1U01MH114829-01/SW180725-02A,NA,NA,NA,-1.055,0.9,-4.3,2 FG,"iontophoresis (5 min, 7secOn/Off)"
SW180725-02A,mouse,NCBI:txid10090,C57Bl6,Tracer Injected,retrograde,AMv,University of Southern California,Hongwei Dong,U01MH114829-01,U01 Dong,BIL,https://download.brainimagelibrary.org/11/5b/115bda6eacd6507c/1U01MH114829-01/SW180725-02A,NA,NA,NA,-0.48,0.6,-4.3,3 CTB 555,pressure (50nl)
SW180725-02A,mouse,NCBI:txid10090,C57Bl6,Tracer Injected,retrograde,VM,University of Southern California,Hongwei Dong,U01MH114829-01,U01 Dong,BIL,https://download.brainimagelibrary.org/11/5b/115bda6eacd6507c/1U01MH114829-01/SW180725-02A,NA,NA,NA,-2.155,0.6,-4.7,4 AAVretro-hSyn-Cre-WPRE,"iontophoresis (5 min, 7secOn/Off)"
SW180725-03A,mouse,NCBI:txid10090,C57Bl6,Tracer Injected,retrograde,VTA,University of Southern California,Hongwei Dong,U01MH114829-01,U01 Dong,BIL,https://download.brainimagelibrary.org/11/5b/115bda6eacd6507c/1U01MH114829-01/SW180725-03A,NA,NA,NA,-2.48,0.7,-5.1,1 CTB 647,"iontophoresis (10 min, 7secOn/Off)"
SW180725-03A,mouse,NCBI:txid10090,C57Bl6,Tracer Injected,retrograde,ICe,University of Southern California,Hongwei Dong,U01MH114829-01,U01 Dong,BIL,https://download.brainimagelibrary.org/11/5b/115bda6eacd6507c/1U01MH114829-01/SW180725-03A,NA,NA,NA,-5.155,1.8,-2,2 FG,"iontophoresis (5 min, 7secOn/Off)"
SW180725-03A,mouse,NCBI:txid10090,C57Bl6,Tracer Injected,retrograde,NDB,University of Southern California,Hongwei Dong,U01MH114829-01,U01 Dong,BIL,https://download.brainimagelibrary.org/11/5b/115bda6eacd6507c/1U01MH114829-01/SW180725-03A,NA,NA,NA,0.65,0.4,-5.7,3 CTB 555,pressure (50nl)
SW180725-03A,mouse,NCBI:txid10090,C57Bl6,Tracer Injected,retrograde,MA,University of Southern California,Hongwei Dong,U01MH114829-01,U01 Dong,BIL,https://download.brainimagelibrary.org/11/5b/115bda6eacd6507c/1U01MH114829-01/SW180725-03A,NA,NA,NA,-0.08,1.7,-6.25,4 AAVretro-hSyn-Cre-WPRE,"iontophoresis (5 min, 7secOn/Off)"
SW180725-04A,mouse,NCBI:txid10090,C57Bl6,Tracer Injected,retrograde,LHA,University of Southern California,Hongwei Dong,U01MH114829-01,U01 Dong,BIL,https://download.brainimagelibrary.org/82/e9/82e9592c90c456ef/1U01MH114829-01/SW180725-04A/,NA,NA,NA,-2.355,0.65,-4.9,1 CTB 647,"iontophoresis (10 min, 7secOn/Off)"
SW180725-04A,mouse,NCBI:txid10090,C57Bl6,Tracer Injected,retrograde,ICe,University of Southern California,Hongwei Dong,U01MH114829-01,U01 Dong,BIL,https://download.brainimagelibrary.org/82/e9/82e9592c90c456ef/1U01MH114829-01/SW180725-04A/,NA,NA,NA,-5.155,1.6,-2,2 FG,"iontophoresis (5 min, 7secOn/Off)"
SW180725-04A,mouse,NCBI:txid10090,C57Bl6,Tracer Injected,retrograde,NDB,University of Southern California,Hongwei Dong,U01MH114829-01,U01 Dong,BIL,https://download.brainimagelibrary.org/82/e9/82e9592c90c456ef/1U01MH114829-01/SW180725-04A/,NA,NA,NA,0.945,0.4,-5.65,3 CTB 555,pressure (50nl)
SW180725-04A,mouse,NCBI:txid10090,C57Bl6,Tracer Injected,retrograde,LPO,University of Southern California,Hongwei Dong,U01MH114829-01,U01 Dong,BIL,https://download.brainimagelibrary.org/82/e9/82e9592c90c456ef/1U01MH114829-01/SW180725-04A/,NA,NA,NA,-0.08,1.375,-6.1,4 AAVretro-hSyn-Cre-WPRE,"iontophoresis (5 min, 7secOn/Off)"
SW180727-01A,mouse,NCBI:txid10090,C57Bl6,Tracer Injected,retrograde,ORBm,University of Southern California,Hongwei Dong,U01MH114829-01,U01 Dong,BIL,https://download.brainimagelibrary.org/11/5b/115bda6eacd6507c/1U01MH114829-01/SW180727-01A,NA,NA,NA,2.045,0.2,-2.7,1 FG,"iontophoresis (5 min, 7secOn/Off)"
SW180727-01A,mouse,NCBI:txid10090,C57Bl6,Tracer Injected,retrograde,PL,University of Southern California,Hongwei Dong,U01MH114829-01,U01 Dong,BIL,https://download.brainimagelibrary.org/11/5b/115bda6eacd6507c/1U01MH114829-01/SW180727-01A,NA,NA,NA,2.045,0.1,-2,2 CTB 555,pressure (50nl)
SW180727-01A,mouse,NCBI:txid10090,C57Bl6,Tracer Injected,retrograde,DP/ILA,University of Southern California,Hongwei Dong,U01MH114829-01,U01 Dong,BIL,https://download.brainimagelibrary.org/11/5b/115bda6eacd6507c/1U01MH114829-01/SW180727-01A,NA,NA,NA,2.045,0.1,-3.75,3 CTB 647,"iontophoresis (10 min, 7secOn/Off)"
SW180727-01A,mouse,NCBI:txid10090,C57Bl6,Tracer Injected,retrograde,ACAd/PL,University of Southern California,Hongwei Dong,U01MH114829-01,U01 Dong,BIL,https://download.brainimagelibrary.org/11/5b/115bda6eacd6507c/1U01MH114829-01/SW180727-01A,NA,NA,NA,1.945,-0.15,-1.35,4 AAVretro-hSyn-Cre-WPRE,"iontophoresis (5 min, 7secOn/Off)"
SW180727-02A,mouse,NCBI:txid10090,C57Bl6,Tracer Injected,retrograde,PL,University of Southern California,Hongwei Dong,U01MH114829-01,U01 Dong,BIL,https://download.brainimagelibrary.org/82/e9/82e9592c90c456ef/1U01MH114829-01/SW180727-02A/,NA,NA,NA,1.945,0.1,-2,2 CTB 555,pressure (50nl)
SW180727-02A,mouse,NCBI:txid10090,C57Bl6,Tracer Injected,retrograde,ILA,University of Southern California,Hongwei Dong,U01MH114829-01,U01 Dong,BIL,https://download.brainimagelibrary.org/82/e9/82e9592c90c456ef/1U01MH114829-01/SW180727-02A/,NA,NA,NA,1.945,0.1,-3.6,3 CTB 647,"iontophoresis (10 min, 7secOn/Off)"
SW180727-02A,mouse,NCBI:txid10090,C57Bl6,Tracer Injected,retrograde,failed,University of Southern California,Hongwei Dong,U01MH114829-01,U01 Dong,BIL,https://download.brainimagelibrary.org/82/e9/82e9592c90c456ef/1U01MH114829-01/SW180727-02A/,NA,NA,NA,NA,NA,,4 AAVretro-hSyn-Cre-WPRE,"iontophoresis (5 min, 7secOn/Off)"
SW180727-02A,mouse,NCBI:txid10090,C57Bl6,Tracer Injected,retrograde,PL,University of Southern California,Hongwei Dong,U01MH114829-01,U01 Dong,BIL,https://download.brainimagelibrary.org/82/e9/82e9592c90c456ef/1U01MH114829-01/SW180727-02A/,NA,NA,NA,1.945,0.1,-2.6,FG,"iontophoresis (10 min, 7secOn/Off)"
SW180822-02A,mouse,NCBI:txid10090,NA,Tracer Injected,retrograde,ACAd/PL,University of Southern California,Hongwei Dong,U01MH114829-01,U01 Dong,BIL,https://download.brainimagelibrary.org/e8/20/e820c8267a0cbedb/2018Q4_U01/SW180822-02A/,NA,NA,NA,2.545,0.1,-1.3,1 CTB 647,"iontophoresis (10 min, 7secOn/Off)"
SW180822-02A,mouse,NCBI:txid10090,NA,Tracer Injected,retrograde,AON,University of Southern California,Hongwei Dong,U01MH114829-01,U01 Dong,BIL,https://download.brainimagelibrary.org/e8/20/e820c8267a0cbedb/2018Q4_U01/SW180822-02A/,NA,NA,NA,1.945,0.9,-4.5,2 CTB 555,pressure (50nl)
SW180822-02A,mouse,NCBI:txid10090,NA,Tracer Injected,retrograde,CPc,University of Southern California,Hongwei Dong,U01MH114829-01,U01 Dong,BIL,https://download.brainimagelibrary.org/e8/20/e820c8267a0cbedb/2018Q4_U01/SW180822-02A/,NA,NA,NA,0.945,1.25,-4.15,3 CTB 488,pressure (50nl)
SW180822-02A,mouse,NCBI:txid10090,NA,Tracer Injected,retrograde,ACB/CP,University of Southern California,Hongwei Dong,U01MH114829-01,U01 Dong,BIL,https://download.brainimagelibrary.org/e8/20/e820c8267a0cbedb/2018Q4_U01/SW180822-02A/,NA,NA,NA,0.445,1.5,-5,4 FG,"iontophoresis (10 min, 7secOn/Off)"
SW180823-04A,mouse,NCBI:txid10090,C57Bl6,Tracer Injected,retrograde,EPd,University of Southern California,Hongwei Dong,U01MH114829-01,U01 Dong,BIL,https://download.brainimagelibrary.org/82/e9/82e9592c90c456ef/1U01MH114829-01/SW180823-04A/,NA,NA,NA,-1.995,4.1,-4.75,1. FG,"iontophoresis (5 min, 7secOn/Off)"
SW180823-04A,mouse,NCBI:txid10090,C57Bl6,Tracer Injected,retrograde,failed,University of Southern California,Hongwei Dong,U01MH114829-01,U01 Dong,BIL,https://download.brainimagelibrary.org/82/e9/82e9592c90c456ef/1U01MH114829-01/SW180823-04A/,NA,NA,NA,NA,NA,,2. AAVretro-hSyn-Cre-WPRE,"iontophoresis (5 min, 7secOn/Off)"
SW180823-04A,mouse,NCBI:txid10090,C57Bl6,Tracer Injected,retrograde,MRN/SNc/SNr,University of Southern California,Hongwei Dong,U01MH114829-01,U01 Dong,BIL,https://download.brainimagelibrary.org/82/e9/82e9592c90c456ef/1U01MH114829-01/SW180823-04A/,NA,NA,NA,-3.38,1.75,-4.5,3 CTB 555,pressure (50nl)
SW180823-04A,mouse,NCBI:txid10090,C57Bl6,Tracer Injected,retrograde,ENTI/PERI,University of Southern California,Hongwei Dong,U01MH114829-01,U01 Dong,BIL,https://download.brainimagelibrary.org/82/e9/82e9592c90c456ef/1U01MH114829-01/SW180823-04A/,NA,NA,NA,-2.48,4.5,-4.4,4 CTB 647,"iontophoresis (10 min, 7secOn/Off)"
SW180913-07A,mouse,NCBI:txid10090,NA,Tracer Injected,retrograde,MB,University of Southern California,Hongwei Dong,U01MH114829-01,U01 Dong,BIL,https://download.brainimagelibrary.org/e8/20/e820c8267a0cbedb/2018Q4_U01/SW180913-07A/,NA,NA,NA,-3.38,0.6,-3.7,1 CTB 647,"iontophoresis (10 min, 7secOn/Off)"
SW180913-07A,mouse,NCBI:txid10090,NA,Tracer Injected,retrograde,CP,University of Southern California,Hongwei Dong,U01MH114829-01,U01 Dong,BIL,https://download.brainimagelibrary.org/e8/20/e820c8267a0cbedb/2018Q4_U01/SW180913-07A/,NA,NA,NA,0.145,2.6,-3.3,2 FG,"iontophoresis (5 min, 7secOn/Off)"
SW180913-07A,mouse,NCBI:txid10090,NA,Tracer Injected,retrograde,ZI/VM,University of Southern California,Hongwei Dong,U01MH114829-01,U01 Dong,BIL,https://download.brainimagelibrary.org/e8/20/e820c8267a0cbedb/2018Q4_U01/SW180913-07A/,NA,NA,NA,-2.055,1.35,-4.8,3 CTB 555,pressure (50nl)
SW180913-07A,mouse,NCBI:txid10090,NA,Tracer Injected,retrograde,SC,University of Southern California,Hongwei Dong,U01MH114829-01,U01 Dong,BIL,https://download.brainimagelibrary.org/e8/20/e820c8267a0cbedb/2018Q4_U01/SW180913-07A/,NA,NA,NA,-3.58,1.6,-2.3,4 AAVretro-hSyn-Cre-WPRE,"iontophoresis (5 min, 7secOn/Off)"
SW180925-01A,mouse,NCBI:txid10090,C57Bl6,Tracer Injected,retrograde,LSc,University of Southern California,Hongwei Dong,U01MH114829-01,U01 Dong,BIL,https://download.brainimagelibrary.org/11/5b/115bda6eacd6507c/1U01MH114829-01/SW180925-01A,NA,NA,NA,0.245,0.3,-2.5,1 CTB 647,"iontophoresis (10 min, 7secOn/Off)"
SW180925-01A,mouse,NCBI:txid10090,C57Bl6,Tracer Injected,retrograde,LSc,University of Southern California,Hongwei Dong,U01MH114829-01,U01 Dong,BIL,https://download.brainimagelibrary.org/11/5b/115bda6eacd6507c/1U01MH114829-01/SW180925-01A,NA,NA,NA,0.145,0.375,-2.35,2 FG,"iontophoresis (5 min, 7secOn/Off)"
SW180925-01A,mouse,NCBI:txid10090,C57Bl6,Tracer Injected,retrograde,BSTal,University of Southern California,Hongwei Dong,U01MH114829-01,U01 Dong,BIL,https://download.brainimagelibrary.org/11/5b/115bda6eacd6507c/1U01MH114829-01/SW180925-01A,NA,NA,NA,0.145,1,-5.1,3 CTB 555,pressure (50nl)
SW180925-01A,mouse,NCBI:txid10090,C57Bl6,Tracer Injected,retrograde,AAA,University of Southern California,Hongwei Dong,U01MH114829-01,U01 Dong,BIL,https://download.brainimagelibrary.org/11/5b/115bda6eacd6507c/1U01MH114829-01/SW180925-01A,NA,NA,NA,-0.08,2.375,-6,4 AAVretro-hSyn-Cre-WPRE,"iontophoresis (5 min, 7secOn/Off)"
SW180925-02A,mouse,NCBI:txid10090,C57Bl6,Tracer Injected,retrograde,cc,University of Southern California,Hongwei Dong,U01MH114829-01,U01 Dong,BIL,https://download.brainimagelibrary.org/11/5b/115bda6eacd6507c/1U01MH114829-01/SW180925-02A,NA,NA,NA,0.345,0.3,-2.35,1 CTB 647,"iontophoresis (10 min, 7secOn/Off)"
SW180925-02A,mouse,NCBI:txid10090,C57Bl6,Tracer Injected,retrograde,LSc,University of Southern California,Hongwei Dong,U01MH114829-01,U01 Dong,BIL,https://download.brainimagelibrary.org/11/5b/115bda6eacd6507c/1U01MH114829-01/SW180925-02A,NA,NA,NA,0.345,0.375,-2.5,2 FG,"iontophoresis (5 min, 7secOn/Off)"
SW180925-02A,mouse,NCBI:txid10090,C57Bl6,Tracer Injected,retrograde,BSTfu,University of Southern California,Hongwei Dong,U01MH114829-01,U01 Dong,BIL,https://download.brainimagelibrary.org/11/5b/115bda6eacd6507c/1U01MH114829-01/SW180925-02A,NA,NA,NA,0.145,1,-5.3,3 CTB 555,pressure (50nl)
SW180925-02A,mouse,NCBI:txid10090,C57Bl6,Tracer Injected,retrograde,AAA,University of Southern California,Hongwei Dong,U01MH114829-01,U01 Dong,BIL,https://download.brainimagelibrary.org/11/5b/115bda6eacd6507c/1U01MH114829-01/SW180925-02A,NA,NA,NA,-0.08,2.4,-6,4 AAVretro-hSyn-Cre-WPRE,"iontophoresis (5 min, 7secOn/Off)"
SW180925-03A,mouse,NCBI:txid10090,C57Bl6,Tracer Injected,retrograde,VISam,University of Southern California,Hongwei Dong,U01MH114829-01,U01 Dong,BIL,https://download.brainimagelibrary.org/11/5b/115bda6eacd6507c/1U01MH114829-01/SW180925-03A,NA,NA,NA,-2.88,1.7,-0.9,1 CTB 647,"iontophoresis (10 min, 7secOn/Off)"
SW180925-03A,mouse,NCBI:txid10090,C57Bl6,Tracer Injected,retrograde,CA1,University of Southern California,Hongwei Dong,U01MH114829-01,U01 Dong,BIL,https://download.brainimagelibrary.org/11/5b/115bda6eacd6507c/1U01MH114829-01/SW180925-03A,NA,NA,NA,-2.88,2.5,-1.4,2 FG,"iontophoresis (5 min, 7secOn/Off)"
SW180925-03A,mouse,NCBI:txid10090,C57Bl6,Tracer Injected,retrograde,fp,University of Southern California,Hongwei Dong,U01MH114829-01,U01 Dong,BIL,https://download.brainimagelibrary.org/11/5b/115bda6eacd6507c/1U01MH114829-01/SW180925-03A,NA,NA,NA,-3.08,3.25,-1.6,3 CTB 555,pressure (50nl)
SW180925-03A,mouse,NCBI:txid10090,C57Bl6,Tracer Injected,retrograde,BSTov,University of Southern California,Hongwei Dong,U01MH114829-01,U01 Dong,BIL,https://download.brainimagelibrary.org/11/5b/115bda6eacd6507c/1U01MH114829-01/SW180925-03A,NA,NA,NA,0.02,1.125,-4,4 AAVretro-hSyn-Cre-WPRE,"iontophoresis (5 min, 7secOn/Off)"
SW180925-04A,mouse,NCBI:txid10090,C57Bl6,Tracer Injected,retrograde,CA1_so,University of Southern California,Hongwei Dong,U01MH114829-01,U01 Dong,BIL,https://download.brainimagelibrary.org/11/5b/115bda6eacd6507c/1U01MH114829-01/SW180925-04A,NA,NA,NA,-2.255,1.8,-0.95,1 CTB 647,"iontophoresis (10 min, 7secOn/Off)"
SW180925-04A,mouse,NCBI:txid10090,C57Bl6,Tracer Injected,retrograde,CA1,University of Southern California,Hongwei Dong,U01MH114829-01,U01 Dong,BIL,https://download.brainimagelibrary.org/11/5b/115bda6eacd6507c/1U01MH114829-01/SW180925-04A,NA,NA,NA,-2.255,2.5,-1.3,2 FG,"iontophoresis (5 min, 7secOn/Off)"
SW180925-04A,mouse,NCBI:txid10090,C57Bl6,Tracer Injected,retrograde,SSp,University of Southern California,Hongwei Dong,U01MH114829-01,U01 Dong,BIL,https://download.brainimagelibrary.org/11/5b/115bda6eacd6507c/1U01MH114829-01/SW180925-04A,NA,NA,NA,-2.255,3.25,-1.65,3 CTB 555,pressure (50nl)
SW180925-04A,mouse,NCBI:txid10090,C57Bl6,Tracer Injected,retrograde,BST ov,University of Southern California,Hongwei Dong,U01MH114829-01,U01 Dong,BIL,https://download.brainimagelibrary.org/11/5b/115bda6eacd6507c/1U01MH114829-01/SW180925-04A,NA,NA,NA,0.145,1.125,-4.2,4 AAVretro-hSyn-Cre-WPRE,"iontophoresis (5 min, 7secOn/Off)"
SW180926-01A,mouse,NCBI:txid10090,C57Bl6,Tracer Injected,retrograde,CPc.dm,University of Southern California,Hongwei Dong,U01MH114829-01,U01 Dong,BIL,https://download.brainimagelibrary.org/11/5b/115bda6eacd6507c/1U01MH114829-01/SW180926-01A,NA,NA,NA,-0.28,2,-2.35,2 FG,"iontophoresis (5 min, 7secOn/Off)"
SW180926-01A,mouse,NCBI:txid10090,C57Bl6,Tracer Injected,retrograde,failed,University of Southern California,Hongwei Dong,U01MH114829-01,U01 Dong,BIL,https://download.brainimagelibrary.org/11/5b/115bda6eacd6507c/1U01MH114829-01/SW180926-01A,NA,NA,NA,NA,NA,,2. CTB,pressure (50nl)
SW180926-01A,mouse,NCBI:txid10090,C57Bl6,Tracer Injected,retrograde,CP,University of Southern California,Hongwei Dong,U01MH114829-01,U01 Dong,BIL,https://download.brainimagelibrary.org/11/5b/115bda6eacd6507c/1U01MH114829-01/SW180926-01A,NA,NA,NA,-0.945,2,-4.75,3 CTB 555,pressure (50nl)
SW180926-01A,mouse,NCBI:txid10090,C57Bl6,Tracer Injected,retrograde,MEAad,University of Southern California,Hongwei Dong,U01MH114829-01,U01 Dong,BIL,https://download.brainimagelibrary.org/11/5b/115bda6eacd6507c/1U01MH114829-01/SW180926-01A,NA,NA,NA,-0.88,1.9,-6.2,4 AAVretro-hSyn-Cre-WPRE,"iontophoresis (5 min, 7secOn/Off)"
SW180926-02A,mouse,NCBI:txid10090,NA,Tracer Injected,retrograde,PL,University of Southern California,Hongwei Dong,U01MH114829-01,U01 Dong,BIL,https://download.brainimagelibrary.org/e8/20/e820c8267a0cbedb/2018Q4_U01/SW180926-02A/,NA,NA,NA,1.845,0.2,-1.4,1 CTB 647,"iontophoresis (10 min, 7secOn/Off)"
SW180926-02A,mouse,NCBI:txid10090,NA,Tracer Injected,retrograde,CPc.dm,University of Southern California,Hongwei Dong,U01MH114829-01,U01 Dong,BIL,https://download.brainimagelibrary.org/e8/20/e820c8267a0cbedb/2018Q4_U01/SW180926-02A/,NA,NA,NA,-0.48,2,-2.5,2 FG,"iontophoresis (5 min, 7secOn/Off)"
SW180926-02A,mouse,NCBI:txid10090,NA,Tracer Injected,retrograde,failed,University of Southern California,Hongwei Dong,U01MH114829-01,U01 Dong,BIL,https://download.brainimagelibrary.org/e8/20/e820c8267a0cbedb/2018Q4_U01/SW180926-02A/,NA,NA,NA,NA,NA,,3 CTB 555,pressure (50nl)
SW180926-02A,mouse,NCBI:txid10090,NA,Tracer Injected,retrograde,BA,University of Southern California,Hongwei Dong,U01MH114829-01,U01 Dong,BIL,https://download.brainimagelibrary.org/e8/20/e820c8267a0cbedb/2018Q4_U01/SW180926-02A/,NA,NA,NA,-0.955,2,-6.3,4 AAVretro-hSyn-Cre-WPRE,"iontophoresis (5 min, 7secOn/Off)"
SW180926-03A,mouse,NCBI:txid10090,C57Bl6,Tracer Injected,retrograde,mOT,University of Southern California,Hongwei Dong,U01MH114829-01,U01 Dong,BIL,https://download.brainimagelibrary.org/11/5b/115bda6eacd6507c/1U01MH114829-01/SW180926-03A,NA,NA,NA,1.42,0.7,-6.3,1 CTB 647,"iontophoresis (10 min, 7secOn/Off)"
SW180926-03A,mouse,NCBI:txid10090,C57Bl6,Tracer Injected,retrograde,mOT,University of Southern California,Hongwei Dong,U01MH114829-01,U01 Dong,BIL,https://download.brainimagelibrary.org/11/5b/115bda6eacd6507c/1U01MH114829-01/SW180926-03A,NA,NA,NA,1.545,0.75,-6.1,2 FG,"iontophoresis (5 min, 7secOn/Off)"
SW180926-03A,mouse,NCBI:txid10090,C57Bl6,Tracer Injected,retrograde,BSTov,University of Southern California,Hongwei Dong,U01MH114829-01,U01 Dong,BIL,https://download.brainimagelibrary.org/11/5b/115bda6eacd6507c/1U01MH114829-01/SW180926-03A,NA,NA,NA,0.145,1.2,-4.125,3 CTB 555,pressure (50nl)
SW180926-03A,mouse,NCBI:txid10090,C57Bl6,Tracer Injected,retrograde,NLOT,University of Southern California,Hongwei Dong,U01MH114829-01,U01 Dong,BIL,https://download.brainimagelibrary.org/11/5b/115bda6eacd6507c/1U01MH114829-01/SW180926-03A,NA,NA,NA,-0.955,2.25,-6.3,4 AAVretro-hSyn-Cre-WPRE,"iontophoresis (5 min, 7secOn/Off)"
SW180927-01A,mouse,NCBI:txid10090,C57Bl6,Tracer Injected,retrograde,MRN,University of Southern California,Hongwei Dong,U01MH114829-01,U01 Dong,BIL,https://download.brainimagelibrary.org/11/5b/115bda6eacd6507c/1U01MH114829-01/SW180927-01A,NA,NA,NA,-3.18,1.4,-4,1 CTB 647,"iontophoresis (10 min, 7secOn/Off)"
SW180927-01A,mouse,NCBI:txid10090,C57Bl6,Tracer Injected,retrograde,CP,University of Southern California,Hongwei Dong,U01MH114829-01,U01 Dong,BIL,https://download.brainimagelibrary.org/11/5b/115bda6eacd6507c/1U01MH114829-01/SW180927-01A,NA,NA,NA,0.145,2.6,-3.3,2 FG,"iontophoresis (5 min, 7secOn/Off)"
SW180927-01A,mouse,NCBI:txid10090,C57Bl6,Tracer Injected,retrograde,ZI,University of Southern California,Hongwei Dong,U01MH114829-01,U01 Dong,BIL,https://download.brainimagelibrary.org/11/5b/115bda6eacd6507c/1U01MH114829-01/SW180927-01A,NA,NA,NA,-2.155,1.35,-5,3 CTB 555,pressure (50nl)
SW180927-01A,mouse,NCBI:txid10090,C57Bl6,Tracer Injected,retrograde,SC,University of Southern California,Hongwei Dong,U01MH114829-01,U01 Dong,BIL,https://download.brainimagelibrary.org/11/5b/115bda6eacd6507c/1U01MH114829-01/SW180927-01A,NA,NA,NA,-3.455,1.5,-2.25,4 AAVretro-hSyn-Cre-WPRE,"iontophoresis (5 min, 7secOn/Off)"
SW180928-01A,mouse,NCBI:txid10090,C57Bl6,Tracer Injected,retrograde,SSp-ul,University of Southern California,Hongwei Dong,U01MH114829-01,U01 Dong,BIL,https://download.brainimagelibrary.org/82/e9/82e9592c90c456ef/1U01MH114829-01/SW180928-01A/,NA,NA,NA,0.62,2.8,-1.7,1 CTB 647,"iontophoresis (10 min, 7secOn/Off)"
SW180928-01A,mouse,NCBI:txid10090,C57Bl6,Tracer Injected,retrograde,SSp-m,University of Southern California,Hongwei Dong,U01MH114829-01,U01 Dong,BIL,https://download.brainimagelibrary.org/82/e9/82e9592c90c456ef/1U01MH114829-01/SW180928-01A/,NA,NA,NA,0.62,3.35,-2,2 FG,"iontophoresis (5 min, 7secOn/Off)"
SW180928-01A,mouse,NCBI:txid10090,C57Bl6,Tracer Injected,retrograde,failed,University of Southern California,Hongwei Dong,U01MH114829-01,U01 Dong,BIL,https://download.brainimagelibrary.org/82/e9/82e9592c90c456ef/1U01MH114829-01/SW180928-01A/,NA,NA,NA,NA,NA,,3 CTB 555,pressure (50nl)
SW180928-01A,mouse,NCBI:txid10090,C57Bl6,Tracer Injected,retrograde,SSs/VISC,University of Southern California,Hongwei Dong,U01MH114829-01,U01 Dong,BIL,https://download.brainimagelibrary.org/82/e9/82e9592c90c456ef/1U01MH114829-01/SW180928-01A/,NA,NA,NA,0.62,3.85,-3,4 AAVretro-hSyn-Cre-WPRE,"iontophoresis (5 min, 7secOn/Off)"
SW181005-01A,mouse,NCBI:txid10090,NA,Tracer Injected,retrograde,MOs,University of Southern California,Hongwei Dong,U19MH114821-01,U19 Huang,BIL,https://download.brainimagelibrary.org/f1/6e/f16e93e3ff05538e/2018Q4_U19CSHL/SW181005-01A/,NA,NA,NA,0.345,0.6,-0.7,1 CTB 647,"iontophoresis (10 min, 7secOn/Off)"
SW181005-01A,mouse,NCBI:txid10090,NA,Tracer Injected,retrograde,MOp,University of Southern California,Hongwei Dong,U19MH114821-01,U19 Huang,BIL,https://download.brainimagelibrary.org/f1/6e/f16e93e3ff05538e/2018Q4_U19CSHL/SW181005-01A/,NA,NA,NA,0.345,1.4,-1.15,2 CTB 555,pressure (50nl)
SW181005-01A,mouse,NCBI:txid10090,NA,Tracer Injected,retrograde,SSp-bfd1,University of Southern California,Hongwei Dong,U19MH114821-01,U19 Huang,BIL,https://download.brainimagelibrary.org/f1/6e/f16e93e3ff05538e/2018Q4_U19CSHL/SW181005-01A/,NA,NA,NA,0.345,3.4,-2.1,3 AAVretro-hSyn-Cre-WPRE,"iontophoresis (5 min, 7secOn/Off)"
SW181005-01A,mouse,NCBI:txid10090,NA,Tracer Injected,retrograde,SSs,University of Southern California,Hongwei Dong,U19MH114821-01,U19 Huang,BIL,https://download.brainimagelibrary.org/f1/6e/f16e93e3ff05538e/2018Q4_U19CSHL/SW181005-01A/,NA,NA,NA,0.345,4.05,-3,4 FG,"iontophoresis (10 min, 7secOn/Off)"
SW181005-03A,mouse,NCBI:txid10090,NA,Tracer Injected,retrograde,MOs,University of Southern California,Hongwei Dong,U19MH114821-01,U19 Huang,BIL,https://download.brainimagelibrary.org/f1/6e/f16e93e3ff05538e/2018Q4_U19CSHL/SW181005-03A/,NA,NA,NA,0.62,0.76,-0.95,1 CTB 647,"iontophoresis (10 min, 7secOn/Off)"
SW181005-03A,mouse,NCBI:txid10090,NA,Tracer Injected,retrograde,MOp,University of Southern California,Hongwei Dong,U19MH114821-01,U19 Huang,BIL,https://download.brainimagelibrary.org/f1/6e/f16e93e3ff05538e/2018Q4_U19CSHL/SW181005-03A/,NA,NA,NA,0.62,0.35,-1,2 CTB 555,pressure (50nl)
SW181005-03A,mouse,NCBI:txid10090,NA,Tracer Injected,retrograde,SSp-ul,University of Southern California,Hongwei Dong,U19MH114821-01,U19 Huang,BIL,https://download.brainimagelibrary.org/f1/6e/f16e93e3ff05538e/2018Q4_U19CSHL/SW181005-03A/,NA,NA,NA,0.62,3,-1.6,3 AAVretro-hSyn-Cre-WPRE,"iontophoresis (5 min, 7secOn/Off)"
SW181005-03A,mouse,NCBI:txid10090,NA,Tracer Injected,retrograde,SSp-n,University of Southern California,Hongwei Dong,U19MH114821-01,U19 Huang,BIL,https://download.brainimagelibrary.org/f1/6e/f16e93e3ff05538e/2018Q4_U19CSHL/SW181005-03A/,NA,NA,NA,0.62,3.85,-2.4,4 FG,"iontophoresis (10 min, 7secOn/Off)"
SW181012-01A,mouse,NCBI:txid10090,C57Bl6,Tracer Injected,retrograde,ACAd/MOs,University of Southern California,Hongwei Dong,U01MH114829-01,U01 Dong,BIL,https://download.brainimagelibrary.org/82/e9/82e9592c90c456ef/1U01MH114829-01/SW181012-01A/,NA,NA,NA,0.62,0.5,-1,1 CTB 647,"iontophoresis (10 min, 7secOn/Off)"
SW181012-01A,mouse,NCBI:txid10090,C57Bl6,Tracer Injected,retrograde,MOp,University of Southern California,Hongwei Dong,U01MH114829-01,U01 Dong,BIL,https://download.brainimagelibrary.org/82/e9/82e9592c90c456ef/1U01MH114829-01/SW181012-01A/,NA,NA,NA,0.62,1.2,-1,2. CTB 555,pressure (50nl)
SW181012-01A,mouse,NCBI:txid10090,C57Bl6,Tracer Injected,retrograde,SSp-ll/-ul,University of Southern California,Hongwei Dong,U01MH114829-01,U01 Dong,BIL,https://download.brainimagelibrary.org/82/e9/82e9592c90c456ef/1U01MH114829-01/SW181012-01A/,NA,NA,NA,0.62,2.75,-1.5,3 AAVretro-hSyn-Cre-WPRE,"iontophoresis (5 min, 7secOn/Off)"
SW181012-01A,mouse,NCBI:txid10090,C57Bl6,Tracer Injected,retrograde,SSp-n/SSs,University of Southern California,Hongwei Dong,U01MH114829-01,U01 Dong,BIL,https://download.brainimagelibrary.org/82/e9/82e9592c90c456ef/1U01MH114829-01/SW181012-01A/,NA,NA,NA,0.62,3.8,-2.5,4 FG,"iontophoresis (10 min, 7secOn/Off)"
SW181026-01A,mouse,NCBI:txid10094,,Tracer Injected,retrograde,MOs,University of Southern California,Hongwei Dong,U01MH114829-01,U01 Dong,BIL,https://download.brainimagelibrary.org/d9/b8/d9b827f296313258/1U01MH114829-01/SW181026-01A/,NA,NA,NA,2.895,1,-1,1 CTB 647,"iontophoresis (10 min, 7secOn/Off)"
SW181026-01A,mouse,NCBI:txid10094,,Tracer Injected,retrograde,MOs,University of Southern California,Hongwei Dong,U01MH114829-01,U01 Dong,BIL,https://download.brainimagelibrary.org/d9/b8/d9b827f296313258/1U01MH114829-01/SW181026-01A/,NA,NA,NA,2.895,1.4,-1.05,2 AAVretro-hSyn-Cre-WPRE,"iontophoresis (5 min, 7secOn/Off)"
SW181026-01A,mouse,NCBI:txid10094,,Tracer Injected,retrograde,MOs,University of Southern California,Hongwei Dong,U01MH114829-01,U01 Dong,BIL,https://download.brainimagelibrary.org/d9/b8/d9b827f296313258/1U01MH114829-01/SW181026-01A/,NA,NA,NA,2.895,1.75,-1.05,3 CTB 555,pressure (50nl)
SW181026-01A,mouse,NCBI:txid10094,,Tracer Injected,retrograde,MOp,University of Southern California,Hongwei Dong,U01MH114829-01,U01 Dong,BIL,https://download.brainimagelibrary.org/d9/b8/d9b827f296313258/1U01MH114829-01/SW181026-01A/,NA,NA,NA,2.895,1.85,-1.25,4 FG,"iontophoresis (10 min, 7secOn/Off)"
SW181030-02A,mouse,NCBI:txid10090,C57Bl6,Tracer Injected,retrograde,MOs,University of Southern California,Hongwei Dong,U01MH114829-01,U01 Dong,BIL,https://download.brainimagelibrary.org/82/e9/82e9592c90c456ef/1U01MH114829-01/SW181030-02A/,NA,NA,NA,2.945,1.25,-1.75,1 CTB 647,"iontophoresis (10 min, 7secOn/Off)"
SW181030-02A,mouse,NCBI:txid10090,C57Bl6,Tracer Injected,retrograde,ACAd,University of Southern California,Hongwei Dong,U01MH114829-01,U01 Dong,BIL,https://download.brainimagelibrary.org/82/e9/82e9592c90c456ef/1U01MH114829-01/SW181030-02A/,NA,NA,NA,1.845,0.5,-1.25,2 AAVretro-hSyn-Cre-WPRE,"iontophoresis (5 min, 7secOn/Off)"
SW181030-02A,mouse,NCBI:txid10090,C57Bl6,Tracer Injected,retrograde,MOs,University of Southern California,Hongwei Dong,U01MH114829-01,U01 Dong,BIL,https://download.brainimagelibrary.org/82/e9/82e9592c90c456ef/1U01MH114829-01/SW181030-02A/,NA,NA,NA,0.845,0.6,-0.75,3 CTB 555,pressure (50nl)
SW181030-02A,mouse,NCBI:txid10090,C57Bl6,Tracer Injected,retrograde,MOs/ACAd,University of Southern California,Hongwei Dong,U01MH114829-01,U01 Dong,BIL,https://download.brainimagelibrary.org/82/e9/82e9592c90c456ef/1U01MH114829-01/SW181030-02A/,NA,NA,NA,-0.08,0.5,-0.75,4 FG,"iontophoresis (10 min, 7secOn/Off)"
SW181030-03A,mouse,NCBI:txid10097,,Tracer Injected,retrograde,ORBl/MOs,University of Southern California,Hongwei Dong,U01MH114829-01,U01 Dong,BIL,https://download.brainimagelibrary.org/d9/b8/d9b827f296313258/1U01MH114829-01/SW181030-03A/,NA,NA,NA,3.045,1.25,2.3,1 CTB 647,"iontophoresis (10 min, 7secOn/Off)"
SW181030-03A,mouse,NCBI:txid10097,,Tracer Injected,retrograde,failed,University of Southern California,Hongwei Dong,U01MH114829-01,U01 Dong,BIL,https://download.brainimagelibrary.org/d9/b8/d9b827f296313258/1U01MH114829-01/SW181030-03A/,NA,NA,NA,NA,NA,,2 FG,"iontophoresis (5 min, 7secOn/Off)"
SW181030-03A,mouse,NCBI:txid10097,,Tracer Injected,retrograde,MOs,University of Southern California,Hongwei Dong,U01MH114829-01,U01 Dong,BIL,https://download.brainimagelibrary.org/d9/b8/d9b827f296313258/1U01MH114829-01/SW181030-03A/,NA,NA,NA,1.045,0.6,1.25,3 CTB 555,pressure (50nl)
SW181030-03A,mouse,NCBI:txid10097,,Tracer Injected,retrograde,failed,University of Southern California,Hongwei Dong,U01MH114829-01,U01 Dong,BIL,https://download.brainimagelibrary.org/d9/b8/d9b827f296313258/1U01MH114829-01/SW181030-03A/,NA,NA,NA,NA,NA,,4 CTB 488,pressure (50nl)
SW181031-01A,mouse,NCBI:txid10130,,Tracer Injected,retrograde,MOs,University of Southern California,Hongwei Dong,U01MH114829-01,U01 Dong,BIL,https://download.brainimagelibrary.org/d9/b8/d9b827f296313258/1U01MH114829-01/SW181031-01A/,NA,NA,NA,2.845,2.15,-2.25,1 CTB 647,"iontophoresis (10 min, 7secOn/Off)"
SW181031-01A,mouse,NCBI:txid10130,,Tracer Injected,retrograde,MOp,University of Southern California,Hongwei Dong,U01MH114829-01,U01 Dong,BIL,https://download.brainimagelibrary.org/d9/b8/d9b827f296313258/1U01MH114829-01/SW181031-01A/,NA,NA,NA,1.345,1.65,-1.3,2 AAVretro-hSyn-Cre-WPRE,"iontophoresis (5 min, 7secOn/Off)"
SW181031-01A,mouse,NCBI:txid10130,,Tracer Injected,retrograde,failed,University of Southern California,Hongwei Dong,U01MH114829-01,U01 Dong,BIL,https://download.brainimagelibrary.org/d9/b8/d9b827f296313258/1U01MH114829-01/SW181031-01A/,NA,NA,NA,NA,NA,,3 CTB 555,pressure (50nl)
SW181031-01A,mouse,NCBI:txid10130,,Tracer Injected,retrograde,failed,University of Southern California,Hongwei Dong,U01MH114829-01,U01 Dong,BIL,https://download.brainimagelibrary.org/d9/b8/d9b827f296313258/1U01MH114829-01/SW181031-01A/,NA,NA,NA,NA,NA,,4 FG,"iontophoresis (10 min, 7secOn/Off)"
SW181031-02A,mouse,NCBI:txid10090,C57Bl6,Tracer Injected,retrograde,MOp,University of Southern California,Hongwei Dong,U01MH114829-01,U01 Dong,BIL,https://download.brainimagelibrary.org/82/e9/82e9592c90c456ef/1U01MH114829-01/SW181031-02A/,NA,NA,NA,2.845,2.1,2.75,1 CTB 647,"iontophoresis (10 min, 7secOn/Off)"
SW181031-02A,mouse,NCBI:txid10090,C57Bl6,Tracer Injected,retrograde,MOp,University of Southern California,Hongwei Dong,U01MH114829-01,U01 Dong,BIL,https://download.brainimagelibrary.org/82/e9/82e9592c90c456ef/1U01MH114829-01/SW181031-02A/,NA,NA,NA,1.545,1.4,1.25,2 AAVretro-hSyn-Cre-WPRE,"iontophoresis (5 min, 7secOn/Off)"
SW181031-02A,mouse,NCBI:txid10090,C57Bl6,Tracer Injected,retrograde,MOp,University of Southern California,Hongwei Dong,U01MH114829-01,U01 Dong,BIL,https://download.brainimagelibrary.org/82/e9/82e9592c90c456ef/1U01MH114829-01/SW181031-02A/,NA,NA,NA,0.62,1.5,-1.65,3 CTB 555,pressure (50nl)
SW181031-02A,mouse,NCBI:txid10090,C57Bl6,Tracer Injected,retrograde,failed,University of Southern California,Hongwei Dong,U01MH114829-01,U01 Dong,BIL,https://download.brainimagelibrary.org/82/e9/82e9592c90c456ef/1U01MH114829-01/SW181031-02A/,NA,NA,NA,NA,NA,,4 FG,"iontophoresis (10 min, 7secOn/Off)"
SW181102-01A,mouse,NCBI:txid10090,C57Bl6,Tracer Injected,anterograde,MOp,University of Southern California,Hongwei Dong,U19MH114821-01,U19 Huang,BIL,https://download.brainimagelibrary.org/4b/56/4b566d18d8902206/1U19MH114821-01/SW181102-01A/,NA,NA,NA,1.245,2.1,-1.5,1. PHAL,"iontophoresis (10 min, 7secOn/Off)"
SW181102-01A,mouse,NCBI:txid10090,C57Bl6,Tracer Injected,anterograde,SSp-m,University of Southern California,Hongwei Dong,U19MH114821-01,U19 Huang,BIL,https://download.brainimagelibrary.org/4b/56/4b566d18d8902206/1U19MH114821-01/SW181102-01A/,NA,NA,NA,1.245,3.15,-2.8,2. AAV1-CAG-tdTomato-WPRE,"iontophoresis (3 min, 7secOn/Off)"
SW181102-01A,mouse,NCBI:txid10090,C57Bl6,Tracer Injected,anterograde,SSp-ul,University of Southern California,Hongwei Dong,U19MH114821-01,U19 Huang,BIL,https://download.brainimagelibrary.org/4b/56/4b566d18d8902206/1U19MH114821-01/SW181102-01A/,NA,NA,NA,1.245,2.75,-1.75,3. AAV1-hSyn-GFP-WPRE,"iontophoresis (5 min, 7secOn/Off)"
SW181102-03A,mouse,NCBI:txid10090,C57Bl6,Tracer Injected,anterograde,SSp-ll,University of Southern California,Hongwei Dong,U19MH114821-01,U19 Huang,BIL,https://download.brainimagelibrary.org/4b/56/4b566d18d8902206/1U19MH114821-01/SW181102-03A/,NA,NA,NA,0.345,1.9,-1.65,1. PHAL,"iontophoresis (10 min, 7secOn/Off)"
SW181102-03A,mouse,NCBI:txid10090,C57Bl6,Tracer Injected,anterograde,SSp-ul,University of Southern California,Hongwei Dong,U19MH114821-01,U19 Huang,BIL,https://download.brainimagelibrary.org/4b/56/4b566d18d8902206/1U19MH114821-01/SW181102-03A/,NA,NA,NA,0.345,2.8,-1.75,2. AAV1-CAG-tdTomato-WPRE,"iontophoresis (3 min, 7secOn/Off)"
SW181102-03A,mouse,NCBI:txid10090,C57Bl6,Tracer Injected,anterograde,SSp-bfd,University of Southern California,Hongwei Dong,U19MH114821-01,U19 Huang,BIL,https://download.brainimagelibrary.org/4b/56/4b566d18d8902206/1U19MH114821-01/SW181102-03A/,NA,NA,NA,0.345,3.4,-2.2,3. AAV1-hSyn-GFP-WPRE,"iontophoresis (5 min, 7secOn/Off)"
SW181105-01A,mouse,NCBI:txid10090,C57Bl6,Tracer Injected,retrograde,MOp,University of Southern California,Hongwei Dong,U01MH114829-01,U01 Dong,BIL,https://download.brainimagelibrary.org/11/5b/115bda6eacd6507c/1U01MH114829-01/SW181105-01A,NA,NA,NA,2.045,2.7,-1.75,1 CTB 647,"iontophoresis (10 min, 7secOn/Off)"
SW181105-01A,mouse,NCBI:txid10090,C57Bl6,Tracer Injected,retrograde,MOp,University of Southern California,Hongwei Dong,U01MH114829-01,U01 Dong,BIL,https://download.brainimagelibrary.org/11/5b/115bda6eacd6507c/1U01MH114829-01/SW181105-01A,NA,NA,NA,1.645,2.6,-1.5,2 AAVretro-hSyn-Cre-WPRE,"iontophoresis (5 min, 7secOn/Off)"
SW181105-01A,mouse,NCBI:txid10090,C57Bl6,Tracer Injected,retrograde,SSp-m,University of Southern California,Hongwei Dong,U01MH114829-01,U01 Dong,BIL,https://download.brainimagelibrary.org/11/5b/115bda6eacd6507c/1U01MH114829-01/SW181105-01A,NA,NA,NA,0.945,3.5,-1.9,3 CTB 555,pressure (50nl)
SW181105-01A,mouse,NCBI:txid10090,C57Bl6,Tracer Injected,retrograde,SSp-m,University of Southern California,Hongwei Dong,U01MH114829-01,U01 Dong,BIL,https://download.brainimagelibrary.org/11/5b/115bda6eacd6507c/1U01MH114829-01/SW181105-01A,NA,NA,NA,0.745,3.5,-1.9,4 FG,"iontophoresis (10 min, 7secOn/Off)"
SW181105-02A,mouse,NCBI:txid10090,C57Bl6,Tracer Injected,retrograde,MOp,University of Southern California,Hongwei Dong,U01MH114829-01,U01 Dong,BIL,https://download.brainimagelibrary.org/11/5b/115bda6eacd6507c/1U01MH114829-01/SW181105-02A,NA,NA,NA,2.045,2.85,-1.9,1 CTB 647,"iontophoresis (10 min, 7secOn/Off)"
SW181105-02A,mouse,NCBI:txid10090,C57Bl6,Tracer Injected,retrograde,MOp),University of Southern California,Hongwei Dong,U01MH114829-01,U01 Dong,BIL,https://download.brainimagelibrary.org/11/5b/115bda6eacd6507c/1U01MH114829-01/SW181105-02A,NA,NA,NA,1.845,2.85,-2,2 AAVretro-hSyn-Cre-WPRE ,"iontophoresis (5 min, 7secOn/Off)"
SW181105-02A,mouse,NCBI:txid10090,C57Bl6,Tracer Injected,retrograde,SSp-ul/m,University of Southern California,Hongwei Dong,U01MH114829-01,U01 Dong,BIL,https://download.brainimagelibrary.org/11/5b/115bda6eacd6507c/1U01MH114829-01/SW181105-02A,NA,NA,NA,1.145,3.3,-2.3,3 CTB 555,pressure (50nl)
SW181105-02A,mouse,NCBI:txid10090,C57Bl6,Tracer Injected,retrograde,SSp-m,University of Southern California,Hongwei Dong,U01MH114829-01,U01 Dong,BIL,https://download.brainimagelibrary.org/11/5b/115bda6eacd6507c/1U01MH114829-01/SW181105-02A,NA,NA,NA,1.045,3.4,-2.15,4 FG,"iontophoresis (10 min, 7secOn/Off)"
SW181105-03A,mouse,NCBI:txid10090,C57Bl6,Tracer Injected,retrograde,SSp-m,University of Southern California,Hongwei Dong,U01MH114829-01,U01 Dong,BIL,https://download.brainimagelibrary.org/11/5b/115bda6eacd6507c/1U01MH114829-01/SW181105-03A,NA,NA,NA,1.345,2.8,-2.1,1 CTB 647,"iontophoresis (10 min, 7secOn/Off)"
SW181105-03A,mouse,NCBI:txid10090,C57Bl6,Tracer Injected,retrograde,SSp-ul,University of Southern California,Hongwei Dong,U01MH114829-01,U01 Dong,BIL,https://download.brainimagelibrary.org/11/5b/115bda6eacd6507c/1U01MH114829-01/SW181105-03A,NA,NA,NA,0.845,2.6,-1.5,2 AAVretro-hSyn-Cre-WPRE ,"iontophoresis (5 min, 7secOn/Off)"
SW181105-03A,mouse,NCBI:txid10090,C57Bl6,Tracer Injected,retrograde,SSp-ul,University of Southern California,Hongwei Dong,U01MH114829-01,U01 Dong,BIL,https://download.brainimagelibrary.org/11/5b/115bda6eacd6507c/1U01MH114829-01/SW181105-03A,NA,NA,NA,0.145,2.45,-1.5,3 CTB 555,pressure (50nl)
SW181105-03A,mouse,NCBI:txid10090,C57Bl6,Tracer Injected,retrograde,SSp-ul,University of Southern California,Hongwei Dong,U01MH114829-01,U01 Dong,BIL,https://download.brainimagelibrary.org/11/5b/115bda6eacd6507c/1U01MH114829-01/SW181105-03A,NA,NA,NA,-0.18,2.8,-1.25,4 FG,"iontophoresis (10 min, 7secOn/Off)"
SW181109-07A,mouse,NCBI:txid10090,C57Bl6,Tracer Injected,anterograde,MOp,University of Southern California,Hongwei Dong,U19MH114821-01,U19 Huang,BIL,https://download.brainimagelibrary.org/47/01/4701bc104b9651f0/1U19MH114821-01/SW181109-07A/,NA,NA,NA,-0.08,1.4,-1.25,1. PHAL,"iontophoresis (10 min, 7secOn/Off)"
SW181109-07A,mouse,NCBI:txid10090,C57Bl6,Tracer Injected,anterograde,SSp-bfd,University of Southern California,Hongwei Dong,U19MH114821-01,U19 Huang,BIL,https://download.brainimagelibrary.org/47/01/4701bc104b9651f0/1U19MH114821-01/SW181109-07A/,NA,NA,NA,-0.18,3.75,-2.5,2. AAV1-CAG-tdTomato-WPRE,"iontophoresis (3 min, 7secOn/Off)"
SW181109-07A,mouse,NCBI:txid10090,C57Bl6,Tracer Injected,anterograde,SSp-bfd,University of Southern California,Hongwei Dong,U19MH114821-01,U19 Huang,BIL,https://download.brainimagelibrary.org/47/01/4701bc104b9651f0/1U19MH114821-01/SW181109-07A/,NA,NA,NA,-0.08,3,-1.85,3. AAV1-hSyn-GFP-WPRE,"iontophoresis (5 min, 7secOn/Off)"
SW181109-09A,mouse,NCBI:txid10090,C57Bl6,Tracer Injected,anterograde,SSp,University of Southern California,Hongwei Dong,U19MH114821-01,U19 Huang,BIL,https://download.brainimagelibrary.org/4b/56/4b566d18d8902206/1U19MH114821-01/SW181109-09A/,NA,NA,NA,-0.88,1.625,-0.6,1. PHAL,"iontophoresis (10 min, 7secOn/Off)"
SW181109-09A,mouse,NCBI:txid10090,C57Bl6,Tracer Injected,anterograde,SSp-bfd,University of Southern California,Hongwei Dong,U19MH114821-01,U19 Huang,BIL,https://download.brainimagelibrary.org/4b/56/4b566d18d8902206/1U19MH114821-01/SW181109-09A/,NA,NA,NA,-0.88,3.505,-1.6,2. AAV1-CAG-tdTomato-WPRE,"iontophoresis (3 min, 7secOn/Off)"
SW181109-09A,mouse,NCBI:txid10090,C57Bl6,Tracer Injected,anterograde,SSp-tr,University of Southern California,Hongwei Dong,U19MH114821-01,U19 Huang,BIL,https://download.brainimagelibrary.org/4b/56/4b566d18d8902206/1U19MH114821-01/SW181109-09A/,NA,NA,NA,-0.88,2.4,-1.5,3. AAV1-hSyn-GFP-WPRE,"iontophoresis (3 min, 7secOn/Off)"
SW181113-08A,NA,NA,NA,Tracer Injected,retrograde,SSp-ul,NA,Hongwei Dong,U01MH114829-01,NA,BIL,NA,NA,NA,NA,0.845,2.5,-1.75,1 CTB 647,"iontophoresis (10 min, 7secOn/Off)"
SW181113-08A,NA,NA,NA,Tracer Injected,retrograde,failed,NA,Hongwei Dong,U01MH114829-01,NA,BIL,NA,NA,NA,NA,NA,NA,,2. AAVretro-hSyn-Cre-WPRE,"iontophoresis (5 min, 7secOn/Off)"
SW181113-08A,NA,NA,NA,Tracer Injected,retrograde,SSp-ll,NA,Hongwei Dong,U01MH114829-01,NA,BIL,NA,NA,NA,NA,-0.8,2,-1.3,3 CTB 555,pressure (50nl)
SW181113-08A,NA,NA,NA,Tracer Injected,retrograde,failed,NA,Hongwei Dong,U01MH114829-01,NA,BIL,NA,NA,NA,NA,NA,NA,,4 FG,"iontophoresis (10 min, 7secOn/Off)"
SW181119-03A,NA,NA,NA,Tracer Injected,retrograde,SSp-bfd,NA,Hongwei Dong,U01MH114829-01,NA,BIL,NA,NA,NA,NA,0.245,3.45,-1.29,1 CTB 647,"iontophoresis (10 min, 7secOn/Off)"
SW181119-03A,NA,NA,NA,Tracer Injected,retrograde,SSp-ul,NA,Hongwei Dong,U01MH114829-01,NA,BIL,NA,NA,NA,NA,-0.48,2.94,-1.405,2 FG,"iontophoresis (5 min, 7secOn/Off)"
SW181119-03A,NA,NA,NA,Tracer Injected,retrograde,SSp-tr,NA,Hongwei Dong,U01MH114829-01,NA,BIL,NA,NA,NA,NA,-1.155,3.18,-1.1032,3 CTB 555,pressure (50nl)
SW181119-03A,NA,NA,NA,Tracer Injected,retrograde,failed,NA,Hongwei Dong,U01MH114829-01,NA,BIL,NA,NA,NA,NA,NA,NA,,4 CTB 488,pressure (50nl)
SW181128-01A,mouse,NCBI:txid10090,C57Bl6,Tracer Injected,retrograde,MOp,University of Southern California,Hongwei Dong,U19MH114821-01,U19 Huang,BIL,https://download.brainimagelibrary.org/d7/8e/d78e2226de736f24/1U19MH114821-01/SW181128-01A/,NA,NA,NA,-0.38,1.25,-1.25,1. CTB 647,"iontophoresis (10 min, 7secOn/Off)"
SW181128-01A,mouse,NCBI:txid10090,C57Bl6,Tracer Injected,retrograde,failed,University of Southern California,Hongwei Dong,U19MH114821-01,U19 Huang,BIL,https://download.brainimagelibrary.org/d7/8e/d78e2226de736f24/1U19MH114821-01/SW181128-01A/,NA,NA,NA,NA,NA,,2.CTB 555,pressure (50nl)
SW181128-01A,mouse,NCBI:txid10090,C57Bl6,Tracer Injected,retrograde,failed,University of Southern California,Hongwei Dong,U19MH114821-01,U19 Huang,BIL,https://download.brainimagelibrary.org/d7/8e/d78e2226de736f24/1U19MH114821-01/SW181128-01A/,NA,NA,NA,NA,NA,,3. AAVretro-hSyn-Cre-WPRE,"iontophoresis (3 min, 7secOn/Off)"
SW181128-01A,mouse,NCBI:txid10090,C57Bl6,Tracer Injected,retrograde,SSs,University of Southern California,Hongwei Dong,U19MH114821-01,U19 Huang,BIL,https://download.brainimagelibrary.org/d7/8e/d78e2226de736f24/1U19MH114821-01/SW181128-01A/,NA,NA,NA,-0.38,4.25,-3.25,4. FG,"iontophoresis (5 min, 7secOn/Off)"
SW181130-01A,mouse,NCBI:txid10090,C57Bl6,Tracer Injected,retrograde,MOp,University of Southern California,Hongwei Dong,U01MH114829-01,U01 Dong,BIL,https://download.brainimagelibrary.org/11/5b/115bda6eacd6507c/1U01MH114829-01/SW181130-01A,NA,NA,NA,2.145,3,-2.7,1 CTB 647,"iontophoresis (10 min, 7secOn/Off)"
SW181130-01A,mouse,NCBI:txid10090,C57Bl6,Tracer Injected,retrograde,ACB,University of Southern California,Hongwei Dong,U01MH114829-01,U01 Dong,BIL,https://download.brainimagelibrary.org/11/5b/115bda6eacd6507c/1U01MH114829-01/SW181130-01A,NA,NA,NA,1.045,2.3,-5,2 FG,"iontophoresis (5 min, 7secOn/Off)"
SW181130-01A,mouse,NCBI:txid10090,C57Bl6,Tracer Injected,retrograde,SSs,University of Southern California,Hongwei Dong,U01MH114829-01,U01 Dong,BIL,https://download.brainimagelibrary.org/11/5b/115bda6eacd6507c/1U01MH114829-01/SW181130-01A,NA,NA,NA,0.345,3.75,-3.1,3 CTB 555,pressure (50nl)
SW181130-01A,mouse,NCBI:txid10090,C57Bl6,Tracer Injected,retrograde,CEAc,University of Southern California,Hongwei Dong,U01MH114829-01,U01 Dong,BIL,https://download.brainimagelibrary.org/11/5b/115bda6eacd6507c/1U01MH114829-01/SW181130-01A,NA,NA,NA,-0.655,3.1,-5.5,4 AAVretro-hSyn-Cre-WPRE,"iontophoresis (5 min, 7secOn/Off)"
SW181130-02A,mouse,NCBI:txid10090,C57Bl6,Tracer Injected,retrograde,CM,University of Southern California,Hongwei Dong,U01MH114829-01,U01 Dong,BIL,https://download.brainimagelibrary.org/11/5b/115bda6eacd6507c/1U01MH114829-01/SW181130-02A,NA,NA,NA,-1.555,0.1,-4.125,1 CTB 647,"iontophoresis (10 min, 7secOn/Off)"
SW181130-02A,mouse,NCBI:txid10090,C57Bl6,Tracer Injected,retrograde,PBmm,University of Southern California,Hongwei Dong,U01MH114829-01,U01 Dong,BIL,https://download.brainimagelibrary.org/11/5b/115bda6eacd6507c/1U01MH114829-01/SW181130-02A,NA,NA,NA,-5.38,1.25,-3.4,2 FG,"iontophoresis (5 min, 7secOn/Off)"
SW181130-02A,mouse,NCBI:txid10090,C57Bl6,Tracer Injected,retrograde,LAV,University of Southern California,Hongwei Dong,U01MH114829-01,U01 Dong,BIL,https://download.brainimagelibrary.org/11/5b/115bda6eacd6507c/1U01MH114829-01/SW181130-02A,NA,NA,NA,-5.955,1.5,-4.3,3 CTB 555,pressure (50nl)
SW181130-02A,mouse,NCBI:txid10090,C57Bl6,Tracer Injected,retrograde,failed,University of Southern California,Hongwei Dong,U01MH114829-01,U01 Dong,BIL,https://download.brainimagelibrary.org/11/5b/115bda6eacd6507c/1U01MH114829-01/SW181130-02A,NA,NA,NA,NA,NA,,4 AAVretro-hSyn-Cre-WPRE,"iontophoresis (5 min, 7secOn/Off)"
SW181218-01A,mouse,NCBI:txid10090,C57Bl6,Tracer Injected,retrograde,MOs,University of Southern California,Hongwei Dong,U19MH114821-01,U19 Huang,BIL,https://download.brainimagelibrary.org/47/01/4701bc104b9651f0/1U19MH114821-01/SW181218-01A/,NA,NA,NA,1.545,0.5,-0.75,1. CTB 647,"iontophoresis (10 min, 7secOn/Off)"
SW181218-01A,mouse,NCBI:txid10090,C57Bl6,Tracer Injected,retrograde,MOp,University of Southern California,Hongwei Dong,U19MH114821-01,U19 Huang,BIL,https://download.brainimagelibrary.org/47/01/4701bc104b9651f0/1U19MH114821-01/SW181218-01A/,NA,NA,NA,1.345,1.7,-1.4,2.CTB 555,pressure (50nl)
SW181218-01A,mouse,NCBI:txid10090,C57Bl6,Tracer Injected,retrograde,SSp-m,University of Southern California,Hongwei Dong,U19MH114821-01,U19 Huang,BIL,https://download.brainimagelibrary.org/47/01/4701bc104b9651f0/1U19MH114821-01/SW181218-01A/,NA,NA,NA,1.345,3.5,-2.75,4. FG,"iontophoresis (5 min, 7secOn/Off)"
SW181218-01A,mouse,NCBI:txid10090,C57Bl6,Tracer Injected,retrograde,SSp-m,University of Southern California,Hongwei Dong,U19MH114821-01,U19 Huang,BIL,https://download.brainimagelibrary.org/47/01/4701bc104b9651f0/1U19MH114821-01/SW181218-01A/,NA,NA,NA,1.345,2.5,-1.9,CTB 488,pressure (50nl)
SW181220-01A,mouse,NCBI:txid10090,C57Bl6,Tracer Injected,retrograde,MOs,University of Southern California,Hongwei Dong,U19MH114821-01,U19 Huang,BIL,https://download.brainimagelibrary.org/4b/56/4b566d18d8902206/1U19MH114821-01/SW181220-01A/,NA,NA,NA,0.445,1.1,-1.35,1. CTB 647,"iontophoresis (10 min, 7secOn/Off)"
SW181220-01A,mouse,NCBI:txid10090,C57Bl6,Tracer Injected,retrograde,MOp,University of Southern California,Hongwei Dong,U19MH114821-01,U19 Huang,BIL,https://download.brainimagelibrary.org/4b/56/4b566d18d8902206/1U19MH114821-01/SW181220-01A/,NA,NA,NA,0.445,1.4,-1.7,2.CTB 555,pressure (50nl)
SW181220-01A,mouse,NCBI:txid10090,C57Bl6,Tracer Injected,retrograde,SSp-bfd,University of Southern California,Hongwei Dong,U19MH114821-01,U19 Huang,BIL,https://download.brainimagelibrary.org/4b/56/4b566d18d8902206/1U19MH114821-01/SW181220-01A/,NA,NA,NA,0.245,3.4,-2.75,4. FG,"iontophoresis (5 min, 7secOn/Off)"
SW181220-01A,mouse,NCBI:txid10090,C57Bl6,Tracer Injected,retrograde,external_capsule,University of Southern California,Hongwei Dong,U19MH114821-01,U19 Huang,BIL,https://download.brainimagelibrary.org/4b/56/4b566d18d8902206/1U19MH114821-01/SW181220-01A/,NA,NA,NA,0.245,2.75,-2.5,CTB 488,pressure (50nl)
SW181220-02A,mouse,NCBI:txid10090,C57Bl6,Tracer Injected,retrograde,MOs,University of Southern California,Hongwei Dong,U19MH114821-01,U19 Huang,BIL,https://download.brainimagelibrary.org/4b/56/4b566d18d8902206/1U19MH114821-01/SW181220-02A/,NA,NA,NA,1.345,0.6,-0.8,1. CTB 647,"iontophoresis (10 min, 7secOn/Off)"
SW181220-02A,mouse,NCBI:txid10090,C57Bl6,Tracer Injected,retrograde,MOp,University of Southern California,Hongwei Dong,U19MH114821-01,U19 Huang,BIL,https://download.brainimagelibrary.org/4b/56/4b566d18d8902206/1U19MH114821-01/SW181220-02A/,NA,NA,NA,1.245,1.75,-1.3,2.Retro AAV Cre,"iontophoresis (5 min, 7secOn/Off)"
SW181220-02A,mouse,NCBI:txid10090,C57Bl6,Tracer Injected,retrograde,SSp,University of Southern California,Hongwei Dong,U19MH114821-01,U19 Huang,BIL,https://download.brainimagelibrary.org/4b/56/4b566d18d8902206/1U19MH114821-01/SW181220-02A/,NA,NA,NA,1.245,3.15,-2,3 CTB 555,pressure (50nl)
SW181220-02A,mouse,NCBI:txid10090,C57Bl6,Tracer Injected,retrograde,SSp,University of Southern California,Hongwei Dong,U19MH114821-01,U19 Huang,BIL,https://download.brainimagelibrary.org/4b/56/4b566d18d8902206/1U19MH114821-01/SW181220-02A/,NA,NA,NA,1.045,3.6,-2.75,4. FG,"iontophoresis (5 min, 7secOn/Off)"
SW181220-03A,mouse,NCBI:txid10090,C57Bl6,Tracer Injected,retrograde,MOp,University of Southern California,Hongwei Dong,U19MH114821-01,U19 Huang,BIL,https://download.brainimagelibrary.org/4b/56/4b566d18d8902206/1U19MH114821-01/SW181220-03A/,NA,NA,NA,0.745,1.25,-1.5,1. CTB 647,"iontophoresis (10 min, 7secOn/Off)"
SW181220-03A,mouse,NCBI:txid10090,C57Bl6,Tracer Injected,retrograde,failed,University of Southern California,Hongwei Dong,U19MH114821-01,U19 Huang,BIL,https://download.brainimagelibrary.org/4b/56/4b566d18d8902206/1U19MH114821-01/SW181220-03A/,NA,NA,NA,NA,NA,,2.AAVretro-hSyn-Cre-WPRE,"iontophoresis (5 min, 7secOn/Off)"
SW181220-03A,mouse,NCBI:txid10090,C57Bl6,Tracer Injected,retrograde,SSp,University of Southern California,Hongwei Dong,U19MH114821-01,U19 Huang,BIL,https://download.brainimagelibrary.org/4b/56/4b566d18d8902206/1U19MH114821-01/SW181220-03A/,NA,NA,NA,0.545,2.5,-2.1,3. AAVretro-hSyn-Cre-WPRE,"iontophoresis (3 min, 7secOn/Off)"
SW181220-03A,mouse,NCBI:txid10090,C57Bl6,Tracer Injected,retrograde,SSp,University of Southern California,Hongwei Dong,U19MH114821-01,U19 Huang,BIL,https://download.brainimagelibrary.org/4b/56/4b566d18d8902206/1U19MH114821-01/SW181220-03A/,NA,NA,NA,0.545,3.5,-2.5,4. FG,"iontophoresis (5 min, 7secOn/Off)"
SW190207-04A,mouse,NCBI:txid10102,,Tracer Injected,retrograde,VISam,University of Southern California,Hongwei Dong,U01MH114829-01,U01 Dong,BIL,https://download.brainimagelibrary.org/d9/b8/d9b827f296313258/1U01MH114829-01/SW190207-04A/,NA,NA,NA,-3.08,1.75,-0.8,1. AAVretro-hSyn-Cre-WPRE,"iontophoresis (5 min, 7secOn/Off)"
SW190207-04A,mouse,NCBI:txid10102,,Tracer Injected,retrograde,VISp,University of Southern California,Hongwei Dong,U01MH114829-01,U01 Dong,BIL,https://download.brainimagelibrary.org/d9/b8/d9b827f296313258/1U01MH114829-01/SW190207-04A/,NA,NA,NA,-3.08,2.5,-1.2,2. CTB 555,pressure (50nl)
SW190207-04A,mouse,NCBI:txid10102,,Tracer Injected,retrograde,CA1sp,University of Southern California,Hongwei Dong,U01MH114829-01,U01 Dong,BIL,https://download.brainimagelibrary.org/d9/b8/d9b827f296313258/1U01MH114829-01/SW190207-04A/,NA,NA,NA,-3.08,3.2,-1.8,3. FG,"iontophoresis (10 min, 7secOn/Off)"
SW190207-04A,mouse,NCBI:txid10102,,Tracer Injected,retrograde,PL/ORBm,University of Southern California,Hongwei Dong,U01MH114829-01,U01 Dong,BIL,https://download.brainimagelibrary.org/d9/b8/d9b827f296313258/1U01MH114829-01/SW190207-04A/,NA,NA,NA,2.745,0.75,-2.3,4. CTB 647,"iontophoresis (10 min, 7secOn/Off)"
SW190215-01A,mouse,NCBI:txid10090,C57Bl6,Tracer Injected,retrograde,ACAd/PL,University of Southern California,Hongwei Dong,U01MH114829-01,U01 Dong,BIL,https://download.brainimagelibrary.org/82/e9/82e9592c90c456ef/1U01MH114829-01/SW190215-01A/,NA,NA,NA,2.545,0.5,-0.7,1. CTB 647,"iontophoresis (10 min, 7secOn/Off)"
SW190215-01A,mouse,NCBI:txid10090,C57Bl6,Tracer Injected,retrograde,ORBvl,University of Southern California,Hongwei Dong,U01MH114829-01,U01 Dong,BIL,https://download.brainimagelibrary.org/82/e9/82e9592c90c456ef/1U01MH114829-01/SW190215-01A/,NA,NA,NA,2.545,1,-2.5,2. CTB 555,pressure (50nl)
SW190215-01A,mouse,NCBI:txid10090,C57Bl6,Tracer Injected,retrograde,LSR,University of Southern California,Hongwei Dong,U01MH114829-01,U01 Dong,BIL,https://download.brainimagelibrary.org/82/e9/82e9592c90c456ef/1U01MH114829-01/SW190215-01A/,NA,NA,NA,0.455,0.5,-2.75,3. FG,"iontophoresis (10 min, 7secOn/Off)"
SW190215-01A,mouse,NCBI:txid10090,C57Bl6,Tracer Injected,retrograde,LHA,University of Southern California,Hongwei Dong,U01MH114829-01,U01 Dong,BIL,https://download.brainimagelibrary.org/82/e9/82e9592c90c456ef/1U01MH114829-01/SW190215-01A/,NA,NA,NA,0.555,1.5,-6,4. AAVretro-hSyn-Cre-WPRE,"iontophoresis (5 min, 7secOn/Off)"
SW190215-02A,mouse,NCBI:txid10090,C57Bl6,Tracer Injected,retrograde,PL,University of Southern California,Hongwei Dong,U01MH114829-01,U01 Dong,BIL,https://download.brainimagelibrary.org/82/e9/82e9592c90c456ef/1U01MH114829-01/SW190215-02A/,NA,NA,NA,2.545,0.425,-2.23,1. CTB 647,"iontophoresis (10 min, 7secOn/Off)"
SW190215-02A,mouse,NCBI:txid10090,C57Bl6,Tracer Injected,retrograde,ORBvl,University of Southern California,Hongwei Dong,U01MH114829-01,U01 Dong,BIL,https://download.brainimagelibrary.org/82/e9/82e9592c90c456ef/1U01MH114829-01/SW190215-02A/,NA,NA,NA,2.545,0.71,-2.915,2 AAVretro-hSyn-Cre-WPRE,"iontophoresis (5 min, 7secOn/Off)"
SW190215-02A,mouse,NCBI:txid10090,C57Bl6,Tracer Injected,retrograde,LSc,University of Southern California,Hongwei Dong,U01MH114829-01,U01 Dong,BIL,https://download.brainimagelibrary.org/82/e9/82e9592c90c456ef/1U01MH114829-01/SW190215-02A/,NA,NA,NA,0.62,0.415,-2.63,3. CTB 555,pressure (50nl)
SW190215-02A,mouse,NCBI:txid10090,C57Bl6,Tracer Injected,retrograde,LHA,University of Southern California,Hongwei Dong,U01MH114829-01,U01 Dong,BIL,https://download.brainimagelibrary.org/82/e9/82e9592c90c456ef/1U01MH114829-01/SW190215-02A/,NA,NA,NA,-0.755,1.07,-5.75,4 FG,"iontophoresis (10 min, 7secOn/Off)"
SW190219-01A,NA,NA,NA,Tracer Injected,retrograde,ECT/PERI,NA,Hongwei Dong,U01MH114829-01,NA,BIL,NA,NA,NA,NA,-2.88,4.8,-6,1. FG,"iontophoresis (5 min, 7secOn/Off)"
SW190219-01A,NA,NA,NA,Tracer Injected,retrograde,ACB/CP,NA,Hongwei Dong,U01MH114829-01,NA,BIL,NA,NA,NA,NA,1.045,1.75,-5,2. CTB 647,"iontophoresis (10 min, 7secOn/Off)"
SW190219-01A,NA,NA,NA,Tracer Injected,retrograde,AHNa,NA,Hongwei Dong,U01MH114829-01,NA,BIL,NA,NA,NA,NA,-0.955,0.75,-6.3,3.  AAVretro-hSyn-Cre-WPRE,"iontophoresis (5 min, 7secOn/Off)"
SW190219-01A,NA,NA,NA,Tracer Injected,retrograde,LHA,NA,Hongwei Dong,U01MH114829-01,NA,BIL,NA,NA,NA,NA,-1.055,0.75,-6.25,4. CTB 555,pressure (50nl)
SW190219-02A,mouse,NCBI:txid10090,C57Bl6,Tracer Injected,retrograde,TEa,University of Southern California,Hongwei Dong,U01MH114829-01,U01 Dong,BIL,https://download.brainimagelibrary.org/82/e9/82e9592c90c456ef/1U01MH114829-01/SW190219-02A/,NA,NA,NA,-2.48,4.4,-3.4,1. FG,"iontophoresis (5 min, 7secOn/Off)"
SW190219-02A,mouse,NCBI:txid10090,C57Bl6,Tracer Injected,retrograde,DMH,University of Southern California,Hongwei Dong,U01MH114829-01,U01 Dong,BIL,https://download.brainimagelibrary.org/82/e9/82e9592c90c456ef/1U01MH114829-01/SW190219-02A/,NA,NA,NA,-1.255,1.35,-5.5,4. CTB 555,pressure (50nl)
SW190219-03A,NA,NA,NA,Tracer Injected,retrograde,CA1so,NA,Hongwei Dong,U01MH114829-01,NA,BIL,NA,NA,NA,NA,-3.08,3.2,-1.82,1. AAVretro-hSyn-Cre-WPRE,"iontophoresis (5 min, 7secOn/Off)"
SW190219-03A,NA,NA,NA,Tracer Injected,retrograde,CA1so,NA,Hongwei Dong,U01MH114829-01,NA,BIL,NA,NA,NA,NA,-2.88,2.125,-1.25,2. CTB 555,pressure (50nl)
SW190219-03A,NA,NA,NA,Tracer Injected,retrograde,external_capsule,NA,Hongwei Dong,U01MH114829-01,NA,BIL,NA,NA,NA,NA,-2.88,2.95,-1.5,3. FG,"iontophoresis (10 min, 7secOn/Off)"
SW190219-03A,NA,NA,NA,Tracer Injected,retrograde,PL/ORBm,NA,Hongwei Dong,U01MH114829-01,NA,BIL,NA,NA,NA,NA,2.545,0.7,-2.35,4. CTB 647,"iontophoresis (10 min, 7secOn/Off)"
SW190220-01A,mouse,NCBI:txid10090,C57Bl6,Tracer Injected,retrograde,PL,University of Southern California,Hongwei Dong,U19MH114821-01,U19 Huang,BIL,https://download.brainimagelibrary.org/d7/8e/d78e2226de736f24/1U19MH114821-01/SW190220-01A/,NA,NA,NA,2.145,0.5,-2,1. CTB 555,pressure (50nl)
SW190220-01A,mouse,NCBI:txid10090,C57Bl6,Tracer Injected,retrograde,MOs,University of Southern California,Hongwei Dong,U19MH114821-01,U19 Huang,BIL,https://download.brainimagelibrary.org/d7/8e/d78e2226de736f24/1U19MH114821-01/SW190220-01A/,NA,NA,NA,2.145,0.9,-1.25,2.CTB 647,"iontophoresis (10 min, 7secOn/Off)"
SW190220-01A,mouse,NCBI:txid10090,C57Bl6,Tracer Injected,retrograde,ACAd,University of Southern California,Hongwei Dong,U19MH114821-01,U19 Huang,BIL,https://download.brainimagelibrary.org/d7/8e/d78e2226de736f24/1U19MH114821-01/SW190220-01A/,NA,NA,NA,2.045,0.6,-1.4,3. FG,"iontophoresis (10 min, 7secOn/Off)"
SW190220-01A,mouse,NCBI:txid10090,C57Bl6,Tracer Injected,retrograde,ACAd,University of Southern California,Hongwei Dong,U19MH114821-01,U19 Huang,BIL,https://download.brainimagelibrary.org/d7/8e/d78e2226de736f24/1U19MH114821-01/SW190220-01A/,NA,NA,NA,2.045,0.7,-1.55,4. AAV retro Cre,"iontophoresis (5 min, 7secOn/Off)"
SW190220-02A,mouse,NCBI:txid10090,C57Bl6,Tracer Injected,retrograde,PL,University of Southern California,Hongwei Dong,U19MH114821-01,U19 Huang,BIL,https://download.brainimagelibrary.org/4b/56/4b566d18d8902206/1U19MH114821-01/SW190220-02A/,NA,NA,NA,2.045,0.375,-1.9,1. CTB 555,pressure (50nl)
SW190220-02A,mouse,NCBI:txid10090,C57Bl6,Tracer Injected,retrograde,MOs,University of Southern California,Hongwei Dong,U19MH114821-01,U19 Huang,BIL,https://download.brainimagelibrary.org/4b/56/4b566d18d8902206/1U19MH114821-01/SW190220-02A/,NA,NA,NA,2.245,1.875,-1.75,2.CTB 647,"iontophoresis (10 min, 7secOn/Off)"
SW190220-02A,mouse,NCBI:txid10090,C57Bl6,Tracer Injected,retrograde,PL,University of Southern California,Hongwei Dong,U19MH114821-01,U19 Huang,BIL,https://download.brainimagelibrary.org/4b/56/4b566d18d8902206/1U19MH114821-01/SW190220-02A/,NA,NA,NA,2.245,0.9,-2.25,3. AAVretro-hSyn-Cre-WPRE,"iontophoresis (5 min, 7secOn/Off)"
SW190220-02A,mouse,NCBI:txid10090,C57Bl6,Tracer Injected,retrograde,cc,University of Southern California,Hongwei Dong,U19MH114821-01,U19 Huang,BIL,https://download.brainimagelibrary.org/4b/56/4b566d18d8902206/1U19MH114821-01/SW190220-02A/,NA,NA,NA,NA,NA,,4. FG,"iontophoresis (5 min, 7secOn/Off)"
SW190227-09A,mouse,NCBI:txid10090,C57Bl6,Tracer Injected,retrograde,PO,University of Southern California,Hongwei Dong,U19MH114821-01,U19 Huang,BIL,https://download.brainimagelibrary.org/4b/56/4b566d18d8902206/1U19MH114821-01/SW190227-09A/,NA,NA,NA,-1.255,1.5,-3.25,1 .CTB 647,"iontophoresis (10 min, 7secOn/Off)"
SW190227-09A,mouse,NCBI:txid10090,C57Bl6,Tracer Injected,retrograde,PO,University of Southern California,Hongwei Dong,U19MH114821-01,U19 Huang,BIL,https://download.brainimagelibrary.org/4b/56/4b566d18d8902206/1U19MH114821-01/SW190227-09A/,NA,NA,NA,-2.055,1.55,-3.5,2. AAVretro-hSyn-Cre-WPRE,"iontophoresis (5 min, 7secOn/Off)"
SW190227-09A,mouse,NCBI:txid10090,C57Bl6,Tracer Injected,retrograde,PO,University of Southern California,Hongwei Dong,U19MH114821-01,U19 Huang,BIL,https://download.brainimagelibrary.org/4b/56/4b566d18d8902206/1U19MH114821-01/SW190227-09A/,NA,NA,NA,-1.655,1.675,-3.1,3. CTB 555,pressure (50nl)
SW190227-09A,mouse,NCBI:txid10090,C57Bl6,Tracer Injected,retrograde,PO,University of Southern California,Hongwei Dong,U19MH114821-01,U19 Huang,BIL,https://download.brainimagelibrary.org/4b/56/4b566d18d8902206/1U19MH114821-01/SW190227-09A/,NA,NA,NA,-2.355,1.5,-3.45,4. FG,"iontophoresis (5 min, 7secOn/Off)"
SW190306-03A,mouse,NCBI:txid10090,C57Bl6,Tracer Injected,retrograde,RT,University of Southern California,Hongwei Dong,U19MH114821-01,U19 Huang,BIL,https://download.brainimagelibrary.org/04/64/04646ca62a4c2ad4/1U19MH114821-01/SW190306-03A,NA,NA,NA,-0.755,1.6,-3.4,1 .CTB 647,"iontophoresis (10 min, 7secOn/Off)"
SW190306-03A,mouse,NCBI:txid10090,C57Bl6,Tracer Injected,retrograde,VAL/RT/LD,University of Southern California,Hongwei Dong,U19MH114821-01,U19 Huang,BIL,https://download.brainimagelibrary.org/04/64/04646ca62a4c2ad4/1U19MH114821-01/SW190306-03A,NA,NA,NA,-0.955,1.5,-3.25,2. AAVretro-hSyn-Cre-WPRE,"iontophoresis (5 min, 7secOn/Off)"
SW190306-03A,mouse,NCBI:txid10090,C57Bl6,Tracer Injected,retrograde,VPL,University of Southern California,Hongwei Dong,U19MH114821-01,U19 Huang,BIL,https://download.brainimagelibrary.org/04/64/04646ca62a4c2ad4/1U19MH114821-01/SW190306-03A,NA,NA,NA,-1.855,1.3,-3.75,3. CTB 555,pressure (50nl)
SW190306-03A,mouse,NCBI:txid10090,C57Bl6,Tracer Injected,retrograde,GPi,University of Southern California,Hongwei Dong,U19MH114821-01,U19 Huang,BIL,https://download.brainimagelibrary.org/04/64/04646ca62a4c2ad4/1U19MH114821-01/SW190306-03A,NA,NA,NA,-1.355,11.2,-4.75,4. FG,"iontophoresis (5 min, 7secOn/Off)"
SW190313-02A,mouse,NCBI:txid10090,C57Bl6,Tracer Injected,anterograde,VAL/VPL,University of Southern California,Hongwei Dong,U19MH114821-01,U19 Huang,BIL,https://download.brainimagelibrary.org/4b/56/4b566d18d8902206/1U19MH114821-01/SW190313-02A/,NA,NA,NA,-1.355,1.5,-4.3,1. PHAL,"iontophoresis (10 min, 7secOn/Off)"
SW190313-02A,mouse,NCBI:txid10090,C57Bl6,Tracer Injected,anterograde,RT,University of Southern California,Hongwei Dong,U19MH114821-01,U19 Huang,BIL,https://download.brainimagelibrary.org/4b/56/4b566d18d8902206/1U19MH114821-01/SW190313-02A/,NA,NA,NA,-1.555,2.25,-4.3,2. AAV1-CAG-tdTomato-WPRE,"iontophoresis (3 min, 7secOn/Off)"
SW190313-02A,mouse,NCBI:txid10090,C57Bl6,Tracer Injected,anterograde,PO,University of Southern California,Hongwei Dong,U19MH114821-01,U19 Huang,BIL,https://download.brainimagelibrary.org/4b/56/4b566d18d8902206/1U19MH114821-01/SW190313-02A/,NA,NA,NA,-1.955,1.3,-3.75,3. AAV1-hSyn-GFP-WPRE,"iontophoresis (3 min, 7secOn/Off)"
SW190313-04A,mouse,NCBI:txid10090,C57Bl6,Tracer Injected,anterograde,VAL/RT,University of Southern California,Hongwei Dong,U19MH114821-01,U19 Huang,BIL,https://download.brainimagelibrary.org/4b/56/4b566d18d8902206/1U19MH114821-01/SW190313-04A/,NA,NA,NA,-0.655,1.26,-3.75,1. PHAL,"iontophoresis (10 min, 7secOn/Off)"
SW190313-04A,mouse,NCBI:txid10090,C57Bl6,Tracer Injected,anterograde,VPL/RT,University of Southern California,Hongwei Dong,U19MH114821-01,U19 Huang,BIL,https://download.brainimagelibrary.org/4b/56/4b566d18d8902206/1U19MH114821-01/SW190313-04A/,NA,NA,NA,-1.455,1.9,-4.4,2. AAV1-CAG-tdTomato-WPRE,"iontophoresis (3 min, 7secOn/Off)"
SW190313-04A,mouse,NCBI:txid10090,C57Bl6,Tracer Injected,anterograde,VPL/RT,University of Southern California,Hongwei Dong,U19MH114821-01,U19 Huang,BIL,https://download.brainimagelibrary.org/4b/56/4b566d18d8902206/1U19MH114821-01/SW190313-04A/,NA,NA,NA,-1.155,1.75,-4.3,3. AAV1-hSyn-GFP-WPRE,"iontophoresis (5 min, 7secOn/Off)"
SW190315-01A,mouse,NCBI:txid10090,C57Bl6,Tracer Injected,anterograde,int/RT,University of Southern California,Hongwei Dong,U19MH114821-01,U19 Huang,BIL,https://download.brainimagelibrary.org/4b/56/4b566d18d8902206/1U19MH114821-01/SW190315-01A/,NA,NA,NA,-1.255,2.2,-4.25,1. PHAL,"iontophoresis (10 min, 7secOn/Off)"
SW190315-01A,mouse,NCBI:txid10090,C57Bl6,Tracer Injected,anterograde,VPL/RT,University of Southern California,Hongwei Dong,U19MH114821-01,U19 Huang,BIL,https://download.brainimagelibrary.org/4b/56/4b566d18d8902206/1U19MH114821-01/SW190315-01A/,NA,NA,NA,-2.055,2.25,-4.1,2. AAV1-CAG-tdTomato-WPRE,"iontophoresis (3 min, 7secOn/Off)"
SW190315-01A,mouse,NCBI:txid10090,C57Bl6,Tracer Injected,anterograde,VAL/VPM,University of Southern California,Hongwei Dong,U19MH114821-01,U19 Huang,BIL,https://download.brainimagelibrary.org/4b/56/4b566d18d8902206/1U19MH114821-01/SW190315-01A/,NA,NA,NA,-1.355,1.5,-3.4,3. AAV1-hSyn-GFP-WPRE,"iontophoresis (3 min, 7secOn/Off)"
SW190315-02A,mouse,NCBI:txid10090,C57Bl6,Tracer Injected,anterograde,RT,University of Southern California,Hongwei Dong,U19MH114821-01,U19 Huang,BIL,https://download.brainimagelibrary.org/4b/56/4b566d18d8902206/1U19MH114821-01/SW190315-02A/,NA,NA,NA,-0.755,1.5,-4.4,1. PHAL,"iontophoresis (10 min, 7secOn/Off)"
SW190315-02A,mouse,NCBI:txid10090,C57Bl6,Tracer Injected,anterograde,VPL,University of Southern California,Hongwei Dong,U19MH114821-01,U19 Huang,BIL,https://download.brainimagelibrary.org/4b/56/4b566d18d8902206/1U19MH114821-01/SW190315-02A/,NA,NA,NA,-1.855,2.1,4,2. AAV1-CAG-tdTomato-WPRE,"iontophoresis (3 min, 7secOn/Off)"
SW190315-02A,mouse,NCBI:txid10090,C57Bl6,Tracer Injected,anterograde,VAL,University of Southern California,Hongwei Dong,U19MH114821-01,U19 Huang,BIL,https://download.brainimagelibrary.org/4b/56/4b566d18d8902206/1U19MH114821-01/SW190315-02A/,NA,NA,NA,-1.355,1.4,-3.5,3. AAV1-hSyn-GFP-WPRE,"iontophoresis (5 min, 7secOn/Off)"
SW190315-03A,mouse,NCBI:txid10090,C57Bl6,Tracer Injected,anterograde,VPL,University of Southern California,Hongwei Dong,U19MH114821-01,U19 Huang,BIL,https://download.brainimagelibrary.org/d7/8e/d78e2226de736f24/1U19MH114821-01/SW190315-03A/,NA,NA,NA,-1.655,2.25,-3.9,1. AAV1-hSyn-GFP-WPRE,"iontophoresis (5 min, 7secOn/Off)"
SW190315-03A,mouse,NCBI:txid10090,C57Bl6,Tracer Injected,anterograde,ARA,University of Southern California,Hongwei Dong,U19MH114821-01,U19 Huang,BIL,https://download.brainimagelibrary.org/d7/8e/d78e2226de736f24/1U19MH114821-01/SW190315-03A/,NA,NA,NA,-2.155,1.5,3.75,2. AAV1-CAG-tdTomato-WPRE,"iontophoresis (3 min, 7secOn/Off)"
SW190315-03A,mouse,NCBI:txid10090,C57Bl6,Tracer Injected,anterograde,RT,University of Southern California,Hongwei Dong,U19MH114821-01,U19 Huang,BIL,https://download.brainimagelibrary.org/d7/8e/d78e2226de736f24/1U19MH114821-01/SW190315-03A/,NA,NA,NA,-0.755,1.45,4.3,3. PHAL,"iontophoresis (10 min, 7secOn/Off)"
SW190315-04A,mouse,NCBI:txid10090,C57Bl6,Tracer Injected,anterograde,VPM,University of Southern California,Hongwei Dong,U19MH114821-01,U19 Huang,BIL,https://download.brainimagelibrary.org/d7/8e/d78e2226de736f24/1U19MH114821-01/SW190315-04A/,NA,NA,NA,-1.855,1.9,-3.5,1. AAV1-hSyn-GFP-WPRE,"iontophoresis (5 min, 7secOn/Off)"
SW190315-04A,mouse,NCBI:txid10090,C57Bl6,Tracer Injected,anterograde,PO,University of Southern California,Hongwei Dong,U19MH114821-01,U19 Huang,BIL,https://download.brainimagelibrary.org/d7/8e/d78e2226de736f24/1U19MH114821-01/SW190315-04A/,NA,NA,NA,-1.855,1.4,-3.25,2. AAV1-CAG-tdTomato-WPRE,"iontophoresis (3 min, 7secOn/Off)"
SW190315-04A,mouse,NCBI:txid10090,C57Bl6,Tracer Injected,anterograde,RT,University of Southern California,Hongwei Dong,U19MH114821-01,U19 Huang,BIL,https://download.brainimagelibrary.org/d7/8e/d78e2226de736f24/1U19MH114821-01/SW190315-04A/,NA,NA,NA,-0.755,1.4,-4.3,3. PHAL,"iontophoresis (10 min, 7secOn/Off)"
SW190315-05A,mouse,NCBI:txid10090,C57Bl6,Tracer Injected,anterograde,MOs,"University of California, Los Angeles",Hongwei Dong,U19MH114821-01,U19 Huang,BIL,https://download.brainimagelibrary.org/82/19/82197a758a3b87d2/1U19MH114821-01/SW190315-05A/,NA,NA,NA,2.35,1.3,-1.5,1. PHAL,"iontophoresis (10 min, 7secOn/Off)"
SW190315-05A,mouse,NCBI:txid10090,C57Bl6,Tracer Injected,anterograde,ORBm,"University of California, Los Angeles",Hongwei Dong,U19MH114821-01,U19 Huang,BIL,https://download.brainimagelibrary.org/82/19/82197a758a3b87d2/1U19MH114821-01/SW190315-05A/,NA,NA,NA,2.15,0.4,-2.3,2. AAV1-CAG-tdTomato-WPRE,"iontophoresis (3 min, 7secOn/Off)"
SW190315-05A,mouse,NCBI:txid10090,C57Bl6,Tracer Injected,anterograde,MOp,"University of California, Los Angeles",Hongwei Dong,U19MH114821-01,U19 Huang,BIL,https://download.brainimagelibrary.org/82/19/82197a758a3b87d2/1U19MH114821-01/SW190315-05A/,NA,NA,NA,2.35,2,-3,3. AAV1-hSyn-GFP-WPRE,"iontophoresis (3 min, 7secOn/Off)"
SW190315-07A,mouse,NCBI:txid10090,C57Bl6,Tracer Injected,anterograde,ILA,"University of California, Los Angeles",Hongwei Dong,U19MH114821-01,U19 Huang,BIL,https://download.brainimagelibrary.org/82/19/82197a758a3b87d2/1U19MH114821-01/SW190315-07A/,NA,NA,NA,1.75,0.5,-3,1. PHAL,"iontophoresis (10 min, 7secOn/Off)"
SW190315-09A,mouse,NCBI:txid10090,C57Bl6,Tracer Injected,anterograde,AUDv,"University of California, Los Angeles",Hongwei Dong,U19MH114821-01,U19 Huang,BIL,https://download.brainimagelibrary.org/82/19/82197a758a3b87d2/1U19MH114821-01/SW190315-09A/,NA,NA,NA,-1.56,4.2,-3.1,1. PHAL,"iontophoresis (10 min, 7secOn/Off)"
SW190315-09A,mouse,NCBI:txid10090,C57Bl6,Tracer Injected,anterograde,AUDp,"University of California, Los Angeles",Hongwei Dong,U19MH114821-01,U19 Huang,BIL,https://download.brainimagelibrary.org/82/19/82197a758a3b87d2/1U19MH114821-01/SW190315-09A/,NA,NA,NA,-2.15,4.1,-2.6,2. AAV1-CAG-tdTomato-WPRE,"iontophoresis (3 min, 7secOn/Off)"
SW190315-09A,mouse,NCBI:txid10090,C57Bl6,Tracer Injected,anterograde,AUDp,"University of California, Los Angeles",Hongwei Dong,U19MH114821-01,U19 Huang,BIL,https://download.brainimagelibrary.org/82/19/82197a758a3b87d2/1U19MH114821-01/SW190315-09A/,NA,NA,NA,-3.28,4.1,-2.3,3. AAV1-hSyn-GFP-WPRE,"iontophoresis (5 min, 7secOn/Off)"
SW190410-09A,mouse,NCBI:txid10090,C57Bl6,Tracer Injected,retrograde,RN,University of Southern California,Hongwei Dong,U19MH114821-01,U19 Huang,BIL,https://download.brainimagelibrary.org/04/64/04646ca62a4c2ad4/1U19MH114821-01/SW190410-09A,NA,NA,NA,-3.38,0.75,-4.5,1. CTB 647,"iontophoresis (10 min, 7secOn/Off)"
SW190410-09A,mouse,NCBI:txid10090,C57Bl6,Tracer Injected,retrograde,PSV,University of Southern California,Hongwei Dong,U19MH114821-01,U19 Huang,BIL,https://download.brainimagelibrary.org/04/64/04646ca62a4c2ad4/1U19MH114821-01/SW190410-09A,NA,NA,NA,-5.055,2.1,-5.25,2.CTB 555,pressure (50nl)
SW190410-09A,mouse,NCBI:txid10090,C57Bl6,Tracer Injected,retrograde,SUV/PARN,University of Southern California,Hongwei Dong,U19MH114821-01,U19 Huang,BIL,https://download.brainimagelibrary.org/04/64/04646ca62a4c2ad4/1U19MH114821-01/SW190410-09A,NA,NA,NA,-5.555,1.9,-4.3,3. FG,"iontophoresis (10 min, 7secOn/Off)"
SW190410-09A,mouse,NCBI:txid10090,C57Bl6,Tracer Injected,retrograde,failed,University of Southern California,Hongwei Dong,U19MH114821-01,U19 Huang,BIL,https://download.brainimagelibrary.org/04/64/04646ca62a4c2ad4/1U19MH114821-01/SW190410-09A,NA,NA,NA,NA,NA,,4. AAVretro-hSyn-Cre-WPRE,"iontophoresis (5 min, 7secOn/Off)"
SW190410-10A,mouse,NCBI:txid10090,C57Bl6,Tracer Injected,retrograde,RN/MRN,University of Southern California,Hongwei Dong,U19MH114821-01,U19 Huang,BIL,https://download.brainimagelibrary.org/d7/8e/d78e2226de736f24/1U19MH114821-01/SW190410-10A/,NA,NA,NA,-3.38,0.7,-4.25,1. CTB 647,"iontophoresis (10 min, 7secOn/Off)"
SW190410-10A,mouse,NCBI:txid10090,C57Bl6,Tracer Injected,retrograde,PSV,University of Southern California,Hongwei Dong,U19MH114821-01,U19 Huang,BIL,https://download.brainimagelibrary.org/d7/8e/d78e2226de736f24/1U19MH114821-01/SW190410-10A/,NA,NA,NA,-5.155,1.9,-4.75,2.CTB 555,pressure (50nl)
SW190410-10A,mouse,NCBI:txid10090,C57Bl6,Tracer Injected,retrograde,PSV,University of Southern California,Hongwei Dong,U19MH114821-01,U19 Huang,BIL,https://download.brainimagelibrary.org/d7/8e/d78e2226de736f24/1U19MH114821-01/SW190410-10A/,NA,NA,NA,-5.38,2,-4.1,3. AAVretro-hSyn-Cre-WPRE,"iontophoresis (5 min, 7secOn/Off)"
SW190410-10A,mouse,NCBI:txid10090,C57Bl6,Tracer Injected,retrograde,SPV,University of Southern California,Hongwei Dong,U19MH114821-01,U19 Huang,BIL,https://download.brainimagelibrary.org/d7/8e/d78e2226de736f24/1U19MH114821-01/SW190410-10A/,NA,NA,NA,-5.78,1.9,-4.7,4. FG,"iontophoresis (5 min, 7secOn/Off)"
SW190418-01A,mouse,NCBI:txid10090,C57Bl6,Tracer Injected,retrograde,MRN,University of Southern California,Hongwei Dong,U19MH114821-01,U19 Huang,BIL,https://download.brainimagelibrary.org/d7/8e/d78e2226de736f24/1U19MH114821-01/SW190418-01A/,NA,NA,NA,-3.455,0.5,-3.3,1. AAVretro-hSyn-Cre-WPRE,"iontophoresis (5 min, 7secOn/Off)"
SW190418-01A,mouse,NCBI:txid10090,C57Bl6,Tracer Injected,retrograde,MRN,University of Southern California,Hongwei Dong,U19MH114821-01,U19 Huang,BIL,https://download.brainimagelibrary.org/d7/8e/d78e2226de736f24/1U19MH114821-01/SW190418-01A/,NA,NA,NA,-3.455,1.75,-3.3,2. FG,"iontophoresis (5 min, 7secOn/Off)"
SW190418-01A,mouse,NCBI:txid10090,C57Bl6,Tracer Injected,retrograde,MRN,University of Southern California,Hongwei Dong,U19MH114821-01,U19 Huang,BIL,https://download.brainimagelibrary.org/d7/8e/d78e2226de736f24/1U19MH114821-01/SW190418-01A/,NA,NA,NA,-3.455,1.75,-4,3. CTB 555,pressure (50nl)
SW190418-01A,mouse,NCBI:txid10090,C57Bl6,Tracer Injected,retrograde,MRN,University of Southern California,Hongwei Dong,U19MH114821-01,U19 Huang,BIL,https://download.brainimagelibrary.org/d7/8e/d78e2226de736f24/1U19MH114821-01/SW190418-01A/,NA,NA,NA,-2.88,0.75,-4.6,4. CTB 647,"iontophoresis (10 min, 7secOn/Off)"
SW190418-02A,mouse,NCBI:txid10090,C57Bl6,Tracer Injected,retrograde,MRN,University of Southern California,Hongwei Dong,U19MH114821-01,U19 Huang,BIL,https://download.brainimagelibrary.org/04/64/04646ca62a4c2ad4/1U19MH114821-01/SW190418-02A,NA,NA,NA,-3.455,0.5,-3.3,1. AAVretro-hSyn-Cre-WPRE,"iontophoresis (5 min, 7secOn/Off)"
SW190418-02A,mouse,NCBI:txid10090,C57Bl6,Tracer Injected,retrograde,APN,University of Southern California,Hongwei Dong,U19MH114821-01,U19 Huang,BIL,https://download.brainimagelibrary.org/04/64/04646ca62a4c2ad4/1U19MH114821-01/SW190418-02A,NA,NA,NA,-3.28,1.5,-3.3,2. FG,"iontophoresis (5 min, 7secOn/Off)"
SW190418-02A,mouse,NCBI:txid10090,C57Bl6,Tracer Injected,retrograde,MRN,University of Southern California,Hongwei Dong,U19MH114821-01,U19 Huang,BIL,https://download.brainimagelibrary.org/04/64/04646ca62a4c2ad4/1U19MH114821-01/SW190418-02A,NA,NA,NA,-3.28,1.6,-4.2,3. CTB 555,pressure (50nl)
SW190418-02A,mouse,NCBI:txid10090,C57Bl6,Tracer Injected,retrograde,VTA/MRN,University of Southern California,Hongwei Dong,U19MH114821-01,U19 Huang,BIL,https://download.brainimagelibrary.org/04/64/04646ca62a4c2ad4/1U19MH114821-01/SW190418-02A,NA,NA,NA,-3.08,1,-5,4. CTB 647,"iontophoresis (10 min, 7secOn/Off)"
SW190418-03A,mouse,NCBI:txid10090,C57Bl6,Tracer Injected,retrograde,MRN/SC,University of Southern California,Hongwei Dong,U19MH114821-01,U19 Huang,BIL,https://download.brainimagelibrary.org/d7/8e/d78e2226de736f24/1U19MH114821-01/SW190418-03A/,NA,NA,NA,-3.455,0.75,-3.25,1. AAVretro-hSyn-Cre-WPRE,"iontophoresis (5 min, 7secOn/Off)"
SW190418-03A,mouse,NCBI:txid10090,C57Bl6,Tracer Injected,retrograde,MRN/SC,University of Southern California,Hongwei Dong,U19MH114821-01,U19 Huang,BIL,https://download.brainimagelibrary.org/d7/8e/d78e2226de736f24/1U19MH114821-01/SW190418-03A/,NA,NA,NA,-3.455,1.75,-3.25,2. FG,"iontophoresis (5 min, 7secOn/Off)"
SW190418-03A,mouse,NCBI:txid10090,C57Bl6,Tracer Injected,retrograde,failed,University of Southern California,Hongwei Dong,U19MH114821-01,U19 Huang,BIL,https://download.brainimagelibrary.org/d7/8e/d78e2226de736f24/1U19MH114821-01/SW190418-03A/,NA,NA,NA,NA,NA,,3. CTB 555,pressure (50nl)
SW190418-03A,mouse,NCBI:txid10090,C57Bl6,Tracer Injected,retrograde,RN,University of Southern California,Hongwei Dong,U19MH114821-01,U19 Huang,BIL,https://download.brainimagelibrary.org/d7/8e/d78e2226de736f24/1U19MH114821-01/SW190418-03A/,NA,NA,NA,-3.08,0.75,-4.5,4. CTB 647,"iontophoresis (10 min, 7secOn/Off)"
SW190418-04A,mouse,NCBI:txid10090,C57Bl6,Tracer Injected,retrograde,VTA,University of Southern California,Hongwei Dong,U19MH114821-01,U19 Huang,BIL,https://download.brainimagelibrary.org/d7/8e/d78e2226de736f24/1U19MH114821-01/SW190418-04A/,NA,NA,NA,-3.28,0.6,-4.75,1. AAVretro-hSyn-Cre-WPRE,"iontophoresis (5 min, 7secOn/Off)"
SW190418-04A,mouse,NCBI:txid10090,C57Bl6,Tracer Injected,retrograde,APN,University of Southern California,Hongwei Dong,U19MH114821-01,U19 Huang,BIL,https://download.brainimagelibrary.org/d7/8e/d78e2226de736f24/1U19MH114821-01/SW190418-04A/,NA,NA,NA,-3.28,1.5,-3,2. FG,"iontophoresis (5 min, 7secOn/Off)"
SW190418-04A,mouse,NCBI:txid10090,C57Bl6,Tracer Injected,retrograde,MRN,University of Southern California,Hongwei Dong,U19MH114821-01,U19 Huang,BIL,https://download.brainimagelibrary.org/d7/8e/d78e2226de736f24/1U19MH114821-01/SW190418-04A/,NA,NA,NA,-3.28,1.5,-4,3. CTB 555,pressure (50nl)
SW190418-04A,mouse,NCBI:txid10090,C57Bl6,Tracer Injected,retrograde,RN,University of Southern California,Hongwei Dong,U19MH114821-01,U19 Huang,BIL,https://download.brainimagelibrary.org/d7/8e/d78e2226de736f24/1U19MH114821-01/SW190418-04A/,NA,NA,NA,-3.18,0.75,-4.6,4. CTB 647,"iontophoresis (10 min, 7secOn/Off)"
SW190423-08A,mouse,NCBI:txid10090,C57Bl6,Tracer Injected,retrograde,failed,University of Southern California,Hongwei Dong,U01MH114829-01,U01 Dong,BIL,https://download.brainimagelibrary.org/82/e9/82e9592c90c456ef/1U01MH114829-01/SW190423-08A/,NA,NA,NA,NA,NA,,1. CTB 647,"iontophoresis (10 min, 7secOn/Off)"
SW190423-08A,mouse,NCBI:txid10090,C57Bl6,Tracer Injected,retrograde,MOp,University of Southern California,Hongwei Dong,U01MH114829-01,U01 Dong,BIL,https://download.brainimagelibrary.org/82/e9/82e9592c90c456ef/1U01MH114829-01/SW190423-08A/,NA,NA,NA,1.745,1.5,-2,2.AAVretro-hSyn-Cre-WPRE,"iontophoresis (5 min, 7secOn/Off)"
SW190423-08A,mouse,NCBI:txid10090,C57Bl6,Tracer Injected,retrograde,SSp-ul,University of Southern California,Hongwei Dong,U01MH114829-01,U01 Dong,BIL,https://download.brainimagelibrary.org/82/e9/82e9592c90c456ef/1U01MH114829-01/SW190423-08A/,NA,NA,NA,-0.38,2.4,-1.75,3. CTB 555,pressure (50nl)
SW190423-08A,mouse,NCBI:txid10090,C57Bl6,Tracer Injected,retrograde,SSs/SSp-bfd,University of Southern California,Hongwei Dong,U01MH114829-01,U01 Dong,BIL,https://download.brainimagelibrary.org/82/e9/82e9592c90c456ef/1U01MH114829-01/SW190423-08A/,NA,NA,NA,-1.055,3.55,-2.5,4. FG,"iontophoresis (5 min, 7secOn/Off)"
SW190423-09A,mouse,NCBI:txid10110,,Tracer Injected,retrograde,MOs/MOp,University of Southern California,Hongwei Dong,U01MH114829-01,U01 Dong,BIL,https://download.brainimagelibrary.org/d9/b8/d9b827f296313258/1U01MH114829-01/SW190423-09A/,NA,NA,NA,2.245,1.6,-2.25,1. CTB 647,"iontophoresis (10 min, 7secOn/Off)"
SW190423-09A,mouse,NCBI:txid10110,,Tracer Injected,retrograde,MOp/MOs,University of Southern California,Hongwei Dong,U01MH114829-01,U01 Dong,BIL,https://download.brainimagelibrary.org/d9/b8/d9b827f296313258/1U01MH114829-01/SW190423-09A/,NA,NA,NA,1.845,1.35,-1.75,2. AAVretro-hSyn-Cre-WPRE,"iontophoresis (5 min, 7secOn/Off)"
SW190423-09A,mouse,NCBI:txid10110,,Tracer Injected,retrograde,failed,University of Southern California,Hongwei Dong,U01MH114829-01,U01 Dong,BIL,https://download.brainimagelibrary.org/d9/b8/d9b827f296313258/1U01MH114829-01/SW190423-09A/,NA,NA,NA,NA,NA,,3. CTB 555,pressure (50nl)
SW190423-09A,mouse,NCBI:txid10110,,Tracer Injected,retrograde,SSp-bfd/SSs,University of Southern California,Hongwei Dong,U01MH114829-01,U01 Dong,BIL,https://download.brainimagelibrary.org/d9/b8/d9b827f296313258/1U01MH114829-01/SW190423-09A/,NA,NA,NA,-1.155,3.5,-2.5,4. FG,"iontophoresis (5 min, 7secOn/Off)"
SW190425-07A,NA,NA,NA,Tracer Injected,retrograde,MOs,NA,Hongwei Dong,U01MH114829-01,NA,BIL,NA,NA,NA,NA,2.845,1.4,-2,1. CTB 647,"iontophoresis (10 min, 7secOn/Off)"
SW190425-07A,NA,NA,NA,Tracer Injected,retrograde,failed,NA,Hongwei Dong,U01MH114829-01,NA,BIL,NA,NA,NA,NA,NA,NA,,2.AAVretro-hSyn-Cre-WPRE,"iontophoresis (5 min, 7secOn/Off)"
SW190425-07A,NA,NA,NA,Tracer Injected,retrograde,SSp-bfd,NA,Hongwei Dong,U01MH114829-01,NA,BIL,NA,NA,NA,NA,-0.28,3.6,-2.1,3. CTB 555,pressure (50nl)
SW190425-07A,NA,NA,NA,Tracer Injected,retrograde,SSs,NA,Hongwei Dong,U01MH114829-01,NA,BIL,NA,NA,NA,NA,-1.055,4.5,-3.5,4. FG,"iontophoresis (5 min, 7secOn/Off)"
SW190425-08A,NA,NA,NA,Tracer Injected,retrograde,MOs,NA,Hongwei Dong,U01MH114829-01,NA,BIL,NA,NA,NA,NA,2.745,1.7,-2,1. CTB 647,"iontophoresis (10 min, 7secOn/Off)"
SW190425-08A,NA,NA,NA,Tracer Injected,retrograde,SSp-ul,NA,Hongwei Dong,U01MH114829-01,NA,BIL,NA,NA,NA,NA,-0.38,2.5,-2.1,2. AAVretro-hSyn-Cre-WPRE,"iontophoresis (5 min, 7secOn/Off)"
SW190425-08A,NA,NA,NA,Tracer Injected,retrograde,SSp-bfd,NA,Hongwei Dong,U01MH114829-01,NA,BIL,NA,NA,NA,NA,-0.555,3.5,-2.5,3. CTB 555,pressure (50nl)
SW190425-08A,NA,NA,NA,Tracer Injected,retrograde,SSs,NA,Hongwei Dong,U01MH114829-01,NA,BIL,NA,NA,NA,NA,-0.955,4,-3.3,4. FG,"iontophoresis (5 min, 7secOn/Off)"
SW190426-01A,mouse,NCBI:txid10090,C57Bl6,Tracer Injected,retrograde,failed,University of Southern California,Hongwei Dong,U01MH114829-01,U01 Dong,BIL,https://download.brainimagelibrary.org/90/a9/90a90c314769c834/1U01MH114829-01/SW190426-01A,NA,NA,NA,NA,NA,,1. CTB 647,"iontophoresis (10 min, 7secOn/Off)"
SW190426-01A,mouse,NCBI:txid10090,C57Bl6,Tracer Injected,retrograde,SSp-ul,University of Southern California,Hongwei Dong,U01MH114829-01,U01 Dong,BIL,https://download.brainimagelibrary.org/90/a9/90a90c314769c834/1U01MH114829-01/SW190426-01A,NA,NA,NA,-0.38,2.4,-2,2. AAVretro-hSyn-Cre-WPRE,"iontophoresis (5 min, 7secOn/Off)"
SW190426-01A,mouse,NCBI:txid10090,C57Bl6,Tracer Injected,retrograde,failed,University of Southern California,Hongwei Dong,U01MH114829-01,U01 Dong,BIL,https://download.brainimagelibrary.org/90/a9/90a90c314769c834/1U01MH114829-01/SW190426-01A,NA,NA,NA,NA,NA,,3. CTB 555,pressure (50nl)
SW190426-01A,mouse,NCBI:txid10090,C57Bl6,Tracer Injected,retrograde,AUDv,University of Southern California,Hongwei Dong,U01MH114829-01,U01 Dong,BIL,https://download.brainimagelibrary.org/90/a9/90a90c314769c834/1U01MH114829-01/SW190426-01A,NA,NA,NA,-1.355,4.2,-3.5,4. FG,"iontophoresis (5 min, 7secOn/Off)"
SW190430-03A,mouse,NCBI:txid10090,C57Bl6,Tracer Injected,retrograde,LSR/SF,University of Southern California,Hongwei Dong,U01MH114829-01,U01 Dong,BIL,https://download.brainimagelibrary.org/82/e9/82e9592c90c456ef/1U01MH114829-01/SW190430-03A/,NA,NA,NA,0.02,0.4,-3.25,1. CTB 647,"iontophoresis (10 min, 7secOn/Off)"
SW190430-03A,mouse,NCBI:txid10090,C57Bl6,Tracer Injected,retrograde,SI/FS,University of Southern California,Hongwei Dong,U01MH114829-01,U01 Dong,BIL,https://download.brainimagelibrary.org/82/e9/82e9592c90c456ef/1U01MH114829-01/SW190430-03A/,NA,NA,NA,-0.18,2.1,-5.5,2. CTB 555,pressure (50nl)
SW190430-03A,mouse,NCBI:txid10090,C57Bl6,Tracer Injected,retrograde,FS/CP,University of Southern California,Hongwei Dong,U01MH114829-01,U01 Dong,BIL,https://download.brainimagelibrary.org/82/e9/82e9592c90c456ef/1U01MH114829-01/SW190430-03A/,NA,NA,NA,-0.38,2.3,-5.4,3. FG,"iontophoresis (10 min, 7secOn/Off)"
SW190430-03A,mouse,NCBI:txid10090,C57Bl6,Tracer Injected,retrograde,CP/SI,University of Southern California,Hongwei Dong,U01MH114829-01,U01 Dong,BIL,https://download.brainimagelibrary.org/82/e9/82e9592c90c456ef/1U01MH114829-01/SW190430-03A/,NA,NA,NA,0.02,1.75,-5,4. AAVretro-hSyn-Cre-WPRE,"iontophoresis (5 min, 7secOn/Off)"
SW190502-09A,mouse,NCBI:txid10101,,Tracer Injected,retrograde,failed,University of Southern California,Hongwei Dong,U01MH114829-01,U01 Dong,BIL,https://download.brainimagelibrary.org/d9/b8/d9b827f296313258/1U01MH114829-01/SW190502-09A/,NA,NA,NA,NA,NA,,1. FG,"iontophoresis (5 min, 7secOn/Off)"
SW190502-09A,mouse,NCBI:txid10101,,Tracer Injected,retrograde,failed,University of Southern California,Hongwei Dong,U01MH114829-01,U01 Dong,BIL,https://download.brainimagelibrary.org/d9/b8/d9b827f296313258/1U01MH114829-01/SW190502-09A/,NA,NA,NA,NA,NA,,2. CTB 555,pressure (50nl)
SW190502-09A,mouse,NCBI:txid10101,,Tracer Injected,retrograde,COApl,University of Southern California,Hongwei Dong,U01MH114829-01,U01 Dong,BIL,https://download.brainimagelibrary.org/d9/b8/d9b827f296313258/1U01MH114829-01/SW190502-09A/,NA,NA,NA,-2.88,3.3,-6.75,3. CTB 647,"iontophoresis (10 min, 7secOn/Off)"
SW190502-09A,mouse,NCBI:txid10101,,Tracer Injected,retrograde,COApm,University of Southern California,Hongwei Dong,U01MH114829-01,U01 Dong,BIL,https://download.brainimagelibrary.org/d9/b8/d9b827f296313258/1U01MH114829-01/SW190502-09A/,NA,NA,NA,-3.08,2.9,-6.3,4. AAVretro-hSyn-Cre-WPRE,"iontophoresis (5 min, 7secOn/Off)"
SW190506-01A,mouse,NCBI:txid10108,,Tracer Injected,retrograde,VPMpc/PF,University of Southern California,Hongwei Dong,U01MH114829-01,U01 Dong,BIL,https://download.brainimagelibrary.org/d9/b8/d9b827f296313258/1U01MH114829-01/SW190506-01A/,NA,NA,NA,-2.055,0.85,-4.25,2. CTB 555,pressure (50nl)
SW190506-01A,mouse,NCBI:txid10108,,Tracer Injected,retrograde,RH/PR,University of Southern California,Hongwei Dong,U01MH114829-01,U01 Dong,BIL,https://download.brainimagelibrary.org/d9/b8/d9b827f296313258/1U01MH114829-01/SW190506-01A/,NA,NA,NA,-1.255,0.4,-4.75,3. CTB 647,"iontophoresis (10 min, 7secOn/Off)"
SW190506-01A,mouse,NCBI:txid10108,,Tracer Injected,retrograde,VM,University of Southern California,Hongwei Dong,U01MH114829-01,U01 Dong,BIL,https://download.brainimagelibrary.org/d9/b8/d9b827f296313258/1U01MH114829-01/SW190506-01A/,NA,NA,NA,-1.855,0.75,-4.4,4. AAVretro-hSyn-Cre-WPRE,"iontophoresis (5 min, 7secOn/Off)"
SW190506-01A,mouse,NCBI:txid10108,,Tracer Injected,retrograde,VPMpc,University of Southern California,Hongwei Dong,U01MH114829-01,U01 Dong,BIL,https://download.brainimagelibrary.org/d9/b8/d9b827f296313258/1U01MH114829-01/SW190506-01A/,NA,NA,NA,-2.055,0.85,-4.4,FG,"iontophoresis (10 min, 7secOn/Off)"
SW190506-03A,mouse,NCBI:txid10090,C57Bl6,Tracer Injected,retrograde,LSr,University of Southern California,Hongwei Dong,U19MH114821-01,U19 Huang,BIL,https://download.brainimagelibrary.org/04/64/04646ca62a4c2ad4/1U19MH114821-01/SW190506-03A,NA,NA,NA,0.545,0.25,-2.7,1. CTB 647,"iontophoresis (10 min, 7secOn/Off)"
SW190506-03A,mouse,NCBI:txid10090,C57Bl6,Tracer Injected,retrograde,LHA,University of Southern California,Hongwei Dong,U19MH114821-01,U19 Huang,BIL,https://download.brainimagelibrary.org/04/64/04646ca62a4c2ad4/1U19MH114821-01/SW190506-03A,NA,NA,NA,-2.255,0.9,-5.1,2.CTB 555,pressure (50nl)
SW190506-03A,mouse,NCBI:txid10090,C57Bl6,Tracer Injected,retrograde,LHA,University of Southern California,Hongwei Dong,U19MH114821-01,U19 Huang,BIL,https://download.brainimagelibrary.org/04/64/04646ca62a4c2ad4/1U19MH114821-01/SW190506-03A,NA,NA,NA,-2.255,0.9,-5.2,3. AAVretro-hSyn-Cre-WPRE,"iontophoresis (5 min, 7secOn/Off)"
SW190506-03A,mouse,NCBI:txid10090,C57Bl6,Tracer Injected,retrograde,LHA,University of Southern California,Hongwei Dong,U19MH114821-01,U19 Huang,BIL,https://download.brainimagelibrary.org/04/64/04646ca62a4c2ad4/1U19MH114821-01/SW190506-03A,NA,NA,NA,-2.255,0.9,-5.1,4. FG,"iontophoresis (5 min, 7secOn/Off)"
SW190520-03A,mouse,NCBI:txid10124,,Tracer Injected,retrograde,ICe/MRN,University of Southern California,Hongwei Dong,U01MH114829-01,U01 Dong,BIL,https://download.brainimagelibrary.org/d9/b8/d9b827f296313258/1U01MH114829-01/SW190520-03A/,NA,NA,NA,-4.28,1.8,-3,1. CTB 647,"iontophoresis (10 min, 7secOn/Off)"
SW190520-03A,mouse,NCBI:txid10124,,Tracer Injected,retrograde,PPN,University of Southern California,Hongwei Dong,U01MH114829-01,U01 Dong,BIL,https://download.brainimagelibrary.org/d9/b8/d9b827f296313258/1U01MH114829-01/SW190520-03A/,NA,NA,NA,-4.855,1.5,-3.5,2. AAVretro-hSyn-Cre-WPRE,"iontophoresis (5 min, 7secOn/Off)"
SW190520-03A,mouse,NCBI:txid10124,,Tracer Injected,retrograde,PSV,University of Southern California,Hongwei Dong,U01MH114829-01,U01 Dong,BIL,https://download.brainimagelibrary.org/d9/b8/d9b827f296313258/1U01MH114829-01/SW190520-03A/,NA,NA,NA,-5.055,2.25,-4.75,3. CTB 555,pressure (50nl)
SW190520-03A,mouse,NCBI:txid10124,,Tracer Injected,retrograde,PAG,University of Southern California,Hongwei Dong,U01MH114829-01,U01 Dong,BIL,https://download.brainimagelibrary.org/d9/b8/d9b827f296313258/1U01MH114829-01/SW190520-03A/,NA,NA,NA,-5.055,0.6,-2.5,4. FG,"iontophoresis (5 min, 7secOn/Off)"
SW190520-04A,mouse,NCBI:txid10116,,Tracer Injected,retrograde,MRN,University of Southern California,Hongwei Dong,U01MH114829-01,U01 Dong,BIL,https://download.brainimagelibrary.org/d9/b8/d9b827f296313258/1U01MH114829-01/SW190520-04A/,NA,NA,NA,-4.38,2,-3,1. CTB 647,"iontophoresis (10 min, 7secOn/Off)"
SW190520-04A,mouse,NCBI:txid10116,,Tracer Injected,retrograde,PBmm,University of Southern California,Hongwei Dong,U01MH114829-01,U01 Dong,BIL,https://download.brainimagelibrary.org/d9/b8/d9b827f296313258/1U01MH114829-01/SW190520-04A/,NA,NA,NA,-5.155,1.25,-3.5,2. AAVretro-hSyn-Cre-WPRE,"iontophoresis (5 min, 7secOn/Off)"
SW190520-04A,mouse,NCBI:txid10116,,Tracer Injected,retrograde,PSV,University of Southern California,Hongwei Dong,U01MH114829-01,U01 Dong,BIL,https://download.brainimagelibrary.org/d9/b8/d9b827f296313258/1U01MH114829-01/SW190520-04A/,NA,NA,NA,-5.38,2.3,-4.25,3. CTB 555,pressure (50nl)
SW190520-04A,mouse,NCBI:txid10116,,Tracer Injected,retrograde,failed,University of Southern California,Hongwei Dong,U01MH114829-01,U01 Dong,BIL,https://download.brainimagelibrary.org/d9/b8/d9b827f296313258/1U01MH114829-01/SW190520-04A/,NA,NA,NA,NA,NA,,4. FG,"iontophoresis (5 min, 7secOn/Off)"
SW190606-01A,mouse,NCBI:txid10121,,Tracer Injected,retrograde,MOp,University of Southern California,Hongwei Dong,U01MH114829-01,U01 Dong,BIL,https://download.brainimagelibrary.org/d9/b8/d9b827f296313258/1U01MH114829-01/SW190606-01A/,NA,NA,NA,0.745,1.4,-1.5,1. CTB 647,"iontophoresis (10 min, 7secOn/Off)"
SW190606-01A,mouse,NCBI:txid10121,,Tracer Injected,retrograde,SSp-ul,University of Southern California,Hongwei Dong,U01MH114829-01,U01 Dong,BIL,https://download.brainimagelibrary.org/d9/b8/d9b827f296313258/1U01MH114829-01/SW190606-01A/,NA,NA,NA,0.745,2.3,-1.75,2. AAVretro-hSyn-Cre-WPRE,"iontophoresis (5 min, 7secOn/Off)"
SW190606-01A,mouse,NCBI:txid10121,,Tracer Injected,retrograde,SSs/SSp-n,University of Southern California,Hongwei Dong,U01MH114829-01,U01 Dong,BIL,https://download.brainimagelibrary.org/d9/b8/d9b827f296313258/1U01MH114829-01/SW190606-01A/,NA,NA,NA,0.545,3.25,-2.5,3. CTB 555,pressure (50nl)
SW190606-01A,mouse,NCBI:txid10121,,Tracer Injected,retrograde,VISC,University of Southern California,Hongwei Dong,U01MH114829-01,U01 Dong,BIL,https://download.brainimagelibrary.org/d9/b8/d9b827f296313258/1U01MH114829-01/SW190606-01A/,NA,NA,NA,0.345,3.5,-3.65,4. FG,"iontophoresis (5 min, 7secOn/Off)"
SW190606-03A,mouse,NCBI:txid10100,,Tracer Injected,retrograde,MOs/ACAd,University of Southern California,Hongwei Dong,U01MH114829-01,U01 Dong,BIL,https://download.brainimagelibrary.org/d9/b8/d9b827f296313258/1U01MH114829-01/SW190606-03A/,NA,NA,NA,1.745,0.55,-1.25,1. AAVretro-hSyn-Cre-WPRE,"iontophoresis (5 min, 7secOn/Off)"
SW190606-03A,mouse,NCBI:txid10100,,Tracer Injected,retrograde,MOp,University of Southern California,Hongwei Dong,U01MH114829-01,U01 Dong,BIL,https://download.brainimagelibrary.org/d9/b8/d9b827f296313258/1U01MH114829-01/SW190606-03A/,NA,NA,NA,1.545,1.5,-1.3,2.CTB 647,"iontophoresis (10 min, 7secOn/Off)"
SW190606-03A,mouse,NCBI:txid10100,,Tracer Injected,retrograde,SSp,University of Southern California,Hongwei Dong,U01MH114829-01,U01 Dong,BIL,https://download.brainimagelibrary.org/d9/b8/d9b827f296313258/1U01MH114829-01/SW190606-03A/,NA,NA,NA,1.545,2.7,-2.15,3. FG,"iontophoresis (10 min, 7secOn/Off)"
SW190606-03A,mouse,NCBI:txid10100,,Tracer Injected,retrograde,SSp,University of Southern California,Hongwei Dong,U01MH114829-01,U01 Dong,BIL,https://download.brainimagelibrary.org/d9/b8/d9b827f296313258/1U01MH114829-01/SW190606-03A/,NA,NA,NA,1.545,2.75,-2.9,4. CTB 555,pressure (50nl)
SW190607-07A,mouse,NCBI:txid10123,,Tracer Injected,retrograde,MOs,University of Southern California,Hongwei Dong,U01MH114829-01,U01 Dong,BIL,https://download.brainimagelibrary.org/d9/b8/d9b827f296313258/1U01MH114829-01/SW190607-07A/,NA,NA,NA,1.945,1.4,-1.4,1. AAVretro-hSyn-Cre-WPRE,"iontophoresis (5 min, 7secOn/Off)"
SW190607-07A,mouse,NCBI:txid10123,,Tracer Injected,retrograde,MOs,University of Southern California,Hongwei Dong,U01MH114829-01,U01 Dong,BIL,https://download.brainimagelibrary.org/d9/b8/d9b827f296313258/1U01MH114829-01/SW190607-07A/,NA,NA,NA,1.945,1.4,-1.4,2.CTB 647,"iontophoresis (10 min, 7secOn/Off)"
SW190607-07A,mouse,NCBI:txid10123,,Tracer Injected,retrograde,MOp,University of Southern California,Hongwei Dong,U01MH114829-01,U01 Dong,BIL,https://download.brainimagelibrary.org/d9/b8/d9b827f296313258/1U01MH114829-01/SW190607-07A/,NA,NA,NA,1.845,2.3,-2.5,CTB 555,pressure (50nl)
SW190607-07A,mouse,NCBI:txid10123,,Tracer Injected,retrograde,MOp,University of Southern California,Hongwei Dong,U01MH114829-01,U01 Dong,BIL,https://download.brainimagelibrary.org/d9/b8/d9b827f296313258/1U01MH114829-01/SW190607-07A/,NA,NA,NA,1.945,3,-2,FG,"iontophoresis (10 min, 7secOn/Off)"
SW190607-08A,mouse,NCBI:txid10132,,Tracer Injected,retrograde,MOs,University of Southern California,Hongwei Dong,U01MH114829-01,U01 Dong,BIL,https://download.brainimagelibrary.org/d9/b8/d9b827f296313258/1U01MH114829-01/SW190607-08A/,NA,NA,NA,1.745,1,-1.5,1. CTB 647,"iontophoresis (10 min, 7secOn/Off)"
SW190607-08A,mouse,NCBI:txid10132,,Tracer Injected,retrograde,MOs,University of Southern California,Hongwei Dong,U01MH114829-01,U01 Dong,BIL,https://download.brainimagelibrary.org/d9/b8/d9b827f296313258/1U01MH114829-01/SW190607-08A/,NA,NA,NA,1.945,1,-1.1,2. AAVretro-hSyn-Cre-WPRE,"iontophoresis (5 min, 7secOn/Off)"
SW190607-08A,mouse,NCBI:txid10132,,Tracer Injected,retrograde,MOp/SSp,University of Southern California,Hongwei Dong,U01MH114829-01,U01 Dong,BIL,https://download.brainimagelibrary.org/d9/b8/d9b827f296313258/1U01MH114829-01/SW190607-08A/,NA,NA,NA,1.745,2.25,-2.25,3. CTB 555,pressure (50nl)
SW190607-08A,mouse,NCBI:txid10132,,Tracer Injected,retrograde,MOp/SSp,University of Southern California,Hongwei Dong,U01MH114829-01,U01 Dong,BIL,https://download.brainimagelibrary.org/d9/b8/d9b827f296313258/1U01MH114829-01/SW190607-08A/,NA,NA,NA,1.745,2.5,-1.7,4. FG,"iontophoresis (5 min, 7secOn/Off)"
SW190607-10A,mouse,NCBI:txid10090,C57Bl6,Tracer Injected,retrograde,VAl,University of Southern California,Hongwei Dong,U01MH114829-01,U01 Dong,BIL,https://download.brainimagelibrary.org/90/a9/90a90c314769c834/1U01MH114829-01/SW190607-10A,NA,NA,NA,-1.055,1,-4.1,1. CTB 648,"iontophoresis (10 min, 7secOn/Off)"
SW190607-10A,mouse,NCBI:txid10090,C57Bl6,Tracer Injected,retrograde,VAL,University of Southern California,Hongwei Dong,U01MH114829-01,U01 Dong,BIL,https://download.brainimagelibrary.org/90/a9/90a90c314769c834/1U01MH114829-01/SW190607-10A,NA,NA,NA,-1.255,1.25,-3.75,2. AAVretro-hSyn-Cre-WPRE,"iontophoresis (5 min, 7secOn/Off)"
SW190607-10A,mouse,NCBI:txid10090,C57Bl6,Tracer Injected,retrograde,SSp,University of Southern California,Hongwei Dong,U01MH114829-01,U01 Dong,BIL,https://download.brainimagelibrary.org/90/a9/90a90c314769c834/1U01MH114829-01/SW190607-10A,NA,NA,NA,-1.255,1.5,-1.4,3. CTB 555,pressure (50nl)
SW190607-10A,mouse,NCBI:txid10090,C57Bl6,Tracer Injected,retrograde,VAL/VPM,University of Southern California,Hongwei Dong,U01MH114829-01,U01 Dong,BIL,https://download.brainimagelibrary.org/90/a9/90a90c314769c834/1U01MH114829-01/SW190607-10A,NA,NA,NA,-1.655,1.2,-3.9,4. FG,"iontophoresis (5 min, 7secOn/Off)"
SW190613-07A,mouse,NCBI:txid10090,C57Bl6,Tracer Injected,anterograde,RN/MRN,University of Southern California,Hongwei Dong,U19MH114821-01,U19 Huang,BIL,https://download.brainimagelibrary.org/d7/8e/d78e2226de736f24/1U19MH114821-01/SW190613-07A/,NA,NA,NA,-3.28,0.75,-4.125,1. PHAL,"iontophoresis (10 min, 7secOn/Off)"
SW190613-07A,mouse,NCBI:txid10090,C57Bl6,Tracer Injected,anterograde,MRN,University of Southern California,Hongwei Dong,U19MH114821-01,U19 Huang,BIL,https://download.brainimagelibrary.org/d7/8e/d78e2226de736f24/1U19MH114821-01/SW190613-07A/,NA,NA,NA,-3.78,1.375,-3.65,2. AAV1-CAG-tdTomato-WPRE,"iontophoresis (3 min, 7secOn/Off)"
SW190613-07A,mouse,NCBI:txid10090,C57Bl6,Tracer Injected,anterograde,PRNr,University of Southern California,Hongwei Dong,U19MH114821-01,U19 Huang,BIL,https://download.brainimagelibrary.org/d7/8e/d78e2226de736f24/1U19MH114821-01/SW190613-07A/,NA,NA,NA,-3.78,0.875,-5.125,3. AAV1-hSyn-GFP-WPRE,"iontophoresis (3 min, 7secOn/Off)"
SW190613-08A,mouse,NCBI:txid10090,C57Bl6,Tracer Injected,anterograde,RN/MRN,University of Southern California,Hongwei Dong,U19MH114821-01,U19 Huang,BIL,https://download.brainimagelibrary.org/d7/8e/d78e2226de736f24/1U19MH114821-01/SW190613-08A/,NA,NA,NA,-3.28,0.75,-4.125,1. PHAL,"iontophoresis (10 min, 7secOn/Off)"
SW190613-08A,mouse,NCBI:txid10090,C57Bl6,Tracer Injected,anterograde,MRN,University of Southern California,Hongwei Dong,U19MH114821-01,U19 Huang,BIL,https://download.brainimagelibrary.org/d7/8e/d78e2226de736f24/1U19MH114821-01/SW190613-08A/,NA,NA,NA,-3.68,1.375,-4.25,2. AAV1-CAG-tdTomato-WPRE,"iontophoresis (3 min, 7secOn/Off)"
SW190613-08A,mouse,NCBI:txid10090,C57Bl6,Tracer Injected,anterograde,PRNr,University of Southern California,Hongwei Dong,U19MH114821-01,U19 Huang,BIL,https://download.brainimagelibrary.org/d7/8e/d78e2226de736f24/1U19MH114821-01/SW190613-08A/,NA,NA,NA,-3.88,0.75,-5.2,3. AAV1-hSyn-GFP-WPRE,"iontophoresis (3 min, 7secOn/Off)"
SW190613-09A,mouse,NCBI:txid10090,C57Bl6,Tracer Injected,anterograde,XII,University of Southern California,Hongwei Dong,U19MH114821-01,U19 Huang,BIL,https://download.brainimagelibrary.org/d7/8e/d78e2226de736f24/1U19MH114821-01/SW190613-09A/,NA,NA,NA,-7.155,0.21,-4.875,1. PHAL,"iontophoresis (10 min, 7secOn/Off)"
SW190613-09A,mouse,NCBI:txid10090,C57Bl6,Tracer Injected,anterograde,failed,University of Southern California,Hongwei Dong,U19MH114821-01,U19 Huang,BIL,https://download.brainimagelibrary.org/d7/8e/d78e2226de736f24/1U19MH114821-01/SW190613-09A/,NA,NA,NA,NA,NA,,2. AAV1-CAG-tdTomato-WPRE,"iontophoresis (3 min, 7secOn/Off)"
SW190613-09A,mouse,NCBI:txid10090,C57Bl6,Tracer Injected,anterograde,ECU/SPVI.d,University of Southern California,Hongwei Dong,U19MH114821-01,U19 Huang,BIL,https://download.brainimagelibrary.org/d7/8e/d78e2226de736f24/1U19MH114821-01/SW190613-09A/,NA,NA,NA,-7.155,1.5,-4.2,3. AAV1-hSyn-GFP-WPRE,"iontophoresis (5 min, 7secOn/Off)"
SW190613-10A,mouse,NCBI:txid10090,C57Bl6,Tracer Injected,anterograde,XII,University of Southern California,Hongwei Dong,U19MH114821-01,U19 Huang,BIL,https://download.brainimagelibrary.org/d7/8e/d78e2226de736f24/1U19MH114821-01/SW190613-10A/,NA,NA,NA,-7.055,0.21,-4.625,1. PHAL,"iontophoresis (10 min, 7secOn/Off)"
SW190613-10A,mouse,NCBI:txid10090,C57Bl6,Tracer Injected,anterograde,SPVI.v,University of Southern California,Hongwei Dong,U19MH114821-01,U19 Huang,BIL,https://download.brainimagelibrary.org/d7/8e/d78e2226de736f24/1U19MH114821-01/SW190613-10A/,NA,NA,NA,-7.055,2,-5.25,2. AAV1-CAG-tdTomato-WPRE,"iontophoresis (3 min, 7secOn/Off)"
SW190613-10A,mouse,NCBI:txid10090,C57Bl6,Tracer Injected,anterograde,SPVI.d,University of Southern California,Hongwei Dong,U19MH114821-01,U19 Huang,BIL,https://download.brainimagelibrary.org/d7/8e/d78e2226de736f24/1U19MH114821-01/SW190613-10A/,NA,NA,NA,-6.955,1.7,-4.75,3. AAV1-hSyn-GFP-WPRE,"iontophoresis (5 min, 7secOn/Off)"
SW190613-11A,mouse,NCBI:txid10090,C57Bl6,Tracer Injected,anterograde,PPN,University of Southern California,Hongwei Dong,U19MH114821-01,U19 Huang,BIL,https://download.brainimagelibrary.org/04/64/04646ca62a4c2ad4/1U19MH114821-01/SW190613-11A,NA,NA,NA,-4.78,1.65,-4.2,1. PHAL,"iontophoresis (10 min, 7secOn/Off)"
SW190613-11A,mouse,NCBI:txid10090,C57Bl6,Tracer Injected,anterograde,PARN,University of Southern California,Hongwei Dong,U19MH114821-01,U19 Huang,BIL,https://download.brainimagelibrary.org/04/64/04646ca62a4c2ad4/1U19MH114821-01/SW190613-11A,NA,NA,NA,-5.955,1.6,-5.5,2. AAV1-CAG-tdTomato-WPRE,"iontophoresis (3 min, 7secOn/Off)"
SW190613-11A,mouse,NCBI:txid10090,C57Bl6,Tracer Injected,anterograde,PAG,University of Southern California,Hongwei Dong,U19MH114821-01,U19 Huang,BIL,https://download.brainimagelibrary.org/04/64/04646ca62a4c2ad4/1U19MH114821-01/SW190613-11A,NA,NA,NA,-4.555,0.5,-2.5,3. AAV1-hSyn-GFP-WPRE,"iontophoresis (3 min, 7secOn/Off)"
SW190613-12A,mouse,NCBI:txid10090,C57Bl6,Tracer Injected,anterograde,PRNr,University of Southern California,Hongwei Dong,U19MH114821-01,U19 Huang,BIL,https://download.brainimagelibrary.org/d7/8e/d78e2226de736f24/1U19MH114821-01/SW190613-12A/,NA,NA,NA,-4.855,1.55,-4.375,1. PHAL,"iontophoresis (10 min, 7secOn/Off)"
SW190613-12A,mouse,NCBI:txid10090,C57Bl6,Tracer Injected,anterograde,V,University of Southern California,Hongwei Dong,U19MH114821-01,U19 Huang,BIL,https://download.brainimagelibrary.org/d7/8e/d78e2226de736f24/1U19MH114821-01/SW190613-12A/,NA,NA,NA,-5.455,1.6,-4.9,2. AAV1-CAG-tdTomato-WPRE,"iontophoresis (3 min, 7secOn/Off)"
SW190613-12A,mouse,NCBI:txid10090,C57Bl6,Tracer Injected,anterograde,PAG,University of Southern California,Hongwei Dong,U19MH114821-01,U19 Huang,BIL,https://download.brainimagelibrary.org/d7/8e/d78e2226de736f24/1U19MH114821-01/SW190613-12A/,NA,NA,NA,-4.855,0.5,-2,3. AAV1-hSyn-GFP-WPRE,"iontophoresis (5 min, 7secOn/Off)"
SW190619-02A,mouse,NCBI:txid10090,C57Bl6,Tracer Injected,anterograde,SCig-b,University of Southern California,Hongwei Dong,U19MH114821-01,U19 Huang,BIL,https://download.brainimagelibrary.org/d7/8e/d78e2226de736f24/1U19MH114821-01/SW190619-02A/,NA,NA,NA,-3.58,0.8,-1.8,1. PHAL,"iontophoresis (10 min, 7secOn/Off)"
SW190619-02A,mouse,NCBI:txid10090,C57Bl6,Tracer Injected,anterograde,SCig-b,University of Southern California,Hongwei Dong,U19MH114821-01,U19 Huang,BIL,https://download.brainimagelibrary.org/d7/8e/d78e2226de736f24/1U19MH114821-01/SW190619-02A/,NA,NA,NA,-3.58,0.8,-1.8,2. AAV1-CAG-tdTomato-WPRE,"iontophoresis (3 min, 7secOn/Off)"
SW190619-02A,mouse,NCBI:txid10090,C57Bl6,Tracer Injected,anterograde,POST,University of Southern California,Hongwei Dong,U19MH114821-01,U19 Huang,BIL,https://download.brainimagelibrary.org/d7/8e/d78e2226de736f24/1U19MH114821-01/SW190619-02A/,NA,NA,NA,-3.58,1.625,-1.325,3. AAV1-hSyn-GFP-WPRE,"iontophoresis (3 min, 7secOn/Off)"
SW190619-04A,mouse,NCBI:txid10090,C57Bl6,Tracer Injected,anterograde,SCig-b,University of Southern California,Hongwei Dong,U19MH114821-01,U19 Huang,BIL,https://download.brainimagelibrary.org/04/64/04646ca62a4c2ad4/1U19MH114821-01/SW190619-04A,NA,NA,NA,-3.48,0.3,-1.75,1. PHAL,"iontophoresis (10 min, 7secOn/Off)"
SW190619-04A,mouse,NCBI:txid10090,C57Bl6,Tracer Injected,anterograde,POST,University of Southern California,Hongwei Dong,U19MH114821-01,U19 Huang,BIL,https://download.brainimagelibrary.org/04/64/04646ca62a4c2ad4/1U19MH114821-01/SW190619-04A,NA,NA,NA,-3.58,1.625,-1.5,2. AAV1-CAG-tdTomato-WPRE,"iontophoresis (3 min, 7secOn/Off)"
SW190619-04A,mouse,NCBI:txid10090,C57Bl6,Tracer Injected,anterograde,MRN,University of Southern California,Hongwei Dong,U19MH114821-01,U19 Huang,BIL,https://download.brainimagelibrary.org/04/64/04646ca62a4c2ad4/1U19MH114821-01/SW190619-04A,NA,NA,NA,-4.08,1.5,-2.875,3. AAV1-hSyn-GFP-WPRE,"iontophoresis (3 min, 7secOn/Off)"
SW190628-01A,mouse,NCBI:txid10090,C57Bl6,Tracer Injected,retrograde,PRNc.d,University of Southern California,Hongwei Dong,U19MH114821-01,U19 Huang,BIL,https://download.brainimagelibrary.org/d7/8e/d78e2226de736f24/1U19MH114821-01/SW190628-01A/,NA,NA,NA,-4.955,0.1,-4.875,1. AAVretro-hSyn-Cre-WPRE,"iontophoresis (5 min, 7secOn/Off)"
SW190628-01A,mouse,NCBI:txid10090,C57Bl6,Tracer Injected,retrograde,PRNc.v,University of Southern California,Hongwei Dong,U19MH114821-01,U19 Huang,BIL,https://download.brainimagelibrary.org/d7/8e/d78e2226de736f24/1U19MH114821-01/SW190628-01A/,NA,NA,NA,-4.955,0.1,-5.625,2. FG,"iontophoresis (5 min, 7secOn/Off)"
SW190628-01A,mouse,NCBI:txid10090,C57Bl6,Tracer Injected,retrograde,PRNc.m,University of Southern California,Hongwei Dong,U19MH114821-01,U19 Huang,BIL,https://download.brainimagelibrary.org/d7/8e/d78e2226de736f24/1U19MH114821-01/SW190628-01A/,NA,NA,NA,-4.955,0.5,-5,3. CTB 555,pressure (50nl)
SW190628-01A,mouse,NCBI:txid10090,C57Bl6,Tracer Injected,retrograde,PRNc.l,University of Southern California,Hongwei Dong,U19MH114821-01,U19 Huang,BIL,https://download.brainimagelibrary.org/d7/8e/d78e2226de736f24/1U19MH114821-01/SW190628-01A/,NA,NA,NA,-4.955,1.6,-5.375,4. CTB 647,"iontophoresis (10 min, 7secOn/Off)"
SW190628-02A,mouse,NCBI:txid10090,C57Bl6,Tracer Injected,retrograde,PRNc,University of Southern California,Hongwei Dong,U19MH114821-01,U19 Huang,BIL,https://download.brainimagelibrary.org/04/64/04646ca62a4c2ad4/1U19MH114821-01/SW190628-02A,NA,NA,NA,-4.78,1,-4.75,1. CTB 647,"iontophoresis (10 min, 7secOn/Off)"
SW190628-02A,mouse,NCBI:txid10090,C57Bl6,Tracer Injected,retrograde,PRNc,University of Southern California,Hongwei Dong,U19MH114821-01,U19 Huang,BIL,https://download.brainimagelibrary.org/04/64/04646ca62a4c2ad4/1U19MH114821-01/SW190628-02A,NA,NA,NA,-4.78,1,-5.75,2.CTB 555,pressure (50nl)
SW190628-02A,mouse,NCBI:txid10090,C57Bl6,Tracer Injected,retrograde,TRN,University of Southern California,Hongwei Dong,U19MH114821-01,U19 Huang,BIL,https://download.brainimagelibrary.org/04/64/04646ca62a4c2ad4/1U19MH114821-01/SW190628-02A,NA,NA,NA,-4.78,0.25,-5.375,3. AAVretro-hSyn-Cre-WPRE,"iontophoresis (5 min, 7secOn/Off)"
SW190628-02A,mouse,NCBI:txid10090,C57Bl6,Tracer Injected,retrograde,PRNc,University of Southern California,Hongwei Dong,U19MH114821-01,U19 Huang,BIL,https://download.brainimagelibrary.org/04/64/04646ca62a4c2ad4/1U19MH114821-01/SW190628-02A,NA,NA,NA,-4.78,1.75,-5.6,4. FG,"iontophoresis (5 min, 7secOn/Off)"
SW190628-03A,mouse,NCBI:txid10090,C57Bl6,Tracer Injected,retrograde,APN,University of Southern California,Hongwei Dong,U19MH114821-01,U19 Huang,BIL,https://download.brainimagelibrary.org/d7/8e/d78e2226de736f24/1U19MH114821-01/SW190628-03A/,NA,NA,NA,-2.555,1.375,-3,1. CTB 647,"iontophoresis (10 min, 7secOn/Off)"
SW190628-03A,mouse,NCBI:txid10090,C57Bl6,Tracer Injected,retrograde,MRN,University of Southern California,Hongwei Dong,U19MH114821-01,U19 Huang,BIL,https://download.brainimagelibrary.org/d7/8e/d78e2226de736f24/1U19MH114821-01/SW190628-03A/,NA,NA,NA,-3.58,1.375,-3.5,2.CTB 555,pressure (50nl)
SW190628-03A,mouse,NCBI:txid10090,C57Bl6,Tracer Injected,retrograde,PAG,University of Southern California,Hongwei Dong,U19MH114821-01,U19 Huang,BIL,https://download.brainimagelibrary.org/d7/8e/d78e2226de736f24/1U19MH114821-01/SW190628-03A/,NA,NA,NA,-2.555,0.15,-3,3. AAVretro-hSyn-Cre-WPRE,"iontophoresis (5 min, 7secOn/Off)"
SW190628-03A,mouse,NCBI:txid10090,C57Bl6,Tracer Injected,retrograde,PAG,University of Southern California,Hongwei Dong,U19MH114821-01,U19 Huang,BIL,https://download.brainimagelibrary.org/d7/8e/d78e2226de736f24/1U19MH114821-01/SW190628-03A/,NA,NA,NA,-3.58,0.4,-3.125,4. FG,"iontophoresis (5 min, 7secOn/Off)"
SW190628-04A,mouse,NCBI:txid10090,C57Bl6,Tracer Injected,retrograde,APN,University of Southern California,Hongwei Dong,U19MH114821-01,U19 Huang,BIL,https://download.brainimagelibrary.org/d7/8e/d78e2226de736f24/1U19MH114821-01/SW190628-04A/,NA,NA,NA,-3.18,1.4,-3.35,1. CTB 647,"iontophoresis (10 min, 7secOn/Off)"
SW190628-04A,mouse,NCBI:txid10090,C57Bl6,Tracer Injected,retrograde,MRN,University of Southern California,Hongwei Dong,U19MH114821-01,U19 Huang,BIL,https://download.brainimagelibrary.org/d7/8e/d78e2226de736f24/1U19MH114821-01/SW190628-04A/,NA,NA,NA,-3.58,1.375,-4.2,2.CTB 555,pressure (50nl)
SW190628-04A,mouse,NCBI:txid10090,C57Bl6,Tracer Injected,retrograde,failed,University of Southern California,Hongwei Dong,U19MH114821-01,U19 Huang,BIL,https://download.brainimagelibrary.org/d7/8e/d78e2226de736f24/1U19MH114821-01/SW190628-04A/,NA,NA,NA,NA,NA,,3. AAVretro-hSyn-Cre-WPRE,"iontophoresis (3 min, 7secOn/Off)"
SW190628-04A,mouse,NCBI:txid10090,C57Bl6,Tracer Injected,retrograde,PAG,University of Southern California,Hongwei Dong,U19MH114821-01,U19 Huang,BIL,https://download.brainimagelibrary.org/d7/8e/d78e2226de736f24/1U19MH114821-01/SW190628-04A/,NA,NA,NA,-3.88,0.4,-3.5,4. FG,"iontophoresis (5 min, 7secOn/Off)"
SW190711-07A,mouse,NCBI:txid10127,,Tracer Injected,retrograde,VPMpc,University of Southern California,Hongwei Dong,U01MH114829-01,U01 Dong,BIL,https://download.brainimagelibrary.org/d9/b8/d9b827f296313258/1U01MH114829-01/SW190711-07A/,NA,NA,NA,-2.255,0.8,-4.125,1. CTB 647,"iontophoresis (10 min, 7secOn/Off)"
SW190711-07A,mouse,NCBI:txid10127,,Tracer Injected,retrograde,VPM,University of Southern California,Hongwei Dong,U01MH114829-01,U01 Dong,BIL,https://download.brainimagelibrary.org/d9/b8/d9b827f296313258/1U01MH114829-01/SW190711-07A/,NA,NA,NA,-2.255,1.625,-3.75,2. AAVretro-hSyn-Cre-WPRE,"iontophoresis (5 min, 7secOn/Off)"
SW190711-07A,mouse,NCBI:txid10127,,Tracer Injected,retrograde,VPM,University of Southern California,Hongwei Dong,U01MH114829-01,U01 Dong,BIL,https://download.brainimagelibrary.org/d9/b8/d9b827f296313258/1U01MH114829-01/SW190711-07A/,NA,NA,NA,-1.955,2.2,-3.375,3. CTB 555,pressure (50nl)
SW190711-07A,mouse,NCBI:txid10127,,Tracer Injected,retrograde,VM,University of Southern California,Hongwei Dong,U01MH114829-01,U01 Dong,BIL,https://download.brainimagelibrary.org/d9/b8/d9b827f296313258/1U01MH114829-01/SW190711-07A/,NA,NA,NA,-1.955,0.75,-4.75,4. FG,"iontophoresis (5 min, 7secOn/Off)"
SW190712-02A,mouse,NCBI:txid10133,,Tracer Injected,retrograde,MPO,University of Southern California,Hongwei Dong,U01MH114829-01,U01 Dong,BIL,https://download.brainimagelibrary.org/d9/b8/d9b827f296313258/1U01MH114829-01/SW190712-02A/,NA,NA,NA,-0.08,0.75,-6.25,1. CTB 647,"iontophoresis (10 min, 7secOn/Off)"
SW190712-02A,mouse,NCBI:txid10133,,Tracer Injected,retrograde,LPO,University of Southern California,Hongwei Dong,U01MH114829-01,U01 Dong,BIL,https://download.brainimagelibrary.org/d9/b8/d9b827f296313258/1U01MH114829-01/SW190712-02A/,NA,NA,NA,-0.28,1.4,-6.75,2. AAVretro-hSyn-Cre-WPRE,"iontophoresis (5 min, 7secOn/Off)"
SW190712-02A,mouse,NCBI:txid10133,,Tracer Injected,retrograde,LHA,University of Southern California,Hongwei Dong,U01MH114829-01,U01 Dong,BIL,https://download.brainimagelibrary.org/d9/b8/d9b827f296313258/1U01MH114829-01/SW190712-02A/,NA,NA,NA,-2.155,0.7,-5.5,3. CTB 555,pressure (50nl)
SW190712-02A,mouse,NCBI:txid10133,,Tracer Injected,retrograde,BSTpr,University of Southern California,Hongwei Dong,U01MH114829-01,U01 Dong,BIL,https://download.brainimagelibrary.org/d9/b8/d9b827f296313258/1U01MH114829-01/SW190712-02A/,NA,NA,NA,-0.28,0.6,-4.875,4. FG,"iontophoresis (5 min, 7secOn/Off)"
SW190716-07A,mouse,NCBI:txid10137,,Tracer Injected,retrograde,MPO,University of Southern California,Hongwei Dong,U01MH114829-01,U01 Dong,BIL,https://download.brainimagelibrary.org/d9/b8/d9b827f296313258/1U01MH114829-01/SW190716-07A/,NA,NA,NA,0.145,0.5,-6.7,1. CTB 647,"iontophoresis (10 min, 7secOn/Off)"
SW190716-07A,mouse,NCBI:txid10137,,Tracer Injected,retrograde,MPO,University of Southern California,Hongwei Dong,U01MH114829-01,U01 Dong,BIL,https://download.brainimagelibrary.org/d9/b8/d9b827f296313258/1U01MH114829-01/SW190716-07A/,NA,NA,NA,-0.08,0.25,-6.65,2. AAVretro-hSyn-Cre-WPRE,"iontophoresis (5 min, 7secOn/Off)"
SW190716-07A,mouse,NCBI:txid10137,,Tracer Injected,retrograde,AVP,University of Southern California,Hongwei Dong,U01MH114829-01,U01 Dong,BIL,https://download.brainimagelibrary.org/d9/b8/d9b827f296313258/1U01MH114829-01/SW190716-07A/,NA,NA,NA,0.245,0.5,-6.3,3. CTB 555,pressure (50nl)
SW190716-07A,mouse,NCBI:txid10137,,Tracer Injected,retrograde,MPO,University of Southern California,Hongwei Dong,U01MH114829-01,U01 Dong,BIL,https://download.brainimagelibrary.org/d9/b8/d9b827f296313258/1U01MH114829-01/SW190716-07A/,NA,NA,NA,0.245,0.2,-6.5,4. FG,"iontophoresis (5 min, 7secOn/Off)"
SW190716-08A,mouse,NCBI:txid10134,,Tracer Injected,retrograde,BST,University of Southern California,Hongwei Dong,U01MH114829-01,U01 Dong,BIL,https://download.brainimagelibrary.org/d9/b8/d9b827f296313258/1U01MH114829-01/SW190716-08A/,NA,NA,NA,0.02,0.58,-5.25,1. CTB 647,"iontophoresis (10 min, 7secOn/Off)"
SW190716-08A,mouse,NCBI:txid10134,,Tracer Injected,retrograde,MPO,University of Southern California,Hongwei Dong,U01MH114829-01,U01 Dong,BIL,https://download.brainimagelibrary.org/d9/b8/d9b827f296313258/1U01MH114829-01/SW190716-08A/,NA,NA,NA,-0.18,0.5,-6.625,2. AAVretro-hSyn-Cre-WPRE,"iontophoresis (5 min, 7secOn/Off)"
SW190716-08A,mouse,NCBI:txid10134,,Tracer Injected,retrograde,MPNl,University of Southern California,Hongwei Dong,U01MH114829-01,U01 Dong,BIL,https://download.brainimagelibrary.org/d9/b8/d9b827f296313258/1U01MH114829-01/SW190716-08A/,NA,NA,NA,0.02,0.5,-6,3. CTB 555,pressure (50nl)
SW190716-08A,mouse,NCBI:txid10134,,Tracer Injected,retrograde,failed,University of Southern California,Hongwei Dong,U01MH114829-01,U01 Dong,BIL,https://download.brainimagelibrary.org/d9/b8/d9b827f296313258/1U01MH114829-01/SW190716-08A/,NA,NA,NA,NA,NA,,4. FG,"iontophoresis (5 min, 7secOn/Off)"
SW190716-09A,mouse,NCBI:txid10117,,Tracer Injected,retrograde,RCH,University of Southern California,Hongwei Dong,U01MH114829-01,U01 Dong,BIL,https://download.brainimagelibrary.org/d9/b8/d9b827f296313258/1U01MH114829-01/SW190716-09A/,NA,NA,NA,-0.955,0.14,-6.7,1. CTB 647,"iontophoresis (10 min, 7secOn/Off)"
SW190716-09A,mouse,NCBI:txid10117,,Tracer Injected,retrograde,VMHdm,University of Southern California,Hongwei Dong,U01MH114829-01,U01 Dong,BIL,https://download.brainimagelibrary.org/d9/b8/d9b827f296313258/1U01MH114829-01/SW190716-09A/,NA,NA,NA,-1.555,0.635,-6.125,2. AAVretro-hSyn-Cre-WPRE,"iontophoresis (5 min, 7secOn/Off)"
SW190716-09A,mouse,NCBI:txid10117,,Tracer Injected,retrograde,PMd,University of Southern California,Hongwei Dong,U01MH114829-01,U01 Dong,BIL,https://download.brainimagelibrary.org/d9/b8/d9b827f296313258/1U01MH114829-01/SW190716-09A/,NA,NA,NA,-2.155,0.56,-5.875,3. CTB 555,pressure (50nl)
SW190716-09A,mouse,NCBI:txid10117,,Tracer Injected,retrograde,DMHa,University of Southern California,Hongwei Dong,U01MH114829-01,U01 Dong,BIL,https://download.brainimagelibrary.org/d9/b8/d9b827f296313258/1U01MH114829-01/SW190716-09A/,NA,NA,NA,-1.355,0.375,-5.75,4. FG,"iontophoresis (5 min, 7secOn/Off)"
SW190716-10A,mouse,NCBI:txid10131,,Tracer Injected,retrograde,RCH,University of Southern California,Hongwei Dong,U01MH114829-01,U01 Dong,BIL,https://download.brainimagelibrary.org/d9/b8/d9b827f296313258/1U01MH114829-01/SW190716-10A/,NA,NA,NA,-0.955,0.29,-6.468,1. CTB 647,"iontophoresis (10 min, 7secOn/Off)"
SW190716-10A,mouse,NCBI:txid10131,,Tracer Injected,retrograde,VMHdm,University of Southern California,Hongwei Dong,U01MH114829-01,U01 Dong,BIL,https://download.brainimagelibrary.org/d9/b8/d9b827f296313258/1U01MH114829-01/SW190716-10A/,NA,NA,NA,-1.355,0.23,-6.19,2.AAVretro-hSyn-Cre-WPRE,"iontophoresis (5 min, 7secOn/Off)"
SW190716-10A,mouse,NCBI:txid10131,,Tracer Injected,retrograde,DMHa,University of Southern California,Hongwei Dong,U01MH114829-01,U01 Dong,BIL,https://download.brainimagelibrary.org/d9/b8/d9b827f296313258/1U01MH114829-01/SW190716-10A/,NA,NA,NA,-1.555,0.19,-5.5,3. CTB 555,pressure (50nl)
SW190716-10A,mouse,NCBI:txid10131,,Tracer Injected,retrograde,LHA,University of Southern California,Hongwei Dong,U01MH114829-01,U01 Dong,BIL,https://download.brainimagelibrary.org/d9/b8/d9b827f296313258/1U01MH114829-01/SW190716-10A/,NA,NA,NA,-2.255,0.69,-5,4. FG,"iontophoresis (5 min, 7secOn/Off)"
SW190820-01A,mouse,NCBI:txid10090,C57Bl6,Tracer Injected,retrograde,PCG,University of Southern California,Hongwei Dong,U19MH114821-01,U19 Huang,BIL,https://download.brainimagelibrary.org/04/64/04646ca62a4c2ad4/1U19MH114821-01/SW190820-01A,NA,NA,NA,-5.055,0.2,-3.35,1. CTB 647,"iontophoresis (10 min, 7secOn/Off)"
SW190820-01A,mouse,NCBI:txid10090,C57Bl6,Tracer Injected,retrograde,PCG,University of Southern California,Hongwei Dong,U19MH114821-01,U19 Huang,BIL,https://download.brainimagelibrary.org/04/64/04646ca62a4c2ad4/1U19MH114821-01/SW190820-01A,NA,NA,NA,-5.055,0.8,-3.75,2. FG,"iontophoresis (5 min, 7secOn/Off)"
SW190820-01A,mouse,NCBI:txid10090,C57Bl6,Tracer Injected,retrograde,failed,University of Southern California,Hongwei Dong,U19MH114821-01,U19 Huang,BIL,https://download.brainimagelibrary.org/04/64/04646ca62a4c2ad4/1U19MH114821-01/SW190820-01A,NA,NA,NA,NA,NA,,3. RVŒîG-4eGFP,pressure (50nl)
SW190820-01A,mouse,NCBI:txid10090,C57Bl6,Tracer Injected,retrograde,failed,University of Southern California,Hongwei Dong,U19MH114821-01,U19 Huang,BIL,https://download.brainimagelibrary.org/04/64/04646ca62a4c2ad4/1U19MH114821-01/SW190820-01A,NA,NA,NA,NA,NA,,4. RVŒîG-4tdTomato,pressure (50nl)
SW190829-01A,mouse,NCBI:txid10090,C57Bl6,Tracer Injected,anterograde,RE,University of Southern California,Hongwei Dong,U19MH114821-01,U19 Huang,BIL,https://download.brainimagelibrary.org/04/64/04646ca62a4c2ad4/1U19MH114821-01/SW190829-01A,NA,NA,NA,-1.355,0.125,-4.75,1. PHAL,"iontophoresis (10 min, 7secOn/Off)"
SW190829-01A,mouse,NCBI:txid10090,C57Bl6,Tracer Injected,anterograde,CM/MDm,University of Southern California,Hongwei Dong,U19MH114821-01,U19 Huang,BIL,https://download.brainimagelibrary.org/04/64/04646ca62a4c2ad4/1U19MH114821-01/SW190829-01A,NA,NA,NA,-1.655,0.5,-4,2. AAV1-CAG-tdTomato-WPRE,"iontophoresis (3 min, 7secOn/Off)"
SW190829-01A,mouse,NCBI:txid10090,C57Bl6,Tracer Injected,anterograde,DMHa,University of Southern California,Hongwei Dong,U19MH114821-01,U19 Huang,BIL,https://download.brainimagelibrary.org/04/64/04646ca62a4c2ad4/1U19MH114821-01/SW190829-01A,NA,NA,NA,-1.855,0.25,-5.5,3. AAV1-hSyn-GFP-WPRE,"iontophoresis (5 min, 7secOn/Off)"
SW190829-02A,mouse,NCBI:txid10090,C57Bl6,Tracer Injected,anterograde,SPFm/VM,University of Southern California,Hongwei Dong,U19MH114821-01,U19 Huang,BIL,https://download.brainimagelibrary.org/04/64/04646ca62a4c2ad4/1U19MH114821-01/SW190829-02A,NA,NA,NA,-2.255,0.5,-4.6,1. PHAL,"iontophoresis (10 min, 7secOn/Off)"
SW190829-02A,mouse,NCBI:txid10090,C57Bl6,Tracer Injected,anterograde,SPA/VPMpc/SPFm,University of Southern California,Hongwei Dong,U19MH114821-01,U19 Huang,BIL,https://download.brainimagelibrary.org/04/64/04646ca62a4c2ad4/1U19MH114821-01/SW190829-02A,NA,NA,NA,-2.255,0.5,-4.25,2. AAV1-CAG-tdTomato-WPRE,"iontophoresis (3 min, 7secOn/Off)"
SW190829-02A,mouse,NCBI:txid10090,C57Bl6,Tracer Injected,anterograde,VM,University of Southern California,Hongwei Dong,U19MH114821-01,U19 Huang,BIL,https://download.brainimagelibrary.org/04/64/04646ca62a4c2ad4/1U19MH114821-01/SW190829-02A,NA,NA,NA,-2.255,1.75,-4.5,3. AAV1-hSyn-GFP-WPRE,"iontophoresis (3 min, 7secOn/Off)"
SW190829-03A,mouse,NCBI:txid10090,C57Bl6,Tracer Injected,anterograde,LH/PF,University of Southern California,Hongwei Dong,U19MH114821-01,U19 Huang,BIL,https://download.brainimagelibrary.org/04/64/04646ca62a4c2ad4/1U19MH114821-01/SW190829-03A,NA,NA,NA,-2.155,0.625,-2.95,1. PHAL,"iontophoresis (10 min, 7secOn/Off)"
SW190829-03A,mouse,NCBI:txid10090,C57Bl6,Tracer Injected,anterograde,ZI,University of Southern California,Hongwei Dong,U19MH114821-01,U19 Huang,BIL,https://download.brainimagelibrary.org/04/64/04646ca62a4c2ad4/1U19MH114821-01/SW190829-03A,NA,NA,NA,-2.155,0.75,-5,2. AAV1-CAG-tdTomato-WPRE,"iontophoresis (3 min, 7secOn/Off)"
SW190829-03A,mouse,NCBI:txid10090,C57Bl6,Tracer Injected,anterograde,IPN,University of Southern California,Hongwei Dong,U19MH114821-01,U19 Huang,BIL,https://download.brainimagelibrary.org/04/64/04646ca62a4c2ad4/1U19MH114821-01/SW190829-03A,NA,NA,NA,-3.58,0,-5.3,3. AAV1-hSyn-GFP-WPRE,"iontophoresis (3 min, 7secOn/Off)"
SW190829-04A,mouse,NCBI:txid10090,C57Bl6,Tracer Injected,anterograde,failed,University of Southern California,Hongwei Dong,U19MH114821-01,U19 Huang,BIL,https://download.brainimagelibrary.org/04/64/04646ca62a4c2ad4/1U19MH114821-01/SW190829-04A,NA,NA,NA,NA,NA,,1. PHAL,"iontophoresis (10 min, 7secOn/Off)"
SW190829-04A,mouse,NCBI:txid10090,C57Bl6,Tracer Injected,anterograde,PSV,University of Southern California,Hongwei Dong,U19MH114821-01,U19 Huang,BIL,https://download.brainimagelibrary.org/04/64/04646ca62a4c2ad4/1U19MH114821-01/SW190829-04A,NA,NA,NA,-4.855,1.625,-5.5,2. AAV1-CAG-tdTomato-WPRE,"iontophoresis (3 min, 7secOn/Off)"
SW190829-04A,mouse,NCBI:txid10090,C57Bl6,Tracer Injected,anterograde,CUN,University of Southern California,Hongwei Dong,U19MH114821-01,U19 Huang,BIL,https://download.brainimagelibrary.org/04/64/04646ca62a4c2ad4/1U19MH114821-01/SW190829-04A,NA,NA,NA,-4.555,1.6,-3.5,3. AAV1-hSyn-GFP-WPRE,"iontophoresis (5 min, 7secOn/Off)"
SW190829-05A,mouse,NCBI:txid10090,C57Bl6,Tracer Injected,anterograde,PAGm,University of Southern California,Hongwei Dong,U19MH114821-01,U19 Huang,BIL,https://download.brainimagelibrary.org/04/64/04646ca62a4c2ad4/1U19MH114821-01/SW190829-05A,NA,NA,NA,-3.88,0.125,-3.1,1. PHAL,"iontophoresis (10 min, 7secOn/Off)"
SW190829-05A,mouse,NCBI:txid10090,C57Bl6,Tracer Injected,anterograde,SCig-b,University of Southern California,Hongwei Dong,U19MH114821-01,U19 Huang,BIL,https://download.brainimagelibrary.org/04/64/04646ca62a4c2ad4/1U19MH114821-01/SW190829-05A,NA,NA,NA,-3.58,0.25,-1.7,2. AAV1-CAG-tdTomato-WPRE,"iontophoresis (3 min, 7secOn/Off)"
SW190829-05A,mouse,NCBI:txid10090,C57Bl6,Tracer Injected,anterograde,AT,University of Southern California,Hongwei Dong,U19MH114821-01,U19 Huang,BIL,https://download.brainimagelibrary.org/04/64/04646ca62a4c2ad4/1U19MH114821-01/SW190829-05A,NA,NA,NA,-4.655,0.25,-4.125,3. AAV1-hSyn-GFP-WPRE,"iontophoresis (5 min, 7secOn/Off)"
SW190829-06A,mouse,NCBI:txid10090,C57Bl6,Tracer Injected,anterograde,MRN,University of Southern California,Hongwei Dong,U19MH114821-01,U19 Huang,BIL,https://download.brainimagelibrary.org/04/64/04646ca62a4c2ad4/1U19MH114821-01/SW190829-06A,NA,NA,NA,-3.68,1,-4,1. PHAL,"iontophoresis (10 min, 7secOn/Off)"
SW190829-06A,mouse,NCBI:txid10090,C57Bl6,Tracer Injected,anterograde,VII.m,University of Southern California,Hongwei Dong,U19MH114821-01,U19 Huang,BIL,https://download.brainimagelibrary.org/04/64/04646ca62a4c2ad4/1U19MH114821-01/SW190829-06A,NA,NA,NA,-5.455,1.25,-6.125,2. AAV1-CAG-tdTomato-WPRE,"iontophoresis (3 min, 7secOn/Off)"
SW190829-06A,mouse,NCBI:txid10090,C57Bl6,Tracer Injected,anterograde,VII.l,University of Southern California,Hongwei Dong,U19MH114821-01,U19 Huang,BIL,https://download.brainimagelibrary.org/04/64/04646ca62a4c2ad4/1U19MH114821-01/SW190829-06A,NA,NA,NA,-5.455,1.75,5.875,3. AAV1-hSyn-GFP-WPRE,"iontophoresis (5 min, 7secOn/Off)"
SW190924-01A,mouse,NCBI:txid10090,C57Bl6,Tracer Injected,retrograde,PAG.d,University of Southern California,Hongwei Dong,U19MH114821-01,U19 Huang,BIL,https://download.brainimagelibrary.org/04/64/04646ca62a4c2ad4/1U19MH114821-01/SW190924-01A,NA,NA,NA,-4.555,0.25,-2,1. CTB 647,"iontophoresis (10 min, 7secOn/Off)"
SW190924-01A,mouse,NCBI:txid10090,C57Bl6,Tracer Injected,retrograde,PAG.m,University of Southern California,Hongwei Dong,U19MH114821-01,U19 Huang,BIL,https://download.brainimagelibrary.org/04/64/04646ca62a4c2ad4/1U19MH114821-01/SW190924-01A,NA,NA,NA,-4.555,0.5,-2.5,2.CTB 555,pressure (50nl)
SW190924-01A,mouse,NCBI:txid10090,C57Bl6,Tracer Injected,retrograde,PAG.v/DR,University of Southern California,Hongwei Dong,U19MH114821-01,U19 Huang,BIL,https://download.brainimagelibrary.org/04/64/04646ca62a4c2ad4/1U19MH114821-01/SW190924-01A,NA,NA,NA,-4.555,0.15,-3.625,3. AAVretro-hSyn-Cre-WPRE,"iontophoresis (5 min, 7secOn/Off)"
SW190924-01A,mouse,NCBI:txid10090,C57Bl6,Tracer Injected,retrograde,PPN,University of Southern California,Hongwei Dong,U19MH114821-01,U19 Huang,BIL,https://download.brainimagelibrary.org/04/64/04646ca62a4c2ad4/1U19MH114821-01/SW190924-01A,NA,NA,NA,-4.655,1.6,-4,4. FG,"iontophoresis (5 min, 7secOn/Off)"
SW190924-02A,mouse,NCBI:txid10090,C57Bl6,Tracer Injected,retrograde,PAG.d,University of Southern California,Hongwei Dong,U19MH114821-01,U19 Huang,BIL,https://download.brainimagelibrary.org/04/64/04646ca62a4c2ad4/1U19MH114821-01/SW190924-02A,NA,NA,NA,-4.555,0.25,-2,1. CTB 647,"iontophoresis (10 min, 7secOn/Off)"
SW190924-02A,mouse,NCBI:txid10090,C57Bl6,Tracer Injected,retrograde,PAG.m,University of Southern California,Hongwei Dong,U19MH114821-01,U19 Huang,BIL,https://download.brainimagelibrary.org/04/64/04646ca62a4c2ad4/1U19MH114821-01/SW190924-02A,NA,NA,NA,-4.555,0.5,-2.5,2.CTB 555,pressure (50nl)
SW190924-02A,mouse,NCBI:txid10090,C57Bl6,Tracer Injected,retrograde,PAG.d,University of Southern California,Hongwei Dong,U19MH114821-01,U19 Huang,BIL,https://download.brainimagelibrary.org/04/64/04646ca62a4c2ad4/1U19MH114821-01/SW190924-02A,NA,NA,NA,-4.555,0.25,-2,3. AAVretro-hSyn-Cre-WPRE,"iontophoresis (5 min, 7secOn/Off)"
SW190924-02A,mouse,NCBI:txid10090,C57Bl6,Tracer Injected,retrograde,PPN,University of Southern California,Hongwei Dong,U19MH114821-01,U19 Huang,BIL,https://download.brainimagelibrary.org/04/64/04646ca62a4c2ad4/1U19MH114821-01/SW190924-02A,NA,NA,NA,-4.655,1.6,-4,4. FG,"iontophoresis (5 min, 7secOn/Off)"
SW190924-03A,mouse,NCBI:txid10090,C57Bl6,Tracer Injected,retrograde,PPN,University of Southern California,Hongwei Dong,U19MH114821-01,U19 Huang,BIL,https://download.brainimagelibrary.org/04/64/04646ca62a4c2ad4/1U19MH114821-01/SW190924-03A,NA,NA,NA,-4.955,1.5,-3.63,1. CTB 647,"iontophoresis (10 min, 7secOn/Off)"
SW190924-03A,mouse,NCBI:txid10090,C57Bl6,Tracer Injected,retrograde,PB_lv/scp,University of Southern California,Hongwei Dong,U19MH114821-01,U19 Huang,BIL,https://download.brainimagelibrary.org/04/64/04646ca62a4c2ad4/1U19MH114821-01/SW190924-03A,NA,NA,NA,-5.055,1.5,-3.75,2.CTB 555,pressure (50nl)
SW190924-03A,mouse,NCBI:txid10090,C57Bl6,Tracer Injected,retrograde,KF,University of Southern California,Hongwei Dong,U19MH114821-01,U19 Huang,BIL,https://download.brainimagelibrary.org/04/64/04646ca62a4c2ad4/1U19MH114821-01/SW190924-03A,NA,NA,NA,-4.78,1.75,-4.375,3. AAVretro-hSyn-Cre-WPRE,"iontophoresis (3 min, 7secOn/Off)"
SW190924-03A,mouse,NCBI:txid10090,C57Bl6,Tracer Injected,retrograde,SUT,University of Southern California,Hongwei Dong,U19MH114821-01,U19 Huang,BIL,https://download.brainimagelibrary.org/04/64/04646ca62a4c2ad4/1U19MH114821-01/SW190924-03A,NA,NA,NA,-5.255,1.45,-4,4. FG,"iontophoresis (5 min, 7secOn/Off)"
SW190926-01A,mouse,NCBI:txid10090,C57Bl6,Tracer Injected,retrograde,PB,University of Southern California,Hongwei Dong,U19MH114821-01,U19 Huang,BIL,https://download.brainimagelibrary.org/04/64/04646ca62a4c2ad4/1U19MH114821-01/SW190926-01A,NA,NA,NA,-4.955,1.5,-3.6,1. CTB 647,"iontophoresis (10 min, 7secOn/Off)"
SW190926-01A,mouse,NCBI:txid10090,C57Bl6,Tracer Injected,retrograde,PBlc,University of Southern California,Hongwei Dong,U19MH114821-01,U19 Huang,BIL,https://download.brainimagelibrary.org/04/64/04646ca62a4c2ad4/1U19MH114821-01/SW190926-01A,NA,NA,NA,-5.155,1.3,-3.2,2.CTB 555,pressure (50nl)
SW190926-01A,mouse,NCBI:txid10090,C57Bl6,Tracer Injected,retrograde,KF,University of Southern California,Hongwei Dong,U19MH114821-01,U19 Huang,BIL,https://download.brainimagelibrary.org/04/64/04646ca62a4c2ad4/1U19MH114821-01/SW190926-01A,NA,NA,NA,-4.955,1.8,-4.1,3. AAVretro-hSyn-Cre-WPRE,"iontophoresis (3 min, 7secOn/Off)"
SW190926-01A,mouse,NCBI:txid10090,C57Bl6,Tracer Injected,retrograde,SUT,University of Southern California,Hongwei Dong,U19MH114821-01,U19 Huang,BIL,https://download.brainimagelibrary.org/04/64/04646ca62a4c2ad4/1U19MH114821-01/SW190926-01A,NA,NA,NA,-5.38,1.75,-3.875,4. FG,"iontophoresis (5 min, 7secOn/Off)"
SW190926-02A,mouse,NCBI:txid10090,C57Bl6,Tracer Injected,retrograde,PPY/PY,University of Southern California,Hongwei Dong,U19MH114821-01,U19 Huang,BIL,https://download.brainimagelibrary.org/04/64/04646ca62a4c2ad4/1U19MH114821-01/SW190926-02A,NA,NA,NA,-5.955,0.25,-6.75,1. CTB 647,"iontophoresis (10 min, 7secOn/Off)"
SW190926-02A,mouse,NCBI:txid10090,C57Bl6,Tracer Injected,retrograde,IRN/ACVII/VII.m,University of Southern California,Hongwei Dong,U19MH114821-01,U19 Huang,BIL,https://download.brainimagelibrary.org/04/64/04646ca62a4c2ad4/1U19MH114821-01/SW190926-02A,NA,NA,NA,-5.655,1,-5.75,2.CTB 555,pressure (50nl)
SW190926-02A,mouse,NCBI:txid10090,C57Bl6,Tracer Injected,retrograde,PARN,University of Southern California,Hongwei Dong,U19MH114821-01,U19 Huang,BIL,https://download.brainimagelibrary.org/04/64/04646ca62a4c2ad4/1U19MH114821-01/SW190926-02A,NA,NA,NA,-5.655,2,-4.125,3. AAVretro-hSyn-Cre-WPRE,"iontophoresis (3 min, 7secOn/Off)"
SW190926-02A,mouse,NCBI:txid10090,C57Bl6,Tracer Injected,retrograde,failed,University of Southern California,Hongwei Dong,U19MH114821-01,U19 Huang,BIL,https://download.brainimagelibrary.org/04/64/04646ca62a4c2ad4/1U19MH114821-01/SW190926-02A,NA,NA,NA,NA,NA,,4. FG,"iontophoresis (5 min, 7secOn/Off)"
SW191014-01A,mouse,NCBI:txid10090,C57Bl6,Tracer Injected,retrograde,CPi.dm,University of Southern California,Hongwei Dong,U01MH114829-01,U01 Dong,BIL,https://download.brainimagelibrary.org/90/a9/90a90c314769c834/1U01MH114829-01/SW191014-01A,NA,NA,NA,0.02,1.25,-2.75,1. RVŒîG-4mCherry,pressure (50nl)
SW191014-01A,mouse,NCBI:txid10090,C57Bl6,Tracer Injected,retrograde,CPi.vl,University of Southern California,Hongwei Dong,U01MH114829-01,U01 Dong,BIL,https://download.brainimagelibrary.org/90/a9/90a90c314769c834/1U01MH114829-01/SW191014-01A,NA,NA,NA,0.02,2.5,-4.5,2. FG,"iontophoresis (5 min, 7secOn/Off)"
SW191014-01A,mouse,NCBI:txid10090,C57Bl6,Tracer Injected,retrograde,failed,University of Southern California,Hongwei Dong,U01MH114829-01,U01 Dong,BIL,https://download.brainimagelibrary.org/90/a9/90a90c314769c834/1U01MH114829-01/SW191014-01A,NA,NA,NA,NA,NA,,3. RVŒîG-4tdTomato,pressure (50nl)
SW191014-01A,mouse,NCBI:txid10090,C57Bl6,Tracer Injected,retrograde,failed,University of Southern California,Hongwei Dong,U01MH114829-01,U01 Dong,BIL,https://download.brainimagelibrary.org/90/a9/90a90c314769c834/1U01MH114829-01/SW191014-01A,NA,NA,NA,NA,NA,,4. RVŒîG-4eGFP,pressure (50nl)
SW191014-01A,mouse,NCBI:txid10090,C57Bl6,Tracer Injected,retrograde,SCig-b,University of Southern California,Hongwei Dong,U01MH114829-01,U01 Dong,BIL,https://download.brainimagelibrary.org/90/a9/90a90c314769c834/1U01MH114829-01/SW191014-01A,NA,NA,NA,-3.58,1.5,-2.75,5. CTB 647,"iontophoresis (10 min, 7secOn/Off)"
SW210421-01A,mouse,NCBI:txid10090,C57Bl6,Tracer Injected,retrograde,BST,"University of California, Los Angeles",Hongwei Dong,U19MH114821-01,U19 Huang,BIL,https://download.brainimagelibrary.org/82/19/82197a758a3b87d2/1U19MH114821-01/SW210421-01A/,NA,NA,NA,0.02,0.5,-4.875,1. CTB 647,"iontophoresis (10 min, 7secOn/Off)"
SW210421-01A,mouse,NCBI:txid10090,C57Bl6,Tracer Injected,retrograde,VMHvl/TU,"University of California, Los Angeles",Hongwei Dong,U19MH114821-01,U19 Huang,BIL,https://download.brainimagelibrary.org/82/19/82197a758a3b87d2/1U19MH114821-01/SW210421-01A/,NA,NA,NA,-1.455,0.75,6.5,2. CTB 488,pressure (50nl)
SW210421-01A,mouse,NCBI:txid10090,C57Bl6,Tracer Injected,retrograde,ARH,"University of California, Los Angeles",Hongwei Dong,U19MH114821-01,U19 Huang,BIL,https://download.brainimagelibrary.org/82/19/82197a758a3b87d2/1U19MH114821-01/SW210421-01A/,NA,NA,NA,-1.955,0.625,-6.75,3. FG,"iontophoresis (10 min, 7secOn/Off)"
SW210421-01A,mouse,NCBI:txid10090,C57Bl6,Tracer Injected,retrograde,LSv/BSTpr,"University of California, Los Angeles",Hongwei Dong,U19MH114821-01,U19 Huang,BIL,https://download.brainimagelibrary.org/82/19/82197a758a3b87d2/1U19MH114821-01/SW210421-01A/,NA,NA,NA,0.02,0.25,-2,4. CTB 555,pressure (50nl)
SW210421-02A,mouse,NCBI:txid10090,C57Bl6,Tracer Injected,retrograde,aco,"University of California, Los Angeles",Hongwei Dong,U19MH114821-01,U19 Huang,BIL,https://download.brainimagelibrary.org/82/19/82197a758a3b87d2/1U19MH114821-01/SW210421-02A/,NA,NA,NA,0.145,0.3,-4.875,1. CTB 647,"iontophoresis (10 min, 7secOn/Off)"
SW210421-02A,mouse,NCBI:txid10090,C57Bl6,Tracer Injected,retrograde,VMHvl/TU,"University of California, Los Angeles",Hongwei Dong,U19MH114821-01,U19 Huang,BIL,https://download.brainimagelibrary.org/82/19/82197a758a3b87d2/1U19MH114821-01/SW210421-02A/,NA,NA,NA,-1.455,0.75,6.5,2. CTB 488,pressure (50nl)
SW210421-02A,mouse,NCBI:txid10090,C57Bl6,Tracer Injected,retrograde,PVp,"University of California, Los Angeles",Hongwei Dong,U19MH114821-01,U19 Huang,BIL,https://download.brainimagelibrary.org/82/19/82197a758a3b87d2/1U19MH114821-01/SW210421-02A/,NA,NA,NA,-2.055,0.5,-6.625,3. FG,"iontophoresis (10 min, 7secOn/Off)"
SW210421-02A,mouse,NCBI:txid10090,C57Bl6,Tracer Injected,retrograde,BSTpr,"University of California, Los Angeles",Hongwei Dong,U19MH114821-01,U19 Huang,BIL,https://download.brainimagelibrary.org/82/19/82197a758a3b87d2/1U19MH114821-01/SW210421-02A/,NA,NA,NA,-0.08,0.75,-4.375,4. CTB 555,pressure (50nl)
SW210421-03A,mouse,NCBI:txid10090,C57Bl6,Tracer Injected,retrograde,VMHvl,"University of California, Los Angeles",Hongwei Dong,U19MH114821-01,U19 Huang,BIL,https://download.brainimagelibrary.org/82/19/82197a758a3b87d2/1U19MH114821-01/SW210421-03A/,NA,NA,NA,-1.255,0.5,-6.5,1. CTB 647,"iontophoresis (10 min, 7secOn/Off)"
SW210421-03A,mouse,NCBI:txid10090,C57Bl6,Tracer Injected,retrograde,sm,"University of California, Los Angeles",Hongwei Dong,U19MH114821-01,U19 Huang,BIL,https://download.brainimagelibrary.org/82/19/82197a758a3b87d2/1U19MH114821-01/SW210421-03A/,NA,NA,NA,-0.48,1.125,-4.75,2. CTB 488,pressure (50nl)
SW210421-03A,mouse,NCBI:txid10090,C57Bl6,Tracer Injected,retrograde,PMd,"University of California, Los Angeles",Hongwei Dong,U19MH114821-01,U19 Huang,BIL,https://download.brainimagelibrary.org/82/19/82197a758a3b87d2/1U19MH114821-01/SW210421-03A/,NA,NA,NA,-2.055,0.55,-6,3. FG,"iontophoresis (10 min, 7secOn/Off)"
SW210421-03A,mouse,NCBI:txid10090,C57Bl6,Tracer Injected,retrograde,BSTif,"University of California, Los Angeles",Hongwei Dong,U19MH114821-01,U19 Huang,BIL,https://download.brainimagelibrary.org/82/19/82197a758a3b87d2/1U19MH114821-01/SW210421-03A/,NA,NA,NA,-0.18,0.8,-5.375,4. CTB 555,pressure (50nl)
SW210815-01A,mouse,NCBI:txid10090,C57Bl6,Tracer Injected,anterograde,MRN,"University of California, Los Angeles",Hongwei Dong,U19MH114821-01,U19 Huang,BIL,https://download.brainimagelibrary.org/75/6c/756cd8f5634d1b88/1U19MH114821-01/SW210815-01A,NA,NA,NA,-3.455,1.25,-4.25,1. PHAL,"iontophoresis (10 min, 7secOn/Off)"
SW210815-01A,mouse,NCBI:txid10090,C57Bl6,Tracer Injected,anterograde,MRN,"University of California, Los Angeles",Hongwei Dong,U19MH114821-01,U19 Huang,BIL,https://download.brainimagelibrary.org/75/6c/756cd8f5634d1b88/1U19MH114821-01/SW210815-01A,NA,NA,NA,-4.155,1,-4.25,2. AAV1-CAG-tdTomato-WPRE,"iontophoresis (3 min, 7secOn/Off)"
SW210815-01A,mouse,NCBI:txid10090,C57Bl6,Tracer Injected,anterograde,PRNc,"University of California, Los Angeles",Hongwei Dong,U19MH114821-01,U19 Huang,BIL,https://download.brainimagelibrary.org/75/6c/756cd8f5634d1b88/1U19MH114821-01/SW210815-01A,NA,NA,NA,-4.455,1.25,-4.35,3. AAV1-hSyn-GFP-WPRE,"iontophoresis (5 min, 7secOn/Off)"
SW211216-01A,NA,NA,NA,Tracer Injected,anterograde,ZI,NA,Hongwei Dong,U19MH114821-01,NA,BIL,NA,NA,NA,NA,-1.955,1,-5,1. PHAL,"iontophoresis (10 min, 7secOn/Off)"
SW211216-01A,NA,NA,NA,Tracer Injected,anterograde,DHM,NA,Hongwei Dong,U19MH114821-01,NA,BIL,NA,NA,NA,NA,-1.355,0.25,-5.75,2. AAV1-CAG-tdTomato-WPRE,"iontophoresis (3 min, 7secOn/Off)"
SW211216-01A,NA,NA,NA,Tracer Injected,anterograde,ZI,NA,Hongwei Dong,U19MH114821-01,NA,BIL,NA,NA,NA,NA,-2.255,1.25,-4.75,3. AAV1-hSyn-GFP-WPRE,"iontophoresis (5 min, 7secOn/Off)"
SW211216-02A,NA,NA,NA,Tracer Injected,anterograde,LHA,NA,Hongwei Dong,U19MH114821-01,NA,BIL,NA,NA,NA,NA,-1.755,1,-5.5,1. PHAL,"iontophoresis (10 min, 7secOn/Off)"
SW211216-02A,NA,NA,NA,Tracer Injected,anterograde,LHA,NA,Hongwei Dong,U19MH114821-01,NA,BIL,NA,NA,NA,NA,-1.455,0.75,-5.5,2. AAV1-CAG-tdTomato-WPRE,"iontophoresis (3 min, 7secOn/Off)"
SW211216-02A,NA,NA,NA,Tracer Injected,anterograde,ZI,NA,Hongwei Dong,U19MH114821-01,NA,BIL,NA,NA,NA,NA,-2.055,1.5,-5.25,3. AAV1-hSyn-GFP-WPRE,"iontophoresis (3 min, 7secOn/Off)"
SW211216-03A,NA,NA,NA,Tracer Injected,anterograde,ZI,NA,Hongwei Dong,U19MH114821-01,NA,BIL,NA,NA,NA,NA,-2.255,2,-4.3,1. PHAL,"iontophoresis (10 min, 7secOn/Off)"
SW211216-03A,NA,NA,NA,Tracer Injected,anterograde,VTA,NA,Hongwei Dong,U19MH114821-01,NA,BIL,NA,NA,NA,NA,-2.48,0.85,-5,2. AAV1-CAG-tdTomato-WPRE,"iontophoresis (3 min, 7secOn/Off)"
SW211216-03A,NA,NA,NA,Tracer Injected,anterograde,CPD,NA,Hongwei Dong,U19MH114821-01,NA,BIL,NA,NA,NA,NA,-2.555,1.75,-5.25,3. AAV1-hSyn-GFP-WPRE,"iontophoresis (5 min, 7secOn/Off)"
SW220109-02A,mouse,NCBI:txid10090,C57Bl6,Tracer Injected,anterograde,SSp-ull,"University of California, Los Angeles",Hongwei Dong,U19MH114821-01,U19 Huang,BIL,https://download.brainimagelibrary.org/75/6c/756cd8f5634d1b88/1U19MH114821-01/SW220109-02A,NA,NA,NA,1.045,2.5,-1.25,1. PHAL,"iontophoresis (10 min, 7secOn/Off)"
SW220109-02A,mouse,NCBI:txid10090,C57Bl6,Tracer Injected,anterograde,SSp-ul,"University of California, Los Angeles",Hongwei Dong,U19MH114821-01,U19 Huang,BIL,https://download.brainimagelibrary.org/75/6c/756cd8f5634d1b88/1U19MH114821-01/SW220109-02A,NA,NA,NA,1.045,2.75,-1.5,2. AAV1-CAG-tdTomato-WPRE,"iontophoresis (3 min, 7secOn/Off)"
SW220109-02A,mouse,NCBI:txid10090,C57Bl6,Tracer Injected,anterograde,SSp-II,"University of California, Los Angeles",Hongwei Dong,U19MH114821-01,U19 Huang,BIL,https://download.brainimagelibrary.org/75/6c/756cd8f5634d1b88/1U19MH114821-01/SW220109-02A,NA,NA,NA,-0.755,2.25,-0.75,3. AAV1-hSyn-GFP-WPRE,"iontophoresis (3 min, 7secOn/Off)"
SW220109-03A,mouse,NCBI:txid10090,C57Bl6,Tracer Injected,anterograde,SSp-ul,"University of California, Los Angeles",Hongwei Dong,U19MH114821-01,U19 Huang,BIL,https://download.brainimagelibrary.org/75/6c/756cd8f5634d1b88/1U19MH114821-01/SW220109-03A,NA,NA,NA,1.045,2.25,-1,1. PHAL,"iontophoresis (10 min, 7secOn/Off)"
SW220109-03A,mouse,NCBI:txid10090,C57Bl6,Tracer Injected,anterograde,SSp-ul,"University of California, Los Angeles",Hongwei Dong,U19MH114821-01,U19 Huang,BIL,https://download.brainimagelibrary.org/75/6c/756cd8f5634d1b88/1U19MH114821-01/SW220109-03A,NA,NA,NA,1.045,3.25,-1.5,2. AAV1-CAG-tdTomato-WPRE,"iontophoresis (3 min, 7secOn/Off)"
SW220109-03A,mouse,NCBI:txid10090,C57Bl6,Tracer Injected,anterograde,SSp-ul,"University of California, Los Angeles",Hongwei Dong,U19MH114821-01,U19 Huang,BIL,https://download.brainimagelibrary.org/75/6c/756cd8f5634d1b88/1U19MH114821-01/SW220109-03A,NA,NA,NA,-0.755,2.75,-0.85,3. AAV1-hSyn-GFP-WPRE,"iontophoresis (5 min, 7secOn/Off)"
SW220111-01A,mouse,NCBI:txid10090,C57Bl6,Tracer Injected,anterograde,MOPL2/L3,"University of California, Los Angeles",Hongwei Dong,U19MH114821-01,U19 Huang,BIL,https://download.brainimagelibrary.org/75/6c/756cd8f5634d1b88/1U19MH114821-01/SW220111-01A,NA,NA,NA,1.045,2,-0.85,1. PHAL,"iontophoresis (10 min, 7secOn/Off)"
SW220111-01A,mouse,NCBI:txid10090,C57Bl6,Tracer Injected,anterograde,SSp-ul,"University of California, Los Angeles",Hongwei Dong,U19MH114821-01,U19 Huang,BIL,https://download.brainimagelibrary.org/75/6c/756cd8f5634d1b88/1U19MH114821-01/SW220111-01A,NA,NA,NA,0.845,2.75,-1.25,2. AAV1-CAG-tdTomato-WPRE,"iontophoresis (3 min, 7secOn/Off)"
SW220111-01A,mouse,NCBI:txid10090,C57Bl6,Tracer Injected,anterograde,SSp-tr,"University of California, Los Angeles",Hongwei Dong,U19MH114821-01,U19 Huang,BIL,https://download.brainimagelibrary.org/75/6c/756cd8f5634d1b88/1U19MH114821-01/SW220111-01A,NA,NA,NA,-0.955,2.5,-0.75,3. AAV1-hSyn-GFP-WPRE,"iontophoresis (3 min, 7secOn/Off)"
SW220120-04A,mouse,NCBI:txid10090,C57Bl6,Tracer Injected,retrograde,LHA,"University of California, Los Angeles",Hongwei Dong,U19MH114821-01,U19 Huang,BIL,https://download.brainimagelibrary.org/75/6c/756cd8f5634d1b88/1U19MH114821-01/SW220120-04A,NA,NA,NA,-1.255,1.25,-6,1. CTB 647,"iontophoresis (10 min, 7secOn/Off)"
SW220120-04A,mouse,NCBI:txid10090,C57Bl6,Tracer Injected,retrograde,LHA,"University of California, Los Angeles",Hongwei Dong,U19MH114821-01,U19 Huang,BIL,https://download.brainimagelibrary.org/75/6c/756cd8f5634d1b88/1U19MH114821-01/SW220120-04A,NA,NA,NA,-1.455,1.25,-5.75,2.CTB 555,pressure (50nl)
SW220120-04A,mouse,NCBI:txid10090,C57Bl6,Tracer Injected,retrograde,VPM,"University of California, Los Angeles",Hongwei Dong,U19MH114821-01,U19 Huang,BIL,https://download.brainimagelibrary.org/75/6c/756cd8f5634d1b88/1U19MH114821-01/SW220120-04A,NA,NA,NA,-1.955,1.5,-4.25,3. CTB 488,pressure (50nl)
SW220120-04A,mouse,NCBI:txid10090,C57Bl6,Tracer Injected,retrograde,LHA,"University of California, Los Angeles",Hongwei Dong,U19MH114821-01,U19 Huang,BIL,https://download.brainimagelibrary.org/75/6c/756cd8f5634d1b88/1U19MH114821-01/SW220120-04A,NA,NA,NA,-1.955,1.25,-6.25,4. FG,"iontophoresis (5 min, 7secOn/Off)"
SW220213-01A,mouse,NCBI:txid10090,C57Bl6,Tracer Injected,retrograde,LHA,"University of California, Los Angeles",Hongwei Dong,U19MH114821-01,U19 Huang,BIL,https://download.brainimagelibrary.org/12/31/1231ea9a51cf9003/1U19MH114821-01/SW220213-01A,NA,NA,NA,-1.355,0.75,-5.5,1. CTB 647,"iontophoresis (10 min, 7secOn/Off)"
SW220213-01A,mouse,NCBI:txid10090,C57Bl6,Tracer Injected,retrograde,LHA,"University of California, Los Angeles",Hongwei Dong,U19MH114821-01,U19 Huang,BIL,https://download.brainimagelibrary.org/12/31/1231ea9a51cf9003/1U19MH114821-01/SW220213-01A,NA,NA,NA,-1.655,1.5,-5.75,2.CTB 555,pressure (50nl)
SW220213-01A,mouse,NCBI:txid10090,C57Bl6,Tracer Injected,retrograde,LHA,"University of California, Los Angeles",Hongwei Dong,U19MH114821-01,U19 Huang,BIL,https://download.brainimagelibrary.org/12/31/1231ea9a51cf9003/1U19MH114821-01/SW220213-01A,NA,NA,NA,-2.255,0.75,-5.5,3. CTB 488,pressure (50nl)
SW220213-01A,mouse,NCBI:txid10090,C57Bl6,Tracer Injected,retrograde,Tu,"University of California, Los Angeles",Hongwei Dong,U19MH114821-01,U19 Huang,BIL,https://download.brainimagelibrary.org/12/31/1231ea9a51cf9003/1U19MH114821-01/SW220213-01A,NA,NA,NA,-1.655,1.25,-6,4. FG,"iontophoresis (5 min, 7secOn/Off)"
SW220213-02A,mouse,NCBI:txid10090,C57Bl6,Tracer Injected,retrograde,LHA,"University of California, Los Angeles",Hongwei Dong,U19MH114821-01,U19 Huang,BIL,https://download.brainimagelibrary.org/12/31/1231ea9a51cf9003/1U19MH114821-01/SW220213-02A,NA,NA,NA,-1.455,0.75,-5.5,1. CTB 647,"iontophoresis (10 min, 7secOn/Off)"
SW220213-02A,mouse,NCBI:txid10090,C57Bl6,Tracer Injected,retrograde,LHA,"University of California, Los Angeles",Hongwei Dong,U19MH114821-01,U19 Huang,BIL,https://download.brainimagelibrary.org/12/31/1231ea9a51cf9003/1U19MH114821-01/SW220213-02A,NA,NA,NA,-2.255,0.75,6.5,2.CTB 555,pressure (50nl)
SW220213-02A,mouse,NCBI:txid10090,C57Bl6,Tracer Injected,retrograde,LHA,"University of California, Los Angeles",Hongwei Dong,U19MH114821-01,U19 Huang,BIL,https://download.brainimagelibrary.org/12/31/1231ea9a51cf9003/1U19MH114821-01/SW220213-02A,NA,NA,NA,-2.255,0.75,-5.6,3. CTB 488,pressure (50nl)
SW220213-02A,mouse,NCBI:txid10090,C57Bl6,Tracer Injected,retrograde,LHA,"University of California, Los Angeles",Hongwei Dong,U19MH114821-01,U19 Huang,BIL,https://download.brainimagelibrary.org/12/31/1231ea9a51cf9003/1U19MH114821-01/SW220213-02A,NA,NA,NA,-2.055,1.25,-6.5,4. FG,"iontophoresis (5 min, 7secOn/Off)"
SW220327-03A,mouse,NCBI:txid10090,C57Bl6,Tracer Injected,retrograde,failed,"University of California, Los Angeles",Hongwei Dong,U19MH114821-01,U19 Huang,BIL,https://download.brainimagelibrary.org/12/31/1231ea9a51cf9003/1U19MH114821-01/SW220327-03A,NA,NA,NA,NA,NA,,1. Phal 647,"iontophoresis (10 min, 7secOn/Off)"
SW220327-03A,mouse,NCBI:txid10090,C57Bl6,Tracer Injected,retrograde,ACAv,"University of California, Los Angeles",Hongwei Dong,U19MH114821-01,U19 Huang,BIL,https://download.brainimagelibrary.org/12/31/1231ea9a51cf9003/1U19MH114821-01/SW220327-03A,NA,NA,NA,1.245,0.3,-1.5,2. RVŒîG-4tdTomato,pressure (50nl)
SW220327-03A,mouse,NCBI:txid10090,C57Bl6,Tracer Injected,retrograde,ACAv,"University of California, Los Angeles",Hongwei Dong,U19MH114821-01,U19 Huang,BIL,https://download.brainimagelibrary.org/12/31/1231ea9a51cf9003/1U19MH114821-01/SW220327-03A,NA,NA,NA,0.345,0.4,-1.5,3. FG,"iontophoresis (10 min, 7secOn/Off)"
SW220327-03A,mouse,NCBI:txid10090,C57Bl6,Tracer Injected,retrograde,ACAv,"University of California, Los Angeles",Hongwei Dong,U19MH114821-01,U19 Huang,BIL,https://download.brainimagelibrary.org/12/31/1231ea9a51cf9003/1U19MH114821-01/SW220327-03A,NA,NA,NA,0.845,0.5,-1.5,4. RVŒîG-4eGFP,pressure (50nl)
SW190614-01A,mouse,NCBI:txid10090,C57Bl6,Tracer Injected,Cre-dependent anterograde,SCiw,University of Southern California,Hongwei Dong,U01MH114829-01,U01 Dong,BIL,https://download.brainimagelibrary.org/90/a9/90a90c314769c834/1U01MH114829-01/SW190614-01A,NA,NA,NA,-3.68,1.4,-2.6,1 AAVretro-EF1a-Cre,"iontophoresis (5 min, 7secOn/Off)"
SW190614-01A,mouse,NCBI:txid10090,C57Bl6,Tracer Injected,Cre-dependent anterograde,VM,University of Southern California,Hongwei Dong,U01MH114829-01,U01 Dong,BIL,https://download.brainimagelibrary.org/90/a9/90a90c314769c834/1U01MH114829-01/SW190614-01A,NA,NA,NA,-2.255,0.7,-4.6,2 AAV1.CAG.FLEX.eGFP.WPRE.bGH,"iontophoresis (5 min, 7secOn/Off)"
SW190614-01A,mouse,NCBI:txid10090,C57Bl6,Tracer Injected,Cre-dependent anterograde,MOp,University of Southern California,Hongwei Dong,U01MH114829-01,U01 Dong,BIL,https://download.brainimagelibrary.org/90/a9/90a90c314769c834/1U01MH114829-01/SW190614-01A,NA,NA,NA,2.62,2.1,-2.6,3 AAV1.CAG.FLEX.tdTomato.WPRE.bGH,"iontophoresis (5 min, 7secOn/Off)"
SW190916-02A,mouse,NCBI:txid10090,C57Bl6,Tracer Injected,Cre-dependent anterograde,MPO,University of Southern California,Hongwei Dong,U01MH114829-01,U01 Dong,BIL,https://download.brainimagelibrary.org/90/a9/90a90c314769c834/1U01MH114829-01/SW190916-02A,NA,NA,NA,-0.18,0.7,-6.4,1 AAVretro-EF1a-Cre,"iontophoresis (5 min, 7secOn/Off)"
SW190916-02A,mouse,NCBI:txid10090,C57Bl6,Tracer Injected,Cre-dependent anterograde,PA,University of Southern California,Hongwei Dong,U01MH114829-01,U01 Dong,BIL,https://download.brainimagelibrary.org/90/a9/90a90c314769c834/1U01MH114829-01/SW190916-02A,NA,NA,NA,-2.155,2.25,-5.875,2 AAV1.CAG.FLEX.eGFP.WPRE.bGH,"iontophoresis (5 min, 7secOn/Off)"
SW190916-02A,mouse,NCBI:txid10090,C57Bl6,Tracer Injected,Cre-dependent anterograde,VMHc,University of Southern California,Hongwei Dong,U01MH114829-01,U01 Dong,BIL,https://download.brainimagelibrary.org/90/a9/90a90c314769c834/1U01MH114829-01/SW190916-02A,NA,NA,NA,-1.455,0.5,-6.25,3 AAV1.CAG.FLEX.tdTomato.WPRE.bGH,"iontophoresis (5 min, 7secOn/Off)"
SW191004-08A,mouse,NCBI:txid10090,C57Bl6,Tracer Injected,Cre-dependent anterograde,ACB.m,University of Southern California,Hongwei Dong,U01MH114829-01,U01 Dong,BIL,https://download.brainimagelibrary.org/90/a9/90a90c314769c834/1U01MH114829-01/SW191004-08A,NA,NA,NA,1.145,1,-5,1. AAV1-hSyn-Cre-WPRE,"iontophoresis (5 min, 7secOn/Off)"
SW191004-08A,mouse,NCBI:txid10090,C57Bl6,Tracer Injected,Cre-dependent anterograde,SNc/r.d.m,University of Southern California,Hongwei Dong,U01MH114829-01,U01 Dong,BIL,https://download.brainimagelibrary.org/90/a9/90a90c314769c834/1U01MH114829-01/SW191004-08A,NA,NA,NA,-3.18,1,-5.5,2. AAV1.CAG.FLEX.eGFP.WPRE.bGH,"iontophoresis (5 min, 7secOn/Off)"
SW191004-09A,mouse,NCBI:txid10090,C57Bl6,Tracer Injected,Cre-dependent anterograde,ACB.m,University of Southern California,Hongwei Dong,U01MH114829-01,U01 Dong,BIL,https://download.brainimagelibrary.org/90/a9/90a90c314769c834/1U01MH114829-01/SW191004-09A,NA,NA,NA,0.745,0.75,-4.5,1. AAV1-hSyn-Cre-WPRE,"iontophoresis (5 min, 7secOn/Off)"
SW191004-09A,mouse,NCBI:txid10090,C57Bl6,Tracer Injected,Cre-dependent anterograde,SNc/r.d.m,University of Southern California,Hongwei Dong,U01MH114829-01,U01 Dong,BIL,https://download.brainimagelibrary.org/90/a9/90a90c314769c834/1U01MH114829-01/SW191004-09A,NA,NA,NA,-3.18,1,-5.5,2. AAV1.CAG.FLEX.eGFP.WPRE.bGH,"iontophoresis (5 min, 7secOn/Off)"
SW190830-02A,mouse,NCBI:txid10090,C57Bl6,Tracer Injected,Cre-dependent anterograde,ACAv,University of Southern California,Hongwei Dong,U01MH114829-01,U01 Dong,BIL,https://download.brainimagelibrary.org/90/a9/90a90c314769c834/1U01MH114829-01/SW190830-02A,NA,NA,NA,1.245,0.5,-1.3,1 AAVretro-EF1a-Cre,"iontophoresis (5 min, 7secOn/Off)"
SW190830-02A,mouse,NCBI:txid10090,C57Bl6,Tracer Injected,Cre-dependent anterograde,VAL,University of Southern California,Hongwei Dong,U01MH114829-01,U01 Dong,BIL,https://download.brainimagelibrary.org/90/a9/90a90c314769c834/1U01MH114829-01/SW190830-02A,NA,NA,NA,-0.755,1.1,-4.25,2 AAV1.CAG.FLEX.eGFP.WPRE.bGH,"iontophoresis (5 min, 7secOn/Off)"
SW190830-02A,mouse,NCBI:txid10090,C57Bl6,Tracer Injected,Cre-dependent anterograde,PF,University of Southern California,Hongwei Dong,U01MH114829-01,U01 Dong,BIL,https://download.brainimagelibrary.org/90/a9/90a90c314769c834/1U01MH114829-01/SW190830-02A,NA,NA,NA,-2.055,0.55,-3.65,3 AAV1.CAG.FLEX.tdTomato.WPRE.bGH,"iontophoresis (5 min, 7secOn/Off)"
SW180629-05A,mouse,NCBI:txid10090,NA,Tracer Injected,Cre-dependent anterograde,BLAa,University of Southern California,Hongwei Dong,U01MH114829-01,U01 Dong,BIL,https://download.brainimagelibrary.org/e8/20/e820c8267a0cbedb/2018Q4_U01/SW180629-05A/,NA,NA,NA,-1.755,3.45,-5.25,1 AAVretro-EF1a-Cre,"iontophoresis (5 min, 7secOn/Off)"
SW180629-05A,mouse,NCBI:txid10090,NA,Tracer Injected,Cre-dependent anterograde,MEA/BMAp,University of Southern California,Hongwei Dong,U01MH114829-01,U01 Dong,BIL,https://download.brainimagelibrary.org/e8/20/e820c8267a0cbedb/2018Q4_U01/SW180629-05A/,NA,NA,NA,-1.655,2.5,-6,2 AAV1.CAG.FLEX.eGFP.WPRE.bGH,"iontophoresis (5 min, 7secOn/Off)"
SW180629-05A,mouse,NCBI:txid10090,NA,Tracer Injected,Cre-dependent anterograde,PVT+PT,University of Southern California,Hongwei Dong,U01MH114829-01,U01 Dong,BIL,https://download.brainimagelibrary.org/e8/20/e820c8267a0cbedb/2018Q4_U01/SW180629-05A/,NA,NA,NA,-0.28,0.4,-4.25,3 AAV1.CAG.FLEX.tdTomato.WPRE.bGH,"iontophoresis (5 min, 7secOn/Off)"
SW180629-01A,mouse,NCBI:txid10090,NA,Tracer Injected,Cre-dependent anterograde,CPi,University of Southern California,Hongwei Dong,U01MH114829-01,U01 Dong,BIL,https://download.brainimagelibrary.org/e8/20/e820c8267a0cbedb/2018Q4_U01/SW180629-01A/,NA,NA,NA,0.145,3,-4.1,1 AAVretro-EF1a-Cre,"iontophoresis (5 min, 7secOn/Off)"
SW180629-01A,mouse,NCBI:txid10090,NA,Tracer Injected,Cre-dependent anterograde,MOp,University of Southern California,Hongwei Dong,U01MH114829-01,U01 Dong,BIL,https://download.brainimagelibrary.org/e8/20/e820c8267a0cbedb/2018Q4_U01/SW180629-01A/,NA,NA,NA,2.145,2.25,-2,2 AAV1.CAG.FLEX.eGFP.WPRE.bGH,"iontophoresis (5 min, 7secOn/Off)"
SW180629-01A,mouse,NCBI:txid10090,NA,Tracer Injected,Cre-dependent anterograde,ECT,University of Southern California,Hongwei Dong,U01MH114829-01,U01 Dong,BIL,https://download.brainimagelibrary.org/e8/20/e820c8267a0cbedb/2018Q4_U01/SW180629-01A/,NA,NA,NA,-1.355,4.5,-4.3,3 AAV1.CAG.FLEX.tdTomato.WPRE.bGH,"iontophoresis (5 min, 7secOn/Off)"
SW180301-02A,mouse,NCBI:txid10090,NA,Tracer Injected,Cre-dependent anterograde,VAL,University of Southern California,Hongwei Dong,U01MH114829-01,U01 Dong,BIL,https://download.brainimagelibrary.org/e8/20/e820c8267a0cbedb/2018Q4_U01/SW180301-02A/,NA,NA,NA,-0.955,1.4,-3.7,1 AAVretro-EF1a-Cre,"iontophoresis (5 min, 7secOn/Off)"
SW180301-02A,mouse,NCBI:txid10090,NA,Tracer Injected,Cre-dependent anterograde,MOp-ul,University of Southern California,Hongwei Dong,U01MH114829-01,U01 Dong,BIL,https://download.brainimagelibrary.org/e8/20/e820c8267a0cbedb/2018Q4_U01/SW180301-02A/,NA,NA,NA,1.045,1.85,-1.4,2 AAV1.CAG.FLEX.eGFP.WPRE.bGH,"iontophoresis (5 min, 7secOn/Off)"
SW180301-02A,mouse,NCBI:txid10090,NA,Tracer Injected,Cre-dependent anterograde,SSp-ul,University of Southern California,Hongwei Dong,U01MH114829-01,U01 Dong,BIL,https://download.brainimagelibrary.org/e8/20/e820c8267a0cbedb/2018Q4_U01/SW180301-02A/,NA,NA,NA,0.345,2.5,-1.3,3 AAV1.CAG.FLEX.tdTomato.WPRE.bGH,"iontophoresis (5 min, 7secOn/Off)"
SW180628-02A,mouse,NCBI:txid10090,NA,Tracer Injected,Cre-dependent anterograde,ACV/PARN,University of Southern California,Hongwei Dong,U01MH114829-01,U01 Dong,BIL,https://download.brainimagelibrary.org/e8/20/e820c8267a0cbedb/2018Q4_U01/SW180628-02A/,NA,NA,NA,-5.655,1.2,-5.4,1 AAVretro-EF1a-Cre,"iontophoresis (5 min, 7secOn/Off)"
SW180628-02A,mouse,NCBI:txid10090,NA,Tracer Injected,Cre-dependent anterograde,MOp-m,University of Southern California,Hongwei Dong,U01MH114829-01,U01 Dong,BIL,https://download.brainimagelibrary.org/e8/20/e820c8267a0cbedb/2018Q4_U01/SW180628-02A/,NA,NA,NA,2.145,2.5,-2.5,2 AAV1.CAG.FLEX.eGFP.WPRE.bGH,"iontophoresis (5 min, 7secOn/Off)"
SW180628-02A,mouse,NCBI:txid10090,NA,Tracer Injected,Cre-dependent anterograde,CEAm/c,University of Southern California,Hongwei Dong,U01MH114829-01,U01 Dong,BIL,https://download.brainimagelibrary.org/e8/20/e820c8267a0cbedb/2018Q4_U01/SW180628-02A/,NA,NA,NA,-1.255,2.5,-5.375,3 AAV1.CAG.FLEX.tdTomato.WPRE.bGH,"iontophoresis (5 min, 7secOn/Off)"
SW180629-02A,mouse,NCBI:txid10090,NA,Tracer Injected,Cre-dependent anterograde,CA3,University of Southern California,Hongwei Dong,U01MH114829-01,U01 Dong,BIL,https://download.brainimagelibrary.org/e8/20/e820c8267a0cbedb/2018Q4_U01/SW180629-02A/,NA,NA,NA,-2.555,3.5,-4,1 AAVretro-EF1a-Cre,"iontophoresis (5 min, 7secOn/Off)"
SW180629-02A,mouse,NCBI:txid10090,NA,Tracer Injected,Cre-dependent anterograde,BLAa,University of Southern California,Hongwei Dong,U01MH114829-01,U01 Dong,BIL,https://download.brainimagelibrary.org/e8/20/e820c8267a0cbedb/2018Q4_U01/SW180629-02A/,NA,NA,NA,-1.555,3.3,-5.25,2 AAV1.CAG.FLEX.eGFP.WPRE.bGH,"iontophoresis (5 min, 7secOn/Off)"
SW180629-02A,mouse,NCBI:txid10090,NA,Tracer Injected,Cre-dependent anterograde,CLA,University of Southern California,Hongwei Dong,U01MH114829-01,U01 Dong,BIL,https://download.brainimagelibrary.org/e8/20/e820c8267a0cbedb/2018Q4_U01/SW180629-02A/,NA,NA,NA,1.145,2.7,-4,3 AAV1.CAG.FLEX.tdTomato.WPRE.bGH,"iontophoresis (5 min, 7secOn/Off)"
SW180629-03A,mouse,NCBI:txid10090,NA,Tracer Injected,Cre-dependent anterograde,ECT,University of Southern California,Hongwei Dong,U01MH114829-01,U01 Dong,BIL,https://download.brainimagelibrary.org/e8/20/e820c8267a0cbedb/2018Q4_U01/SW180629-03A/,NA,NA,NA,-2.78,4.75,-4,1 AAVretro-EF1a-Cre,"iontophoresis (5 min, 7secOn/Off)"
SW180629-03A,mouse,NCBI:txid10090,NA,Tracer Injected,Cre-dependent anterograde,LA,University of Southern California,Hongwei Dong,U01MH114829-01,U01 Dong,BIL,https://download.brainimagelibrary.org/e8/20/e820c8267a0cbedb/2018Q4_U01/SW180629-03A/,NA,NA,NA,-1.555,3.65,-5,2 AAV1.CAG.FLEX.eGFP.WPRE.bGH,"iontophoresis (5 min, 7secOn/Off)"
SW180629-03A,mouse,NCBI:txid10090,NA,Tracer Injected,Cre-dependent anterograde,CLA,University of Southern California,Hongwei Dong,U01MH114829-01,U01 Dong,BIL,https://download.brainimagelibrary.org/e8/20/e820c8267a0cbedb/2018Q4_U01/SW180629-03A/,NA,NA,NA,1.545,2.25,-3.7,3 AAV1.CAG.FLEX.tdTomato.WPRE.bGH,"iontophoresis (5 min, 7secOn/Off)"
SW181101-03A,mouse,NCBI:txid10090,C57Bl6,Tracer Injected,Cre-dependent anterograde,LP/PO,University of Southern California,Hongwei Dong,U01MH114829-01,U01 Dong,BIL,https://download.brainimagelibrary.org/11/5b/115bda6eacd6507c/1U01MH114829-01/SW181101-03A,NA,NA,NA,-2.055,1.6,-2.95,1 AAVretro-EF1a-Cre,"iontophoresis (5 min, 7secOn/Off)"
SW181101-03A,mouse,NCBI:txid10090,C57Bl6,Tracer Injected,Cre-dependent anterograde,SCig-a,University of Southern California,Hongwei Dong,U01MH114829-01,U01 Dong,BIL,https://download.brainimagelibrary.org/11/5b/115bda6eacd6507c/1U01MH114829-01/SW181101-03A,NA,NA,NA,-3.08,0.5,-2.1,2 AAV1.CAG.FLEX.eGFP.WPRE.bGH,"iontophoresis (5 min, 7secOn/Off)"
SW181101-03A,mouse,NCBI:txid10090,C57Bl6,Tracer Injected,Cre-dependent anterograde,RSPv,University of Southern California,Hongwei Dong,U01MH114829-01,U01 Dong,BIL,https://download.brainimagelibrary.org/11/5b/115bda6eacd6507c/1U01MH114829-01/SW181101-03A,NA,NA,NA,-3.08,0.9,-1.6,3 AAV1.CAG.FLEX.tdTomato.WPRE.bGH,"iontophoresis (5 min, 7secOn/Off)"
SW181115-01A,mouse,NCBI:txid10090,C57Bl6,Tracer Injected,Cre-dependent anterograde,SNr.medial,University of Southern California,Hongwei Dong,U01MH114829-01,U01 Dong,BIL,https://download.brainimagelibrary.org/11/5b/115bda6eacd6507c/1U01MH114829-01/SW181115-01A,NA,NA,NA,-3.28,1,-5.25,1 AAVretro-EF1a-Cre,"iontophoresis (5 min, 7secOn/Off)"
SW181115-01A,mouse,NCBI:txid10090,C57Bl6,Tracer Injected,Cre-dependent anterograde,GP,University of Southern California,Hongwei Dong,U01MH114829-01,U01 Dong,BIL,https://download.brainimagelibrary.org/11/5b/115bda6eacd6507c/1U01MH114829-01/SW181115-01A,NA,NA,NA,-0.48,1.9,-4.5,2 AAV1.CAG.FLEX.eGFP.WPRE.bGH,"iontophoresis (5 min, 7secOn/Off)"
SW181115-01A,mouse,NCBI:txid10090,C57Bl6,Tracer Injected,Cre-dependent anterograde,CP,University of Southern California,Hongwei Dong,U01MH114829-01,U01 Dong,BIL,https://download.brainimagelibrary.org/11/5b/115bda6eacd6507c/1U01MH114829-01/SW181115-01A,NA,NA,NA,0.345,1.8,-2.6,3 AAV1.CAG.FLEX.tdTomato.WPRE.bGH,"iontophoresis (5 min, 7secOn/Off)"
SW181205-01A,mouse,NCBI:txid10090,C57Bl6,Tracer Injected,Cre-dependent anterograde,GPi/RT,University of Southern California,Hongwei Dong,U01MH114829-01,U01 Dong,BIL,https://download.brainimagelibrary.org/11/5b/115bda6eacd6507c/1U01MH114829-01/SW181205-01A,NA,NA,NA,-1.155,2.2,-4.7,1 AAVretro-EF1a-Cre,"iontophoresis (5 min, 7secOn/Off)"
SW181205-01A,mouse,NCBI:txid10090,C57Bl6,Tracer Injected,Cre-dependent anterograde,GU,University of Southern California,Hongwei Dong,U01MH114829-01,U01 Dong,BIL,https://download.brainimagelibrary.org/11/5b/115bda6eacd6507c/1U01MH114829-01/SW181205-01A,NA,NA,NA,0.145,4,-4,2 AAV1.CAG.FLEX.eGFP.WPRE.bGH,"iontophoresis (5 min, 7secOn/Off)"
SW181205-01A,mouse,NCBI:txid10090,C57Bl6,Tracer Injected,Cre-dependent anterograde,CPi.dl,University of Southern California,Hongwei Dong,U01MH114829-01,U01 Dong,BIL,https://download.brainimagelibrary.org/11/5b/115bda6eacd6507c/1U01MH114829-01/SW181205-01A,NA,NA,NA,0.145,2.5,-3.1,3 AAV1.CAG.FLEX.tdTomato.WPRE.bGH,"iontophoresis (5 min, 7secOn/Off)"
SW190110-02A,mouse,NCBI:txid10090,C57Bl6,Tracer Injected,Cre-dependent anterograde,CPc,University of Southern California,Hongwei Dong,U01MH114829-01,U01 Dong,BIL,https://download.brainimagelibrary.org/11/5b/115bda6eacd6507c/1U01MH114829-01/SW190110-02A,NA,NA,NA,-0.28,2.1,-2.4,1 AAVretro-EF1a-Cre,"iontophoresis (5 min, 7secOn/Off)"
SW190110-02A,mouse,NCBI:txid10090,C57Bl6,Tracer Injected,Cre-dependent anterograde,BLA.al,University of Southern California,Hongwei Dong,U01MH114829-01,U01 Dong,BIL,https://download.brainimagelibrary.org/11/5b/115bda6eacd6507c/1U01MH114829-01/SW190110-02A,NA,NA,NA,-1.455,3.3,-5.25,2 AAV1.CAG.FLEX.eGFP.WPRE.bGH,"iontophoresis (5 min, 7secOn/Off)"
SW190110-02A,mouse,NCBI:txid10090,C57Bl6,Tracer Injected,Cre-dependent anterograde,MOs,University of Southern California,Hongwei Dong,U01MH114829-01,U01 Dong,BIL,https://download.brainimagelibrary.org/11/5b/115bda6eacd6507c/1U01MH114829-01/SW190110-02A,NA,NA,NA,1.245,0.5,-0.7,3 AAV1.CAG.FLEX.tdTomato.WPRE.bGH,"iontophoresis (5 min, 7secOn/Off)"
SW180301-01A,mouse,NCBI:txid10090,C57Bl6,Tracer Injected,Cre-dependent anterograde,PF+PCN,University of Southern California,Hongwei Dong,U01MH114829-01,U01 Dong,BIL,https://download.brainimagelibrary.org/11/5b/115bda6eacd6507c/1U01MH114829-01/SW180301-01A,NA,NA,NA,-1.955,0.75,-3.9,1 AAVretro-EF1a-Cre,"iontophoresis (5 min, 7secOn/Off)"
SW180301-01A,mouse,NCBI:txid10090,C57Bl6,Tracer Injected,Cre-dependent anterograde,SSp-ul,University of Southern California,Hongwei Dong,U01MH114829-01,U01 Dong,BIL,https://download.brainimagelibrary.org/11/5b/115bda6eacd6507c/1U01MH114829-01/SW180301-01A,NA,NA,NA,0.145,2.1,-1,2 AAV1.CAG.FLEX.eGFP.WPRE.bGH,"iontophoresis (5 min, 7secOn/Off)"
SW180301-01A,mouse,NCBI:txid10090,C57Bl6,Tracer Injected,Cre-dependent anterograde,SSp-ul,University of Southern California,Hongwei Dong,U01MH114829-01,U01 Dong,BIL,https://download.brainimagelibrary.org/11/5b/115bda6eacd6507c/1U01MH114829-01/SW180301-01A,NA,NA,NA,-0.08,2.75,-1.5,3 AAV1.CAG.FLEX.tdTomato.WPRE.bGH,"iontophoresis (5 min, 7secOn/Off)"
SW181116-03A,mouse,NCBI:txid10090,C57Bl6,Tracer Injected,Cre-dependent anterograde,POST,University of Southern California,Hongwei Dong,U01MH114829-01,U01 Dong,BIL,https://download.brainimagelibrary.org/11/5b/115bda6eacd6507c/1U01MH114829-01/SW181116-03A,NA,NA,NA,-3.88,1.6,-1.4,1 AAVretro-EF1a-Cre,"iontophoresis (5 min, 7secOn/Off)"
SW181116-03A,mouse,NCBI:txid10090,C57Bl6,Tracer Injected,Cre-dependent anterograde,SUBdv,University of Southern California,Hongwei Dong,U01MH114829-01,U01 Dong,BIL,https://download.brainimagelibrary.org/11/5b/115bda6eacd6507c/1U01MH114829-01/SW181116-03A,NA,NA,NA,-4.08,3.75,-3.75,2 AAV1.CAG.FLEX.eGFP.WPRE.bGH,"iontophoresis (5 min, 7secOn/Off)"
SW181116-03A,mouse,NCBI:txid10090,C57Bl6,Tracer Injected,Cre-dependent anterograde,SUBdd,University of Southern California,Hongwei Dong,U01MH114829-01,U01 Dong,BIL,https://download.brainimagelibrary.org/11/5b/115bda6eacd6507c/1U01MH114829-01/SW181116-03A,NA,NA,NA,-3.68,2.6,-1.7,3 AAV1.CAG.FLEX.tdTomato.WPRE.bGH,"iontophoresis (5 min, 7secOn/Off)"
SW180628-03A,mouse,NCBI:txid10090,C57Bl6,Tracer Injected,Cre-dependent anterograde,failed,University of Southern California,Hongwei Dong,U01MH114829-01,U01 Dong,BIL,https://download.brainimagelibrary.org/11/5b/115bda6eacd6507c/1U01MH114829-01/SW180628-03A,NA,NA,NA,NA,NA,,1 AAVretro-EF1a-Cre,"iontophoresis (5 min, 7secOn/Off)"
SW180628-03A,mouse,NCBI:txid10090,C57Bl6,Tracer Injected,Cre-dependent anterograde,MOp-ul,University of Southern California,Hongwei Dong,U01MH114829-01,U01 Dong,BIL,https://download.brainimagelibrary.org/11/5b/115bda6eacd6507c/1U01MH114829-01/SW180628-03A,NA,NA,NA,1.845,2.3,-1.75,2 AAV1.CAG.FLEX.eGFP.WPRE.bGH,"iontophoresis (5 min, 7secOn/Off)"
SW180628-03A,mouse,NCBI:txid10090,C57Bl6,Tracer Injected,Cre-dependent anterograde,VISC,University of Southern California,Hongwei Dong,U01MH114829-01,U01 Dong,BIL,https://download.brainimagelibrary.org/11/5b/115bda6eacd6507c/1U01MH114829-01/SW180628-03A,NA,NA,NA,-1.055,4.75,-3.75,3 AAV1.CAG.FLEX.tdTomato.WPRE.bGH,"iontophoresis (5 min, 7secOn/Off)"
SW190110-04A,mouse,NCBI:txid10090,C57Bl6,Tracer Injected,Cre-dependent anterograde,CPc,University of Southern California,Hongwei Dong,U01MH114829-01,U01 Dong,BIL,https://download.brainimagelibrary.org/11/5b/115bda6eacd6507c/1U01MH114829-01/SW190110-04A,NA,NA,NA,-0.555,3.4,-4.75,1 AAVretro-EF1a-Cre,"iontophoresis (5 min, 7secOn/Off)"
SW190110-04A,mouse,NCBI:txid10090,C57Bl6,Tracer Injected,Cre-dependent anterograde,BLA.al,University of Southern California,Hongwei Dong,U01MH114829-01,U01 Dong,BIL,https://download.brainimagelibrary.org/11/5b/115bda6eacd6507c/1U01MH114829-01/SW190110-04A,NA,NA,NA,-1.455,3.5,-5.65,2 AAV1.CAG.FLEX.eGFP.WPRE.bGH,"iontophoresis (5 min, 7secOn/Off)"
SW190110-04A,mouse,NCBI:txid10090,C57Bl6,Tracer Injected,Cre-dependent anterograde,MOp,University of Southern California,Hongwei Dong,U01MH114829-01,U01 Dong,BIL,https://download.brainimagelibrary.org/11/5b/115bda6eacd6507c/1U01MH114829-01/SW190110-04A,NA,NA,NA,1.845,2.8,-2.5,3 AAV1.CAG.FLEX.tdTomato.WPRE.bGH,"iontophoresis (5 min, 7secOn/Off)"
SW181212-03A,mouse,NCBI:txid10090,C57Bl6,Tracer Injected,Cre-dependent anterograde,VISam,University of Southern California,Hongwei Dong,U01MH114829-01,U01 Dong,BIL,https://download.brainimagelibrary.org/11/5b/115bda6eacd6507c/1U01MH114829-01/SW181212-03A,NA,NA,NA,-3.38,1.75,-0.75,1 AAVretro-EF1a-Cre,"iontophoresis (5 min, 7secOn/Off)"
SW181212-03A,mouse,NCBI:txid10090,C57Bl6,Tracer Injected,Cre-dependent anterograde,PTLp,University of Southern California,Hongwei Dong,U01MH114829-01,U01 Dong,BIL,https://download.brainimagelibrary.org/11/5b/115bda6eacd6507c/1U01MH114829-01/SW181212-03A,NA,NA,NA,-2.155,1.35,-0.65,2 AAV1.CAG.FLEX.eGFP.WPRE.bGH,"iontophoresis (5 min, 7secOn/Off)"
SW181212-03A,mouse,NCBI:txid10090,C57Bl6,Tracer Injected,Cre-dependent anterograde,PTLp,University of Southern California,Hongwei Dong,U01MH114829-01,U01 Dong,BIL,https://download.brainimagelibrary.org/11/5b/115bda6eacd6507c/1U01MH114829-01/SW181212-03A,NA,NA,NA,-2.355,2.7,-1,3 AAV1.CAG.FLEX.tdTomato.WPRE.bGH,"iontophoresis (5 min, 7secOn/Off)"
SW180413-01A,mouse,NCBI:txid10090,C57Bl6,Tracer Injected,Cre-dependent anterograde,CP,University of Southern California,Hongwei Dong,U01MH114829-01,U01 Dong,BIL,https://download.brainimagelibrary.org/11/5b/115bda6eacd6507c/1U01MH114829-01/SW180413-01A,NA,NA,NA,-0.955,3.5,-4.55,1 AAVretro-EF1a-Cre,"iontophoresis (5 min, 7secOn/Off)"
SW180413-01A,mouse,NCBI:txid10090,C57Bl6,Tracer Injected,Cre-dependent anterograde,BLAa,University of Southern California,Hongwei Dong,U01MH114829-01,U01 Dong,BIL,https://download.brainimagelibrary.org/11/5b/115bda6eacd6507c/1U01MH114829-01/SW180413-01A,NA,NA,NA,-1.355,3.4,-5.35,2 AAV1.CAG.FLEX.eGFP.WPRE.bGH,"iontophoresis (5 min, 7secOn/Off)"
SW180413-01A,mouse,NCBI:txid10090,C57Bl6,Tracer Injected,Cre-dependent anterograde,MOs,University of Southern California,Hongwei Dong,U01MH114829-01,U01 Dong,BIL,https://download.brainimagelibrary.org/11/5b/115bda6eacd6507c/1U01MH114829-01/SW180413-01A,NA,NA,NA,1.045,0.5,-0.65,3 AAV1.CAG.FLEX.tdTomato.WPRE.bGH,"iontophoresis (5 min, 7secOn/Off)"
SW180413-02A,mouse,NCBI:txid10090,C57Bl6,Tracer Injected,Cre-dependent anterograde,CPc,University of Southern California,Hongwei Dong,U01MH114829-01,U01 Dong,BIL,https://download.brainimagelibrary.org/11/5b/115bda6eacd6507c/1U01MH114829-01/SW180413-02A,NA,NA,NA,-0.655,3.4,-5,1 AAVretro-EF1a-Cre,"iontophoresis (5 min, 7secOn/Off)"
SW180413-02A,mouse,NCBI:txid10090,C57Bl6,Tracer Injected,Cre-dependent anterograde,BLAa,University of Southern California,Hongwei Dong,U01MH114829-01,U01 Dong,BIL,https://download.brainimagelibrary.org/11/5b/115bda6eacd6507c/1U01MH114829-01/SW180413-02A,NA,NA,NA,-1.155,3.35,-5.6,2 AAV1.CAG.FLEX.eGFP.WPRE.bGH,"iontophoresis (5 min, 7secOn/Off)"
SW180413-02A,mouse,NCBI:txid10090,C57Bl6,Tracer Injected,Cre-dependent anterograde,GU,University of Southern California,Hongwei Dong,U01MH114829-01,U01 Dong,BIL,https://download.brainimagelibrary.org/11/5b/115bda6eacd6507c/1U01MH114829-01/SW180413-02A,NA,NA,NA,1.745,3,-3.4,3 AAV1.CAG.FLEX.tdTomato.WPRE.bGH,"iontophoresis (5 min, 7secOn/Off)"
SW181029-01A,mouse,NCBI:txid10090,C57Bl6,Tracer Injected,Cre-dependent anterograde,SNr,University of Southern California,Hongwei Dong,U01MH114829-01,U01 Dong,BIL,https://download.brainimagelibrary.org/11/5b/115bda6eacd6507c/1U01MH114829-01/SW181029-01A,NA,NA,NA,-3.38,1.3,-5.2,1 AAVretro-EF1a-Cre,"iontophoresis (5 min, 7secOn/Off)"
SW181029-01A,mouse,NCBI:txid10090,C57Bl6,Tracer Injected,Cre-dependent anterograde,SSp,University of Southern California,Hongwei Dong,U01MH114829-01,U01 Dong,BIL,https://download.brainimagelibrary.org/11/5b/115bda6eacd6507c/1U01MH114829-01/SW181029-01A,NA,NA,NA,-1.155,1.5,-0.65,2 AAV1.CAG.FLEX.eGFP.WPRE.bGH,"iontophoresis (5 min, 7secOn/Off)"
SW181029-01A,mouse,NCBI:txid10090,C57Bl6,Tracer Injected,Cre-dependent anterograde,GU,University of Southern California,Hongwei Dong,U01MH114829-01,U01 Dong,BIL,https://download.brainimagelibrary.org/11/5b/115bda6eacd6507c/1U01MH114829-01/SW181029-01A,NA,NA,NA,1.145,3.3,-3.6,3 AAV1.CAG.FLEX.tdTomato.WPRE.bGH,"iontophoresis (5 min, 7secOn/Off)"
SW190509-09A,mouse,NCBI:txid10115,NA,Tracer Injected,Cre-dependent anterograde,SCig/RSPd,University of Southern California,Hongwei Dong,U01MH114829-01,U01 Dong,BIL,https://download.brainimagelibrary.org/d9/b8/d9b827f296313258/1U01MH114829-01/SW190509-09A/,NA,NA,NA,-3.455,0.6,-2,1 AAVretro-EF1a-Cre,"iontophoresis (5 min, 7secOn/Off)"
SW190509-09A,mouse,NCBI:txid10115,NA,Tracer Injected,Cre-dependent anterograde,LD,University of Southern California,Hongwei Dong,U01MH114829-01,U01 Dong,BIL,https://download.brainimagelibrary.org/d9/b8/d9b827f296313258/1U01MH114829-01/SW190509-09A/,NA,NA,NA,-1.655,1.6,-2.4,2 AAV1.CAG.FLEX.eGFP.WPRE.bGH,"iontophoresis (5 min, 7secOn/Off)"
SW190509-09A,mouse,NCBI:txid10115,NA,Tracer Injected,Cre-dependent anterograde,RSPd,University of Southern California,Hongwei Dong,U01MH114829-01,U01 Dong,BIL,https://download.brainimagelibrary.org/d9/b8/d9b827f296313258/1U01MH114829-01/SW190509-09A/,NA,NA,NA,-2.055,0.55,-0.4,3 AAV1.CAG.FLEX.tdTomato.WPRE.bGH,"iontophoresis (5 min, 7secOn/Off)"
SW190503-04A,mouse,NCBI:txid10095,NA,Tracer Injected,Cre-dependent anterograde,TTd,University of Southern California,Hongwei Dong,U01MH114829-01,U01 Dong,BIL,https://download.brainimagelibrary.org/d9/b8/d9b827f296313258/1U01MH114829-01/SW190503-04A/,NA,NA,NA,1.345,0.4,-3.4,1 AAVretro-EF1a-Cre,"iontophoresis (5 min, 7secOn/Off)"
SW190503-04A,mouse,NCBI:txid10095,NA,Tracer Injected,Cre-dependent anterograde,Alv,University of Southern California,Hongwei Dong,U01MH114829-01,U01 Dong,BIL,https://download.brainimagelibrary.org/d9/b8/d9b827f296313258/1U01MH114829-01/SW190503-04A/,NA,NA,NA,1.145,3,-4.35,2 AAV1.CAG.FLEX.eGFP.WPRE.bGH,"iontophoresis (5 min, 7secOn/Off)"
SW190503-04A,mouse,NCBI:txid10095,NA,Tracer Injected,Cre-dependent anterograde,AUDv,University of Southern California,Hongwei Dong,U01MH114829-01,U01 Dong,BIL,https://download.brainimagelibrary.org/d9/b8/d9b827f296313258/1U01MH114829-01/SW190503-04A/,NA,NA,NA,-1.755,4.4,-3.5,3 AAV1.CAG.FLEX.tdTomato.WPRE.bGH,"iontophoresis (5 min, 7secOn/Off)"
SW190509-10A,mouse,NCBI:txid10099,NA,Tracer Injected,Cre-dependent anterograde,SCig-medial,University of Southern California,Hongwei Dong,U01MH114829-01,U01 Dong,BIL,https://download.brainimagelibrary.org/d9/b8/d9b827f296313258/1U01MH114829-01/SW190509-10A/,NA,NA,NA,-3.58,0.6,-1.9,1 AAVretro-EF1a-Cre,"iontophoresis (5 min, 7secOn/Off)"
SW190509-10A,mouse,NCBI:txid10099,NA,Tracer Injected,Cre-dependent anterograde,SSp,University of Southern California,Hongwei Dong,U01MH114829-01,U01 Dong,BIL,https://download.brainimagelibrary.org/d9/b8/d9b827f296313258/1U01MH114829-01/SW190509-10A/,NA,NA,NA,-1.155,1.4,-0.75,2 AAV1.CAG.FLEX.eGFP.WPRE.bGH,"iontophoresis (5 min, 7secOn/Off)"
SW190509-10A,mouse,NCBI:txid10099,NA,Tracer Injected,Cre-dependent anterograde,RSPd,University of Southern California,Hongwei Dong,U01MH114829-01,U01 Dong,BIL,https://download.brainimagelibrary.org/d9/b8/d9b827f296313258/1U01MH114829-01/SW190509-10A/,NA,NA,NA,-1.955,0.3,-0.4,3 AAV1.CAG.FLEX.tdTomato.WPRE.bGH,"iontophoresis (5 min, 7secOn/Off)"
SW190626-02A,mouse,NCBI:txid10135,NA,Tracer Injected,Cre-dependent anterograde,TTd,University of Southern California,Hongwei Dong,U01MH114829-01,U01 Dong,BIL,https://download.brainimagelibrary.org/d9/b8/d9b827f296313258/1U01MH114829-01/SW190626-02A/,NA,NA,NA,1.345,0.4,-3.4,1 AAVretro-EF1a-Cre,"iontophoresis (5 min, 7secOn/Off)"
SW190626-02A,mouse,NCBI:txid10135,NA,Tracer Injected,Cre-dependent anterograde,failed,University of Southern California,Hongwei Dong,U01MH114829-01,U01 Dong,BIL,https://download.brainimagelibrary.org/d9/b8/d9b827f296313258/1U01MH114829-01/SW190626-02A/,NA,NA,NA,NA,NA,,2 AAV1.CAG.FLEX.eGFP.WPRE.bGH,"iontophoresis (5 min, 7secOn/Off)"
SW190626-02A,mouse,NCBI:txid10135,NA,Tracer Injected,Cre-dependent anterograde,PH,University of Southern California,Hongwei Dong,U01MH114829-01,U01 Dong,BIL,https://download.brainimagelibrary.org/d9/b8/d9b827f296313258/1U01MH114829-01/SW190626-02A/,NA,NA,NA,-1.755,0.6,-5.15,3 AAV1.CAG.FLEX.tdTomato.WPRE.bGH,"iontophoresis (5 min, 7secOn/Off)"
SW190422-03A,mouse,NCBI:txid10093,NA,Tracer Injected,Cre-dependent anterograde,TEa,University of Southern California,Hongwei Dong,U01MH114829-01,U01 Dong,BIL,https://download.brainimagelibrary.org/d9/b8/d9b827f296313258/1U01MH114829-01/SW190422-03A/,NA,NA,NA,-2.98,5,-3.6,1 AAVretro-EF1a-Cre,"iontophoresis (5 min, 7secOn/Off)"
SW190422-03A,mouse,NCBI:txid10093,NA,Tracer Injected,Cre-dependent anterograde,Alv,University of Southern California,Hongwei Dong,U01MH114829-01,U01 Dong,BIL,https://download.brainimagelibrary.org/d9/b8/d9b827f296313258/1U01MH114829-01/SW190422-03A/,NA,NA,NA,1.145,3.7,-4.4,2 AAV1.CAG.FLEX.eGFP.WPRE.bGH,"iontophoresis (5 min, 7secOn/Off)"
SW190422-03A,mouse,NCBI:txid10093,NA,Tracer Injected,Cre-dependent anterograde,PIR,University of Southern California,Hongwei Dong,U01MH114829-01,U01 Dong,BIL,https://download.brainimagelibrary.org/d9/b8/d9b827f296313258/1U01MH114829-01/SW190422-03A/,NA,NA,NA,-1.355,4,-5.6,3 AAV1.CAG.FLEX.tdTomato.WPRE.bGH,"iontophoresis (5 min, 7secOn/Off)"
SW190422-02A,mouse,NCBI:txid10103,NA,Tracer Injected,Cre-dependent anterograde,CA1,University of Southern California,Hongwei Dong,U01MH114829-01,U01 Dong,BIL,https://download.brainimagelibrary.org/d9/b8/d9b827f296313258/1U01MH114829-01/SW190422-02A/,NA,NA,NA,-3.58,4.1,-4,1 AAVretro-EF1a-Cre,"iontophoresis (5 min, 7secOn/Off)"
SW190422-02A,mouse,NCBI:txid10103,NA,Tracer Injected,Cre-dependent anterograde,EPv,University of Southern California,Hongwei Dong,U01MH114829-01,U01 Dong,BIL,https://download.brainimagelibrary.org/d9/b8/d9b827f296313258/1U01MH114829-01/SW190422-02A/,NA,NA,NA,-1.255,3.5,-5.9,2 AAV1.CAG.FLEX.eGFP.WPRE.bGH,"iontophoresis (5 min, 7secOn/Off)"
SW190422-02A,mouse,NCBI:txid10103,NA,Tracer Injected,Cre-dependent anterograde,IMD,University of Southern California,Hongwei Dong,U01MH114829-01,U01 Dong,BIL,https://download.brainimagelibrary.org/d9/b8/d9b827f296313258/1U01MH114829-01/SW190422-02A/,NA,NA,NA,-1.455,0.1,-3.8,3 AAV1.CAG.FLEX.tdTomato.WPRE.bGH,"iontophoresis (5 min, 7secOn/Off)"
SW190509-07A,mouse,NCBI:txid10096,NA,Tracer Injected,Cre-dependent anterograde,DP/TTd,University of Southern California,Hongwei Dong,U01MH114829-01,U01 Dong,BIL,https://download.brainimagelibrary.org/d9/b8/d9b827f296313258/1U01MH114829-01/SW190509-07A/,NA,NA,NA,1.545,0.4,-3.2,1 AAVretro-EF1a-Cre,"iontophoresis (5 min, 7secOn/Off)"
SW190509-07A,mouse,NCBI:txid10096,NA,Tracer Injected,Cre-dependent anterograde,PIRa,University of Southern California,Hongwei Dong,U01MH114829-01,U01 Dong,BIL,https://download.brainimagelibrary.org/d9/b8/d9b827f296313258/1U01MH114829-01/SW190509-07A/,NA,NA,NA,1.545,2.8,-4.5,2 AAV1.CAG.FLEX.eGFP.WPRE.bGH,"iontophoresis (5 min, 7secOn/Off)"
SW190509-07A,mouse,NCBI:txid10096,NA,Tracer Injected,Cre-dependent anterograde,AUDv,University of Southern California,Hongwei Dong,U01MH114829-01,U01 Dong,BIL,https://download.brainimagelibrary.org/d9/b8/d9b827f296313258/1U01MH114829-01/SW190509-07A/,NA,NA,NA,-1.755,4.5,-3.6,3 AAV1.CAG.FLEX.tdTomato.WPRE.bGH,"iontophoresis (5 min, 7secOn/Off)"
SW190507-09A,mouse,NCBI:txid10118,NA,Tracer Injected,Cre-dependent anterograde,TTd,University of Southern California,Hongwei Dong,U01MH114829-01,U01 Dong,BIL,https://download.brainimagelibrary.org/d9/b8/d9b827f296313258/1U01MH114829-01/SW190507-09A/,NA,NA,NA,1.345,0.4,-3.25,1 AAVretro-EF1a-Cre,"iontophoresis (5 min, 7secOn/Off)"
SW190507-09A,mouse,NCBI:txid10118,NA,Tracer Injected,Cre-dependent anterograde,RE,University of Southern California,Hongwei Dong,U01MH114829-01,U01 Dong,BIL,https://download.brainimagelibrary.org/d9/b8/d9b827f296313258/1U01MH114829-01/SW190507-09A/,NA,NA,NA,-0.88,0.4,-4.8,2 AAV1.CAG.FLEX.eGFP.WPRE.bGH,"iontophoresis (5 min, 7secOn/Off)"
SW190507-09A,mouse,NCBI:txid10118,NA,Tracer Injected,Cre-dependent anterograde,failed,University of Southern California,Hongwei Dong,U01MH114829-01,U01 Dong,BIL,https://download.brainimagelibrary.org/d9/b8/d9b827f296313258/1U01MH114829-01/SW190507-09A/,NA,NA,NA,NA,NA,,3 AAV1.CAG.FLEX.tdTomato.WPRE.bGH,"iontophoresis (5 min, 7secOn/Off)"
SW190214-03A,NA,NA,NA,Tracer Injected,Cre-dependent anterograde,GPi/SI,NA,Hongwei Dong,U01MH114829-01,NA,BIL,NA,NA,NA,NA,-0.88,2.25,-4.85,1 AAVretro-EF1a-Cre,"iontophoresis (5 min, 7secOn/Off)"
SW190214-03A,NA,NA,NA,Tracer Injected,Cre-dependent anterograde,GU,NA,Hongwei Dong,U01MH114829-01,NA,BIL,NA,NA,NA,NA,0.02,4,-4.3,2 AAV1.CAG.FLEX.eGFP.WPRE.bGH,"iontophoresis (5 min, 7secOn/Off)"
SW190214-03A,NA,NA,NA,Tracer Injected,Cre-dependent anterograde,CP,NA,Hongwei Dong,U01MH114829-01,NA,BIL,NA,NA,NA,NA,0.02,2.7,-3.3,3 AAV1.CAG.FLEX.tdTomato.WPRE.bGH,"iontophoresis (5 min, 7secOn/Off)"
SW190409-04A,NA,NA,NA,Tracer Injected,Cre-dependent anterograde,CPi.ventral,NA,Hongwei Dong,U01MH114829-01,NA,BIL,NA,NA,NA,NA,0.145,2.5,-5,1 AAVretro-EF1a-Cre,"iontophoresis (5 min, 7secOn/Off)"
SW190409-04A,NA,NA,NA,Tracer Injected,Cre-dependent anterograde,BMAp,NA,Hongwei Dong,U01MH114829-01,NA,BIL,NA,NA,NA,NA,-1.755,3,-6.2,2 AAV1.CAG.FLEX.eGFP.WPRE.bGH,"iontophoresis (5 min, 7secOn/Off)"
SW190409-04A,NA,NA,NA,Tracer Injected,Cre-dependent anterograde,CM,NA,Hongwei Dong,U01MH114829-01,NA,BIL,NA,NA,NA,NA,-1.755,0.3,-4.1,3 AAV1.CAG.FLEX.tdTomato.WPRE.bGH,"iontophoresis (5 min, 7secOn/Off)"
SW181115-03A,mouse,NCBI:txid10090,C57Bl6,Tracer Injected,Cre-dependent anterograde,SNc/SNr,University of Southern California,Hongwei Dong,U01MH114829-01,U01 Dong,BIL,https://download.brainimagelibrary.org/82/e9/82e9592c90c456ef/1U01MH114829-01/SW181115-03A/,NA,NA,NA,-2.78,1.3,-5.2,1 AAVretro-EF1a-Cre,"iontophoresis (5 min, 7secOn/Off)"
SW181115-03A,mouse,NCBI:txid10090,C57Bl6,Tracer Injected,Cre-dependent anterograde,failed,University of Southern California,Hongwei Dong,U01MH114829-01,U01 Dong,BIL,https://download.brainimagelibrary.org/82/e9/82e9592c90c456ef/1U01MH114829-01/SW181115-03A/,NA,NA,NA,NA,NA,,2 AAV1.CAG.FLEX.eGFP.WPRE.bGH,"iontophoresis (5 min, 7secOn/Off)"
SW181115-03A,mouse,NCBI:txid10090,C57Bl6,Tracer Injected,Cre-dependent anterograde,CPi,University of Southern California,Hongwei Dong,U01MH114829-01,U01 Dong,BIL,https://download.brainimagelibrary.org/82/e9/82e9592c90c456ef/1U01MH114829-01/SW181115-03A/,NA,NA,NA,0.145,2,-4.25,3 AAV1.CAG.FLEX.tdTomato.WPRE.bGH,"iontophoresis (5 min, 7secOn/Off)"
SW181108-04A,mouse,NCBI:txid10090,C57Bl6,Tracer Injected,Cre-dependent anterograde,LP/PO,University of Southern California,Hongwei Dong,U01MH114829-01,U01 Dong,BIL,https://download.brainimagelibrary.org/82/e9/82e9592c90c456ef/1U01MH114829-01/SW181108-04A/,NA,NA,NA,-2.255,1.45,-2.75,1 AAVretro-EF1a-Cre,"iontophoresis (5 min, 7secOn/Off)"
SW181108-04A,mouse,NCBI:txid10090,C57Bl6,Tracer Injected,Cre-dependent anterograde,SCsg-medial,University of Southern California,Hongwei Dong,U01MH114829-01,U01 Dong,BIL,https://download.brainimagelibrary.org/82/e9/82e9592c90c456ef/1U01MH114829-01/SW181108-04A/,NA,NA,NA,-3.58,0.5,-1.35,2 AAV1.CAG.FLEX.eGFP.WPRE.bGH,"iontophoresis (5 min, 7secOn/Off)"
SW181108-04A,mouse,NCBI:txid10090,C57Bl6,Tracer Injected,Cre-dependent anterograde,SCsg,University of Southern California,Hongwei Dong,U01MH114829-01,U01 Dong,BIL,https://download.brainimagelibrary.org/82/e9/82e9592c90c456ef/1U01MH114829-01/SW181108-04A/,NA,NA,NA,-3.58,1,-1.6,3 AAV1.CAG.FLEX.tdTomato.WPRE.bGH,"iontophoresis (5 min, 7secOn/Off)"
SW181212-01A,mouse,NCBI:txid10090,C57Bl6,Tracer Injected,Cre-dependent anterograde,AUDd,University of Southern California,Hongwei Dong,U01MH114829-01,U01 Dong,BIL,https://download.brainimagelibrary.org/82/e9/82e9592c90c456ef/1U01MH114829-01/SW181212-01A/,NA,NA,NA,-1.955,4.25,-2,1 AAVretro-EF1a-Cre,"iontophoresis (5 min, 7secOn/Off)"
SW181212-01A,mouse,NCBI:txid10090,C57Bl6,Tracer Injected,Cre-dependent anterograde,MOp,University of Southern California,Hongwei Dong,U01MH114829-01,U01 Dong,BIL,https://download.brainimagelibrary.org/82/e9/82e9592c90c456ef/1U01MH114829-01/SW181212-01A/,NA,NA,NA,-1.755,1.3,-0.5,2 AAV1.CAG.FLEX.eGFP.WPRE.bGH,"iontophoresis (5 min, 7secOn/Off)"
SW181212-01A,mouse,NCBI:txid10090,C57Bl6,Tracer Injected,Cre-dependent anterograde,PTLp,University of Southern California,Hongwei Dong,U01MH114829-01,U01 Dong,BIL,https://download.brainimagelibrary.org/82/e9/82e9592c90c456ef/1U01MH114829-01/SW181212-01A/,NA,NA,NA,-2.055,2.5,-0.8,3 AAV1.CAG.FLEX.tdTomato.WPRE.bGH,"iontophoresis (5 min, 7secOn/Off)"
SW190214-02A,mouse,NCBI:txid10090,C57Bl6,Tracer Injected,Cre-dependent anterograde,VM,University of Southern California,Hongwei Dong,U01MH114829-01,U01 Dong,BIL,https://download.brainimagelibrary.org/82/e9/82e9592c90c456ef/1U01MH114829-01/SW190214-02A/,NA,NA,NA,-1.855,0.7,-4.5,1 AAVretro-EF1a-Cre,"iontophoresis (5 min, 7secOn/Off)"
SW190214-02A,mouse,NCBI:txid10090,C57Bl6,Tracer Injected,Cre-dependent anterograde,SCig-lateral,University of Southern California,Hongwei Dong,U01MH114829-01,U01 Dong,BIL,https://download.brainimagelibrary.org/82/e9/82e9592c90c456ef/1U01MH114829-01/SW190214-02A/,NA,NA,NA,-3.68,1.5,-2.5,2 AAV1.CAG.FLEX.eGFP.WPRE.bGH,"iontophoresis (5 min, 7secOn/Off)"
SW190214-02A,mouse,NCBI:txid10090,C57Bl6,Tracer Injected,Cre-dependent anterograde,PAG,University of Southern California,Hongwei Dong,U01MH114829-01,U01 Dong,BIL,https://download.brainimagelibrary.org/82/e9/82e9592c90c456ef/1U01MH114829-01/SW190214-02A/,NA,NA,NA,-3.68,0.4,-3,3 AAV1.CAG.FLEX.tdTomato.WPRE.bGH,"iontophoresis (5 min, 7secOn/Off)"
SW190226-04A,mouse,NCBI:txid10090,C57Bl6,Tracer Injected,Cre-dependent anterograde,CPi,University of Southern California,Hongwei Dong,U01MH114829-01,U01 Dong,BIL,https://download.brainimagelibrary.org/82/e9/82e9592c90c456ef/1U01MH114829-01/SW190226-04A/,NA,NA,NA,0.145,2.5,-5.1,1 AAVretro-EF1a-Cre,"iontophoresis (5 min, 7secOn/Off)"
SW190226-04A,mouse,NCBI:txid10090,C57Bl6,Tracer Injected,Cre-dependent anterograde,PF,University of Southern California,Hongwei Dong,U01MH114829-01,U01 Dong,BIL,https://download.brainimagelibrary.org/82/e9/82e9592c90c456ef/1U01MH114829-01/SW190226-04A/,NA,NA,NA,-2.055,0.4,-3.75,2 AAV1.CAG.FLEX.eGFP.WPRE.bGH,"iontophoresis (5 min, 7secOn/Off)"
SW190226-04A,mouse,NCBI:txid10090,C57Bl6,Tracer Injected,Cre-dependent anterograde,ECT/TEa,University of Southern California,Hongwei Dong,U01MH114829-01,U01 Dong,BIL,https://download.brainimagelibrary.org/82/e9/82e9592c90c456ef/1U01MH114829-01/SW190226-04A/,NA,NA,NA,-1.655,4.5,-4,3 AAV1.CAG.FLEX.tdTomato.WPRE.bGH,"iontophoresis (5 min, 7secOn/Off)"
SW181108-02A,mouse,NCBI:txid10090,C57Bl6,Tracer Injected,Cre-dependent anterograde,LD/CA3,University of Southern California,Hongwei Dong,U01MH114829-01,U01 Dong,BIL,https://download.brainimagelibrary.org/82/e9/82e9592c90c456ef/1U01MH114829-01/SW181108-02A/,NA,NA,NA,-1.355,1.4,-2.3,1 AAVretro-EF1a-Cre,"iontophoresis (5 min, 7secOn/Off)"
SW181108-02A,mouse,NCBI:txid10090,C57Bl6,Tracer Injected,Cre-dependent anterograde,SCig-b,University of Southern California,Hongwei Dong,U01MH114829-01,U01 Dong,BIL,https://download.brainimagelibrary.org/82/e9/82e9592c90c456ef/1U01MH114829-01/SW181108-02A/,NA,NA,NA,-3.28,0.5,-2,2 AAV1.CAG.FLEX.eGFP.WPRE.bGH,"iontophoresis (5 min, 7secOn/Off)"
SW181108-02A,mouse,NCBI:txid10090,C57Bl6,Tracer Injected,Cre-dependent anterograde,SCig,University of Southern California,Hongwei Dong,U01MH114829-01,U01 Dong,BIL,https://download.brainimagelibrary.org/82/e9/82e9592c90c456ef/1U01MH114829-01/SW181108-02A/,NA,NA,NA,-3.78,0.7,-1.6,3 AAV1.CAG.FLEX.tdTomato.WPRE.bGH,"iontophoresis (5 min, 7secOn/Off)"
SW181116-01A,mouse,NCBI:txid10090,C57Bl6,Tracer Injected,Cre-dependent anterograde,PRE,University of Southern California,Hongwei Dong,U01MH114829-01,U01 Dong,BIL,https://download.brainimagelibrary.org/82/e9/82e9592c90c456ef/1U01MH114829-01/SW181116-01A/,NA,NA,NA,-4.08,2.7,-2.6,1 AAVretro-EF1a-Cre,"iontophoresis (5 min, 7secOn/Off)"
SW181116-01A,mouse,NCBI:txid10090,C57Bl6,Tracer Injected,Cre-dependent anterograde,SUBdv,University of Southern California,Hongwei Dong,U01MH114829-01,U01 Dong,BIL,https://download.brainimagelibrary.org/82/e9/82e9592c90c456ef/1U01MH114829-01/SW181116-01A/,NA,NA,NA,-4.08,3.8,-4.2,2 AAV1.CAG.FLEX.eGFP.WPRE.bGH,"iontophoresis (5 min, 7secOn/Off)"
SW181116-01A,mouse,NCBI:txid10090,C57Bl6,Tracer Injected,Cre-dependent anterograde,SUBdd,University of Southern California,Hongwei Dong,U01MH114829-01,U01 Dong,BIL,https://download.brainimagelibrary.org/82/e9/82e9592c90c456ef/1U01MH114829-01/SW181116-01A/,NA,NA,NA,-4.08,3,-2.4,3 AAV1.CAG.FLEX.tdTomato.WPRE.bGH,"iontophoresis (5 min, 7secOn/Off)"
SW181203-03A,mouse,NCBI:txid10090,C57Bl6,Tracer Injected,Cre-dependent anterograde,VM,University of Southern California,Hongwei Dong,U01MH114829-01,U01 Dong,BIL,https://download.brainimagelibrary.org/82/e9/82e9592c90c456ef/1U01MH114829-01/SW181203-03A/,NA,NA,NA,-1.855,0.7,-4.5,1 AAVretro-EF1a-Cre,"iontophoresis (5 min, 7secOn/Off)"
SW181203-03A,mouse,NCBI:txid10090,C57Bl6,Tracer Injected,Cre-dependent anterograde,ILA,University of Southern California,Hongwei Dong,U01MH114829-01,U01 Dong,BIL,https://download.brainimagelibrary.org/82/e9/82e9592c90c456ef/1U01MH114829-01/SW181203-03A/,NA,NA,NA,1.42,0.4,-2.7,2 AAV1.CAG.FLEX.eGFP.WPRE.bGH,"iontophoresis (5 min, 7secOn/Off)"
SW181203-03A,mouse,NCBI:txid10090,C57Bl6,Tracer Injected,Cre-dependent anterograde,SCig,University of Southern California,Hongwei Dong,U01MH114829-01,U01 Dong,BIL,https://download.brainimagelibrary.org/82/e9/82e9592c90c456ef/1U01MH114829-01/SW181203-03A/,NA,NA,NA,-3.28,1.2,-2.5,3 AAV1.CAG.FLEX.tdTomato.WPRE.bGH,"iontophoresis (5 min, 7secOn/Off)"
SW190110-01A,mouse,NCBI:txid10090,C57Bl6,Tracer Injected,Cre-dependent anterograde,CPc,University of Southern California,Hongwei Dong,U01MH114829-01,U01 Dong,BIL,https://download.brainimagelibrary.org/82/e9/82e9592c90c456ef/1U01MH114829-01/SW190110-01A/,NA,NA,NA,-0.48,2.1,-2.5,1 AAVretro-EF1a-Cre,"iontophoresis (5 min, 7secOn/Off)"
SW190110-01A,mouse,NCBI:txid10090,C57Bl6,Tracer Injected,Cre-dependent anterograde,BLA.am,University of Southern California,Hongwei Dong,U01MH114829-01,U01 Dong,BIL,https://download.brainimagelibrary.org/82/e9/82e9592c90c456ef/1U01MH114829-01/SW190110-01A/,NA,NA,NA,-1.455,3.45,-5.5,2 AAV1.CAG.FLEX.eGFP.WPRE.bGH,"iontophoresis (5 min, 7secOn/Off)"
SW190110-01A,mouse,NCBI:txid10090,C57Bl6,Tracer Injected,Cre-dependent anterograde,MOs,University of Southern California,Hongwei Dong,U01MH114829-01,U01 Dong,BIL,https://download.brainimagelibrary.org/82/e9/82e9592c90c456ef/1U01MH114829-01/SW190110-01A/,NA,NA,NA,1.145,0.5,-0.6,3 AAV1.CAG.FLEX.tdTomato.WPRE.bGH,"iontophoresis (5 min, 7secOn/Off)"
SW190225-01A,mouse,NCBI:txid10090,C57Bl6,Tracer Injected,Cre-dependent anterograde,VMH,University of Southern California,Hongwei Dong,U01MH114829-01,U01 Dong,BIL,https://download.brainimagelibrary.org/82/e9/82e9592c90c456ef/1U01MH114829-01/SW190225-01A/,NA,NA,NA,-1.755,0.4,-6.5,1 AAVretro-EF1a-Cre,"iontophoresis (5 min, 7secOn/Off)"
SW190225-01A,mouse,NCBI:txid10090,C57Bl6,Tracer Injected,Cre-dependent anterograde,FAILED,University of Southern California,Hongwei Dong,U01MH114829-01,U01 Dong,BIL,https://download.brainimagelibrary.org/82/e9/82e9592c90c456ef/1U01MH114829-01/SW190225-01A/,NA,NA,NA,NA,NA,,2 AAV1.CAG.FLEX.eGFP.WPRE.bGH,"iontophoresis (5 min, 7secOn/Off)"
SW190225-01A,mouse,NCBI:txid10090,C57Bl6,Tracer Injected,Cre-dependent anterograde,MEAav,University of Southern California,Hongwei Dong,U01MH114829-01,U01 Dong,BIL,https://download.brainimagelibrary.org/82/e9/82e9592c90c456ef/1U01MH114829-01/SW190225-01A/,NA,NA,NA,-1.755,2.2,-6,3 AAV1.CAG.FLEX.tdTomato.WPRE.bGH,"iontophoresis (5 min, 7secOn/Off)"
SW190225-02A,mouse,NCBI:txid10090,C57Bl6,Tracer Injected,Cre-dependent anterograde,ARH/VMH,University of Southern California,Hongwei Dong,U01MH114829-01,U01 Dong,BIL,https://download.brainimagelibrary.org/82/e9/82e9592c90c456ef/1U01MH114829-01/SW190225-02A/,NA,NA,NA,-1.655,0.25,-6.7,1 AAVretro-EF1a-Cre,"iontophoresis (5 min, 7secOn/Off)"
SW190225-02A,mouse,NCBI:txid10090,C57Bl6,Tracer Injected,Cre-dependent anterograde,COApm,University of Southern California,Hongwei Dong,U01MH114829-01,U01 Dong,BIL,https://download.brainimagelibrary.org/82/e9/82e9592c90c456ef/1U01MH114829-01/SW190225-02A/,NA,NA,NA,-2.78,3,-6.25,2 AAV1.CAG.FLEX.eGFP.WPRE.bGH,"iontophoresis (5 min, 7secOn/Off)"
SW190225-02A,mouse,NCBI:txid10090,C57Bl6,Tracer Injected,Cre-dependent anterograde,MEAav,University of Southern California,Hongwei Dong,U01MH114829-01,U01 Dong,BIL,https://download.brainimagelibrary.org/82/e9/82e9592c90c456ef/1U01MH114829-01/SW190225-02A/,NA,NA,NA,-1.755,2.2,-6.1,3 AAV1.CAG.FLEX.tdTomato.WPRE.bGH,"iontophoresis (5 min, 7secOn/Off)"
SW190226-01A,mouse,NCBI:txid10090,C57Bl6,Tracer Injected,Cre-dependent anterograde,CPi.ventral,University of Southern California,Hongwei Dong,U01MH114829-01,U01 Dong,BIL,https://download.brainimagelibrary.org/82/e9/82e9592c90c456ef/1U01MH114829-01/SW190226-01A/,NA,NA,NA,-0.08,3,-5.3,1 AAVretro-EF1a-Cre,"iontophoresis (5 min, 7secOn/Off)"
SW190226-01A,mouse,NCBI:txid10090,C57Bl6,Tracer Injected,Cre-dependent anterograde,PIR,University of Southern California,Hongwei Dong,U01MH114829-01,U01 Dong,BIL,https://download.brainimagelibrary.org/82/e9/82e9592c90c456ef/1U01MH114829-01/SW190226-01A/,NA,NA,NA,-1.555,3.3,-6.5,2 AAV1.CAG.FLEX.eGFP.WPRE.bGH,"iontophoresis (5 min, 7secOn/Off)"
SW190226-01A,mouse,NCBI:txid10090,C57Bl6,Tracer Injected,Cre-dependent anterograde,CM,University of Southern California,Hongwei Dong,U01MH114829-01,U01 Dong,BIL,https://download.brainimagelibrary.org/82/e9/82e9592c90c456ef/1U01MH114829-01/SW190226-01A/,NA,NA,NA,-1.555,0.3,-4.1,3 AAV1.CAG.FLEX.tdTomato.WPRE.bGH,"iontophoresis (5 min, 7secOn/Off)"
SW190226-02A,mouse,NCBI:txid10090,C57Bl6,Tracer Injected,Cre-dependent anterograde,CPi.ventral,University of Southern California,Hongwei Dong,U01MH114829-01,U01 Dong,BIL,https://download.brainimagelibrary.org/82/e9/82e9592c90c456ef/1U01MH114829-01/SW190226-02A/,NA,NA,NA,0.145,2.7,-5,1 AAVretro-EF1a-Cre,"iontophoresis (5 min, 7secOn/Off)"
SW190226-02A,mouse,NCBI:txid10090,C57Bl6,Tracer Injected,Cre-dependent anterograde,BLAa,University of Southern California,Hongwei Dong,U01MH114829-01,U01 Dong,BIL,https://download.brainimagelibrary.org/82/e9/82e9592c90c456ef/1U01MH114829-01/SW190226-02A/,NA,NA,NA,-1.555,3.3,-5.75,2 AAV1.CAG.FLEX.eGFP.WPRE.bGH,"iontophoresis (5 min, 7secOn/Off)"
SW190226-02A,mouse,NCBI:txid10090,C57Bl6,Tracer Injected,Cre-dependent anterograde,CM,University of Southern California,Hongwei Dong,U01MH114829-01,U01 Dong,BIL,https://download.brainimagelibrary.org/82/e9/82e9592c90c456ef/1U01MH114829-01/SW190226-02A/,NA,NA,NA,-1.555,0.3,-4.1,3 AAV1.CAG.FLEX.tdTomato.WPRE.bGH,"iontophoresis (5 min, 7secOn/Off)"
SW190226-03A,mouse,NCBI:txid10090,C57Bl6,Tracer Injected,Cre-dependent anterograde,CPi.ventral,University of Southern California,Hongwei Dong,U01MH114829-01,U01 Dong,BIL,https://download.brainimagelibrary.org/82/e9/82e9592c90c456ef/1U01MH114829-01/SW190226-03A/,NA,NA,NA,0.145,2.5,-5.2,1 AAVretro-EF1a-Cre,"iontophoresis (5 min, 7secOn/Off)"
SW190226-03A,mouse,NCBI:txid10090,C57Bl6,Tracer Injected,Cre-dependent anterograde,PF,University of Southern California,Hongwei Dong,U01MH114829-01,U01 Dong,BIL,https://download.brainimagelibrary.org/82/e9/82e9592c90c456ef/1U01MH114829-01/SW190226-03A/,NA,NA,NA,-2.155,0.5,-3.9,2 AAV1.CAG.FLEX.eGFP.WPRE.bGH,"iontophoresis (5 min, 7secOn/Off)"
SW190226-03A,mouse,NCBI:txid10090,C57Bl6,Tracer Injected,Cre-dependent anterograde,ECT,University of Southern California,Hongwei Dong,U01MH114829-01,U01 Dong,BIL,https://download.brainimagelibrary.org/82/e9/82e9592c90c456ef/1U01MH114829-01/SW190226-03A/,NA,NA,NA,-1.655,4.6,-4,3 AAV1.CAG.FLEX.tdTomato.WPRE.bGH,"iontophoresis (5 min, 7secOn/Off)"
SW190311-02A,mouse,NCBI:txid10090,C57Bl6,Tracer Injected,Cre-dependent anterograde,PL,University of Southern California,Hongwei Dong,U01MH114829-01,U01 Dong,BIL,https://download.brainimagelibrary.org/82/e9/82e9592c90c456ef/1U01MH114829-01/SW190311-02A/,NA,NA,NA,1.845,0.2,-2,1 AAVretro-EF1a-Cre,"iontophoresis (5 min, 7secOn/Off)"
SW190311-02A,mouse,NCBI:txid10090,C57Bl6,Tracer Injected,Cre-dependent anterograde,BLA.am,University of Southern California,Hongwei Dong,U01MH114829-01,U01 Dong,BIL,https://download.brainimagelibrary.org/82/e9/82e9592c90c456ef/1U01MH114829-01/SW190311-02A/,NA,NA,NA,-1.355,3.4,-5.5,2 AAV1.CAG.FLEX.eGFP.WPRE.bGH,"iontophoresis (5 min, 7secOn/Off)"
SW190311-02A,mouse,NCBI:txid10090,C57Bl6,Tracer Injected,Cre-dependent anterograde,AMv,University of Southern California,Hongwei Dong,U01MH114829-01,U01 Dong,BIL,https://download.brainimagelibrary.org/82/e9/82e9592c90c456ef/1U01MH114829-01/SW190311-02A/,NA,NA,NA,-0.48,0.65,-4.25,3 AAV1.CAG.FLEX.tdTomato.WPRE.bGH,"iontophoresis (5 min, 7secOn/Off)"
SW190312-01A,mouse,NCBI:txid10090,C57Bl6,Tracer Injected,Cre-dependent anterograde,PL,University of Southern California,Hongwei Dong,U01MH114829-01,U01 Dong,BIL,https://download.brainimagelibrary.org/82/e9/82e9592c90c456ef/1U01MH114829-01/SW190312-01A/,NA,NA,NA,1.845,0.3,-1.75,1 AAVretro-EF1a-Cre,"iontophoresis (5 min, 7secOn/Off)"
SW190312-01A,mouse,NCBI:txid10090,C57Bl6,Tracer Injected,Cre-dependent anterograde,BMAp,University of Southern California,Hongwei Dong,U01MH114829-01,U01 Dong,BIL,https://download.brainimagelibrary.org/82/e9/82e9592c90c456ef/1U01MH114829-01/SW190312-01A/,NA,NA,NA,-1.755,3,-5.75,2 AAV1.CAG.FLEX.eGFP.WPRE.bGH,"iontophoresis (5 min, 7secOn/Off)"
SW190312-01A,mouse,NCBI:txid10090,C57Bl6,Tracer Injected,Cre-dependent anterograde,IAD/AM,University of Southern California,Hongwei Dong,U01MH114829-01,U01 Dong,BIL,https://download.brainimagelibrary.org/82/e9/82e9592c90c456ef/1U01MH114829-01/SW190312-01A/,NA,NA,NA,-0.88,0.4,-3.7,3 AAV1.CAG.FLEX.tdTomato.WPRE.bGH,"iontophoresis (5 min, 7secOn/Off)"
SW190312-04A,mouse,NCBI:txid10090,C57Bl6,Tracer Injected,Cre-dependent anterograde,OT-medial,University of Southern California,Hongwei Dong,U01MH114829-01,U01 Dong,BIL,https://download.brainimagelibrary.org/82/e9/82e9592c90c456ef/1U01MH114829-01/SW190312-04A/,NA,NA,NA,1.345,0.7,-6.35,1 AAVretro-EF1a-Cre,"iontophoresis (5 min, 7secOn/Off)"
SW190312-04A,mouse,NCBI:txid10090,C57Bl6,Tracer Injected,Cre-dependent anterograde,BLA,University of Southern California,Hongwei Dong,U01MH114829-01,U01 Dong,BIL,https://download.brainimagelibrary.org/82/e9/82e9592c90c456ef/1U01MH114829-01/SW190312-04A/,NA,NA,NA,-1.755,3,-5.5,2 AAV1.CAG.FLEX.eGFP.WPRE.bGH,"iontophoresis (5 min, 7secOn/Off)"
SW190312-04A,mouse,NCBI:txid10090,C57Bl6,Tracer Injected,Cre-dependent anterograde,PIR,University of Southern California,Hongwei Dong,U01MH114829-01,U01 Dong,BIL,https://download.brainimagelibrary.org/82/e9/82e9592c90c456ef/1U01MH114829-01/SW190312-04A/,NA,NA,NA,-0.555,3.5,-5.8,3 AAV1.CAG.FLEX.tdTomato.WPRE.bGH,"iontophoresis (5 min, 7secOn/Off)"
SW181108-01A,mouse,NCBI:txid10090,C57Bl6,Tracer Injected,Cre-dependent anterograde,LD,University of Southern California,Hongwei Dong,U01MH114829-01,U01 Dong,BIL,https://download.brainimagelibrary.org/82/e9/82e9592c90c456ef/1U01MH114829-01/SW181108-01A/,NA,NA,NA,-1.555,1.5,-2.4,1 AAVretro-EF1a-Cre,"iontophoresis (5 min, 7secOn/Off)"
SW181108-01A,mouse,NCBI:txid10090,C57Bl6,Tracer Injected,Cre-dependent anterograde,SCig-c,University of Southern California,Hongwei Dong,U01MH114829-01,U01 Dong,BIL,https://download.brainimagelibrary.org/82/e9/82e9592c90c456ef/1U01MH114829-01/SW181108-01A/,NA,NA,NA,-3.28,0.65,-2.2,2 AAV1.CAG.FLEX.eGFP.WPRE.bGH,"iontophoresis (5 min, 7secOn/Off)"
SW181108-01A,mouse,NCBI:txid10090,C57Bl6,Tracer Injected,Cre-dependent anterograde,SCdg,University of Southern California,Hongwei Dong,U01MH114829-01,U01 Dong,BIL,https://download.brainimagelibrary.org/82/e9/82e9592c90c456ef/1U01MH114829-01/SW181108-01A/,NA,NA,NA,-3.88,0.8,-2.2,3 AAV1.CAG.FLEX.tdTomato.WPRE.bGH,"iontophoresis (5 min, 7secOn/Off)"
SW181101-01A,mouse,NCBI:txid10090,C57Bl6,Tracer Injected,Cre-dependent anterograde,LD,University of Southern California,Hongwei Dong,U01MH114829-01,U01 Dong,BIL,https://download.brainimagelibrary.org/82/e9/82e9592c90c456ef/1U01MH114829-01/SW181101-01A/,NA,NA,NA,-1.555,1.6,-2.4,1 AAVretro-EF1a-Cre,"iontophoresis (5 min, 7secOn/Off)"
SW181101-01A,mouse,NCBI:txid10090,C57Bl6,Tracer Injected,Cre-dependent anterograde,SCig,University of Southern California,Hongwei Dong,U01MH114829-01,U01 Dong,BIL,https://download.brainimagelibrary.org/82/e9/82e9592c90c456ef/1U01MH114829-01/SW181101-01A/,NA,NA,NA,-3.68,0.7,-1.8,2 AAV1.CAG.FLEX.eGFP.WPRE.bGH,"iontophoresis (5 min, 7secOn/Off)"
SW181101-01A,mouse,NCBI:txid10090,C57Bl6,Tracer Injected,Cre-dependent anterograde,SCdg,University of Southern California,Hongwei Dong,U01MH114829-01,U01 Dong,BIL,https://download.brainimagelibrary.org/82/e9/82e9592c90c456ef/1U01MH114829-01/SW181101-01A/,NA,NA,NA,-3.88,0.8,-2.1,3 AAV1.CAG.FLEX.tdTomato.WPRE.bGH,"iontophoresis (5 min, 7secOn/Off)"
SW191015-04A,mouse,NCBI:txid10090,C57Bl6,Tracer Injected,Cre-dependent retrograde,ACAd/MOs,University of Southern California,Hongwei Dong,U01MH114829-01,U01 Dong,BIL,https://download.brainimagelibrary.org/90/a9/90a90c314769c834/1U01MH114829-01/SW191015-04A,NA,NA,NA,0.345,0.375,-0.8,1. AAVretro-EF1a-Cre,"iontophoresis (5 min, 7secOn/Off) + helper/rabies: pressure (80 nl/40 nl)"
SW191015-04A,mouse,NCBI:txid10090,C57Bl6,Tracer Injected,Cre-dependent retrograde,DP,University of Southern California,Hongwei Dong,U01MH114829-01,U01 Dong,BIL,https://download.brainimagelibrary.org/90/a9/90a90c314769c834/1U01MH114829-01/SW191015-04A,NA,NA,NA,1.42,0.375,-3.125,2. AAV8-hSyn-FLEX-TVA-P2A-GFP-2A-oG,"iontophoresis (5 min, 7secOn/Off) + helper/rabies: pressure (80 nl/40 nl)"
SW191015-04A,mouse,NCBI:txid10090,C57Bl6,Tracer Injected,Cre-dependent retrograde,DP,University of Southern California,Hongwei Dong,U01MH114829-01,U01 Dong,BIL,https://download.brainimagelibrary.org/90/a9/90a90c314769c834/1U01MH114829-01/SW191015-04A,NA,NA,NA,1.42,0.375,-3.125,3. EnvA G-deleted rabies dsRedXpress,"iontophoresis (5 min, 7secOn/Off) + helper/rabies: pressure (80 nl/40 nl)"
SW191001-05A,mouse,NCBI:txid10090,C57Bl6,Tracer Injected,Cre-dependent retrograde,MOp-ul_contralateral,University of Southern California,Hongwei Dong,U01MH114829-01,U01 Dong,BIL,https://download.brainimagelibrary.org/90/a9/90a90c314769c834/1U01MH114829-01/SW191001-05A,NA,NA,NA,1.245,-1.75,-1.3,1. AAVretro-EF1a-Cre,"iontophoresis (5 min, 7secOn/Off) + helper/rabies: pressure (80 nl/40 nl)"
SW191001-05A,mouse,NCBI:txid10090,C57Bl6,Tracer Injected,Cre-dependent retrograde,MOp-ul,University of Southern California,Hongwei Dong,U01MH114829-01,U01 Dong,BIL,https://download.brainimagelibrary.org/90/a9/90a90c314769c834/1U01MH114829-01/SW191001-05A,NA,NA,NA,1.245,1.75,-1.3,2. AAV8-hSyn-FLEX-TVA-P2A-GFP-2A-oG,"iontophoresis (5 min, 7secOn/Off) + helper/rabies: pressure (80 nl/40 nl)"
SW191001-05A,mouse,NCBI:txid10090,C57Bl6,Tracer Injected,Cre-dependent retrograde,MOp-ul,University of Southern California,Hongwei Dong,U01MH114829-01,U01 Dong,BIL,https://download.brainimagelibrary.org/90/a9/90a90c314769c834/1U01MH114829-01/SW191001-05A,NA,NA,NA,1.245,1.75,-1.3,3. EnvA G-deleted rabies dsRedXpress,"iontophoresis (5 min, 7secOn/Off) + helper/rabies: pressure (80 nl/40 nl)"
SW190813-01A,mouse,NCBI:txid10090,C57Bl6,Tracer Injected,Cre-dependent retrograde,CUL45,University of Southern California,Hongwei Dong,U01MH114829-01,U01 Dong,BIL,https://download.brainimagelibrary.org/90/a9/90a90c314769c834/1U01MH114829-01/SW190813-01A,NA,NA,NA,-6.355,0.75,-0.5,1. AAVretro-hSyn-Cre-WPRE,"iontophoresis (5 min, 7secOn/Off) + helper/rabies: pressure (80 nl/40 nl)"
SW190813-01A,mouse,NCBI:txid10090,C57Bl6,Tracer Injected,Cre-dependent retrograde,IO,University of Southern California,Hongwei Dong,U01MH114829-01,U01 Dong,BIL,https://download.brainimagelibrary.org/90/a9/90a90c314769c834/1U01MH114829-01/SW190813-01A,NA,NA,NA,-6.955,-0.6,-6.45,2. AAV8-hSyn-FLEX-TVA-P2A-GFP-2A-oG,"iontophoresis (5 min, 7secOn/Off) + helper/rabies: pressure (80 nl/40 nl)"
SW190813-01A,mouse,NCBI:txid10090,C57Bl6,Tracer Injected,Cre-dependent retrograde,ml,University of Southern California,Hongwei Dong,U01MH114829-01,U01 Dong,BIL,https://download.brainimagelibrary.org/90/a9/90a90c314769c834/1U01MH114829-01/SW190813-01A,NA,NA,NA,-7.255,-0.6,-6.5,3. EnvA G-deleted rabies 4mCherry,"iontophoresis (5 min, 7secOn/Off) + helper/rabies: pressure (80 nl/40 nl)"
SW191017-01A,mouse,NCBI:txid10090,C57Bl6,Tracer Injected,Cre-dependent retrograde,ACAd/v,University of Southern California,Hongwei Dong,U01MH114829-01,U01 Dong,BIL,https://download.brainimagelibrary.org/90/a9/90a90c314769c834/1U01MH114829-01/SW191017-01A,NA,NA,NA,0.345,0.75,-1.375,1. AAVretro-EF1a-Cre,"iontophoresis (5 min, 7secOn/Off) + helper/rabies: pressure (80 nl/40 nl)"
SW191017-01A,mouse,NCBI:txid10090,C57Bl6,Tracer Injected,Cre-dependent retrograde,DP,University of Southern California,Hongwei Dong,U01MH114829-01,U01 Dong,BIL,https://download.brainimagelibrary.org/90/a9/90a90c314769c834/1U01MH114829-01/SW191017-01A,NA,NA,NA,1.42,0.375,-3.25,2. AAV8-hSyn-FLEX-TVA-P2A-GFP-2A-oG,"iontophoresis (5 min, 7secOn/Off) + helper/rabies: pressure (80 nl/40 nl)"
SW191017-01A,mouse,NCBI:txid10090,C57Bl6,Tracer Injected,Cre-dependent retrograde,DP,University of Southern California,Hongwei Dong,U01MH114829-01,U01 Dong,BIL,https://download.brainimagelibrary.org/90/a9/90a90c314769c834/1U01MH114829-01/SW191017-01A,NA,NA,NA,1.42,0.375,-3.25,3. EnvA G-deleted rabies dsRedXpress,"iontophoresis (5 min, 7secOn/Off) + helper/rabies: pressure (80 nl/40 nl)"
SW190927-01A,mouse,NCBI:txid10090,C57Bl6,Tracer Injected,Cre-dependent retrograde,PF,University of Southern California,Hongwei Dong,U01MH114829-01,U01 Dong,BIL,https://download.brainimagelibrary.org/90/a9/90a90c314769c834/1U01MH114829-01/SW190927-01A,NA,NA,NA,-2.155,0.6,-3.5,1. AAVretro-EF1a-Cre,"iontophoresis (5 min, 7secOn/Off) + helper/rabies: pressure (80 nl/40 nl)"
SW190927-01A,mouse,NCBI:txid10090,C57Bl6,Tracer Injected,Cre-dependent retrograde,MOp,University of Southern California,Hongwei Dong,U01MH114829-01,U01 Dong,BIL,https://download.brainimagelibrary.org/90/a9/90a90c314769c834/1U01MH114829-01/SW190927-01A,NA,NA,NA,1.045,1.5,-1.5,2. AAV8-hSyn-FLEX-TVA-P2A-GFP-2A-oG,"iontophoresis (5 min, 7secOn/Off) + helper/rabies: pressure (80 nl/40 nl)"
SW190927-01A,mouse,NCBI:txid10090,C57Bl6,Tracer Injected,Cre-dependent retrograde,MOp,University of Southern California,Hongwei Dong,U01MH114829-01,U01 Dong,BIL,https://download.brainimagelibrary.org/90/a9/90a90c314769c834/1U01MH114829-01/SW190927-01A,NA,NA,NA,1.045,1.75,-1.3,3. EnvA G-deleted rabies dsRedXpress,"iontophoresis (5 min, 7secOn/Off) + helper/rabies: pressure (80 nl/40 nl)"
SW190905-06A,mouse,NCBI:txid10090,C57Bl6,Tracer Injected,Cre-dependent retrograde,PL,University of Southern California,Hongwei Dong,U01MH114829-01,U01 Dong,BIL,https://download.brainimagelibrary.org/90/a9/90a90c314769c834/1U01MH114829-01/SW190905-06A,NA,NA,NA,2.145,0.3,-2,1. AAVretro-EF1a-Cre,"iontophoresis (5 min, 7secOn/Off) + helper/rabies: pressure (80 nl/40 nl)"
SW190905-06A,mouse,NCBI:txid10090,C57Bl6,Tracer Injected,Cre-dependent retrograde,BLAal.,University of Southern California,Hongwei Dong,U01MH114829-01,U01 Dong,BIL,https://download.brainimagelibrary.org/90/a9/90a90c314769c834/1U01MH114829-01/SW190905-06A,NA,NA,NA,-1.355,3.7,-5.25,2. AAV8-hSyn-FLEX-TVA-P2A-GFP-2A-oG,"iontophoresis (5 min, 7secOn/Off) + helper/rabies: pressure (80 nl/40 nl)"
SW190905-06A,mouse,NCBI:txid10090,C57Bl6,Tracer Injected,Cre-dependent retrograde,BLAal.,University of Southern California,Hongwei Dong,U01MH114829-01,U01 Dong,BIL,https://download.brainimagelibrary.org/90/a9/90a90c314769c834/1U01MH114829-01/SW190905-06A,NA,NA,NA,-1.155,3.4,-5.25,3. EnvA G-deleted rabies dsRedXpress,"iontophoresis (5 min, 7secOn/Off) + helper/rabies: pressure (80 nl/40 nl)"
SW190813-04A,mouse,NCBI:txid10090,C57Bl6,Tracer Injected,Cre-dependent retrograde,CPc.dm,University of Southern California,Hongwei Dong,U01MH114829-01,U01 Dong,BIL,https://download.brainimagelibrary.org/90/a9/90a90c314769c834/1U01MH114829-01/SW190813-04A,NA,NA,NA,-0.38,2,-2.875,1. AAVretro-EF1a-Cre,"iontophoresis (5 min, 7secOn/Off) + helper/rabies: pressure (80 nl/40 nl)"
SW190813-04A,mouse,NCBI:txid10090,C57Bl6,Tracer Injected,Cre-dependent retrograde,BLA.am,University of Southern California,Hongwei Dong,U01MH114829-01,U01 Dong,BIL,https://download.brainimagelibrary.org/90/a9/90a90c314769c834/1U01MH114829-01/SW190813-04A,NA,NA,NA,-1.155,3.25,-5.4,2. AAV8-hSyn-FLEX-TVA-P2A-GFP-2A-oG,"iontophoresis (5 min, 7secOn/Off) + helper/rabies: pressure (80 nl/40 nl)"
SW190813-04A,mouse,NCBI:txid10090,C57Bl6,Tracer Injected,Cre-dependent retrograde,BLA.am,University of Southern California,Hongwei Dong,U01MH114829-01,U01 Dong,BIL,https://download.brainimagelibrary.org/90/a9/90a90c314769c834/1U01MH114829-01/SW190813-04A,NA,NA,NA,-1.155,3.25,-5.4,3. EnvA G-deleted rabies dsRedXpress,"iontophoresis (5 min, 7secOn/Off) + helper/rabies: pressure (80 nl/40 nl)"
SW190808-06A,mouse,NCBI:txid10090,C57Bl6,Tracer Injected,Cre-dependent retrograde,CPc.v,University of Southern California,Hongwei Dong,U01MH114829-01,U01 Dong,BIL,https://download.brainimagelibrary.org/90/a9/90a90c314769c834/1U01MH114829-01/SW190808-06A,NA,NA,NA,-0.955,3.375,-4.375,1. AAVretro-EF1a-Cre,"iontophoresis (5 min, 7secOn/Off) + helper/rabies: pressure (80 nl/40 nl)"
SW190808-06A,mouse,NCBI:txid10090,C57Bl6,Tracer Injected,Cre-dependent retrograde,BLAa.am,University of Southern California,Hongwei Dong,U01MH114829-01,U01 Dong,BIL,https://download.brainimagelibrary.org/90/a9/90a90c314769c834/1U01MH114829-01/SW190808-06A,NA,NA,NA,-1.155,3.375,-5.75,2. AAV8-hSyn-FLEX-TVA-P2A-GFP-2A-oG,"iontophoresis (5 min, 7secOn/Off) + helper/rabies: pressure (80 nl/40 nl)"
SW190808-06A,mouse,NCBI:txid10090,C57Bl6,Tracer Injected,Cre-dependent retrograde,BLAa.am,University of Southern California,Hongwei Dong,U01MH114829-01,U01 Dong,BIL,https://download.brainimagelibrary.org/90/a9/90a90c314769c834/1U01MH114829-01/SW190808-06A,NA,NA,NA,-1.155,3.375,-5.75,3. EnvA G-deleted rabies dsRedXpress,"iontophoresis (5 min, 7secOn/Off) + helper/rabies: pressure (80 nl/40 nl)"
SW190910-03A,mouse,NCBI:txid10090,C57Bl6,Tracer Injected,Cre-dependent retrograde,DP,University of Southern California,Hongwei Dong,U01MH114829-01,U01 Dong,BIL,https://download.brainimagelibrary.org/90/a9/90a90c314769c834/1U01MH114829-01/SW190910-03A,NA,NA,NA,1.645,0.5,-3.5,1. AAVretro-EF1a-Cre,"iontophoresis (5 min, 7secOn/Off) + helper/rabies: pressure (80 nl/40 nl)"
SW190910-03A,mouse,NCBI:txid10090,C57Bl6,Tracer Injected,Cre-dependent retrograde,failed,University of Southern California,Hongwei Dong,U01MH114829-01,U01 Dong,BIL,https://download.brainimagelibrary.org/90/a9/90a90c314769c834/1U01MH114829-01/SW190910-03A,NA,NA,NA,NA,NA,,2. AAV8-hSyn-FLEX-TVA-P2A-GFP-2A-oG,"iontophoresis (5 min, 7secOn/Off) + helper/rabies: pressure (80 nl/40 nl)"
SW190910-03A,mouse,NCBI:txid10090,C57Bl6,Tracer Injected,Cre-dependent retrograde,TTd,University of Southern California,Hongwei Dong,U01MH114829-01,U01 Dong,BIL,https://download.brainimagelibrary.org/90/a9/90a90c314769c834/1U01MH114829-01/SW190910-03A,NA,NA,NA,1.245,0.375,-3,3. EnvA G-deleted rabies dsRedXpress,"iontophoresis (5 min, 7secOn/Off) + helper/rabies: pressure (80 nl/40 nl)"
SW190927-02A,mouse,NCBI:txid10090,C57Bl6,Tracer Injected,Cre-dependent retrograde,VAL,University of Southern California,Hongwei Dong,U01MH114829-01,U01 Dong,BIL,https://download.brainimagelibrary.org/90/a9/90a90c314769c834/1U01MH114829-01/SW190927-02A,NA,NA,NA,-1.355,1.15,-3.7,1. AAVretro-EF1a-Cre,"iontophoresis (5 min, 7secOn/Off) + helper/rabies: pressure (80 nl/40 nl)"
SW190927-02A,mouse,NCBI:txid10090,C57Bl6,Tracer Injected,Cre-dependent retrograde,MOp,University of Southern California,Hongwei Dong,U01MH114829-01,U01 Dong,BIL,https://download.brainimagelibrary.org/90/a9/90a90c314769c834/1U01MH114829-01/SW190927-02A,NA,NA,NA,1.245,1.75,-1.3,2. AAV8-hSyn-FLEX-TVA-P2A-GFP-2A-oG,"iontophoresis (5 min, 7secOn/Off) + helper/rabies: pressure (80 nl/40 nl)"
SW190927-02A,mouse,NCBI:txid10090,C57Bl6,Tracer Injected,Cre-dependent retrograde,MOp,University of Southern California,Hongwei Dong,U01MH114829-01,U01 Dong,BIL,https://download.brainimagelibrary.org/90/a9/90a90c314769c834/1U01MH114829-01/SW190927-02A,NA,NA,NA,1.245,1.75,-1.3,3. EnvA G-deleted rabies dsRedXpress,"iontophoresis (5 min, 7secOn/Off) + helper/rabies: pressure (80 nl/40 nl)"
SW191001-01A,mouse,NCBI:txid10090,C57Bl6,Tracer Injected,Cre-dependent retrograde,SSp,University of Southern California,Hongwei Dong,U01MH114829-01,U01 Dong,BIL,https://download.brainimagelibrary.org/90/a9/90a90c314769c834/1U01MH114829-01/SW191001-01A,NA,NA,NA,0.345,2.5,-1.3,1. AAVretro-EF1a-Cre,"iontophoresis (5 min, 7secOn/Off) + helper/rabies: pressure (80 nl/40 nl)"
SW191001-01A,mouse,NCBI:txid10090,C57Bl6,Tracer Injected,Cre-dependent retrograde,MOp,University of Southern California,Hongwei Dong,U01MH114829-01,U01 Dong,BIL,https://download.brainimagelibrary.org/90/a9/90a90c314769c834/1U01MH114829-01/SW191001-01A,NA,NA,NA,1.42,1.6,-1.2,2. AAV8-hSyn-FLEX-TVA-P2A-GFP-2A-oG,"iontophoresis (5 min, 7secOn/Off) + helper/rabies: pressure (80 nl/40 nl)"
SW191001-01A,mouse,NCBI:txid10090,C57Bl6,Tracer Injected,Cre-dependent retrograde,MOp,University of Southern California,Hongwei Dong,U01MH114829-01,U01 Dong,BIL,https://download.brainimagelibrary.org/90/a9/90a90c314769c834/1U01MH114829-01/SW191001-01A,NA,NA,NA,1.42,1.6,-1.2,3. EnvA G-deleted rabies dsRedXpress,"iontophoresis (5 min, 7secOn/Off) + helper/rabies: pressure (80 nl/40 nl)"
SW191001-02A,mouse,NCBI:txid10090,C57Bl6,Tracer Injected,Cre-dependent retrograde,SSp,University of Southern California,Hongwei Dong,U01MH114829-01,U01 Dong,BIL,https://download.brainimagelibrary.org/90/a9/90a90c314769c834/1U01MH114829-01/SW191001-02A,NA,NA,NA,-0.655,3.65,-1.65,1. AAVretro-EF1a-Cre,"iontophoresis (5 min, 7secOn/Off) + helper/rabies: pressure (80 nl/40 nl)"
SW191001-02A,mouse,NCBI:txid10090,C57Bl6,Tracer Injected,Cre-dependent retrograde,MOp,University of Southern California,Hongwei Dong,U01MH114829-01,U01 Dong,BIL,https://download.brainimagelibrary.org/90/a9/90a90c314769c834/1U01MH114829-01/SW191001-02A,NA,NA,NA,1.245,1.75,-1.3,2. AAV8-hSyn-FLEX-TVA-P2A-GFP-2A-oG,"iontophoresis (5 min, 7secOn/Off) + helper/rabies: pressure (80 nl/40 nl)"
SW191001-02A,mouse,NCBI:txid10090,C57Bl6,Tracer Injected,Cre-dependent retrograde,MOp,University of Southern California,Hongwei Dong,U01MH114829-01,U01 Dong,BIL,https://download.brainimagelibrary.org/90/a9/90a90c314769c834/1U01MH114829-01/SW191001-02A,NA,NA,NA,1.245,1.75,-1.3,3. EnvA G-deleted rabies dsRedXpress,"iontophoresis (5 min, 7secOn/Off) + helper/rabies: pressure (80 nl/40 nl)"
SW191017-02A,mouse,NCBI:txid10090,C57Bl6,Tracer Injected,Cre-dependent retrograde,ACAd/v,University of Southern California,Hongwei Dong,U01MH114829-01,U01 Dong,BIL,https://download.brainimagelibrary.org/90/a9/90a90c314769c834/1U01MH114829-01/SW191017-02A,NA,NA,NA,0.345,0.75,-1.375,1. AAVretro-EF1a-Cre,"iontophoresis (5 min, 7secOn/Off) + helper/rabies: pressure (80 nl/40 nl)"
SW191017-02A,mouse,NCBI:txid10090,C57Bl6,Tracer Injected,Cre-dependent retrograde,TTd,University of Southern California,Hongwei Dong,U01MH114829-01,U01 Dong,BIL,https://download.brainimagelibrary.org/90/a9/90a90c314769c834/1U01MH114829-01/SW191017-02A,NA,NA,NA,1.345,0.375,-3.25,2. AAV8-hSyn-FLEX-TVA-P2A-GFP-2A-oG,"iontophoresis (5 min, 7secOn/Off) + helper/rabies: pressure (80 nl/40 nl)"
SW191017-02A,mouse,NCBI:txid10090,C57Bl6,Tracer Injected,Cre-dependent retrograde,TTd,University of Southern California,Hongwei Dong,U01MH114829-01,U01 Dong,BIL,https://download.brainimagelibrary.org/90/a9/90a90c314769c834/1U01MH114829-01/SW191017-02A,NA,NA,NA,1.345,0.375,-3.25,3. EnvA G-deleted rabies dsRedXpress,"iontophoresis (5 min, 7secOn/Off) + helper/rabies: pressure (80 nl/40 nl)"
SW190808-02A,mouse,NCBI:txid10090,C57Bl6,Tracer Injected,Cre-dependent retrograde,BLAa,University of Southern California,Hongwei Dong,U01MH114829-01,U01 Dong,BIL,https://download.brainimagelibrary.org/90/a9/90a90c314769c834/1U01MH114829-01/SW190808-02A,NA,NA,NA,-1.555,3.375,-5.875,1. AAVretro-EF1a-Cre,"iontophoresis (5 min, 7secOn/Off) + helper/rabies: pressure (80 nl/40 nl)"
SW190808-02A,mouse,NCBI:txid10090,C57Bl6,Tracer Injected,Cre-dependent retrograde,TEa,University of Southern California,Hongwei Dong,U01MH114829-01,U01 Dong,BIL,https://download.brainimagelibrary.org/90/a9/90a90c314769c834/1U01MH114829-01/SW190808-02A,NA,NA,NA,-2.155,5,-3.75,2. AAV8-hSyn-FLEX-TVA-P2A-GFP-2A-oG,"iontophoresis (5 min, 7secOn/Off) + helper/rabies: pressure (80 nl/40 nl)"
SW190808-02A,mouse,NCBI:txid10090,C57Bl6,Tracer Injected,Cre-dependent retrograde,PERI/ECT,University of Southern California,Hongwei Dong,U01MH114829-01,U01 Dong,BIL,https://download.brainimagelibrary.org/90/a9/90a90c314769c834/1U01MH114829-01/SW190808-02A,NA,NA,NA,-2.155,5,-4.375,3. EnvA G-deleted rabies dsRedXpress,"iontophoresis (5 min, 7secOn/Off) + helper/rabies: pressure (80 nl/40 nl)"
SW190905-02A,mouse,NCBI:txid10090,C57Bl6,Tracer Injected,Cre-dependent retrograde,EPd,University of Southern California,Hongwei Dong,U01MH114829-01,U01 Dong,BIL,https://download.brainimagelibrary.org/90/a9/90a90c314769c834/1U01MH114829-01/SW190905-02A,NA,NA,NA,-0.655,3.75,-4.8,1. AAVretro-EF1a-Cre,"iontophoresis (5 min, 7secOn/Off) + helper/rabies: pressure (80 nl/40 nl)"
SW190905-02A,mouse,NCBI:txid10090,C57Bl6,Tracer Injected,Cre-dependent retrograde,BLA.al,University of Southern California,Hongwei Dong,U01MH114829-01,U01 Dong,BIL,https://download.brainimagelibrary.org/90/a9/90a90c314769c834/1U01MH114829-01/SW190905-02A,NA,NA,NA,-1.155,3.5,-5.6,2. AAV8-hSyn-FLEX-TVA-P2A-GFP-2A-oG,"iontophoresis (5 min, 7secOn/Off) + helper/rabies: pressure (80 nl/40 nl)"
SW190905-02A,mouse,NCBI:txid10090,C57Bl6,Tracer Injected,Cre-dependent retrograde,EPd,University of Southern California,Hongwei Dong,U01MH114829-01,U01 Dong,BIL,https://download.brainimagelibrary.org/90/a9/90a90c314769c834/1U01MH114829-01/SW190905-02A,NA,NA,NA,-1.155,3.75,-5.25,3. EnvA G-deleted rabies dsRedXpress,"iontophoresis (5 min, 7secOn/Off) + helper/rabies: pressure (80 nl/40 nl)"
SW190905-03A,mouse,NCBI:txid10090,C57Bl6,Tracer Injected,Cre-dependent retrograde,CPc.dl,University of Southern California,Hongwei Dong,U01MH114829-01,U01 Dong,BIL,https://download.brainimagelibrary.org/90/a9/90a90c314769c834/1U01MH114829-01/SW190905-03A,NA,NA,NA,-0.655,3.375,-3.375,1. AAVretro-EF1a-Cre,"iontophoresis (5 min, 7secOn/Off) + helper/rabies: pressure (80 nl/40 nl)"
SW190905-03A,mouse,NCBI:txid10090,C57Bl6,Tracer Injected,Cre-dependent retrograde,BLA.al,University of Southern California,Hongwei Dong,U01MH114829-01,U01 Dong,BIL,https://download.brainimagelibrary.org/90/a9/90a90c314769c834/1U01MH114829-01/SW190905-03A,NA,NA,NA,-1.455,3.6,-5.7,2. AAV8-hSyn-FLEX-TVA-P2A-GFP-2A-oG,"iontophoresis (5 min, 7secOn/Off) + helper/rabies: pressure (80 nl/40 nl)"
SW190905-03A,mouse,NCBI:txid10090,C57Bl6,Tracer Injected,Cre-dependent retrograde,EPd,University of Southern California,Hongwei Dong,U01MH114829-01,U01 Dong,BIL,https://download.brainimagelibrary.org/90/a9/90a90c314769c834/1U01MH114829-01/SW190905-03A,NA,NA,NA,-1.455,3.8,-5.25,3. EnvA G-deleted rabies dsRedXpress,"iontophoresis (5 min, 7secOn/Off) + helper/rabies: pressure (80 nl/40 nl)"
SW190801-03A,mouse,NCBI:txid10090,C57Bl6,Tracer Injected,Cre-dependent retrograde,ACAv,University of Southern California,Hongwei Dong,U01MH114829-01,U01 Dong,BIL,https://download.brainimagelibrary.org/90/a9/90a90c314769c834/1U01MH114829-01/SW190801-03A,NA,NA,NA,0.745,0.5,-1.5,1. AAVretro-EF1a-Cre,"iontophoresis (5 min, 7secOn/Off) + helper/rabies: pressure (80 nl/40 nl)"
SW190801-03A,mouse,NCBI:txid10090,C57Bl6,Tracer Injected,Cre-dependent retrograde,ILA,University of Southern California,Hongwei Dong,U01MH114829-01,U01 Dong,BIL,https://download.brainimagelibrary.org/90/a9/90a90c314769c834/1U01MH114829-01/SW190801-03A,NA,NA,NA,1.245,0.375,-2.65,2. AAV8-hSyn-FLEX-TVA-P2A-GFP-2A-oG,"iontophoresis (5 min, 7secOn/Off) + helper/rabies: pressure (80 nl/40 nl)"
SW190801-03A,mouse,NCBI:txid10090,C57Bl6,Tracer Injected,Cre-dependent retrograde,ILA,University of Southern California,Hongwei Dong,U01MH114829-01,U01 Dong,BIL,https://download.brainimagelibrary.org/90/a9/90a90c314769c834/1U01MH114829-01/SW190801-03A,NA,NA,NA,1.245,0.375,-2.7,3. EnvA G-deleted rabies dsRedXpress,"iontophoresis (5 min, 7secOn/Off) + helper/rabies: pressure (80 nl/40 nl)"
SW190808-04A,mouse,NCBI:txid10090,C57Bl6,Tracer Injected,Cre-dependent retrograde,CPc.v.,University of Southern California,Hongwei Dong,U01MH114829-01,U01 Dong,BIL,https://download.brainimagelibrary.org/90/a9/90a90c314769c834/1U01MH114829-01/SW190808-04A,NA,NA,NA,-0.755,2,-2.75,1. AAVretro-EF1a-Cre,"iontophoresis (5 min, 7secOn/Off) + helper/rabies: pressure (80 nl/40 nl)"
SW190808-04A,mouse,NCBI:txid10090,C57Bl6,Tracer Injected,Cre-dependent retrograde,BLAal,University of Southern California,Hongwei Dong,U01MH114829-01,U01 Dong,BIL,https://download.brainimagelibrary.org/90/a9/90a90c314769c834/1U01MH114829-01/SW190808-04A,NA,NA,NA,-1.355,3.5,-5.25,2. AAV8-hSyn-FLEX-TVA-P2A-GFP-2A-oG,"iontophoresis (5 min, 7secOn/Off) + helper/rabies: pressure (80 nl/40 nl)"
SW190808-04A,mouse,NCBI:txid10090,C57Bl6,Tracer Injected,Cre-dependent retrograde,BLAam,University of Southern California,Hongwei Dong,U01MH114829-01,U01 Dong,BIL,https://download.brainimagelibrary.org/90/a9/90a90c314769c834/1U01MH114829-01/SW190808-04A,NA,NA,NA,-1.355,3.35,-5.375,3. EnvA G-deleted rabies dsRedXpress,"iontophoresis (5 min, 7secOn/Off) + helper/rabies: pressure (80 nl/40 nl)"
SW180628-01A,mouse,NCBI:txid10090,C57Bl6,Tracer Injected,Cre-dependent retrograde,PRNc,University of Southern California,Hongwei Dong,U01MH114829-01,U01 Dong,BIL,https://download.brainimagelibrary.org/11/5b/115bda6eacd6507c/1U01MH114829-01/SW180628-01A,NA,NA,NA,-5.555,1,-5.75,1 AAVretro-EF1a-Cre,"iontophoresis (5 min, 7secOn/Off) + helper/rabies: pressure (80 nl/40 nl)"
SW180628-01A,mouse,NCBI:txid10090,C57Bl6,Tracer Injected,Cre-dependent retrograde,MOp,University of Southern California,Hongwei Dong,U01MH114829-01,U01 Dong,BIL,https://download.brainimagelibrary.org/11/5b/115bda6eacd6507c/1U01MH114829-01/SW180628-01A,NA,NA,NA,2.045,2.5,-2.5,2 AAV1.CAG.FLEX.eGFP.WPRE.bGH,"iontophoresis (5 min, 7secOn/Off) + helper/rabies: pressure (80 nl/40 nl)"
SW180628-01A,mouse,NCBI:txid10090,C57Bl6,Tracer Injected,Cre-dependent retrograde,CEA,University of Southern California,Hongwei Dong,U01MH114829-01,U01 Dong,BIL,https://download.brainimagelibrary.org/11/5b/115bda6eacd6507c/1U01MH114829-01/SW180628-01A,NA,NA,NA,-1.255,2.4,-5.375,3 AAV1.CAG.FLEX.tdTomato.WPRE.bGH,"iontophoresis (5 min, 7secOn/Off) + helper/rabies: pressure (80 nl/40 nl)"
SW190312-05A,mouse,NCBI:txid10105,NA,Tracer Injected,Cre-dependent retrograde,OT,University of Southern California,Hongwei Dong,U01MH114829-01,U01 Dong,BIL,https://download.brainimagelibrary.org/d9/b8/d9b827f296313258/1U01MH114829-01/SW190312-05A/,NA,NA,NA,1.145,1.75,-6.3,1 AAVretro-EF1a-Cre,"iontophoresis (5 min, 7secOn/Off) + helper/rabies: pressure (80 nl/40 nl)"
SW190312-05A,mouse,NCBI:txid10105,NA,Tracer Injected,Cre-dependent retrograde,BLA.am,University of Southern California,Hongwei Dong,U01MH114829-01,U01 Dong,BIL,https://download.brainimagelibrary.org/d9/b8/d9b827f296313258/1U01MH114829-01/SW190312-05A/,NA,NA,NA,-1.355,3.35,-5.35,2 AAV1.CAG.FLEX.eGFP.WPRE.bGH,"iontophoresis (5 min, 7secOn/Off) + helper/rabies: pressure (80 nl/40 nl)"
SW190312-05A,mouse,NCBI:txid10105,NA,Tracer Injected,Cre-dependent retrograde,IMD,University of Southern California,Hongwei Dong,U01MH114829-01,U01 Dong,BIL,https://download.brainimagelibrary.org/d9/b8/d9b827f296313258/1U01MH114829-01/SW190312-05A/,NA,NA,NA,-1.655,0.15,-3.35,3 AAV1.CAG.FLEX.tdTomato.WPRE.bGH,"iontophoresis (5 min, 7secOn/Off) + helper/rabies: pressure (80 nl/40 nl)"
SW190321-02A,mouse,NCBI:txid10114,,Tracer Injected,Cre-dependent retrograde,LHA,University of Southern California,Hongwei Dong,U01MH114829-01,U01 Dong,BIL,https://download.brainimagelibrary.org/d9/b8/d9b827f296313258/1U01MH114829-01/SW190321-02A/,NA,NA,NA,-1.555,1.5,-5.5,1. AAVretro-EF1a-Cre,"iontophoresis (5 min, 7secOn/Off) + helper/rabies: pressure (80 nl/40 nl)"
SW190321-02A,mouse,NCBI:txid10114,,Tracer Injected,Cre-dependent retrograde,failed,University of Southern California,Hongwei Dong,U01MH114829-01,U01 Dong,BIL,https://download.brainimagelibrary.org/d9/b8/d9b827f296313258/1U01MH114829-01/SW190321-02A/,NA,NA,NA,NA,NA,,2. AAV8-hSyn-FLEX-TVA-P2A-GFP-2A-oG,"iontophoresis (5 min, 7secOn/Off) + helper/rabies: pressure (80 nl/40 nl)"
SW190321-02A,mouse,NCBI:txid10114,,Tracer Injected,Cre-dependent retrograde,DP,University of Southern California,Hongwei Dong,U01MH114829-01,U01 Dong,BIL,https://download.brainimagelibrary.org/d9/b8/d9b827f296313258/1U01MH114829-01/SW190321-02A/,NA,NA,NA,1.645,0.4,-3.5,3. EnvA G-deleted rabies dsRedXpress,"iontophoresis (5 min, 7secOn/Off) + helper/rabies: pressure (80 nl/40 nl)"
SW190808-05A,mouse,NCBI:txid10125,,Tracer Injected,Cre-dependent retrograde,CPc.v,University of Southern California,Hongwei Dong,U01MH114829-01,U01 Dong,BIL,https://download.brainimagelibrary.org/d9/b8/d9b827f296313258/1U01MH114829-01/SW190808-05A/,NA,NA,NA,-0.955,3.5,-4.25,1. AAVretro-EF1a-Cre,"iontophoresis (5 min, 7secOn/Off) + helper/rabies: pressure (80 nl/40 nl)"
SW190808-05A,mouse,NCBI:txid10125,,Tracer Injected,Cre-dependent retrograde,LA,University of Southern California,Hongwei Dong,U01MH114829-01,U01 Dong,BIL,https://download.brainimagelibrary.org/d9/b8/d9b827f296313258/1U01MH114829-01/SW190808-05A/,NA,NA,NA,-1.455,3.7,-4.6,2. AAV8-hSyn-FLEX-TVA-P2A-GFP-2A-oG,"iontophoresis (5 min, 7secOn/Off) + helper/rabies: pressure (80 nl/40 nl)"
SW190808-05A,mouse,NCBI:txid10125,,Tracer Injected,Cre-dependent retrograde,LA,University of Southern California,Hongwei Dong,U01MH114829-01,U01 Dong,BIL,https://download.brainimagelibrary.org/d9/b8/d9b827f296313258/1U01MH114829-01/SW190808-05A/,NA,NA,NA,-1.455,3.7,-4.6,3. EnvA G-deleted rabies dsRedXpress,"iontophoresis (5 min, 7secOn/Off) + helper/rabies: pressure (80 nl/40 nl)"
SW190321-03A,mouse,NCBI:txid10090,C57Bl6,Tracer Injected,Cre-dependent retrograde,LHA,University of Southern California,Hongwei Dong,U01MH114829-01,U01 Dong,BIL,https://download.brainimagelibrary.org/82/e9/82e9592c90c456ef/1U01MH114829-01/SW190321-03A/,NA,NA,NA,-1.455,1.5,-5.5,1. AAVretro-EF1a-Cre,"iontophoresis (5 min, 7secOn/Off) + helper/rabies: pressure (80 nl/40 nl)"
SW190321-03A,mouse,NCBI:txid10090,C57Bl6,Tracer Injected,Cre-dependent retrograde,DP,University of Southern California,Hongwei Dong,U01MH114829-01,U01 Dong,BIL,https://download.brainimagelibrary.org/82/e9/82e9592c90c456ef/1U01MH114829-01/SW190321-03A/,NA,NA,NA,1.545,0.35,-3.3,2. AAV8-hSyn-FLEX-TVA-P2A-GFP-2A-oG,"iontophoresis (5 min, 7secOn/Off) + helper/rabies: pressure (80 nl/40 nl)"
SW190321-03A,mouse,NCBI:txid10090,C57Bl6,Tracer Injected,Cre-dependent retrograde,DP,University of Southern California,Hongwei Dong,U01MH114829-01,U01 Dong,BIL,https://download.brainimagelibrary.org/82/e9/82e9592c90c456ef/1U01MH114829-01/SW190321-03A/,NA,NA,NA,1.545,0.35,-3.2,3. EnvA G-deleted rabies dsRedXpress,"iontophoresis (5 min, 7secOn/Off) + helper/rabies: pressure (80 nl/40 nl)"
SW180214-02A,mouse,NCBI:txid10090,,Tracer Injected,Cre-dependent retrograde,VAL,University of Southern California,Hongwei Dong,U19MH114821-01,U19 Ecker,BIL,https://download.brainimagelibrary.org/99/b9/99b9b98b31227d01/Round_4/SW180214-02A/,NA,NA,NA,-1.255,1.15,-3.6,1. AAVretro-EF1a-Cre,"iontophoresis (5 min, 7secOn/Off) + helper/rabies: pressure (80 nl/40 nl)"
SW180214-02A,mouse,NCBI:txid10090,,Tracer Injected,Cre-dependent retrograde,MOp,University of Southern California,Hongwei Dong,U19MH114821-01,U19 Ecker,BIL,https://download.brainimagelibrary.org/99/b9/99b9b98b31227d01/Round_4/SW180214-02A/,NA,NA,NA,1.145,1.75,-1.3,2. AAV8-hSyn-FLEX-TVA-P2A-GFP-2A-oG,"iontophoresis (5 min, 7secOn/Off) + helper/rabies: pressure (80 nl/40 nl)"
SW180214-02A,mouse,NCBI:txid10090,,Tracer Injected,Cre-dependent retrograde,MOp,University of Southern California,Hongwei Dong,U19MH114821-01,U19 Ecker,BIL,https://download.brainimagelibrary.org/99/b9/99b9b98b31227d01/Round_4/SW180214-02A/,NA,NA,NA,1.145,1.75,-1.3,3. EnvA G-deleted rabies mCherry,"iontophoresis (5 min, 7secOn/Off) + helper/rabies: pressure (80 nl/40 nl)"
SW180509-02A,mouse,NCBI:txid10090,,Tracer Injected,Cre-dependent retrograde,VAL,University of Southern California,Hongwei Dong,U19MH114821-01,U19 Ecker,BIL,https://download.brainimagelibrary.org/99/b9/99b9b98b31227d01/Round_4/SW180509-02A/,NA,NA,NA,-1.455,1.15,-4,1. AAVretro-EF1a-Cre,"iontophoresis (5 min, 7secOn/Off) + helper/rabies: pressure (80 nl/40 nl)"
SW180509-02A,mouse,NCBI:txid10090,,Tracer Injected,Cre-dependent retrograde,MOp,University of Southern California,Hongwei Dong,U19MH114821-01,U19 Ecker,BIL,https://download.brainimagelibrary.org/99/b9/99b9b98b31227d01/Round_4/SW180509-02A/,NA,NA,NA,1.42,1.75,-1.15,2. AAV8-hSyn-FLEX-TVA-P2A-GFP-2A-oG,"iontophoresis (5 min, 7secOn/Off) + helper/rabies: pressure (80 nl/40 nl)"
SW180509-02A,mouse,NCBI:txid10090,,Tracer Injected,Cre-dependent retrograde,MOp,University of Southern California,Hongwei Dong,U19MH114821-01,U19 Ecker,BIL,https://download.brainimagelibrary.org/99/b9/99b9b98b31227d01/Round_4/SW180509-02A/,NA,NA,NA,1.42,1.75,-1.15,3. EnvA G-deleted rabies RVdG-4mCherry,"iontophoresis (5 min, 7secOn/Off) + helper/rabies: pressure (80 nl/40 nl)"
SW180510-02A,mouse,NCBI:txid10090,,Tracer Injected,Cre-dependent retrograde,SSp-bfd,University of Southern California,Hongwei Dong,U19MH114821-01,U19 Ecker,BIL,https://download.brainimagelibrary.org/99/b9/99b9b98b31227d01/Round_4/SW180510-02A/,NA,NA,NA,-0.655,3.75,-1.6,1. AAVretro-EF1a-Cre,"iontophoresis (5 min, 7secOn/Off) + helper/rabies: pressure (80 nl/40 nl)"
SW180510-02A,mouse,NCBI:txid10090,,Tracer Injected,Cre-dependent retrograde,MOp,University of Southern California,Hongwei Dong,U19MH114821-01,U19 Ecker,BIL,https://download.brainimagelibrary.org/99/b9/99b9b98b31227d01/Round_4/SW180510-02A/,NA,NA,NA,1.245,1.75,-1.3,2. AAV8-hSyn-FLEX-TVA-P2A-GFP-2A-oG,"iontophoresis (5 min, 7secOn/Off) + helper/rabies: pressure (80 nl/40 nl)"
SW180510-02A,mouse,NCBI:txid10090,,Tracer Injected,Cre-dependent retrograde,MOp,University of Southern California,Hongwei Dong,U19MH114821-01,U19 Ecker,BIL,https://download.brainimagelibrary.org/99/b9/99b9b98b31227d01/Round_4/SW180510-02A/,NA,NA,NA,1.42,1.75,-1.4,3. EnvA G-deleted rabies RVdG-4mCherry,"iontophoresis (5 min, 7secOn/Off) + helper/rabies: pressure (80 nl/40 nl)"
SW180510-03A,mouse,NCBI:txid10090,,Tracer Injected,Cre-dependent retrograde,SSs,University of Southern California,Hongwei Dong,U19MH114821-01,U19 Ecker,BIL,https://download.brainimagelibrary.org/99/b9/99b9b98b31227d01/Round_4/SW180510-03A/,NA,NA,NA,-0.955,4.1,-3.1,1. AAVretro-EF1a-Cre,"iontophoresis (5 min, 7secOn/Off) + helper/rabies: pressure (80 nl/40 nl)"
SW180510-03A,mouse,NCBI:txid10090,,Tracer Injected,Cre-dependent retrograde,MOp,University of Southern California,Hongwei Dong,U19MH114821-01,U19 Ecker,BIL,https://download.brainimagelibrary.org/99/b9/99b9b98b31227d01/Round_4/SW180510-03A/,NA,NA,NA,1.345,1.75,-1.5,2. AAV8-hSyn-FLEX-TVA-P2A-GFP-2A-oG,"iontophoresis (5 min, 7secOn/Off) + helper/rabies: pressure (80 nl/40 nl)"
SW180510-03A,mouse,NCBI:txid10090,,Tracer Injected,Cre-dependent retrograde,MOp,University of Southern California,Hongwei Dong,U19MH114821-01,U19 Ecker,BIL,https://download.brainimagelibrary.org/99/b9/99b9b98b31227d01/Round_4/SW180510-03A/,NA,NA,NA,1.345,1.75,-1.4,3. EnvA G-deleted rabies RVdG-4mCherry,"iontophoresis (5 min, 7secOn/Off) + helper/rabies: pressure (80 nl/40 nl)"
SW180510-04A,mouse,NCBI:txid10090,,Tracer Injected,Cre-dependent retrograde,MOp-ul contralateral,University of Southern California,Hongwei Dong,U19MH114821-01,U19 Ecker,BIL,https://download.brainimagelibrary.org/99/b9/99b9b98b31227d01/Round_4/SW180510-04A/,NA,NA,NA,1.245,-1.75,-1.1,1. AAVretro-EF1a-Cre,"iontophoresis (5 min, 7secOn/Off) + helper/rabies: pressure (80 nl/40 nl)"
SW180510-04A,mouse,NCBI:txid10090,,Tracer Injected,Cre-dependent retrograde,MOp-ul,University of Southern California,Hongwei Dong,U19MH114821-01,U19 Ecker,BIL,https://download.brainimagelibrary.org/99/b9/99b9b98b31227d01/Round_4/SW180510-04A/,NA,NA,NA,1.42,1.75,-1.3,2. AAV8-hSyn-FLEX-TVA-P2A-GFP-2A-oG,"iontophoresis (5 min, 7secOn/Off) + helper/rabies: pressure (80 nl/40 nl)"
SW180510-04A,mouse,NCBI:txid10090,,Tracer Injected,Cre-dependent retrograde,MOp-ul,University of Southern California,Hongwei Dong,U19MH114821-01,U19 Ecker,BIL,https://download.brainimagelibrary.org/99/b9/99b9b98b31227d01/Round_4/SW180510-04A/,NA,NA,NA,1.42,1.75,-1.3,3. EnvA G-deleted rabies RVdG-4mCherry,"iontophoresis (5 min, 7secOn/Off) + helper/rabies: pressure (80 nl/40 nl)"
SW180606-05A,mouse,NCBI:txid10090,,Tracer Injected,Cre-dependent retrograde,MOP-ul contralateral,University of Southern California,Hongwei Dong,U19MH114821-01,U19 Ecker,BIL,https://download.brainimagelibrary.org/99/b9/99b9b98b31227d01/Round_4/SW180606-05A/,NA,NA,NA,1.42,-1.75,-1.3,1. AAVretro-EF1a-Cre,"iontophoresis (5 min, 7secOn/Off) + helper/rabies: pressure (80 nl/40 nl)"
SW180606-05A,mouse,NCBI:txid10090,,Tracer Injected,Cre-dependent retrograde,MOp-ul,University of Southern California,Hongwei Dong,U19MH114821-01,U19 Ecker,BIL,https://download.brainimagelibrary.org/99/b9/99b9b98b31227d01/Round_4/SW180606-05A/,NA,NA,NA,1.42,1.75,-1.2,2. AAV8-hSyn-FLEX-TVA-P2A-GFP-2A-oG,"iontophoresis (5 min, 7secOn/Off) + helper/rabies: pressure (80 nl/40 nl)"
SW180606-05A,mouse,NCBI:txid10090,,Tracer Injected,Cre-dependent retrograde,MOp-ul,University of Southern California,Hongwei Dong,U19MH114821-01,U19 Ecker,BIL,https://download.brainimagelibrary.org/99/b9/99b9b98b31227d01/Round_4/SW180606-05A/,NA,NA,NA,1.42,1.75,-1.1,3. EnvA G-deleted rabies RVdG-4mCherry,"iontophoresis (5 min, 7secOn/Off) + helper/rabies: pressure (80 nl/40 nl)"
SW180509-05A,mouse,NCBI:txid10090,,Tracer Injected,Cre-dependent retrograde,CP,University of Southern California,Hongwei Dong,U19MH114821-01,U19 Ecker,BIL,https://download.brainimagelibrary.org/99/b9/99b9b98b31227d01/Round_4/SW180509-05A/,NA,NA,NA,-0.955,3.4,-3.5,1. AAVretro-EF1a-Cre,"iontophoresis (5 min, 7secOn/Off) + helper/rabies: pressure (80 nl/40 nl)"
SW180509-05A,mouse,NCBI:txid10090,,Tracer Injected,Cre-dependent retrograde,MOp,University of Southern California,Hongwei Dong,U19MH114821-01,U19 Ecker,BIL,https://download.brainimagelibrary.org/99/b9/99b9b98b31227d01/Round_4/SW180509-05A/,NA,NA,NA,1.245,1.75,-0.75,2. AAV8-hSyn-FLEX-TVA-P2A-GFP-2A-oG,"iontophoresis (5 min, 7secOn/Off) + helper/rabies: pressure (80 nl/40 nl)"
SW180509-05A,mouse,NCBI:txid10090,,Tracer Injected,Cre-dependent retrograde,MOp,University of Southern California,Hongwei Dong,U19MH114821-01,U19 Ecker,BIL,https://download.brainimagelibrary.org/99/b9/99b9b98b31227d01/Round_4/SW180509-05A/,NA,NA,NA,1.245,1.75,-1.2,3. EnvA G-deleted rabies RVdG-4mCherry,"iontophoresis (5 min, 7secOn/Off) + helper/rabies: pressure (80 nl/40 nl)"
SW180510-01A,mouse,NCBI:txid10090,,Tracer Injected,Cre-dependent retrograde,SSp-ul,University of Southern California,Hongwei Dong,U19MH114821-01,U19 Ecker,BIL,https://download.brainimagelibrary.org/99/b9/99b9b98b31227d01/Round_4/SW180510-01A/,NA,NA,NA,0.145,2.5,-1.3,1. AAVretro-EF1a-Cre,"iontophoresis (5 min, 7secOn/Off) + helper/rabies: pressure (80 nl/40 nl)"
SW180510-01A,mouse,NCBI:txid10090,,Tracer Injected,Cre-dependent retrograde,MOp-ul,University of Southern California,Hongwei Dong,U19MH114821-01,U19 Ecker,BIL,https://download.brainimagelibrary.org/99/b9/99b9b98b31227d01/Round_4/SW180510-01A/,NA,NA,NA,1.42,1.75,-1.3,2. AAV8-hSyn-FLEX-TVA-P2A-GFP-2A-oG,"iontophoresis (5 min, 7secOn/Off) + helper/rabies: pressure (80 nl/40 nl)"
SW180510-01A,mouse,NCBI:txid10090,,Tracer Injected,Cre-dependent retrograde,MOp-ul,University of Southern California,Hongwei Dong,U19MH114821-01,U19 Ecker,BIL,https://download.brainimagelibrary.org/99/b9/99b9b98b31227d01/Round_4/SW180510-01A/,NA,NA,NA,1.42,1.75,-1.3,3. EnvA G-deleted rabies RVdG-4mCherry,"iontophoresis (5 min, 7secOn/Off) + helper/rabies: pressure (80 nl/40 nl)"
SW180509-01A,mouse,NCBI:txid10090,,Tracer Injected,Cre-dependent retrograde,PF,University of Southern California,Hongwei Dong,U19MH114821-01,U19 Ecker,BIL,https://download.brainimagelibrary.org/99/b9/99b9b98b31227d01/Round_4/SW180509-01A/,NA,NA,NA,-2.155,0.5,-4.1,1. AAVretro-EF1a-Cre,"iontophoresis (5 min, 7secOn/Off) + helper/rabies: pressure (80 nl/40 nl)"
SW180509-01A,mouse,NCBI:txid10090,,Tracer Injected,Cre-dependent retrograde,MOp-ul,University of Southern California,Hongwei Dong,U19MH114821-01,U19 Ecker,BIL,https://download.brainimagelibrary.org/99/b9/99b9b98b31227d01/Round_4/SW180509-01A/,NA,NA,NA,1.245,1.75,-1.25,2. AAV8-hSyn-FLEX-TVA-P2A-GFP-2A-oG,"iontophoresis (5 min, 7secOn/Off) + helper/rabies: pressure (80 nl/40 nl)"
SW180509-01A,mouse,NCBI:txid10090,,Tracer Injected,Cre-dependent retrograde,MOp-ul,University of Southern California,Hongwei Dong,U19MH114821-01,U19 Ecker,BIL,https://download.brainimagelibrary.org/99/b9/99b9b98b31227d01/Round_4/SW180509-01A/,NA,NA,NA,1.245,1.75,-1.25,3. EnvA G-deleted rabies RVdG-4mCherry,"iontophoresis (5 min, 7secOn/Off) + helper/rabies: pressure (80 nl/40 nl)"
SW180510-05A,mouse,NCBI:txid10090,,Tracer Injected,Cre-dependent retrograde,MOs,University of Southern California,Hongwei Dong,U19MH114821-01,U19 Ecker,BIL,https://download.brainimagelibrary.org/99/b9/99b9b98b31227d01/Round_4/SW180510-05A/,NA,NA,NA,2.345,1.25,-1.25,1. AAVretro-EF1a-Cre,"iontophoresis (5 min, 7secOn/Off) + helper/rabies: pressure (80 nl/40 nl)"
SW180510-05A,mouse,NCBI:txid10090,,Tracer Injected,Cre-dependent retrograde,MOp-ul,University of Southern California,Hongwei Dong,U19MH114821-01,U19 Ecker,BIL,https://download.brainimagelibrary.org/99/b9/99b9b98b31227d01/Round_4/SW180510-05A/,NA,NA,NA,1.245,1.75,-1.3,2. AAV8-hSyn-FLEX-TVA-P2A-GFP-2A-oG,"iontophoresis (5 min, 7secOn/Off) + helper/rabies: pressure (80 nl/40 nl)"
SW180510-05A,mouse,NCBI:txid10090,,Tracer Injected,Cre-dependent retrograde,MOp-ul,University of Southern California,Hongwei Dong,U19MH114821-01,U19 Ecker,BIL,https://download.brainimagelibrary.org/99/b9/99b9b98b31227d01/Round_4/SW180510-05A/,NA,NA,NA,1.245,1.75,-1.3,3. EnvA G-deleted rabies RVdG-4mCherry,"iontophoresis (5 min, 7secOn/Off) + helper/rabies: pressure (80 nl/40 nl)"
SW190528-02A,mouse,NCBI:txid10093,,Tracer Injected,Cre-dependent retrograde,SC,University of Southern California,Hongwei Dong,U19MH114821-01,U19 Ecker,BIL,https://download.brainimagelibrary.org/8d/8b/8d8bcf81b690b2de/1U19MH114831-01/SW190528-02A/,NA,NA,NA,-3.78,1.5,-2.7,1. AAVretro-EF1a-Cre,"iontophoresis (5 min, 7secOn/Off) + helper/rabies: pressure (80 nl/40 nl)"
SW190528-02A,mouse,NCBI:txid10093,,Tracer Injected,Cre-dependent retrograde,SSp,University of Southern California,Hongwei Dong,U19MH114821-01,U19 Ecker,BIL,https://download.brainimagelibrary.org/8d/8b/8d8bcf81b690b2de/1U19MH114831-01/SW190528-02A/,NA,NA,NA,-0.18,3,-1.5,2. AAV8-hSyn-FLEX-TVA-P2A-GFP-2A-oG,"iontophoresis (5 min, 7secOn/Off) + helper/rabies: pressure (80 nl/40 nl)"
SW190528-02A,mouse,NCBI:txid10093,,Tracer Injected,Cre-dependent retrograde,SSp,University of Southern California,Hongwei Dong,U19MH114821-01,U19 Ecker,BIL,https://download.brainimagelibrary.org/8d/8b/8d8bcf81b690b2de/1U19MH114831-01/SW190528-02A/,NA,NA,NA,-0.18,3,-1.5,3. EnvA G-deleted rabies RVdG-4mCherry,"iontophoresis (5 min, 7secOn/Off) + helper/rabies: pressure (80 nl/40 nl)"
SW190528-04A,mouse,NCBI:txid10092,,Tracer Injected,Cre-dependent retrograde,SPVI,University of Southern California,Hongwei Dong,U19MH114821-01,U19 Ecker,BIL,https://download.brainimagelibrary.org/8d/8b/8d8bcf81b690b2de/1U19MH114831-01/SW190528-04A/,NA,NA,NA,-6.055,1.6,-5.3,1. AAVretro-EF1a-Cre,"iontophoresis (5 min, 7secOn/Off) + helper/rabies: pressure (80 nl/40 nl)"
SW190528-04A,mouse,NCBI:txid10092,,Tracer Injected,Cre-dependent retrograde,SSp-bfd,University of Southern California,Hongwei Dong,U19MH114821-01,U19 Ecker,BIL,https://download.brainimagelibrary.org/8d/8b/8d8bcf81b690b2de/1U19MH114831-01/SW190528-04A/,NA,NA,NA,-0.28,3,-1.5,2. AAV8-hSyn-FLEX-TVA-P2A-GFP-2A-oG,"iontophoresis (5 min, 7secOn/Off) + helper/rabies: pressure (80 nl/40 nl)"
SW190528-04A,mouse,NCBI:txid10092,,Tracer Injected,Cre-dependent retrograde,SSp-bfd,University of Southern California,Hongwei Dong,U19MH114821-01,U19 Ecker,BIL,https://download.brainimagelibrary.org/8d/8b/8d8bcf81b690b2de/1U19MH114831-01/SW190528-04A/,NA,NA,NA,-0.28,3,-1.5,3. EnvA G-deleted rabies RVdG-4mCherry,"iontophoresis (5 min, 7secOn/Off) + helper/rabies: pressure (80 nl/40 nl)"
SW190607-01A,mouse,NCBI:txid10094,,Tracer Injected,Cre-dependent retrograde,CLl,University of Southern California,Hongwei Dong,U19MH114821-01,U19 Ecker,BIL,https://download.brainimagelibrary.org/8d/8b/8d8bcf81b690b2de/1U19MH114831-01/SW190607-01A/,NA,NA,NA,-3.88,0.25,-4.6,1. AAVretro-EF1a-Cre,"iontophoresis (5 min, 7secOn/Off) + helper/rabies: pressure (80 nl/40 nl)"
SW190607-01A,mouse,NCBI:txid10094,,Tracer Injected,Cre-dependent retrograde,SSp,University of Southern California,Hongwei Dong,U19MH114821-01,U19 Ecker,BIL,https://download.brainimagelibrary.org/8d/8b/8d8bcf81b690b2de/1U19MH114831-01/SW190607-01A/,NA,NA,NA,-0.08,3,-1.3,2. AAV8-hSyn-FLEX-TVA-P2A-GFP-2A-oG,"iontophoresis (5 min, 7secOn/Off) + helper/rabies: pressure (80 nl/40 nl)"
SW190607-01A,mouse,NCBI:txid10094,,Tracer Injected,Cre-dependent retrograde,SSp,University of Southern California,Hongwei Dong,U19MH114821-01,U19 Ecker,BIL,https://download.brainimagelibrary.org/8d/8b/8d8bcf81b690b2de/1U19MH114831-01/SW190607-01A/,NA,NA,NA,-0.08,3,-1.5,3. EnvA G-deleted rabies RVdG-4mCherry,"iontophoresis (5 min, 7secOn/Off) + helper/rabies: pressure (80 nl/40 nl)"
SW190606-07A,mouse,NCBI:txid10091,,Tracer Injected,Cre-dependent retrograde,MOp,University of Southern California,Hongwei Dong,U19MH114821-01,U19 Ecker,BIL,https://download.brainimagelibrary.org/8d/8b/8d8bcf81b690b2de/1U19MH114831-01/SW190606-07A/,NA,NA,NA,1.145,1.75,-1.4,1. AAVretro-EF1a-Cre,"iontophoresis (5 min, 7secOn/Off) + helper/rabies: pressure (80 nl/40 nl)"
SW190606-07A,mouse,NCBI:txid10091,,Tracer Injected,Cre-dependent retrograde,SSp,University of Southern California,Hongwei Dong,U19MH114821-01,U19 Ecker,BIL,https://download.brainimagelibrary.org/8d/8b/8d8bcf81b690b2de/1U19MH114831-01/SW190606-07A/,NA,NA,NA,-0.08,3,-1.5,2. AAV8-hSyn-FLEX-TVA-P2A-GFP-2A-oG,"iontophoresis (5 min, 7secOn/Off) + helper/rabies: pressure (80 nl/40 nl)"
SW190606-07A,mouse,NCBI:txid10091,,Tracer Injected,Cre-dependent retrograde,SSp,University of Southern California,Hongwei Dong,U19MH114821-01,U19 Ecker,BIL,https://download.brainimagelibrary.org/8d/8b/8d8bcf81b690b2de/1U19MH114831-01/SW190606-07A/,NA,NA,NA,-0.08,3,-1.5,3. EnvA G-deleted rabies RVdG-4mCherry,"iontophoresis (5 min, 7secOn/Off) + helper/rabies: pressure (80 nl/40 nl)"
SW190905-10A,mouse,NCBI:txid10090,C57Bl6,Tracer Injected,Cre-dependent retrograde,RSPd,University of Southern California,Hongwei Dong,U19MH114821-01,U19 Ecker,BIL,https://download.brainimagelibrary.org/9d/6d/9d6d3526d842d47f/1U19MH114831-01/SW190905-10A,NA,NA,NA,-3.38,0.8,-0.5,1. AAVretro-EF1a-Cre,"iontophoresis (5 min, 7secOn/Off) + helper/rabies: pressure (80 nl/40 nl)"
SW190905-10A,mouse,NCBI:txid10090,C57Bl6,Tracer Injected,Cre-dependent retrograde,VISp,University of Southern California,Hongwei Dong,U19MH114821-01,U19 Ecker,BIL,https://download.brainimagelibrary.org/9d/6d/9d6d3526d842d47f/1U19MH114831-01/SW190905-10A,NA,NA,NA,-3.38,2.8,-0.75,2. AAV8-hSyn-FLEX-TVA-P2A-GFP-2A-oG,"iontophoresis (5 min, 7secOn/Off) + helper/rabies: pressure (80 nl/40 nl)"
SW190905-10A,mouse,NCBI:txid10090,C57Bl6,Tracer Injected,Cre-dependent retrograde,VISp,University of Southern California,Hongwei Dong,U19MH114821-01,U19 Ecker,BIL,https://download.brainimagelibrary.org/9d/6d/9d6d3526d842d47f/1U19MH114831-01/SW190905-10A,NA,NA,NA,-3.38,2.8,-0.75,3. EnvA G-deleted rabies RVdG-4mCherry,"iontophoresis (5 min, 7secOn/Off) + helper/rabies: pressure (80 nl/40 nl)"
SW190906-09A,mouse,NCBI:txid10090,C57Bl6,Tracer Injected,Cre-dependent retrograde,STR,University of Southern California,Hongwei Dong,U19MH114821-01,U19 Ecker,BIL,https://download.brainimagelibrary.org/9d/6d/9d6d3526d842d47f/1U19MH114831-01/SW190906-09A,NA,NA,NA,0.145,1.25,-2.45,1. AAVretro-EF1a-Cre,"iontophoresis (5 min, 7secOn/Off) + helper/rabies: pressure (80 nl/40 nl)"
SW190906-09A,mouse,NCBI:txid10090,C57Bl6,Tracer Injected,Cre-dependent retrograde,VISp,University of Southern California,Hongwei Dong,U19MH114821-01,U19 Ecker,BIL,https://download.brainimagelibrary.org/9d/6d/9d6d3526d842d47f/1U19MH114831-01/SW190906-09A,NA,NA,NA,-3.38,2.8,-0.55,2. AAV8-hSyn-FLEX-TVA-P2A-GFP-2A-oG,"iontophoresis (5 min, 7secOn/Off) + helper/rabies: pressure (80 nl/40 nl)"
SW190906-09A,mouse,NCBI:txid10090,C57Bl6,Tracer Injected,Cre-dependent retrograde,VISp,University of Southern California,Hongwei Dong,U19MH114821-01,U19 Ecker,BIL,https://download.brainimagelibrary.org/9d/6d/9d6d3526d842d47f/1U19MH114831-01/SW190906-09A,NA,NA,NA,-3.38,2.8,-0.55,3. EnvA G-deleted rabies RVdG-4mCherry,"iontophoresis (5 min, 7secOn/Off) + helper/rabies: pressure (80 nl/40 nl)"
SW190906-10A,mouse,NCBI:txid10090,C57Bl6,Tracer Injected,Cre-dependent retrograde,LP/LGd,University of Southern California,Hongwei Dong,U19MH114821-01,U19 Ecker,BIL,https://download.brainimagelibrary.org/9d/6d/9d6d3526d842d47f/1U19MH114831-01/SW190906-10A,NA,NA,NA,-2.555,2.25,-3,1. AAVretro-EF1a-Cre,"iontophoresis (5 min, 7secOn/Off) + helper/rabies: pressure (80 nl/40 nl)"
SW190906-10A,mouse,NCBI:txid10090,C57Bl6,Tracer Injected,Cre-dependent retrograde,VISp,University of Southern California,Hongwei Dong,U19MH114821-01,U19 Ecker,BIL,https://download.brainimagelibrary.org/9d/6d/9d6d3526d842d47f/1U19MH114831-01/SW190906-10A,NA,NA,NA,-3.18,2.8,-0.75,2. AAV8-hSyn-FLEX-TVA-P2A-GFP-2A-oG,"iontophoresis (5 min, 7secOn/Off) + helper/rabies: pressure (80 nl/40 nl)"
SW190906-10A,mouse,NCBI:txid10090,C57Bl6,Tracer Injected,Cre-dependent retrograde,VISp,University of Southern California,Hongwei Dong,U19MH114821-01,U19 Ecker,BIL,https://download.brainimagelibrary.org/9d/6d/9d6d3526d842d47f/1U19MH114831-01/SW190906-10A,NA,NA,NA,-3.18,2.8,-0.7,3. EnvA G-deleted rabies RVdG-4mCherry,"iontophoresis (5 min, 7secOn/Off) + helper/rabies: pressure (80 nl/40 nl)"
SW190909-01A,mouse,NCBI:txid10090,C57Bl6,Tracer Injected,Cre-dependent retrograde,SSp,University of Southern California,Hongwei Dong,U19MH114821-01,U19 Ecker,BIL,https://download.brainimagelibrary.org/9d/6d/9d6d3526d842d47f/1U19MH114831-01/SW190909-01A,NA,NA,NA,-1.955,3.5,-1.25,1. AAVretro-EF1a-Cre,"iontophoresis (5 min, 7secOn/Off) + helper/rabies: pressure (80 nl/40 nl)"
SW190909-01A,mouse,NCBI:txid10090,C57Bl6,Tracer Injected,Cre-dependent retrograde,VISp,University of Southern California,Hongwei Dong,U19MH114821-01,U19 Ecker,BIL,https://download.brainimagelibrary.org/9d/6d/9d6d3526d842d47f/1U19MH114831-01/SW190909-01A,NA,NA,NA,-3.38,2.8,-0.75,2. AAV8-hSyn-FLEX-TVA-P2A-GFP-2A-oG,"iontophoresis (5 min, 7secOn/Off) + helper/rabies: pressure (80 nl/40 nl)"
SW190909-01A,mouse,NCBI:txid10090,C57Bl6,Tracer Injected,Cre-dependent retrograde,VISp,University of Southern California,Hongwei Dong,U19MH114821-01,U19 Ecker,BIL,https://download.brainimagelibrary.org/9d/6d/9d6d3526d842d47f/1U19MH114831-01/SW190909-01A,NA,NA,NA,-3.38,2.8,-0.75,3. EnvA G-deleted rabies RVdG-4mCherry,"iontophoresis (5 min, 7secOn/Off) + helper/rabies: pressure (80 nl/40 nl)"
SW171120-01A,mouse,NCBI:txid10090,C57BL/6J,Tracer Injected,Cre-dependent retrograde,PCN,University of Southern California,Hongwei Dong,U19MH114821-01,U19 Ecker,BIL,https://download.brainimagelibrary.org/8d/ad/8dade6699fc4d327/SW171120-01A/,NA,NA,NA,-1.855,0.75,-3.85,1. AAVretro-EF1a-Cre,"iontophoresis (5 min, 7secOn/Off) + helper/rabies: pressure (80 nl/40 nl)"
SW171120-01A,mouse,NCBI:txid10090,C57BL/6J,Tracer Injected,Cre-dependent retrograde,MOp-ul,University of Southern California,Hongwei Dong,U19MH114821-01,U19 Ecker,BIL,https://download.brainimagelibrary.org/8d/ad/8dade6699fc4d327/SW171120-01A/,NA,NA,NA,1.245,1.75,-1.2,2. AAV8-hSyn-FLEX-TVA-P2A-GFP-2A-oG,"iontophoresis (5 min, 7secOn/Off) + helper/rabies: pressure (80 nl/40 nl)"
SW171120-01A,mouse,NCBI:txid10090,C57BL/6J,Tracer Injected,Cre-dependent retrograde,MOp-ul,University of Southern California,Hongwei Dong,U19MH114821-01,U19 Ecker,BIL,https://download.brainimagelibrary.org/8d/ad/8dade6699fc4d327/SW171120-01A/,NA,NA,NA,1.245,1.75,-1.2,3. EnvA G-deleted rabies dsRedXpress,"iontophoresis (5 min, 7secOn/Off) + helper/rabies: pressure (80 nl/40 nl)"
SW171120-02A,mouse,NCBI:txid10090,C57BL/6J,Tracer Injected,Cre-dependent retrograde,VAL,University of Southern California,Hongwei Dong,U19MH114821-01,U19 Ecker,BIL,https://download.brainimagelibrary.org/8d/ad/8dade6699fc4d327/SW171120-02A/,NA,NA,NA,-1.255,1,-3.7,1. AAVretro-EF1a-Cre,"iontophoresis (5 min, 7secOn/Off) + helper/rabies: pressure (80 nl/40 nl)"
SW171120-02A,mouse,NCBI:txid10090,C57BL/6J,Tracer Injected,Cre-dependent retrograde,MOp-ul,University of Southern California,Hongwei Dong,U19MH114821-01,U19 Ecker,BIL,https://download.brainimagelibrary.org/8d/ad/8dade6699fc4d327/SW171120-02A/,NA,NA,NA,0.945,1.75,-0.9,2. AAV8-hSyn-FLEX-TVA-P2A-GFP-2A-oG,"iontophoresis (5 min, 7secOn/Off) + helper/rabies: pressure (80 nl/40 nl)"
SW171120-02A,mouse,NCBI:txid10090,C57BL/6J,Tracer Injected,Cre-dependent retrograde,MOp-ul,University of Southern California,Hongwei Dong,U19MH114821-01,U19 Ecker,BIL,https://download.brainimagelibrary.org/8d/ad/8dade6699fc4d327/SW171120-02A/,NA,NA,NA,0.945,1.75,-0.8,3. EnvA G-deleted rabies dsRedXpress,"iontophoresis (5 min, 7secOn/Off) + helper/rabies: pressure (80 nl/40 nl)"
SW171120-04A,mouse,NCBI:txid10090,C57BL/6J,Tracer Injected,Cre-dependent retrograde,CP,University of Southern California,Hongwei Dong,U19MH114821-01,U19 Ecker,BIL,https://download.brainimagelibrary.org/8d/ad/8dade6699fc4d327/SW171120-04A/,NA,NA,NA,0.02,3,-3.6,1. AAVretro-EF1a-Cre,"iontophoresis (5 min, 7secOn/Off) + helper/rabies: pressure (80 nl/40 nl)"
SW171120-04A,mouse,NCBI:txid10090,C57BL/6J,Tracer Injected,Cre-dependent retrograde,MOp-ul,University of Southern California,Hongwei Dong,U19MH114821-01,U19 Ecker,BIL,https://download.brainimagelibrary.org/8d/ad/8dade6699fc4d327/SW171120-04A/,NA,NA,NA,1.145,1.75,-1.3,2. AAV8-hSyn-FLEX-TVA-P2A-GFP-2A-oG,"iontophoresis (5 min, 7secOn/Off) + helper/rabies: pressure (80 nl/40 nl)"
SW171120-04A,mouse,NCBI:txid10090,C57BL/6J,Tracer Injected,Cre-dependent retrograde,MOp-ul,University of Southern California,Hongwei Dong,U19MH114821-01,U19 Ecker,BIL,https://download.brainimagelibrary.org/8d/ad/8dade6699fc4d327/SW171120-04A/,NA,NA,NA,1.145,1.75,-1.3,3. EnvA G-deleted rabies dsRedXpress,"iontophoresis (5 min, 7secOn/Off) + helper/rabies: pressure (80 nl/40 nl)"
SW171120-05A,mouse,NCBI:txid10090,C57BL/6J,Tracer Injected,Cre-dependent retrograde,CP+CTX,University of Southern California,Hongwei Dong,U19MH114821-01,U19 Ecker,BIL,https://download.brainimagelibrary.org/8d/ad/8dade6699fc4d327/SW171120-05A/,NA,NA,NA,-0.555,3.3,-3.3,1. AAVretro-EF1a-Cre,"iontophoresis (5 min, 7secOn/Off) + helper/rabies: pressure (80 nl/40 nl)"
SW171120-05A,mouse,NCBI:txid10090,C57BL/6J,Tracer Injected,Cre-dependent retrograde,failed,University of Southern California,Hongwei Dong,U19MH114821-01,U19 Ecker,BIL,https://download.brainimagelibrary.org/8d/ad/8dade6699fc4d327/SW171120-05A/,NA,NA,NA,NA,NA,,2. AAV8-hSyn-FLEX-TVA-P2A-GFP-2A-oG,"iontophoresis (5 min, 7secOn/Off) + helper/rabies: pressure (80 nl/40 nl)"
SW171120-05A,mouse,NCBI:txid10090,C57BL/6J,Tracer Injected,Cre-dependent retrograde,MOp-ul,University of Southern California,Hongwei Dong,U19MH114821-01,U19 Ecker,BIL,https://download.brainimagelibrary.org/8d/ad/8dade6699fc4d327/SW171120-05A/,NA,NA,NA,1.245,1.75,-1.3,3. EnvA G-deleted rabies dsRedXpress,"iontophoresis (5 min, 7secOn/Off) + helper/rabies: pressure (80 nl/40 nl)"
SW171219-01A,mouse,NCBI:txid10090,C57BL/6J,Tracer Injected,Cre-dependent retrograde,SSp-ul,University of Southern California,Hongwei Dong,U19MH114821-01,U19 Ecker,BIL,https://download.brainimagelibrary.org/8d/ad/8dade6699fc4d327/SW171219-01A/,NA,NA,NA,-0.28,2.5,-1,1. AAVretro-EF1a-Cre,"iontophoresis (5 min, 7secOn/Off) + helper/rabies: pressure (80 nl/40 nl)"
SW171219-01A,mouse,NCBI:txid10090,C57BL/6J,Tracer Injected,Cre-dependent retrograde,MOp-ul,University of Southern California,Hongwei Dong,U19MH114821-01,U19 Ecker,BIL,https://download.brainimagelibrary.org/8d/ad/8dade6699fc4d327/SW171219-01A/,NA,NA,NA,1.045,1.75,-1,2. AAV8-hSyn-FLEX-TVA-P2A-GFP-2A-oG,"iontophoresis (5 min, 7secOn/Off) + helper/rabies: pressure (80 nl/40 nl)"
SW171219-01A,mouse,NCBI:txid10090,C57BL/6J,Tracer Injected,Cre-dependent retrograde,MOp-ul,University of Southern California,Hongwei Dong,U19MH114821-01,U19 Ecker,BIL,https://download.brainimagelibrary.org/8d/ad/8dade6699fc4d327/SW171219-01A/,NA,NA,NA,1.045,1.75,-1,3. EnvA G-deleted rabies dsRedXpress,"iontophoresis (5 min, 7secOn/Off) + helper/rabies: pressure (80 nl/40 nl)"
SW180606-03A,mouse,NCBI:txid10090,NA,Tracer Injected,Cre-dependent retrograde,SSp,University of Southern California,Hongwei Dong,U19MH114821-01,U19 Ecker,BIL,https://download.brainimagelibrary.org/4d/d6/4dd6853bc4b5bc6f/2018Q4_U19Salk/SW180606-03A/,NA,NA,NA,-0.48,3,-0.9,1. AAVretro-EF1a-Cre,"iontophoresis (5 min, 7secOn/Off) + helper/rabies: pressure (80 nl/40 nl)"
SW180606-03A,mouse,NCBI:txid10090,NA,Tracer Injected,Cre-dependent retrograde,MOp,University of Southern California,Hongwei Dong,U19MH114821-01,U19 Ecker,BIL,https://download.brainimagelibrary.org/4d/d6/4dd6853bc4b5bc6f/2018Q4_U19Salk/SW180606-03A/,NA,NA,NA,1.245,1.75,-1.3,2. AAV8-hSyn-FLEX-TVA-P2A-GFP-2A-oG,"iontophoresis (5 min, 7secOn/Off) + helper/rabies: pressure (80 nl/40 nl)"
SW180606-03A,mouse,NCBI:txid10090,NA,Tracer Injected,Cre-dependent retrograde,MOp,University of Southern California,Hongwei Dong,U19MH114821-01,U19 Ecker,BIL,https://download.brainimagelibrary.org/4d/d6/4dd6853bc4b5bc6f/2018Q4_U19Salk/SW180606-03A/,NA,NA,NA,1.245,1.75,-1.3,3. EnvA G-deleted rabies RVdG-4mCherry,"iontophoresis (5 min, 7secOn/Off) + helper/rabies: pressure (80 nl/40 nl)"
SW180606-01A,mouse,NCBI:txid10090,NA,Tracer Injected,Cre-dependent retrograde,CP,University of Southern California,Hongwei Dong,U19MH114821-01,U19 Ecker,BIL,https://download.brainimagelibrary.org/4d/d6/4dd6853bc4b5bc6f/2018Q4_U19Salk/SW180606-01A/,NA,NA,NA,-0.655,3.4,-3.5,1. AAVretro-EF1a-Cre,"iontophoresis (5 min, 7secOn/Off) + helper/rabies: pressure (80 nl/40 nl)"
SW180606-01A,mouse,NCBI:txid10090,NA,Tracer Injected,Cre-dependent retrograde,MOp-ul,University of Southern California,Hongwei Dong,U19MH114821-01,U19 Ecker,BIL,https://download.brainimagelibrary.org/4d/d6/4dd6853bc4b5bc6f/2018Q4_U19Salk/SW180606-01A/,NA,NA,NA,1.245,1.75,-1.3,2. AAV8-hSyn-FLEX-TVA-P2A-GFP-2A-oG,"iontophoresis (5 min, 7secOn/Off) + helper/rabies: pressure (80 nl/40 nl)"
SW180606-01A,mouse,NCBI:txid10090,NA,Tracer Injected,Cre-dependent retrograde,MOp-ul,University of Southern California,Hongwei Dong,U19MH114821-01,U19 Ecker,BIL,https://download.brainimagelibrary.org/4d/d6/4dd6853bc4b5bc6f/2018Q4_U19Salk/SW180606-01A/,NA,NA,NA,1.245,1.75,-1.3,3. EnvA G-deleted rabies RVdG-4mCherry,"iontophoresis (5 min, 7secOn/Off) + helper/rabies: pressure (80 nl/40 nl)"
SW180606-04A,mouse,NCBI:txid10090,NA,Tracer Injected,Cre-dependent retrograde,SSs,University of Southern California,Hongwei Dong,U19MH114821-01,U19 Ecker,BIL,https://download.brainimagelibrary.org/4d/d6/4dd6853bc4b5bc6f/2018Q4_U19Salk/SW180606-04A/,NA,NA,NA,-1.055,4.3,-2.9,1. AAVretro-EF1a-Cre,"iontophoresis (5 min, 7secOn/Off) + helper/rabies: pressure (80 nl/40 nl)"
SW180606-04A,mouse,NCBI:txid10090,NA,Tracer Injected,Cre-dependent retrograde,MOp,University of Southern California,Hongwei Dong,U19MH114821-01,U19 Ecker,BIL,https://download.brainimagelibrary.org/4d/d6/4dd6853bc4b5bc6f/2018Q4_U19Salk/SW180606-04A/,NA,NA,NA,1.42,1.75,-1.1,2. AAV8-hSyn-FLEX-TVA-P2A-GFP-2A-oG,"iontophoresis (5 min, 7secOn/Off) + helper/rabies: pressure (80 nl/40 nl)"
SW180606-04A,mouse,NCBI:txid10090,NA,Tracer Injected,Cre-dependent retrograde,MOp,University of Southern California,Hongwei Dong,U19MH114821-01,U19 Ecker,BIL,https://download.brainimagelibrary.org/4d/d6/4dd6853bc4b5bc6f/2018Q4_U19Salk/SW180606-04A/,NA,NA,NA,1.42,1.75,-1.1,3. EnvA G-deleted rabies RVdG-4mCherry,"iontophoresis (5 min, 7secOn/Off) + helper/rabies: pressure (80 nl/40 nl)"
SW180606-02A,mouse,NCBI:txid10090,NA,Tracer Injected,Cre-dependent retrograde,SSp,University of Southern California,Hongwei Dong,U19MH114821-01,U19 Ecker,BIL,https://download.brainimagelibrary.org/4d/d6/4dd6853bc4b5bc6f/2018Q4_U19Salk/SW180606-02A/,NA,NA,NA,0.02,2.5,-0.6,1. AAVretro-EF1a-Cre,"iontophoresis (5 min, 7secOn/Off) + helper/rabies: pressure (80 nl/40 nl)"
SW180606-02A,mouse,NCBI:txid10090,NA,Tracer Injected,Cre-dependent retrograde,MOp-ul,University of Southern California,Hongwei Dong,U19MH114821-01,U19 Ecker,BIL,https://download.brainimagelibrary.org/4d/d6/4dd6853bc4b5bc6f/2018Q4_U19Salk/SW180606-02A/,NA,NA,NA,1.245,1.75,-1.3,2. AAV8-hSyn-FLEX-TVA-P2A-GFP-2A-oG,"iontophoresis (5 min, 7secOn/Off) + helper/rabies: pressure (80 nl/40 nl)"
SW180606-02A,mouse,NCBI:txid10090,NA,Tracer Injected,Cre-dependent retrograde,MOp-ul,University of Southern California,Hongwei Dong,U19MH114821-01,U19 Ecker,BIL,https://download.brainimagelibrary.org/4d/d6/4dd6853bc4b5bc6f/2018Q4_U19Salk/SW180606-02A/,NA,NA,NA,1.245,1.75,-1.3,3. EnvA G-deleted rabies RVdG-4mCherry,"iontophoresis (5 min, 7secOn/Off) + helper/rabies: pressure (80 nl/40 nl)"
SW181217-01A,mouse,NCBI:txid10090,C57Bl6,Tracer Injected,Cre-dependent retrograde,SSp-ul,University of Southern California,Hongwei Dong,U19MH114821-01,U19 Ecker,BIL,https://download.brainimagelibrary.org/49/95/49954aac37f69aef/1U19MH114831-01/SW181217-01A/,NA,NA,NA,-0.08,2.5,-1.3,1. AAVretro-EF1a-Cre,"iontophoresis (5 min, 7secOn/Off) + helper/rabies: pressure (80 nl/40 nl)"
SW181217-01A,mouse,NCBI:txid10090,C57Bl6,Tracer Injected,Cre-dependent retrograde,MOp-ul,University of Southern California,Hongwei Dong,U19MH114821-01,U19 Ecker,BIL,https://download.brainimagelibrary.org/49/95/49954aac37f69aef/1U19MH114831-01/SW181217-01A/,NA,NA,NA,1.245,1.75,-1.5,2. AAV8-hSyn-FLEX-TVA-P2A-GFP-2A-oG,"iontophoresis (5 min, 7secOn/Off) + helper/rabies: pressure (80 nl/40 nl)"
SW181217-01A,mouse,NCBI:txid10090,C57Bl6,Tracer Injected,Cre-dependent retrograde,MOp-ul,University of Southern California,Hongwei Dong,U19MH114821-01,U19 Ecker,BIL,https://download.brainimagelibrary.org/49/95/49954aac37f69aef/1U19MH114831-01/SW181217-01A/,NA,NA,NA,1.245,1.75,-1.5,3. EnvA G-deleted rabies RVdG-4mCherry,"iontophoresis (5 min, 7secOn/Off) + helper/rabies: pressure (80 nl/40 nl)"
SW181219-04A,mouse,NCBI:txid10090,C57Bl6,Tracer Injected,Cre-dependent retrograde,CP,University of Southern California,Hongwei Dong,U19MH114821-01,U19 Ecker,BIL,https://download.brainimagelibrary.org/49/95/49954aac37f69aef/1U19MH114831-01/SW181219-04A/,NA,NA,NA,-0.18,3,-3.6,1. AAVretro-EF1a-Cre,"iontophoresis (5 min, 7secOn/Off) + helper/rabies: pressure (80 nl/40 nl)"
SW181219-04A,mouse,NCBI:txid10090,C57Bl6,Tracer Injected,Cre-dependent retrograde,MOp-ul,University of Southern California,Hongwei Dong,U19MH114821-01,U19 Ecker,BIL,https://download.brainimagelibrary.org/49/95/49954aac37f69aef/1U19MH114831-01/SW181219-04A/,NA,NA,NA,1.245,1.75,-1.3,2. AAV8-hSyn-FLEX-TVA-P2A-GFP-2A-oG,"iontophoresis (5 min, 7secOn/Off) + helper/rabies: pressure (80 nl/40 nl)"
SW181219-04A,mouse,NCBI:txid10090,C57Bl6,Tracer Injected,Cre-dependent retrograde,MOp-ul,University of Southern California,Hongwei Dong,U19MH114821-01,U19 Ecker,BIL,https://download.brainimagelibrary.org/49/95/49954aac37f69aef/1U19MH114831-01/SW181219-04A/,NA,NA,NA,1.245,1.75,-1.3,3. EnvA G-deleted rabies RVdG-4mCherry,"iontophoresis (5 min, 7secOn/Off) + helper/rabies: pressure (80 nl/40 nl)"
SW181217-02A,mouse,NCBI:txid10090,C57Bl6,Tracer Injected,Cre-dependent retrograde,SSp-bfd,University of Southern California,Hongwei Dong,U19MH114821-01,U19 Ecker,BIL,https://download.brainimagelibrary.org/49/95/49954aac37f69aef/1U19MH114831-01/SW181217-02A/,NA,NA,NA,-0.755,3.75,-1.5,1. AAVretro-EF1a-Cre,"iontophoresis (5 min, 7secOn/Off) + helper/rabies: pressure (80 nl/40 nl)"
SW181217-02A,mouse,NCBI:txid10090,C57Bl6,Tracer Injected,Cre-dependent retrograde,MOp-ul,University of Southern California,Hongwei Dong,U19MH114821-01,U19 Ecker,BIL,https://download.brainimagelibrary.org/49/95/49954aac37f69aef/1U19MH114831-01/SW181217-02A/,NA,NA,NA,1.545,1.75,-1.1,2. AAV8-hSyn-FLEX-TVA-P2A-GFP-2A-oG,"iontophoresis (5 min, 7secOn/Off) + helper/rabies: pressure (80 nl/40 nl)"
SW181217-02A,mouse,NCBI:txid10090,C57Bl6,Tracer Injected,Cre-dependent retrograde,MOp-ul,University of Southern California,Hongwei Dong,U19MH114821-01,U19 Ecker,BIL,https://download.brainimagelibrary.org/49/95/49954aac37f69aef/1U19MH114831-01/SW181217-02A/,NA,NA,NA,1.545,1.75,-1.1,3. EnvA G-deleted rabies RVdG-4mCherry,"iontophoresis (5 min, 7secOn/Off) + helper/rabies: pressure (80 nl/40 nl)"
SW181219-01A,mouse,NCBI:txid10090,C57Bl6,Tracer Injected,Cre-dependent retrograde,PCN,University of Southern California,Hongwei Dong,U19MH114821-01,U19 Ecker,BIL,https://download.brainimagelibrary.org/49/95/49954aac37f69aef/1U19MH114831-01/SW181219-01A/,NA,NA,NA,-1.955,0.75,-3.9,1. AAVretro-EF1a-Cre,"iontophoresis (5 min, 7secOn/Off) + helper/rabies: pressure (80 nl/40 nl)"
SW181219-01A,mouse,NCBI:txid10090,C57Bl6,Tracer Injected,Cre-dependent retrograde,MOp-ul,University of Southern California,Hongwei Dong,U19MH114821-01,U19 Ecker,BIL,https://download.brainimagelibrary.org/49/95/49954aac37f69aef/1U19MH114831-01/SW181219-01A/,NA,NA,NA,1.245,1.75,-1.2,2. AAV8-hSyn-FLEX-TVA-P2A-GFP-2A-oG,"iontophoresis (5 min, 7secOn/Off) + helper/rabies: pressure (80 nl/40 nl)"
SW181219-01A,mouse,NCBI:txid10090,C57Bl6,Tracer Injected,Cre-dependent retrograde,MOp-ul,University of Southern California,Hongwei Dong,U19MH114821-01,U19 Ecker,BIL,https://download.brainimagelibrary.org/49/95/49954aac37f69aef/1U19MH114831-01/SW181219-01A/,NA,NA,NA,1.245,1.75,-1.2,3. EnvA G-deleted rabies RVdG-4mCherry,"iontophoresis (5 min, 7secOn/Off) + helper/rabies: pressure (80 nl/40 nl)"
SW210517-01,mouse,NCBI:txid10090,C57Bl6,Tracer Injected,Cre-dependent retrograde,CA1,"University of California, Los Angeles",Hongwei Dong,U19MH114821-01,U19 Ecker,BIL,https://download.brainimagelibrary.org/61/90/6190bf65dac65960/1U19MH114831-01/SW210517-01A,NA,NA,NA,-3.68,4,-3.1,1. AAVretro-EF1a-Cre,"iontophoresis (5 min, 7secOn/Off) + helper/rabies: pressure (80 nl/40 nl)"
SW210517-01,mouse,NCBI:txid10090,C57Bl6,Tracer Injected,Cre-dependent retrograde,CA1v,"University of California, Los Angeles",Hongwei Dong,U19MH114821-01,U19 Ecker,BIL,https://download.brainimagelibrary.org/61/90/6190bf65dac65960/1U19MH114831-01/SW210517-01A,NA,NA,NA,-3.18,4,-4.5,2. AAV8-hSyn-FLEX-TVA-P2A-GFP-2A-oG,"iontophoresis (5 min, 7secOn/Off) + helper/rabies: pressure (80 nl/40 nl)"
SW210517-01,mouse,NCBI:txid10090,C57Bl6,Tracer Injected,Cre-dependent retrograde,CA1v,"University of California, Los Angeles",Hongwei Dong,U19MH114821-01,U19 Ecker,BIL,https://download.brainimagelibrary.org/61/90/6190bf65dac65960/1U19MH114831-01/SW210517-01A,NA,NA,NA,-3.18,4,-4.5,3. EnvA G-deleted rabies RVdG-4mCherry,"iontophoresis (5 min, 7secOn/Off) + helper/rabies: pressure (80 nl/40 nl)"
SW190910-10,mouse,NCBI:txid10090,C57Bl6,Tracer Injected,Cre-dependent retrograde,PTLp,"University of California, Los Angeles",Hongwei Dong,U19MH114821-01,U19 Ecker,BIL,https://download.brainimagelibrary.org/61/90/6190bf65dac65960/1U19MH114831-01/SW190910-10A,NA,NA,NA,-2.555,2.4,-2.25,1. AAVretro-EF1a-Cre,"iontophoresis (5 min, 7secOn/Off) + helper/rabies: pressure (80 nl/40 nl)"
SW190910-10,mouse,NCBI:txid10090,C57Bl6,Tracer Injected,Cre-dependent retrograde,VISp,"University of California, Los Angeles",Hongwei Dong,U19MH114821-01,U19 Ecker,BIL,https://download.brainimagelibrary.org/61/90/6190bf65dac65960/1U19MH114831-01/SW190910-10A,NA,NA,NA,-2.88,2.8,-0.4,2. AAV8-hSyn-FLEX-TVA-P2A-GFP-2A-oG,"iontophoresis (5 min, 7secOn/Off) + helper/rabies: pressure (80 nl/40 nl)"
SW190910-10,mouse,NCBI:txid10090,C57Bl6,Tracer Injected,Cre-dependent retrograde,VISp,"University of California, Los Angeles",Hongwei Dong,U19MH114821-01,U19 Ecker,BIL,https://download.brainimagelibrary.org/61/90/6190bf65dac65960/1U19MH114831-01/SW190910-10A,NA,NA,NA,-2.88,2.8,-0.5,3. EnvA G-deleted rabies RVdG-4mCherry,"iontophoresis (5 min, 7secOn/Off) + helper/rabies: pressure (80 nl/40 nl)"
SW190909-04,mouse,NCBI:txid10090,C57Bl6,Tracer Injected,Cre-dependent retrograde,RSPd,"University of California, Los Angeles",Hongwei Dong,U19MH114821-01,U19 Ecker,BIL,https://download.brainimagelibrary.org/61/90/6190bf65dac65960/1U19MH114831-01/SW190909-04A,NA,NA,NA,-3.455,0.8,-0.25,1. AAVretro-EF1a-Cre,"iontophoresis (5 min, 7secOn/Off) + helper/rabies: pressure (80 nl/40 nl)"
SW190909-04,mouse,NCBI:txid10090,C57Bl6,Tracer Injected,Cre-dependent retrograde,VISp,"University of California, Los Angeles",Hongwei Dong,U19MH114821-01,U19 Ecker,BIL,https://download.brainimagelibrary.org/61/90/6190bf65dac65960/1U19MH114831-01/SW190909-04A,NA,NA,NA,-3.28,2.8,-0.75,2. AAV8-hSyn-FLEX-TVA-P2A-GFP-2A-oG,"iontophoresis (5 min, 7secOn/Off) + helper/rabies: pressure (80 nl/40 nl)"
SW190909-04,mouse,NCBI:txid10090,C57Bl6,Tracer Injected,Cre-dependent retrograde,VISp,"University of California, Los Angeles",Hongwei Dong,U19MH114821-01,U19 Ecker,BIL,https://download.brainimagelibrary.org/61/90/6190bf65dac65960/1U19MH114831-01/SW190909-04A,NA,NA,NA,-3.28,2.8,-0.75,3. EnvA G-deleted rabies RVdG-4mCherry,"iontophoresis (5 min, 7secOn/Off) + helper/rabies: pressure (80 nl/40 nl)"
SW210517-04,mouse,NCBI:txid10090,C57Bl6,Tracer Injected,Cre-dependent retrograde,SUBv,"University of California, Los Angeles",Hongwei Dong,U19MH114821-01,U19 Ecker,BIL,https://download.brainimagelibrary.org/61/90/6190bf65dac65960/1U19MH114831-01/SW210517-04A,NA,NA,NA,-3.18,3.1,-5.3,1. AAVretro-EF1a-Cre,"iontophoresis (5 min, 7secOn/Off) + helper/rabies: pressure (80 nl/40 nl)"
SW210517-04,mouse,NCBI:txid10090,C57Bl6,Tracer Injected,Cre-dependent retrograde,CA1v,"University of California, Los Angeles",Hongwei Dong,U19MH114821-01,U19 Ecker,BIL,https://download.brainimagelibrary.org/61/90/6190bf65dac65960/1U19MH114831-01/SW210517-04A,NA,NA,NA,-3.18,3.6,-4.2,2. AAV8-hSyn-FLEX-TVA-P2A-GFP-2A-oG,"iontophoresis (5 min, 7secOn/Off) + helper/rabies: pressure (80 nl/40 nl)"
SW210517-04,mouse,NCBI:txid10090,C57Bl6,Tracer Injected,Cre-dependent retrograde,CA1v,"University of California, Los Angeles",Hongwei Dong,U19MH114821-01,U19 Ecker,BIL,https://download.brainimagelibrary.org/61/90/6190bf65dac65960/1U19MH114831-01/SW210517-04A,NA,NA,NA,-3.18,3.6,-4.2,3. EnvA G-deleted rabies RVdG-4mCherry,"iontophoresis (5 min, 7secOn/Off) + helper/rabies: pressure (80 nl/40 nl)"
SW210311-03,mouse,NCBI:txid10090,C57Bl6,Tracer Injected,Cre-dependent retrograde,LHA,"University of California, Los Angeles",Hongwei Dong,U19MH114821-01,U19 Ecker,BIL,https://download.brainimagelibrary.org/61/90/6190bf65dac65960/1U19MH114831-01/SW210311-03A,NA,NA,NA,-2.055,1,-5.5,1. AAVretro-EF1a-Cre,"iontophoresis (5 min, 7secOn/Off) + helper/rabies: pressure (80 nl/40 nl)"
SW210311-03,mouse,NCBI:txid10090,C57Bl6,Tracer Injected,Cre-dependent retrograde,CA1v,"University of California, Los Angeles",Hongwei Dong,U19MH114821-01,U19 Ecker,BIL,https://download.brainimagelibrary.org/61/90/6190bf65dac65960/1U19MH114831-01/SW210311-03A,NA,NA,NA,-3.18,3.9,-4.5,2. AAV8-hSyn-FLEX-TVA-P2A-GFP-2A-oG,"iontophoresis (5 min, 7secOn/Off) + helper/rabies: pressure (80 nl/40 nl)"
SW210311-03,mouse,NCBI:txid10090,C57Bl6,Tracer Injected,Cre-dependent retrograde,CA1v,"University of California, Los Angeles",Hongwei Dong,U19MH114821-01,U19 Ecker,BIL,https://download.brainimagelibrary.org/61/90/6190bf65dac65960/1U19MH114831-01/SW210311-03A,NA,NA,NA,-3.18,3.9,-4.5,3. EnvA G-deleted rabies RVdG-4mCherry,"iontophoresis (5 min, 7secOn/Off) + helper/rabies: pressure (80 nl/40 nl)"
SW190906-11,mouse,NCBI:txid10090,C57Bl6,Tracer Injected,Cre-dependent retrograde,PG,"University of California, Los Angeles",Hongwei Dong,U19MH114821-01,U19 Ecker,BIL,https://download.brainimagelibrary.org/61/90/6190bf65dac65960/1U19MH114831-01/SW190906-11A,NA,NA,NA,-3.88,1.25,-6.25,1. AAVretro-EF1a-Cre,"iontophoresis (5 min, 7secOn/Off) + helper/rabies: pressure (80 nl/40 nl)"
SW190906-11,mouse,NCBI:txid10090,C57Bl6,Tracer Injected,Cre-dependent retrograde,VISp,"University of California, Los Angeles",Hongwei Dong,U19MH114821-01,U19 Ecker,BIL,https://download.brainimagelibrary.org/61/90/6190bf65dac65960/1U19MH114831-01/SW190906-11A,NA,NA,NA,-2.78,2.5,-0.6,2. AAV8-hSyn-FLEX-TVA-P2A-GFP-2A-oG,"iontophoresis (5 min, 7secOn/Off) + helper/rabies: pressure (80 nl/40 nl)"
SW190906-11,mouse,NCBI:txid10090,C57Bl6,Tracer Injected,Cre-dependent retrograde,VISp,"University of California, Los Angeles",Hongwei Dong,U19MH114821-01,U19 Ecker,BIL,https://download.brainimagelibrary.org/61/90/6190bf65dac65960/1U19MH114831-01/SW190906-11A,NA,NA,NA,-2.78,2.5,-0.6,3. EnvA G-deleted rabies RVdG-4mCherry,"iontophoresis (5 min, 7secOn/Off) + helper/rabies: pressure (80 nl/40 nl)"
SW210524-02,mouse,NCBI:txid10090,C57Bl6,Tracer Injected,Cre-dependent retrograde,SUBvv,"University of California, Los Angeles",Hongwei Dong,U19MH114821-01,U19 Ecker,BIL,https://download.brainimagelibrary.org/61/90/6190bf65dac65960/1U19MH114831-01/SW210524-02A,NA,NA,NA,-3.455,2.8,-5.25,1. AAVretro-EF1a-Cre,"iontophoresis (5 min, 7secOn/Off) + helper/rabies: pressure (80 nl/40 nl)"
SW210524-02,mouse,NCBI:txid10090,C57Bl6,Tracer Injected,Cre-dependent retrograde,SUBv,"University of California, Los Angeles",Hongwei Dong,U19MH114821-01,U19 Ecker,BIL,https://download.brainimagelibrary.org/61/90/6190bf65dac65960/1U19MH114831-01/SW210524-02A,NA,NA,NA,-3.28,3,-5.3,2. AAV8-hSyn-FLEX-TVA-P2A-GFP-2A-oG,"iontophoresis (5 min, 7secOn/Off) + helper/rabies: pressure (80 nl/40 nl)"
SW210524-02,mouse,NCBI:txid10090,C57Bl6,Tracer Injected,Cre-dependent retrograde,SUBv,"University of California, Los Angeles",Hongwei Dong,U19MH114821-01,U19 Ecker,BIL,https://download.brainimagelibrary.org/61/90/6190bf65dac65960/1U19MH114831-01/SW210524-02A,NA,NA,NA,-3.08,2.8,-5.5,3. EnvA G-deleted rabies RVdG-4mCherry,"iontophoresis (5 min, 7secOn/Off) + helper/rabies: pressure (80 nl/40 nl)"
SW210311-01,mouse,NCBI:txid10090,C57Bl6,Tracer Injected,Cre-dependent retrograde,CEAc,"University of California, Los Angeles",Hongwei Dong,U19MH114821-01,U19 Ecker,BIL,https://download.brainimagelibrary.org/61/90/6190bf65dac65960/1U19MH114831-01/SW210311-01A,NA,NA,NA,-0.88,3,-5.5,1. AAVretro-EF1a-Cre,"iontophoresis (5 min, 7secOn/Off) + helper/rabies: pressure (80 nl/40 nl)"
SW210311-01,mouse,NCBI:txid10090,C57Bl6,Tracer Injected,Cre-dependent retrograde,CA1v,"University of California, Los Angeles",Hongwei Dong,U19MH114821-01,U19 Ecker,BIL,https://download.brainimagelibrary.org/61/90/6190bf65dac65960/1U19MH114831-01/SW210311-01A,NA,NA,NA,-3.18,3.9,-4.5,2. AAV8-hSyn-FLEX-TVA-P2A-GFP-2A-oG,"iontophoresis (5 min, 7secOn/Off) + helper/rabies: pressure (80 nl/40 nl)"
SW210311-01,mouse,NCBI:txid10090,C57Bl6,Tracer Injected,Cre-dependent retrograde,CA1v,"University of California, Los Angeles",Hongwei Dong,U19MH114821-01,U19 Ecker,BIL,https://download.brainimagelibrary.org/61/90/6190bf65dac65960/1U19MH114831-01/SW210311-01A,NA,NA,NA,-3.18,3.9,-4.5,3. EnvA G-deleted rabies RVdG-4mCherry,"iontophoresis (5 min, 7secOn/Off) + helper/rabies: pressure (80 nl/40 nl)"
SW210301-04,mouse,NCBI:txid10090,C57Bl6,Tracer Injected,Cre-dependent retrograde,CP,"University of California, Los Angeles",Hongwei Dong,U19MH114821-01,U19 Ecker,BIL,https://download.brainimagelibrary.org/61/90/6190bf65dac65960/1U19MH114831-01/SW210301-04A,NA,NA,NA,0.145,1,-3.5,1. AAVretro-EF1a-Cre,"iontophoresis (5 min, 7secOn/Off) + helper/rabies: pressure (80 nl/40 nl)"
SW210301-04,mouse,NCBI:txid10090,C57Bl6,Tracer Injected,Cre-dependent retrograde,SUBv,"University of California, Los Angeles",Hongwei Dong,U19MH114821-01,U19 Ecker,BIL,https://download.brainimagelibrary.org/61/90/6190bf65dac65960/1U19MH114831-01/SW210301-04A,NA,NA,NA,-3.88,3.9,-4.1,2. AAV8-hSyn-FLEX-TVA-P2A-GFP-2A-oG,"iontophoresis (5 min, 7secOn/Off) + helper/rabies: pressure (80 nl/40 nl)"
SW210301-04,mouse,NCBI:txid10090,C57Bl6,Tracer Injected,Cre-dependent retrograde,SUBv,"University of California, Los Angeles",Hongwei Dong,U19MH114821-01,U19 Ecker,BIL,https://download.brainimagelibrary.org/61/90/6190bf65dac65960/1U19MH114831-01/SW210301-04A,NA,NA,NA,-3.88,3.9,-4.3,3. EnvA G-deleted rabies RVdG-4mCherry,"iontophoresis (5 min, 7secOn/Off) + helper/rabies: pressure (80 nl/40 nl)"
SW210301-03,mouse,NCBI:txid10090,C57Bl6,Tracer Injected,Cre-dependent retrograde,LSr,"University of California, Los Angeles",Hongwei Dong,U19MH114821-01,U19 Ecker,BIL,https://download.brainimagelibrary.org/61/90/6190bf65dac65960/1U19MH114831-01/SW210301-03A,NA,NA,NA,0.02,0.75,-3.3,1. AAVretro-EF1a-Cre,"iontophoresis (5 min, 7secOn/Off) + helper/rabies: pressure (80 nl/40 nl)"
SW210301-03,mouse,NCBI:txid10090,C57Bl6,Tracer Injected,Cre-dependent retrograde,SUBv,"University of California, Los Angeles",Hongwei Dong,U19MH114821-01,U19 Ecker,BIL,https://download.brainimagelibrary.org/61/90/6190bf65dac65960/1U19MH114831-01/SW210301-03A,NA,NA,NA,-3.98,3.75,-3.5,2. AAV8-hSyn-FLEX-TVA-P2A-GFP-2A-oG,"iontophoresis (5 min, 7secOn/Off) + helper/rabies: pressure (80 nl/40 nl)"
SW210301-03,mouse,NCBI:txid10090,C57Bl6,Tracer Injected,Cre-dependent retrograde,SUBv,"University of California, Los Angeles",Hongwei Dong,U19MH114821-01,U19 Ecker,BIL,https://download.brainimagelibrary.org/61/90/6190bf65dac65960/1U19MH114831-01/SW210301-03A,NA,NA,NA,-3.98,3.75,-3.5,3. EnvA G-deleted rabies RVdG-4mCherry,"iontophoresis (5 min, 7secOn/Off) + helper/rabies: pressure (80 nl/40 nl)"
SW210301-01,mouse,NCBI:txid10090,C57Bl6,Tracer Injected,Cre-dependent retrograde,ACB,"University of California, Los Angeles",Hongwei Dong,U19MH114821-01,U19 Ecker,BIL,https://download.brainimagelibrary.org/61/90/6190bf65dac65960/1U19MH114831-01/SW210301-01A,NA,NA,NA,0.845,0.6,-5.2,1. AAVretro-EF1a-Cre,"iontophoresis (5 min, 7secOn/Off) + helper/rabies: pressure (80 nl/40 nl)"
SW210301-01,mouse,NCBI:txid10090,C57Bl6,Tracer Injected,Cre-dependent retrograde,SUBv,"University of California, Los Angeles",Hongwei Dong,U19MH114821-01,U19 Ecker,BIL,https://download.brainimagelibrary.org/61/90/6190bf65dac65960/1U19MH114831-01/SW210301-01A,NA,NA,NA,-4.08,3.75,-3.3,2. AAV8-hSyn-FLEX-TVA-P2A-GFP-2A-oG,"iontophoresis (5 min, 7secOn/Off) + helper/rabies: pressure (80 nl/40 nl)"
SW210301-01,mouse,NCBI:txid10090,C57Bl6,Tracer Injected,Cre-dependent retrograde,SUBv,"University of California, Los Angeles",Hongwei Dong,U19MH114821-01,U19 Ecker,BIL,https://download.brainimagelibrary.org/61/90/6190bf65dac65960/1U19MH114831-01/SW210301-01A,NA,NA,NA,-4.08,3.75,-3.3,3. EnvA G-deleted rabies RVdG-4mCherry,"iontophoresis (5 min, 7secOn/Off) + helper/rabies: pressure (80 nl/40 nl)"
SW210525-03,mouse,NCBI:txid10090,C57Bl6,Tracer Injected,Cre-dependent retrograde,PVp,"University of California, Los Angeles",Hongwei Dong,U19MH114821-01,U19 Ecker,BIL,https://download.brainimagelibrary.org/61/90/6190bf65dac65960/1U19MH114831-01/SW210525-03A,NA,NA,NA,-2.155,0.45,-6.5,1. AAVretro-EF1a-Cre,"iontophoresis (5 min, 7secOn/Off) + helper/rabies: pressure (80 nl/40 nl)"
SW210525-03,mouse,NCBI:txid10090,C57Bl6,Tracer Injected,Cre-dependent retrograde,SUBvv,"University of California, Los Angeles",Hongwei Dong,U19MH114821-01,U19 Ecker,BIL,https://download.brainimagelibrary.org/61/90/6190bf65dac65960/1U19MH114831-01/SW210525-03A,NA,NA,NA,-3.455,3,-5.5,2. AAV8-hSyn-FLEX-TVA-P2A-GFP-2A-oG,"iontophoresis (5 min, 7secOn/Off) + helper/rabies: pressure (80 nl/40 nl)"
SW210525-03,mouse,NCBI:txid10090,C57Bl6,Tracer Injected,Cre-dependent retrograde,SUBvv,"University of California, Los Angeles",Hongwei Dong,U19MH114821-01,U19 Ecker,BIL,https://download.brainimagelibrary.org/61/90/6190bf65dac65960/1U19MH114831-01/SW210525-03A,NA,NA,NA,-3.455,3,-5.4,3. EnvA G-deleted rabies RVdG-4mCherry,"iontophoresis (5 min, 7secOn/Off) + helper/rabies: pressure (80 nl/40 nl)"
SW210525-01,mouse,NCBI:txid10090,C57Bl6,Tracer Injected,Cre-dependent retrograde,vhc,"University of California, Los Angeles",Hongwei Dong,U19MH114821-01,U19 Ecker,BIL,https://download.brainimagelibrary.org/61/90/6190bf65dac65960/1U19MH114831-01/SW210525-01A,NA,NA,NA,-0.555,0.05,-2.7,1. AAVretro-EF1a-Cre,"iontophoresis (5 min, 7secOn/Off) + helper/rabies: pressure (80 nl/40 nl)"
SW210525-01,mouse,NCBI:txid10090,C57Bl6,Tracer Injected,Cre-dependent retrograde,CA3,"University of California, Los Angeles",Hongwei Dong,U19MH114821-01,U19 Ecker,BIL,https://download.brainimagelibrary.org/61/90/6190bf65dac65960/1U19MH114831-01/SW210525-01A,NA,NA,NA,-3.455,3,-3.75,2. AAV8-hSyn-FLEX-TVA-P2A-GFP-2A-oG,"iontophoresis (5 min, 7secOn/Off) + helper/rabies: pressure (80 nl/40 nl)"
SW210525-01,mouse,NCBI:txid10090,C57Bl6,Tracer Injected,Cre-dependent retrograde,SUBv,"University of California, Los Angeles",Hongwei Dong,U19MH114821-01,U19 Ecker,BIL,https://download.brainimagelibrary.org/61/90/6190bf65dac65960/1U19MH114831-01/SW210525-01A,NA,NA,NA,-3.28,3.4,-5.1,3. EnvA G-deleted rabies RVdG-4mCherry,"iontophoresis (5 min, 7secOn/Off) + helper/rabies: pressure (80 nl/40 nl)"
SW210524-05,mouse,NCBI:txid10090,C57Bl6,Tracer Injected,Cre-dependent retrograde,SUBv,"University of California, Los Angeles",Hongwei Dong,U19MH114821-01,U19 Ecker,BIL,https://download.brainimagelibrary.org/61/90/6190bf65dac65960/1U19MH114831-01/SW210524-05A,NA,NA,NA,-3.455,3,-5.3,1. AAVretro-EF1a-Cre,"iontophoresis (5 min, 7secOn/Off) + helper/rabies: pressure (80 nl/40 nl)"
SW210524-05,mouse,NCBI:txid10090,C57Bl6,Tracer Injected,Cre-dependent retrograde,SUBv,"University of California, Los Angeles",Hongwei Dong,U19MH114821-01,U19 Ecker,BIL,https://download.brainimagelibrary.org/61/90/6190bf65dac65960/1U19MH114831-01/SW210524-05A,NA,NA,NA,-3.28,3.3,-5,2. AAV8-hSyn-FLEX-TVA-P2A-GFP-2A-oG,"iontophoresis (5 min, 7secOn/Off) + helper/rabies: pressure (80 nl/40 nl)"
SW210524-05,mouse,NCBI:txid10090,C57Bl6,Tracer Injected,Cre-dependent retrograde,SUBv,"University of California, Los Angeles",Hongwei Dong,U19MH114821-01,U19 Ecker,BIL,https://download.brainimagelibrary.org/61/90/6190bf65dac65960/1U19MH114831-01/SW210524-05A,NA,NA,NA,-3.28,3.3,-5,3. EnvA G-deleted rabies RVdG-4mCherry,"iontophoresis (5 min, 7secOn/Off) + helper/rabies: pressure (80 nl/40 nl)"
SW210926-08A,mouse,NCBI:txid10090,C57Bl6,Tracer Injected,Cre-dependent retrograde,ILA,"University of California, Los Angeles",Hongwei Dong,U19MH114821-01,U19 Ecker,BIL,https://download.brainimagelibrary.org/be/4e/be4e95b2c36e475b/1U19MH114831-01/SW210926-08A,NA,NA,NA,1.245,0.3,-2.65,1. AAVretro-EF1a-Cre,"iontophoresis (5 min, 7secOn/Off) + helper/rabies: pressure (80 nl/40 nl)"
SW210926-08A,mouse,NCBI:txid10090,C57Bl6,Tracer Injected,Cre-dependent retrograde,SUBvv,"University of California, Los Angeles",Hongwei Dong,U19MH114821-01,U19 Ecker,BIL,https://download.brainimagelibrary.org/be/4e/be4e95b2c36e475b/1U19MH114831-01/SW210926-08A,NA,NA,NA,-3.28,3,-5.35,2. AAV1-hSyn-FLEX-TVA-2A-GFP-2A-G,"iontophoresis (5 min, 7secOn/Off) + helper/rabies: pressure (80 nl/40 nl)"
SW210926-08A,mouse,NCBI:txid10090,C57Bl6,Tracer Injected,Cre-dependent retrograde,SUBvv,"University of California, Los Angeles",Hongwei Dong,U19MH114821-01,U19 Ecker,BIL,https://download.brainimagelibrary.org/be/4e/be4e95b2c36e475b/1U19MH114831-01/SW210926-08A,NA,NA,NA,-3.28,3,-5.35,3. EnvA G-deleted rabies RVdG-4mCherry,"iontophoresis (5 min, 7secOn/Off) + helper/rabies: pressure (80 nl/40 nl)"
SW210724-06A,mouse,NCBI:txid10090,C57Bl6,Tracer Injected,Cre-dependent retrograde,PVp+MM,"University of California, Los Angeles",Hongwei Dong,U19MH114821-01,U19 Ecker,BIL,https://download.brainimagelibrary.org/be/4e/be4e95b2c36e475b/1U19MH114831-01/SW210724-06A,NA,NA,NA,-2.48,0.45,-6.2,1. AAVretro-EF1a-Cre,"iontophoresis (5 min, 7secOn/Off) + helper/rabies: pressure (80 nl/40 nl)"
SW210724-06A,mouse,NCBI:txid10090,C57Bl6,Tracer Injected,Cre-dependent retrograde,SUBvv,"University of California, Los Angeles",Hongwei Dong,U19MH114821-01,U19 Ecker,BIL,https://download.brainimagelibrary.org/be/4e/be4e95b2c36e475b/1U19MH114831-01/SW210724-06A,NA,NA,NA,-3.58,3,-5.1,2. AAV1-hSyn-FLEX-TVA-2A-GFP-2A-G,"iontophoresis (5 min, 7secOn/Off) + helper/rabies: pressure (80 nl/40 nl)"
SW210724-06A,mouse,NCBI:txid10090,C57Bl6,Tracer Injected,Cre-dependent retrograde,SUBvv,"University of California, Los Angeles",Hongwei Dong,U19MH114821-01,U19 Ecker,BIL,https://download.brainimagelibrary.org/be/4e/be4e95b2c36e475b/1U19MH114831-01/SW210724-06A,NA,NA,NA,-3.58,3,-5.1,3. EnvA G-deleted rabies RVdG-4mCherry,"iontophoresis (5 min, 7secOn/Off) + helper/rabies: pressure (80 nl/40 nl)"
SW210926-04A,mouse,NCBI:txid10090,C57Bl6,Tracer Injected,Cre-dependent retrograde,LSv+BSTpr,"University of California, Los Angeles",Hongwei Dong,U19MH114821-01,U19 Ecker,BIL,https://download.brainimagelibrary.org/be/4e/be4e95b2c36e475b/1U19MH114831-01/SW210926-04A,NA,NA,NA,0.02,0.6,-4,1. AAVretro-EF1a-Cre,"iontophoresis (5 min, 7secOn/Off) + helper/rabies: pressure (80 nl/40 nl)"
SW210926-04A,mouse,NCBI:txid10090,C57Bl6,Tracer Injected,Cre-dependent retrograde,CA1vv,"University of California, Los Angeles",Hongwei Dong,U19MH114821-01,U19 Ecker,BIL,https://download.brainimagelibrary.org/be/4e/be4e95b2c36e475b/1U19MH114831-01/SW210926-04A,NA,NA,NA,-3.08,3,-4.8,2. AAV1-hSyn-FLEX-TVA-2A-GFP-2A-G,"iontophoresis (5 min, 7secOn/Off) + helper/rabies: pressure (80 nl/40 nl)"
SW210926-04A,mouse,NCBI:txid10090,C57Bl6,Tracer Injected,Cre-dependent retrograde,CA1vv,"University of California, Los Angeles",Hongwei Dong,U19MH114821-01,U19 Ecker,BIL,https://download.brainimagelibrary.org/be/4e/be4e95b2c36e475b/1U19MH114831-01/SW210926-04A,NA,NA,NA,-3.08,3,-4.8,3. EnvA G-deleted rabies RVdG-4mCherry,"iontophoresis (5 min, 7secOn/Off) + helper/rabies: pressure (80 nl/40 nl)"
SW210926-03A,mouse,NCBI:txid10090,C57Bl6,Tracer Injected,Cre-dependent retrograde,LSv,"University of California, Los Angeles",Hongwei Dong,U19MH114821-01,U19 Ecker,BIL,https://download.brainimagelibrary.org/be/4e/be4e95b2c36e475b/1U19MH114831-01/SW210926-03A,NA,NA,NA,0.02,3.65,-3.75,1. AAVretro-EF1a-Cre,"iontophoresis (5 min, 7secOn/Off) + helper/rabies: pressure (80 nl/40 nl)"
SW210926-03A,mouse,NCBI:txid10090,C57Bl6,Tracer Injected,Cre-dependent retrograde,CA1vv,"University of California, Los Angeles",Hongwei Dong,U19MH114821-01,U19 Ecker,BIL,https://download.brainimagelibrary.org/be/4e/be4e95b2c36e475b/1U19MH114831-01/SW210926-03A,NA,NA,NA,-3.18,3,-5.1,2. AAV1-hSyn-FLEX-TVA-2A-GFP-2A-G,"iontophoresis (5 min, 7secOn/Off) + helper/rabies: pressure (80 nl/40 nl)"
SW210926-03A,mouse,NCBI:txid10090,C57Bl6,Tracer Injected,Cre-dependent retrograde,CA1vv,"University of California, Los Angeles",Hongwei Dong,U19MH114821-01,U19 Ecker,BIL,https://download.brainimagelibrary.org/be/4e/be4e95b2c36e475b/1U19MH114831-01/SW210926-03A,NA,NA,NA,-3.18,3,-5.1,3. EnvA G-deleted rabies RVdG-4mCherry,"iontophoresis (5 min, 7secOn/Off) + helper/rabies: pressure (80 nl/40 nl)"
SW210926-02A,mouse,NCBI:txid10090,C57Bl6,Tracer Injected,Cre-dependent retrograde,LSr,"University of California, Los Angeles",Hongwei Dong,U19MH114821-01,U19 Ecker,BIL,https://download.brainimagelibrary.org/be/4e/be4e95b2c36e475b/1U19MH114831-01/SW210926-02A,NA,NA,NA,0.845,0.6,-4.25,1. AAVretro-EF1a-Cre,"iontophoresis (5 min, 7secOn/Off) + helper/rabies: pressure (80 nl/40 nl)"
SW210926-02A,mouse,NCBI:txid10090,C57Bl6,Tracer Injected,Cre-dependent retrograde,CA1vv,"University of California, Los Angeles",Hongwei Dong,U19MH114821-01,U19 Ecker,BIL,https://download.brainimagelibrary.org/be/4e/be4e95b2c36e475b/1U19MH114831-01/SW210926-02A,NA,NA,NA,-2.98,3.5,-5.3,2. AAV1-hSyn-FLEX-TVA-2A-GFP-2A-G,"iontophoresis (5 min, 7secOn/Off) + helper/rabies: pressure (80 nl/40 nl)"
SW210926-02A,mouse,NCBI:txid10090,C57Bl6,Tracer Injected,Cre-dependent retrograde,CA1vv,"University of California, Los Angeles",Hongwei Dong,U19MH114821-01,U19 Ecker,BIL,https://download.brainimagelibrary.org/be/4e/be4e95b2c36e475b/1U19MH114831-01/SW210926-02A,NA,NA,NA,-2.98,3.5,-5.3,3. EnvA G-deleted rabies RVdG-4mCherry,"iontophoresis (5 min, 7secOn/Off) + helper/rabies: pressure (80 nl/40 nl)"
SW210723-06A,mouse,NCBI:txid10090,C57Bl6,Tracer Injected,Cre-dependent retrograde,failed,"University of California, Los Angeles",Hongwei Dong,U19MH114821-01,U19 Ecker,BIL,https://download.brainimagelibrary.org/be/4e/be4e95b2c36e475b/1U19MH114831-01/SW210723-06A,NA,NA,NA,NA,NA,,1. AAVretro-EF1a-Cre,"iontophoresis (5 min, 7secOn/Off) + helper/rabies: pressure (80 nl/40 nl)"
SW210723-06A,mouse,NCBI:txid10090,C57Bl6,Tracer Injected,Cre-dependent retrograde,CA3,"University of California, Los Angeles",Hongwei Dong,U19MH114821-01,U19 Ecker,BIL,https://download.brainimagelibrary.org/be/4e/be4e95b2c36e475b/1U19MH114831-01/SW210723-06A,NA,NA,NA,-3.455,3,-4,2. AAV1-hSyn-FLEX-TVA-2A-GFP-2A-G,"iontophoresis (5 min, 7secOn/Off) + helper/rabies: pressure (80 nl/40 nl)"
SW210723-06A,mouse,NCBI:txid10090,C57Bl6,Tracer Injected,Cre-dependent retrograde,CA3,"University of California, Los Angeles",Hongwei Dong,U19MH114821-01,U19 Ecker,BIL,https://download.brainimagelibrary.org/be/4e/be4e95b2c36e475b/1U19MH114831-01/SW210723-06A,NA,NA,NA,-3.455,3,-4,3. EnvA G-deleted rabies RVdG-4mCherry,"iontophoresis (5 min, 7secOn/Off) + helper/rabies: pressure (80 nl/40 nl)"
SW210724-03A,mouse,NCBI:txid10090,C57Bl6,Tracer Injected,Cre-dependent retrograde,PVT,"University of California, Los Angeles",Hongwei Dong,U19MH114821-01,U19 Ecker,BIL,https://download.brainimagelibrary.org/be/4e/be4e95b2c36e475b/1U19MH114831-01/SW210724-03A,NA,NA,NA,-0.38,0.1,-3.5,1. AAVretro-EF1a-Cre,"iontophoresis (5 min, 7secOn/Off) + helper/rabies: pressure (80 nl/40 nl)"
SW210724-03A,mouse,NCBI:txid10090,C57Bl6,Tracer Injected,Cre-dependent retrograde,SUBvv,"University of California, Los Angeles",Hongwei Dong,U19MH114821-01,U19 Ecker,BIL,https://download.brainimagelibrary.org/be/4e/be4e95b2c36e475b/1U19MH114831-01/SW210724-03A,NA,NA,NA,-3.58,3,-5.3,2. AAV1-hSyn-FLEX-TVA-2A-GFP-2A-G,"iontophoresis (5 min, 7secOn/Off) + helper/rabies: pressure (80 nl/40 nl)"
SW210724-03A,mouse,NCBI:txid10090,C57Bl6,Tracer Injected,Cre-dependent retrograde,SUBvv,"University of California, Los Angeles",Hongwei Dong,U19MH114821-01,U19 Ecker,BIL,https://download.brainimagelibrary.org/be/4e/be4e95b2c36e475b/1U19MH114831-01/SW210724-03A,NA,NA,NA,-3.58,3,-5.3,3. EnvA G-deleted rabies RVdG-4mCherry,"iontophoresis (5 min, 7secOn/Off) + helper/rabies: pressure (80 nl/40 nl)"
SW210926-01A,mouse,NCBI:txid10090,C57Bl6,Tracer Injected,Cre-dependent retrograde,ACB,"University of California, Los Angeles",Hongwei Dong,U19MH114821-01,U19 Ecker,BIL,https://download.brainimagelibrary.org/be/4e/be4e95b2c36e475b/1U19MH114831-01/SW210926-01A,NA,NA,NA,0.945,0.6,-4.25,1. AAVretro-EF1a-Cre,"iontophoresis (5 min, 7secOn/Off) + helper/rabies: pressure (80 nl/40 nl)"
SW210926-01A,mouse,NCBI:txid10090,C57Bl6,Tracer Injected,Cre-dependent retrograde,CA3,"University of California, Los Angeles",Hongwei Dong,U19MH114821-01,U19 Ecker,BIL,https://download.brainimagelibrary.org/be/4e/be4e95b2c36e475b/1U19MH114831-01/SW210926-01A,NA,NA,NA,-3.38,3,-4.7,2. AAV1-hSyn-FLEX-TVA-2A-GFP-2A-G,"iontophoresis (5 min, 7secOn/Off) + helper/rabies: pressure (80 nl/40 nl)"
SW210926-01A,mouse,NCBI:txid10090,C57Bl6,Tracer Injected,Cre-dependent retrograde,CA3,"University of California, Los Angeles",Hongwei Dong,U19MH114821-01,U19 Ecker,BIL,https://download.brainimagelibrary.org/be/4e/be4e95b2c36e475b/1U19MH114831-01/SW210926-01A,NA,NA,NA,-3.38,3,-4.7,3. EnvA G-deleted rabies RVdG-4mCherry,"iontophoresis (5 min, 7secOn/Off) + helper/rabies: pressure (80 nl/40 nl)"
SW210926-05A,mouse,NCBI:txid10090,C57Bl6,Tracer Injected,Cre-dependent retrograde,MEApd,"University of California, Los Angeles",Hongwei Dong,U19MH114821-01,U19 Ecker,BIL,https://download.brainimagelibrary.org/be/4e/be4e95b2c36e475b/1U19MH114831-01/SW210926-05A,NA,NA,NA,-1.955,2.4,-5.5,1. AAVretro-EF1a-Cre,"iontophoresis (5 min, 7secOn/Off) + helper/rabies: pressure (80 nl/40 nl)"
SW210926-05A,mouse,NCBI:txid10090,C57Bl6,Tracer Injected,Cre-dependent retrograde,SUBv,"University of California, Los Angeles",Hongwei Dong,U19MH114821-01,U19 Ecker,BIL,https://download.brainimagelibrary.org/be/4e/be4e95b2c36e475b/1U19MH114831-01/SW210926-05A,NA,NA,NA,-3.38,3.5,-5.3,2. AAV1-hSyn-FLEX-TVA-2A-GFP-2A-G,"iontophoresis (5 min, 7secOn/Off) + helper/rabies: pressure (80 nl/40 nl)"
SW210926-05A,mouse,NCBI:txid10090,C57Bl6,Tracer Injected,Cre-dependent retrograde,SUBv,"University of California, Los Angeles",Hongwei Dong,U19MH114821-01,U19 Ecker,BIL,https://download.brainimagelibrary.org/be/4e/be4e95b2c36e475b/1U19MH114831-01/SW210926-05A,NA,NA,NA,-3.38,3.5,-5.3,3. EnvA G-deleted rabies RVdG-4mCherry,"iontophoresis (5 min, 7secOn/Off) + helper/rabies: pressure (80 nl/40 nl)"
SW220119-04A,mouse,NCBI:txid10090,C57Bl6,Tracer Injected,Cre-dependent retrograde,RE,"University of California, Los Angeles",Hongwei Dong,U19MH114821-01,U19 Ecker,BIL,https://download.brainimagelibrary.org/67/8f/678f4a67584490df/1U19MH114831-01/SW220119-04A,NA,NA,NA,-0.655,0.3,-4.75,1. AAVretro-EF1a-Cre + Cre-dependent AAV-GFP,"iontophoresis (5 min, 7secOn/Off) + helper/rabies: pressure (80 nl/40 nl)"
SW220119-04A,mouse,NCBI:txid10090,C57Bl6,Tracer Injected,Cre-dependent retrograde,SUBv,"University of California, Los Angeles",Hongwei Dong,U19MH114821-01,U19 Ecker,BIL,https://download.brainimagelibrary.org/67/8f/678f4a67584490df/1U19MH114831-01/SW220119-04A,NA,NA,NA,-3.58,3.2,-5.2,2. AAV8-hSyn-FLEX-TVA-P2A-GFP-2A-oG,"iontophoresis (5 min, 7secOn/Off) + helper/rabies: pressure (80 nl/40 nl)"
SW220119-04A,mouse,NCBI:txid10090,C57Bl6,Tracer Injected,Cre-dependent retrograde,SUBv,"University of California, Los Angeles",Hongwei Dong,U19MH114821-01,U19 Ecker,BIL,https://download.brainimagelibrary.org/67/8f/678f4a67584490df/1U19MH114831-01/SW220119-04A,NA,NA,NA,-3.58,3.2,-5.2,3. EnvA G-deleted rabies RVdG-4mCherry,"iontophoresis (5 min, 7secOn/Off) + helper/rabies: pressure (80 nl/40 nl)"
SW211027-03A,mouse,NCBI:txid10090,C57Bl6,Tracer Injected,Cre-dependent retrograde,SI,"University of California, Los Angeles",Hongwei Dong,U19MH114821-01,U19 Ecker,BIL,https://download.brainimagelibrary.org/67/8f/678f4a67584490df/1U19MH114831-01/SW211027-03A,NA,NA,NA,0.745,0.75,-5.3,1. AAVretro-EF1a-Cre,"iontophoresis (5 min, 7secOn/Off) + helper/rabies: pressure (80 nl/40 nl)"
SW211027-03A,mouse,NCBI:txid10090,C57Bl6,Tracer Injected,Cre-dependent retrograde,SUBv,"University of California, Los Angeles",Hongwei Dong,U19MH114821-01,U19 Ecker,BIL,https://download.brainimagelibrary.org/67/8f/678f4a67584490df/1U19MH114831-01/SW211027-03A,NA,NA,NA,-3.28,3,-5.25,2. AAV8-hSyn-FLEX-TVA-P2A-GFP-2A-oG,"iontophoresis (5 min, 7secOn/Off) + helper/rabies: pressure (80 nl/40 nl)"
SW211027-03A,mouse,NCBI:txid10090,C57Bl6,Tracer Injected,Cre-dependent retrograde,SUBv,"University of California, Los Angeles",Hongwei Dong,U19MH114821-01,U19 Ecker,BIL,https://download.brainimagelibrary.org/67/8f/678f4a67584490df/1U19MH114831-01/SW211027-03A,NA,NA,NA,-3.28,3,-5.25,3. EnvA G-deleted rabies RVdG-4mCherry,"iontophoresis (5 min, 7secOn/Off) + helper/rabies: pressure (80 nl/40 nl)"
SW220118-01A,mouse,NCBI:txid10090,C57Bl6,Tracer Injected,Cre-dependent retrograde,DP,"University of California, Los Angeles",Hongwei Dong,U19MH114821-01,U19 Ecker,BIL,https://download.brainimagelibrary.org/67/8f/678f4a67584490df/1U19MH114831-01/SW220118-01A,NA,NA,NA,1.42,0.3,3.3,1. AAVretro-EF1a-Cre + Cre-dependent AAV-GFP,"iontophoresis (5 min, 7secOn/Off) + helper/rabies: pressure (80 nl/40 nl)"
SW220118-01A,mouse,NCBI:txid10090,C57Bl6,Tracer Injected,Cre-dependent retrograde,CA1,"University of California, Los Angeles",Hongwei Dong,U19MH114821-01,U19 Ecker,BIL,https://download.brainimagelibrary.org/67/8f/678f4a67584490df/1U19MH114831-01/SW220118-01A,NA,NA,NA,-3.28,2.5,-1.5,2. AAV8-hSyn-FLEX-TVA-P2A-GFP-2A-oG,"iontophoresis (5 min, 7secOn/Off) + helper/rabies: pressure (80 nl/40 nl)"
SW220118-01A,mouse,NCBI:txid10090,C57Bl6,Tracer Injected,Cre-dependent retrograde,CA1,"University of California, Los Angeles",Hongwei Dong,U19MH114821-01,U19 Ecker,BIL,https://download.brainimagelibrary.org/67/8f/678f4a67584490df/1U19MH114831-01/SW220118-01A,NA,NA,NA,-3.28,2.5,-1.5,3. EnvA G-deleted rabies RVdG-4mCherry,"iontophoresis (5 min, 7secOn/Off) + helper/rabies: pressure (80 nl/40 nl)"
SW211213-03,mouse,NCBI:txid10090,C57Bl6,Tracer Injected,Cre-dependent retrograde,PVH,"University of California, Los Angeles",Hongwei Dong,U19MH114821-01,U19 Ecker,BIL,https://download.brainimagelibrary.org/67/8f/678f4a67584490df/1U19MH114831-01/SW211213-03A,NA,NA,NA,-0.755,0.25,-5.4,1. AAVretro-EF1a-Cre,"iontophoresis (5 min, 7secOn/Off) + helper/rabies: pressure (80 nl/40 nl)"
SW211213-03,mouse,NCBI:txid10090,C57Bl6,Tracer Injected,Cre-dependent retrograde,BSTdm/mg,"University of California, Los Angeles",Hongwei Dong,U19MH114821-01,U19 Ecker,BIL,https://download.brainimagelibrary.org/67/8f/678f4a67584490df/1U19MH114831-01/SW211213-03A,NA,NA,NA,-0.08,0.6,-5,2. AAV8-hSyn-FLEX-TVA-P2A-GFP-2A-oG,"iontophoresis (5 min, 7secOn/Off) + helper/rabies: pressure (80 nl/40 nl)"
SW211213-03,mouse,NCBI:txid10090,C57Bl6,Tracer Injected,Cre-dependent retrograde,BSTdm/mg,"University of California, Los Angeles",Hongwei Dong,U19MH114821-01,U19 Ecker,BIL,https://download.brainimagelibrary.org/67/8f/678f4a67584490df/1U19MH114831-01/SW211213-03A,NA,NA,NA,-0.08,0.6,-5,3. EnvA G-deleted rabies RVdG-4mCherry,"iontophoresis (5 min, 7secOn/Off) + helper/rabies: pressure (80 nl/40 nl)"
SW211026-06,mouse,NCBI:txid10090,C57Bl6,Tracer Injected,Cre-dependent retrograde,DMH,"University of California, Los Angeles",Hongwei Dong,U19MH114821-01,U19 Ecker,BIL,https://download.brainimagelibrary.org/67/8f/678f4a67584490df/1U19MH114831-01/SW211026-06A,NA,NA,NA,-1.755,0.3,-5.5,1. AAVretro-EF1a-Cre,"iontophoresis (5 min, 7secOn/Off) + helper/rabies: pressure (80 nl/40 nl)"
SW211026-06,mouse,NCBI:txid10090,C57Bl6,Tracer Injected,Cre-dependent retrograde,SUBvv,"University of California, Los Angeles",Hongwei Dong,U19MH114821-01,U19 Ecker,BIL,https://download.brainimagelibrary.org/67/8f/678f4a67584490df/1U19MH114831-01/SW211026-06A,NA,NA,NA,-3.455,3,-5.35,2. AAV8-hSyn-FLEX-TVA-P2A-GFP-2A-oG,"iontophoresis (5 min, 7secOn/Off) + helper/rabies: pressure (80 nl/40 nl)"
SW211026-06,mouse,NCBI:txid10090,C57Bl6,Tracer Injected,Cre-dependent retrograde,SUBvv,"University of California, Los Angeles",Hongwei Dong,U19MH114821-01,U19 Ecker,BIL,https://download.brainimagelibrary.org/67/8f/678f4a67584490df/1U19MH114831-01/SW211026-06A,NA,NA,NA,-3.455,3,-5.35,3. EnvA G-deleted rabies RVdG-4mCherry,"iontophoresis (5 min, 7secOn/Off) + helper/rabies: pressure (80 nl/40 nl)"
SW211026-04,mouse,NCBI:txid10090,C57Bl6,Tracer Injected,Cre-dependent retrograde,Sl,"University of California, Los Angeles",Hongwei Dong,U19MH114821-01,U19 Ecker,BIL,https://download.brainimagelibrary.org/67/8f/678f4a67584490df/1U19MH114831-01/SW211026-04A,NA,NA,NA,0.62,0.75,-5.2,1. AAVretro-EF1a-Cre,"iontophoresis (5 min, 7secOn/Off) + helper/rabies: pressure (80 nl/40 nl)"
SW211026-04,mouse,NCBI:txid10090,C57Bl6,Tracer Injected,Cre-dependent retrograde,CA1vv,"University of California, Los Angeles",Hongwei Dong,U19MH114821-01,U19 Ecker,BIL,https://download.brainimagelibrary.org/67/8f/678f4a67584490df/1U19MH114831-01/SW211026-04A,NA,NA,NA,-3.18,3.1,-5.5,2. AAV8-hSyn-FLEX-TVA-P2A-GFP-2A-oG,"iontophoresis (5 min, 7secOn/Off) + helper/rabies: pressure (80 nl/40 nl)"
SW211026-04,mouse,NCBI:txid10090,C57Bl6,Tracer Injected,Cre-dependent retrograde,CA1vv,"University of California, Los Angeles",Hongwei Dong,U19MH114821-01,U19 Ecker,BIL,https://download.brainimagelibrary.org/67/8f/678f4a67584490df/1U19MH114831-01/SW211026-04A,NA,NA,NA,-3.18,3.1,-5.5,3. EnvA G-deleted rabies RVdG-4mCherry,"iontophoresis (5 min, 7secOn/Off) + helper/rabies: pressure (80 nl/40 nl)"
SW210927-04,mouse,NCBI:txid10090,C57Bl6,Tracer Injected,Cre-dependent retrograde,AHN,"University of California, Los Angeles",Hongwei Dong,U19MH114821-01,U19 Ecker,BIL,https://download.brainimagelibrary.org/67/8f/678f4a67584490df/1U19MH114831-01/SW210927-04A,NA,NA,NA,-0.88,0.5,-5.8,1. AAVretro-EF1a-Cre,"iontophoresis (5 min, 7secOn/Off) + helper/rabies: pressure (80 nl/40 nl)"
SW210927-04,mouse,NCBI:txid10090,C57Bl6,Tracer Injected,Cre-dependent retrograde,SUBvv,"University of California, Los Angeles",Hongwei Dong,U19MH114821-01,U19 Ecker,BIL,https://download.brainimagelibrary.org/67/8f/678f4a67584490df/1U19MH114831-01/SW210927-04A,NA,NA,NA,-3.455,3,-5.45,2. AAV1-hSyn-FLEX-TVA-2A-GFP-2A-G,"iontophoresis (5 min, 7secOn/Off) + helper/rabies: pressure (80 nl/40 nl)"
SW210927-04,mouse,NCBI:txid10090,C57Bl6,Tracer Injected,Cre-dependent retrograde,SUBvv,"University of California, Los Angeles",Hongwei Dong,U19MH114821-01,U19 Ecker,BIL,https://download.brainimagelibrary.org/67/8f/678f4a67584490df/1U19MH114831-01/SW210927-04A,NA,NA,NA,-3.455,3,-5.45,3. EnvA G-deleted rabies RVdG-4mCherry,"iontophoresis (5 min, 7secOn/Off) + helper/rabies: pressure (80 nl/40 nl)"
SW210927-02,mouse,NCBI:txid10090,C57Bl6,Tracer Injected,Cre-dependent retrograde,MPN,"University of California, Los Angeles",Hongwei Dong,U19MH114821-01,U19 Ecker,BIL,https://download.brainimagelibrary.org/67/8f/678f4a67584490df/1U19MH114831-01/SW210927-02A,NA,NA,NA,-0.08,0.25,-5.9,1. AAVretro-EF1a-Cre,"iontophoresis (5 min, 7secOn/Off) + helper/rabies: pressure (80 nl/40 nl)"
SW210927-02,mouse,NCBI:txid10090,C57Bl6,Tracer Injected,Cre-dependent retrograde,SUBvv,"University of California, Los Angeles",Hongwei Dong,U19MH114821-01,U19 Ecker,BIL,https://download.brainimagelibrary.org/67/8f/678f4a67584490df/1U19MH114831-01/SW210927-02A,NA,NA,NA,-3.58,3,-5.25,2. AAV1-hSyn-FLEX-TVA-2A-GFP-2A-G,"iontophoresis (5 min, 7secOn/Off) + helper/rabies: pressure (80 nl/40 nl)"
SW210927-02,mouse,NCBI:txid10090,C57Bl6,Tracer Injected,Cre-dependent retrograde,SUBvv,"University of California, Los Angeles",Hongwei Dong,U19MH114821-01,U19 Ecker,BIL,https://download.brainimagelibrary.org/67/8f/678f4a67584490df/1U19MH114831-01/SW210927-02A,NA,NA,NA,-3.58,3,-5.25,3. EnvA G-deleted rabies RVdG-4mCherry,"iontophoresis (5 min, 7secOn/Off) + helper/rabies: pressure (80 nl/40 nl)"
SW190415-04A,mouse,NCBI:txid10090,C57Bl6,Tracer Injected,Cre-dependent retrograde,CP,University of Southern California,Hongwei Dong,U19MH114821-01,U19 Ecker,BIL,https://download.brainimagelibrary.org/e2/bb/e2bb765b3d184120/1U19MH114831-01/SW190415-04A/,NA,NA,NA,0.62,2.5,-2.9,1. AAVretro-EF1a-Cre,"iontophoresis (5 min, 7secOn/Off) + helper/rabies: pressure (80 nl/40 nl)"
SW190415-04A,mouse,NCBI:txid10090,C57Bl6,Tracer Injected,Cre-dependent retrograde,SSp,University of Southern California,Hongwei Dong,U19MH114821-01,U19 Ecker,BIL,https://download.brainimagelibrary.org/e2/bb/e2bb765b3d184120/1U19MH114831-01/SW190415-04A/,NA,NA,NA,-0.38,2.8,-1.4,2. AAV8-hSyn-FLEX-TVA-P2A-GFP-2A-oG,"iontophoresis (5 min, 7secOn/Off) + helper/rabies: pressure (80 nl/40 nl)"
SW190415-04A,mouse,NCBI:txid10090,C57Bl6,Tracer Injected,Cre-dependent retrograde,SSp,University of Southern California,Hongwei Dong,U19MH114821-01,U19 Ecker,BIL,https://download.brainimagelibrary.org/e2/bb/e2bb765b3d184120/1U19MH114831-01/SW190415-04A/,NA,NA,NA,-0.38,2.8,-1.4,3. EnvA G-deleted rabies RVdG-4mCherry,"iontophoresis (5 min, 7secOn/Off) + helper/rabies: pressure (80 nl/40 nl)"
SW190416-02A,mouse,NCBI:txid10090,C57Bl6,Tracer Injected,Cre-dependent retrograde,SC,University of Southern California,Hongwei Dong,U19MH114821-01,U19 Ecker,BIL,https://download.brainimagelibrary.org/e2/bb/e2bb765b3d184120/1U19MH114831-01/SW190416-02A/,NA,NA,NA,-3.78,1.5,-2.5,1. AAVretro-EF1a-Cre,"iontophoresis (5 min, 7secOn/Off) + helper/rabies: pressure (80 nl/40 nl)"
SW190416-02A,mouse,NCBI:txid10090,C57Bl6,Tracer Injected,Cre-dependent retrograde,SSp,University of Southern California,Hongwei Dong,U19MH114821-01,U19 Ecker,BIL,https://download.brainimagelibrary.org/e2/bb/e2bb765b3d184120/1U19MH114831-01/SW190416-02A/,NA,NA,NA,-0.48,3,-1.5,2. AAV8-hSyn-FLEX-TVA-P2A-GFP-2A-oG,"iontophoresis (5 min, 7secOn/Off) + helper/rabies: pressure (80 nl/40 nl)"
SW190416-02A,mouse,NCBI:txid10090,C57Bl6,Tracer Injected,Cre-dependent retrograde,SSp,University of Southern California,Hongwei Dong,U19MH114821-01,U19 Ecker,BIL,https://download.brainimagelibrary.org/e2/bb/e2bb765b3d184120/1U19MH114831-01/SW190416-02A/,NA,NA,NA,-0.48,3,-1.5,3. EnvA G-deleted rabies RVdG-4mCherry,"iontophoresis (5 min, 7secOn/Off) + helper/rabies: pressure (80 nl/40 nl)"
SW190416-03A,mouse,NCBI:txid10090,C57Bl6,Tracer Injected,Cre-dependent retrograde,PG+TRN,University of Southern California,Hongwei Dong,U19MH114821-01,U19 Ecker,BIL,https://download.brainimagelibrary.org/e2/bb/e2bb765b3d184120/1U19MH114831-01/SW190416-03A/,NA,NA,NA,-3.78,0.4,-6.3,1. AAVretro-EF1a-Cre,"iontophoresis (5 min, 7secOn/Off) + helper/rabies: pressure (80 nl/40 nl)"
SW190416-03A,mouse,NCBI:txid10090,C57Bl6,Tracer Injected,Cre-dependent retrograde,SSp,University of Southern California,Hongwei Dong,U19MH114821-01,U19 Ecker,BIL,https://download.brainimagelibrary.org/e2/bb/e2bb765b3d184120/1U19MH114831-01/SW190416-03A/,NA,NA,NA,-0.08,3,-1.5,2. AAV8-hSyn-FLEX-TVA-P2A-GFP-2A-oG,"iontophoresis (5 min, 7secOn/Off) + helper/rabies: pressure (80 nl/40 nl)"
SW190416-03A,mouse,NCBI:txid10090,C57Bl6,Tracer Injected,Cre-dependent retrograde,SSp,University of Southern California,Hongwei Dong,U19MH114821-01,U19 Ecker,BIL,https://download.brainimagelibrary.org/e2/bb/e2bb765b3d184120/1U19MH114831-01/SW190416-03A/,NA,NA,NA,-0.08,3,-1.5,3. EnvA G-deleted rabies RVdG-4mCherry,"iontophoresis (5 min, 7secOn/Off) + helper/rabies: pressure (80 nl/40 nl)"
SW190416-01A,mouse,NCBI:txid10090,C57Bl6,Tracer Injected,Cre-dependent retrograde,RT,University of Southern California,Hongwei Dong,U19MH114821-01,U19 Ecker,BIL,https://download.brainimagelibrary.org/e2/bb/e2bb765b3d184120/1U19MH114831-01/SW190416-01A/,NA,NA,NA,-0.955,1.6,-4.4,1. AAVretro-EF1a-Cre,"iontophoresis (5 min, 7secOn/Off) + helper/rabies: pressure (80 nl/40 nl)"
SW190416-01A,mouse,NCBI:txid10090,C57Bl6,Tracer Injected,Cre-dependent retrograde,SSp,University of Southern California,Hongwei Dong,U19MH114821-01,U19 Ecker,BIL,https://download.brainimagelibrary.org/e2/bb/e2bb765b3d184120/1U19MH114831-01/SW190416-01A/,NA,NA,NA,-0.18,2.6,-1.25,2. AAV8-hSyn-FLEX-TVA-P2A-GFP-2A-oG,"iontophoresis (5 min, 7secOn/Off) + helper/rabies: pressure (80 nl/40 nl)"
SW190416-01A,mouse,NCBI:txid10090,C57Bl6,Tracer Injected,Cre-dependent retrograde,SSp,University of Southern California,Hongwei Dong,U19MH114821-01,U19 Ecker,BIL,https://download.brainimagelibrary.org/e2/bb/e2bb765b3d184120/1U19MH114831-01/SW190416-01A/,NA,NA,NA,-0.18,2.6,-1.25,3. EnvA G-deleted rabies RVdG-4mCherry,"iontophoresis (5 min, 7secOn/Off) + helper/rabies: pressure (80 nl/40 nl)"
SW220215-05A,mouse,NCBI:txid10090,C57Bl6,Tracer Injected,Cre-dependent retrograde,AHNa,"University of California, Los Angeles",Hongwei Dong,U19MH114821-01,U19 Ecker,BIL,https://download.brainimagelibrary.org/bb/65/bb65b3ba913c2aa2/1U19MH114831-01/SW220215-05A,NA,NA,NA,-0.88,0.5,-6.3,1. AAVretro-EF1a-Cre,"iontophoresis (5 min, 7secOn/Off) + helper/rabies: pressure (80 nl/40 nl)"
SW220215-05A,mouse,NCBI:txid10090,C57Bl6,Tracer Injected,Cre-dependent retrograde,SUBvv,"University of California, Los Angeles",Hongwei Dong,U19MH114821-01,U19 Ecker,BIL,https://download.brainimagelibrary.org/bb/65/bb65b3ba913c2aa2/1U19MH114831-01/SW220215-05A,NA,NA,NA,-3.68,-3,-5.25,2. AAV8-hSyn-FLEX-TVA-P2A-GFP-2A-oG,"iontophoresis (5 min, 7secOn/Off) + helper/rabies: pressure (80 nl/40 nl)"
SW220215-05A,mouse,NCBI:txid10090,C57Bl6,Tracer Injected,Cre-dependent retrograde,SUBvv,"University of California, Los Angeles",Hongwei Dong,U19MH114821-01,U19 Ecker,BIL,https://download.brainimagelibrary.org/bb/65/bb65b3ba913c2aa2/1U19MH114831-01/SW220215-05A,NA,NA,NA,-3.68,-3,-5.25,3. EnvA G-deleted rabies RVdG-4mCherry,"iontophoresis (5 min, 7secOn/Off) + helper/rabies: pressure (80 nl/40 nl)"
SW220215-06A,mouse,NCBI:txid10090,C57Bl6,Tracer Injected,Cre-dependent retrograde,AHNc,"University of California, Los Angeles",Hongwei Dong,U19MH114821-01,U19 Ecker,BIL,https://download.brainimagelibrary.org/bb/65/bb65b3ba913c2aa2/1U19MH114831-01/SW220215-06A,NA,NA,NA,-0.655,NA,-5.95,1. AAVretro-EF1a-Cre,"iontophoresis (5 min, 7secOn/Off) + helper/rabies: pressure (80 nl/40 nl)"
SW220215-06A,mouse,NCBI:txid10090,C57Bl6,Tracer Injected,Cre-dependent retrograde,SUBvv,"University of California, Los Angeles",Hongwei Dong,U19MH114821-01,U19 Ecker,BIL,https://download.brainimagelibrary.org/bb/65/bb65b3ba913c2aa2/1U19MH114831-01/SW220215-06A,NA,NA,NA,-3.455,-3,-5.25,2. AAV8-hSyn-FLEX-TVA-P2A-GFP-2A-oG,"iontophoresis (5 min, 7secOn/Off) + helper/rabies: pressure (80 nl/40 nl)"
SW220215-06A,mouse,NCBI:txid10090,C57Bl6,Tracer Injected,Cre-dependent retrograde,SUBvv,"University of California, Los Angeles",Hongwei Dong,U19MH114821-01,U19 Ecker,BIL,https://download.brainimagelibrary.org/bb/65/bb65b3ba913c2aa2/1U19MH114831-01/SW220215-06A,NA,NA,NA,-3.455,-3.2,-5.1,3. EnvA G-deleted rabies RVdG-4mCherry,"iontophoresis (5 min, 7secOn/Off) + helper/rabies: pressure (80 nl/40 nl)"
SW220311-03A,mouse,NCBI:txid10090,C57Bl6,Tracer Injected,Cre-dependent retrograde,PVH,"University of California, Los Angeles",Hongwei Dong,U19MH114821-01,U19 Ecker,BIL,https://download.brainimagelibrary.org/bb/65/bb65b3ba913c2aa2/1U19MH114831-01/SW220311-03A,NA,NA,NA,-0.655,0.15,-5.3,1. AAVretro-EF1a-Cre,"iontophoresis (5 min, 7secOn/Off) + helper/rabies: pressure (80 nl/40 nl)"
SW220311-03A,mouse,NCBI:txid10090,C57Bl6,Tracer Injected,Cre-dependent retrograde,LSv,"University of California, Los Angeles",Hongwei Dong,U19MH114821-01,U19 Ecker,BIL,https://download.brainimagelibrary.org/bb/65/bb65b3ba913c2aa2/1U19MH114831-01/SW220311-03A,NA,NA,NA,0.145,0.6,-4.05,2. AAV1-hSyn-FLEX-TVA-2A-GFP-2A-G,"iontophoresis (5 min, 7secOn/Off) + helper/rabies: pressure (80 nl/40 nl)"
SW220311-03A,mouse,NCBI:txid10090,C57Bl6,Tracer Injected,Cre-dependent retrograde,LSv,"University of California, Los Angeles",Hongwei Dong,U19MH114821-01,U19 Ecker,BIL,https://download.brainimagelibrary.org/bb/65/bb65b3ba913c2aa2/1U19MH114831-01/SW220311-03A,NA,NA,NA,0.145,0.6,-4.05,3. EnvA G-deleted rabies dsRedXpress,"iontophoresis (5 min, 7secOn/Off) + helper/rabies: pressure (80 nl/40 nl)"
SW220321-02A,mouse,NCBI:txid10090,C57Bl6,Tracer Injected,Cre-dependent retrograde,ACB,"University of California, Los Angeles",Hongwei Dong,U19MH114821-01,U19 Ecker,BIL,https://download.brainimagelibrary.org/bb/65/bb65b3ba913c2aa2/1U19MH114831-01/SW220321-02A,NA,NA,NA,1.145,0.6,-4.4,1. AAVretro-EF1a-Cre,"iontophoresis (5 min, 7secOn/Off) + helper/rabies: pressure (80 nl/40 nl)"
SW220321-02A,mouse,NCBI:txid10090,C57Bl6,Tracer Injected,Cre-dependent retrograde,SUBvv,"University of California, Los Angeles",Hongwei Dong,U19MH114821-01,U19 Ecker,BIL,https://download.brainimagelibrary.org/bb/65/bb65b3ba913c2aa2/1U19MH114831-01/SW220321-02A,NA,NA,NA,-3.28,3,-5.25,2. AAV1-hSyn-FLEX-TVA-2A-GFP-2A-G,"iontophoresis (5 min, 7secOn/Off) + helper/rabies: pressure (80 nl/40 nl)"
SW220321-02A,mouse,NCBI:txid10090,C57Bl6,Tracer Injected,Cre-dependent retrograde,SUBvv,"University of California, Los Angeles",Hongwei Dong,U19MH114821-01,U19 Ecker,BIL,https://download.brainimagelibrary.org/bb/65/bb65b3ba913c2aa2/1U19MH114831-01/SW220321-02A,NA,NA,NA,-3.28,3,-5.25,3. EnvA G-deleted rabies dsRedXpress,"iontophoresis (5 min, 7secOn/Off) + helper/rabies: pressure (80 nl/40 nl)"
SW220321-03A,mouse,NCBI:txid10090,C57Bl6,Tracer Injected,Cre-dependent retrograde,RE,"University of California, Los Angeles",Hongwei Dong,U19MH114821-01,U19 Ecker,BIL,https://download.brainimagelibrary.org/bb/65/bb65b3ba913c2aa2/1U19MH114831-01/SW220321-03A,NA,NA,NA,-0.655,0.25,-4.75,1. AAVretro-EF1a-Cre,"iontophoresis (5 min, 7secOn/Off) + helper/rabies: pressure (80 nl/40 nl)"
SW220321-03A,mouse,NCBI:txid10090,C57Bl6,Tracer Injected,Cre-dependent retrograde,SUBvv,"University of California, Los Angeles",Hongwei Dong,U19MH114821-01,U19 Ecker,BIL,https://download.brainimagelibrary.org/bb/65/bb65b3ba913c2aa2/1U19MH114831-01/SW220321-03A,NA,NA,NA,-3.455,3.1,-5.25,2. AAV1-hSyn-FLEX-TVA-2A-GFP-2A-G,"iontophoresis (5 min, 7secOn/Off) + helper/rabies: pressure (80 nl/40 nl)"
SW220321-03A,mouse,NCBI:txid10090,C57Bl6,Tracer Injected,Cre-dependent retrograde,SUBvv,"University of California, Los Angeles",Hongwei Dong,U19MH114821-01,U19 Ecker,BIL,https://download.brainimagelibrary.org/bb/65/bb65b3ba913c2aa2/1U19MH114831-01/SW220321-03A,NA,NA,NA,-3.455,3.1,-5.25,3. EnvA G-deleted rabies dsRedXpress,"iontophoresis (5 min, 7secOn/Off) + helper/rabies: pressure (80 nl/40 nl)"
SW220214-01A,mouse,NCBI:txid10090,C57Bl6,Tracer Injected,Cre-dependent retrograde,ACB,"University of California, Los Angeles",Hongwei Dong,U19MH114821-01,U19 Ecker,BIL,https://download.brainimagelibrary.org/bb/65/bb65b3ba913c2aa2/1U19MH114831-01/SW220214-01A,NA,NA,NA,1.045,0.65,-5.35,1. AAVretro-EF1a-Cre,"iontophoresis (5 min, 7secOn/Off) + helper/rabies: pressure (80 nl/40 nl)"
SW220214-01A,mouse,NCBI:txid10090,C57Bl6,Tracer Injected,Cre-dependent retrograde,SUBvv,"University of California, Los Angeles",Hongwei Dong,U19MH114821-01,U19 Ecker,BIL,https://download.brainimagelibrary.org/bb/65/bb65b3ba913c2aa2/1U19MH114831-01/SW220214-01A,NA,NA,NA,-3.455,3,-5.35,2. AAV8-hSyn-FLEX-TVA-P2A-GFP-2A-oG,"iontophoresis (5 min, 7secOn/Off) + helper/rabies: pressure (80 nl/40 nl)"
SW220214-01A,mouse,NCBI:txid10090,C57Bl6,Tracer Injected,Cre-dependent retrograde,SUBvv,"University of California, Los Angeles",Hongwei Dong,U19MH114821-01,U19 Ecker,BIL,https://download.brainimagelibrary.org/bb/65/bb65b3ba913c2aa2/1U19MH114831-01/SW220214-01A,NA,NA,NA,-3.455,3,-5,3. EnvA G-deleted rabies RVdG-4mCherry,"iontophoresis (5 min, 7secOn/Off) + helper/rabies: pressure (80 nl/40 nl)"
SW220215-04A,mouse,NCBI:txid10090,C57Bl6,Tracer Injected,Cre-dependent retrograde,DMH,"University of California, Los Angeles",Hongwei Dong,U19MH114821-01,U19 Ecker,BIL,https://download.brainimagelibrary.org/bb/65/bb65b3ba913c2aa2/1U19MH114831-01/SW220215-04A,NA,NA,NA,-1.755,0.35,-5.7,1. AAVretro-EF1a-Cre,"iontophoresis (5 min, 7secOn/Off) + helper/rabies: pressure (80 nl/40 nl)"
SW220215-04A,mouse,NCBI:txid10090,C57Bl6,Tracer Injected,Cre-dependent retrograde,SUBvv,"University of California, Los Angeles",Hongwei Dong,U19MH114821-01,U19 Ecker,BIL,https://download.brainimagelibrary.org/bb/65/bb65b3ba913c2aa2/1U19MH114831-01/SW220215-04A,NA,NA,NA,-3.68,-3,-5.25,2. AAV8-hSyn-FLEX-TVA-P2A-GFP-2A-oG,"iontophoresis (5 min, 7secOn/Off) + helper/rabies: pressure (80 nl/40 nl)"
SW220215-04A,mouse,NCBI:txid10090,C57Bl6,Tracer Injected,Cre-dependent retrograde,SUBvv,"University of California, Los Angeles",Hongwei Dong,U19MH114821-01,U19 Ecker,BIL,https://download.brainimagelibrary.org/bb/65/bb65b3ba913c2aa2/1U19MH114831-01/SW220215-04A,NA,NA,NA,-3.68,-3,-5.25,3. EnvA G-deleted rabies RVdG-4mCherry,"iontophoresis (5 min, 7secOn/Off) + helper/rabies: pressure (80 nl/40 nl)"
SW220311-01A,mouse,NCBI:txid10090,C57Bl6,Tracer Injected,Cre-dependent retrograde,PVH,"University of California, Los Angeles",Hongwei Dong,U19MH114821-01,U19 Ecker,BIL,https://download.brainimagelibrary.org/bb/65/bb65b3ba913c2aa2/1U19MH114831-01/SW220311-01A,NA,NA,NA,-0.755,0.25,-5.25,1. AAVretro-EF1a-Cre,"iontophoresis (5 min, 7secOn/Off) + helper/rabies: pressure (80 nl/40 nl)"
SW220311-01A,mouse,NCBI:txid10090,C57Bl6,Tracer Injected,Cre-dependent retrograde,BSTmg,"University of California, Los Angeles",Hongwei Dong,U19MH114821-01,U19 Ecker,BIL,https://download.brainimagelibrary.org/bb/65/bb65b3ba913c2aa2/1U19MH114831-01/SW220311-01A,NA,NA,NA,0.02,0.55,-5.25,2. AAV1-hSyn-FLEX-TVA-2A-GFP-2A-G,"iontophoresis (5 min, 7secOn/Off) + helper/rabies: pressure (80 nl/40 nl)"
SW220311-01A,mouse,NCBI:txid10090,C57Bl6,Tracer Injected,Cre-dependent retrograde,BSTmg,"University of California, Los Angeles",Hongwei Dong,U19MH114821-01,U19 Ecker,BIL,https://download.brainimagelibrary.org/bb/65/bb65b3ba913c2aa2/1U19MH114831-01/SW220311-01A,NA,NA,NA,0.02,0.55,-5.25,3. EnvA G-deleted rabies dsRedXpress,"iontophoresis (5 min, 7secOn/Off) + helper/rabies: pressure (80 nl/40 nl)"