Sample ID,Donor ID,Species,Species NCBI Taxonomy ID,Genotype,Modality,Technique,Anatomical Structure,Subspecimen Type,Total Processed Subspecimens,Organization,Investigator,Grant Number,Project,Imaging database,Imaging data link,Comments,Metadata Submission,Age,Sex,QC,Download Link,Visualization Link,Soma_X(CCFv3_1𝜇𝑚),Soma_Y(CCFv3_1𝜇𝑚),Soma_Z(CCFv3_1𝜇𝑚)
15257_2226_x16029_y23953,15257,mouse,NCBI:txid10090,Pvalb-T2A-CreERT2;Ai139,cell morphology,fMOST,MOs,cells,1,SEU-Allen Joint Center,Hanchuan Peng,,zeng_fmost,BIL,/bil/data/df/75/df75626840c76c15/mouseID_210254-15257,,,54,Female,,https://download.neuroxiv.org/SEU-A1876/SEU-ALLEN_full_15257_2226_x16029_y23953_CCFv3.swc,https://neuroxiv.org/?id=SEU-ALLEN_full_15257_2226_x16029_y23953_CCFv3,2953.52,2879.02,3753.05
15257_2309_x13266_y25533,15257,mouse,NCBI:txid10090,Pvalb-T2A-CreERT2;Ai139,cell morphology,fMOST,MOs,cells,1,SEU-Allen Joint Center,Hanchuan Peng,,zeng_fmost,BIL,/bil/data/df/75/df75626840c76c15/mouseID_210254-15257,,,54,Female,,https://download.neuroxiv.org/SEU-A1876/SEU-ALLEN_full_15257_2309_x13266_y25533_CCFv3.swc,https://neuroxiv.org/?id=SEU-ALLEN_full_15257_2309_x13266_y25533_CCFv3,3360.52,4078.52,3174.52
15257_2627_x17126_y20600,15257,mouse,NCBI:txid10090,Pvalb-T2A-CreERT2;Ai139,cell morphology,fMOST,ACAd,cells,1,SEU-Allen Joint Center,Hanchuan Peng,,zeng_fmost,BIL,/bil/data/df/75/df75626840c76c15/mouseID_210254-15257,,,54,Female,,https://download.neuroxiv.org/SEU-A1876/SEU-ALLEN_full_15257_2627_x17126_y20600_CCFv3.swc,https://neuroxiv.org/?id=SEU-ALLEN_full_15257_2627_x17126_y20600_CCFv3,3426.95,2009.28,5138.98
15257_3271_x15413_y13333,15257,mouse,NCBI:txid10090,Pvalb-T2A-CreERT2;Ai139,cell morphology,fMOST,MOp,cells,1,SEU-Allen Joint Center,Hanchuan Peng,,zeng_fmost,BIL,/bil/data/df/75/df75626840c76c15/mouseID_210254-15257,,,54,Female,,https://download.neuroxiv.org/SEU-A1876/SEU-ALLEN_full_15257_3271_x15413_y13333_CCFv3.swc,https://neuroxiv.org/?id=SEU-ALLEN_full_15257_3271_x15413_y13333_CCFv3,4440.12,2628,8036.3
15257_4021_x16401_y21556,15257,mouse,NCBI:txid10090,Pvalb-T2A-CreERT2;Ai139,cell morphology,fMOST,MOs,cells,1,SEU-Allen Joint Center,Hanchuan Peng,,zeng_fmost,BIL,/bil/data/df/75/df75626840c76c15/mouseID_210254-15257,,,54,Female,,https://download.neuroxiv.org/SEU-A1876/SEU-ALLEN_full_15257_4021_x16401_y21556_CCFv3.swc,https://neuroxiv.org/?id=SEU-ALLEN_full_15257_4021_x16401_y21556_CCFv3,5478.52,1682.57,4882.1
15257_4149_x16164_y21238,15257,mouse,NCBI:txid10090,Pvalb-T2A-CreERT2;Ai139,cell morphology,fMOST,ACAd,cells,1,SEU-Allen Joint Center,Hanchuan Peng,,zeng_fmost,BIL,/bil/data/df/75/df75626840c76c15/mouseID_210254-15257,,,54,Female,,https://download.neuroxiv.org/SEU-A1876/SEU-ALLEN_full_15257_4149_x16164_y21238_CCFv3.swc,https://neuroxiv.org/?id=SEU-ALLEN_full_15257_4149_x16164_y21238_CCFv3,5674.52,1737.72,5003.65
15257_4397_x16794_y21812,15257,mouse,NCBI:txid10090,Pvalb-T2A-CreERT2;Ai139,cell morphology,fMOST,MOp,cells,1,SEU-Allen Joint Center,Hanchuan Peng,,zeng_fmost,BIL,/bil/data/df/75/df75626840c76c15/mouseID_210254-15257,,,54,Female,,https://download.neuroxiv.org/SEU-A1876/SEU-ALLEN_full_15257_4397_x16794_y21812_CCFv3.swc,https://neuroxiv.org/?id=SEU-ALLEN_full_15257_4397_x16794_y21812_CCFv3,5906.85,1339.68,4785.7
15257_4485_x16442_y16836,15257,mouse,NCBI:txid10090,Pvalb-T2A-CreERT2;Ai139,cell morphology,fMOST,MOp,cells,1,SEU-Allen Joint Center,Hanchuan Peng,,zeng_fmost,BIL,/bil/data/df/75/df75626840c76c15/mouseID_210254-15257,,,54,Female,,https://download.neuroxiv.org/SEU-A1876/SEU-ALLEN_full_15257_4485_x16442_y16836_CCFv3.swc,https://neuroxiv.org/?id=SEU-ALLEN_full_15257_4485_x16442_y16836_CCFv3,5973.88,1427.1,6585.3
15257_4500_x16614_y17147,15257,mouse,NCBI:txid10090,Pvalb-T2A-CreERT2;Ai139,cell morphology,fMOST,MOs,cells,1,SEU-Allen Joint Center,Hanchuan Peng,,zeng_fmost,BIL,/bil/data/df/75/df75626840c76c15/mouseID_210254-15257,,,54,Female,,https://download.neuroxiv.org/SEU-A1876/SEU-ALLEN_full_15257_4500_x16614_y17147_CCFv3.swc,https://neuroxiv.org/?id=SEU-ALLEN_full_15257_4500_x16614_y17147_CCFv3,5979.8,1331.78,6464.42
17109_1701_x8048_y22277,17109,mouse,NCBI:txid10090,Gnb4-IRES2-CreERT2;Ai140,cell morphology,fMOST,AId,cells,1,SEU-Allen Joint Center,Hanchuan Peng,,zeng_fmost,BIL,/bil/data/biccn/zeng/luo/fmost/mouseID_297974-17109,,,62,Male,,https://download.neuroxiv.org/SEU-A1876/SEU-ALLEN_full_17109_1701_x8048_y22277_CCFv3.swc,https://neuroxiv.org/?id=SEU-ALLEN_full_17109_1701_x8048_y22277_CCFv3,2820.18,3990.05,7795.55
17109_1801_x6698_y12550,17109,mouse,NCBI:txid10090,Gnb4-IRES2-CreERT2;Ai140,cell morphology,fMOST,AId,cells,1,SEU-Allen Joint Center,Hanchuan Peng,,zeng_fmost,BIL,/bil/data/biccn/zeng/luo/fmost/mouseID_297974-17109,,,62,Male,,https://download.neuroxiv.org/SEU-A1876/SEU-ALLEN_full_17109_1801_x6698_y12550_CCFv3.swc,https://neuroxiv.org/?id=SEU-ALLEN_full_17109_1801_x6698_y12550_CCFv3,3003.12,3453.77,4191.8
17109_1901_x9602_y10508,17109,mouse,NCBI:txid10090,Gnb4-IRES2-CreERT2;Ai140,cell morphology,fMOST,AId,cells,1,SEU-Allen Joint Center,Hanchuan Peng,,zeng_fmost,BIL,/bil/data/biccn/zeng/luo/fmost/mouseID_297974-17109,,,62,Male,,https://download.neuroxiv.org/SEU-A1876/SEU-ALLEN_full_17109_1901_x9602_y10508_CCFv3.swc,https://neuroxiv.org/?id=SEU-ALLEN_full_17109_1901_x9602_y10508_CCFv3,3183.95,4764.25,3375.82
17109_2201_x8046_y23301,17109,mouse,NCBI:txid10090,Gnb4-IRES2-CreERT2;Ai140,cell morphology,fMOST,MOs,cells,1,SEU-Allen Joint Center,Hanchuan Peng,,zeng_fmost,BIL,/bil/data/biccn/zeng/luo/fmost/mouseID_297974-17109,,,62,Male,,https://download.neuroxiv.org/SEU-A1876/SEU-ALLEN_full_17109_2201_x8046_y23301_CCFv3.swc,https://neuroxiv.org/?id=SEU-ALLEN_full_17109_2201_x8046_y23301_CCFv3,3479.62,3790.73,8126.5
17109_2301_x8535_y23051,17109,mouse,NCBI:txid10090,Gnb4-IRES2-CreERT2;Ai140,cell morphology,fMOST,AId,cells,1,SEU-Allen Joint Center,Hanchuan Peng,,zeng_fmost,BIL,/bil/data/biccn/zeng/luo/fmost/mouseID_297974-17109,,,62,Male,,https://download.neuroxiv.org/SEU-A1876/SEU-ALLEN_full_17109_2301_x8535_y23051_CCFv3.swc,https://neuroxiv.org/?id=SEU-ALLEN_full_17109_2301_x8535_y23051_CCFv3,3562.35,4013.73,8007.98
17109_2301_x9418_y23665,17109,mouse,NCBI:txid10090,Gnb4-IRES2-CreERT2;Ai140,cell morphology,fMOST,AId,cells,1,SEU-Allen Joint Center,Hanchuan Peng,,zeng_fmost,BIL,/bil/data/biccn/zeng/luo/fmost/mouseID_297974-17109,,,62,Male,,https://download.neuroxiv.org/SEU-A1876/SEU-ALLEN_full_17109_2301_x9418_y23665_CCFv3.swc,https://neuroxiv.org/?id=SEU-ALLEN_full_17109_2301_x9418_y23665_CCFv3,3535.43,4363.25,8328.1
17109_2401_x8977_y24184,17109,mouse,NCBI:txid10090,Gnb4-IRES2-CreERT2;Ai140,cell morphology,fMOST,MOp,cells,1,SEU-Allen Joint Center,Hanchuan Peng,,zeng_fmost,BIL,/bil/data/biccn/zeng/luo/fmost/mouseID_297974-17109,,,62,Male,,https://download.neuroxiv.org/SEU-A1876/SEU-ALLEN_full_17109_2401_x8977_y24184_CCFv3.swc,https://neuroxiv.org/?id=SEU-ALLEN_full_17109_2401_x8977_y24184_CCFv3,3737.1,4093.52,8497.25
17109_2401_x9338_y2394,17109,mouse,NCBI:txid10090,Gnb4-IRES2-CreERT2;Ai140,cell morphology,fMOST,AId,cells,1,SEU-Allen Joint Center,Hanchuan Peng,,zeng_fmost,BIL,/bil/data/biccn/zeng/luo/fmost/mouseID_297974-17109,,,62,Male,,https://download.neuroxiv.org/SEU-A1876/SEU-ALLEN_full_17109_2401_x9338_y2394_CCFv3.swc,https://neuroxiv.org/?id=SEU-ALLEN_full_17109_2401_x9338_y2394_CCFv3,3727.1,4285.15,8300.92
17109_2401_x9695_y9693,17109,mouse,NCBI:txid10090,Gnb4-IRES2-CreERT2;Ai140,cell morphology,fMOST,CLA,cells,1,SEU-Allen Joint Center,Hanchuan Peng,,zeng_fmost,BIL,/bil/data/biccn/zeng/luo/fmost/mouseID_297974-17109,,,62,Male,,https://download.neuroxiv.org/SEU-A1876/SEU-ALLEN_full_17109_2401_x9695_y9693_CCFv3.swc,https://neuroxiv.org/?id=SEU-ALLEN_full_17109_2401_x9695_y9693_CCFv3,3879,4732.1,3261.88
17109_2401_x9954_y9122,17109,mouse,NCBI:txid10090,Gnb4-IRES2-CreERT2;Ai140,cell morphology,fMOST,AId,cells,1,SEU-Allen Joint Center,Hanchuan Peng,,zeng_fmost,BIL,/bil/data/biccn/zeng/luo/fmost/mouseID_297974-17109,,,62,Male,,https://download.neuroxiv.org/SEU-A1876/SEU-ALLEN_full_17109_2401_x9954_y9122_CCFv3.swc,https://neuroxiv.org/?id=SEU-ALLEN_full_17109_2401_x9954_y9122_CCFv3,3832.8,4865.83,2947.77
17109_2500_x9864_y9311,17109,mouse,NCBI:txid10090,Gnb4-IRES2-CreERT2;Ai140,cell morphology,fMOST,CLA,cells,1,SEU-Allen Joint Center,Hanchuan Peng,,zeng_fmost,BIL,/bil/data/biccn/zeng/luo/fmost/mouseID_297974-17109,,,62,Male,,https://download.neuroxiv.org/SEU-A1876/SEU-ALLEN_full_17109_2500_x9864_y9311_CCFv3.swc,https://neuroxiv.org/?id=SEU-ALLEN_full_17109_2500_x9864_y9311_CCFv3,3930.45,4806.4,3081
17109_2601_x10213_y8783,17109,mouse,NCBI:txid10090,Gnb4-IRES2-CreERT2;Ai140,cell morphology,fMOST,CLA,cells,1,SEU-Allen Joint Center,Hanchuan Peng,,zeng_fmost,BIL,/bil/data/biccn/zeng/luo/fmost/mouseID_297974-17109,,,62,Male,,https://download.neuroxiv.org/SEU-A1876/SEU-ALLEN_full_17109_2601_x10213_y8783_CCFv3.swc,https://neuroxiv.org/?id=SEU-ALLEN_full_17109_2601_x10213_y8783_CCFv3,4126.17,4934.65,2859.57
17109_2601_x9296_y24691,17109,mouse,NCBI:txid10090,Gnb4-IRES2-CreERT2;Ai140,cell morphology,fMOST,CLA,cells,1,SEU-Allen Joint Center,Hanchuan Peng,,zeng_fmost,BIL,/bil/data/biccn/zeng/luo/fmost/mouseID_297974-17109,,,62,Male,,https://download.neuroxiv.org/SEU-A1876/SEU-ALLEN_full_17109_2601_x9296_y24691_CCFv3.swc,https://neuroxiv.org/?id=SEU-ALLEN_full_17109_2601_x9296_y24691_CCFv3,3998.12,4142.3,8708.08
17109_2601_x9498_y8169,17109,mouse,NCBI:txid10090,Gnb4-IRES2-CreERT2;Ai140,cell morphology,fMOST,AId,cells,1,SEU-Allen Joint Center,Hanchuan Peng,,zeng_fmost,BIL,/bil/data/biccn/zeng/luo/fmost/mouseID_297974-17109,,,62,Male,,https://download.neuroxiv.org/SEU-A1876/SEU-ALLEN_full_17109_2601_x9498_y8169_CCFv3.swc,https://neuroxiv.org/?id=SEU-ALLEN_full_17109_2601_x9498_y8169_CCFv3,4160.4,4654.17,2645.73
17109_3101_x10824_y7188,17109,mouse,NCBI:txid10090,Gnb4-IRES2-CreERT2;Ai140,cell morphology,fMOST,CLA,cells,1,SEU-Allen Joint Center,Hanchuan Peng,,zeng_fmost,BIL,/bil/data/biccn/zeng/luo/fmost/mouseID_297974-17109,,,62,Male,,https://download.neuroxiv.org/SEU-A1876/SEU-ALLEN_full_17109_3101_x10824_y7188_CCFv3.swc,https://neuroxiv.org/?id=SEU-ALLEN_full_17109_3101_x10824_y7188_CCFv3,4866.08,5111.02,2283.25
17109_3701_x9228_y26684,17109,mouse,NCBI:txid10090,Gnb4-IRES2-CreERT2;Ai140,cell morphology,fMOST,SSs,cells,1,SEU-Allen Joint Center,Hanchuan Peng,,zeng_fmost,BIL,/bil/data/biccn/zeng/luo/fmost/mouseID_297974-17109,,,62,Male,,https://download.neuroxiv.org/SEU-A1876/SEU-ALLEN_full_17109_3701_x9228_y26684_CCFv3.swc,https://neuroxiv.org/?id=SEU-ALLEN_full_17109_3701_x9228_y26684_CCFv3,5291.92,3768.85,9538.47
17109_4101_x6753_y6197,17109,mouse,NCBI:txid10090,Gnb4-IRES2-CreERT2;Ai140,cell morphology,fMOST,SSs,cells,1,SEU-Allen Joint Center,Hanchuan Peng,,zeng_fmost,BIL,/bil/data/biccn/zeng/luo/fmost/mouseID_297974-17109,,,62,Male,,https://download.neuroxiv.org/SEU-A1876/SEU-ALLEN_full_17109_4101_x6753_y6197_CCFv3.swc,https://neuroxiv.org/?id=SEU-ALLEN_full_17109_4101_x6753_y6197_CCFv3,6037.48,3118.3,2125.35
17109_4764_x6621_y5727,17109,mouse,NCBI:txid10090,Gnb4-IRES2-CreERT2;Ai140,cell morphology,fMOST,SSs,cells,1,SEU-Allen Joint Center,Hanchuan Peng,,zeng_fmost,BIL,/bil/data/biccn/zeng/luo/fmost/mouseID_297974-17109,,,62,Male,,https://download.neuroxiv.org/SEU-A1876/SEU-ALLEN_full_17109_4764_x6621_y5727_CCFv3.swc,https://neuroxiv.org/?id=SEU-ALLEN_full_17109_4764_x6621_y5727_CCFv3,6806.92,2987.2,1964.68
17109_4772_x9038_y27257,17109,mouse,NCBI:txid10090,Gnb4-IRES2-CreERT2;Ai140,cell morphology,fMOST,SSs,cells,1,SEU-Allen Joint Center,Hanchuan Peng,,zeng_fmost,BIL,/bil/data/biccn/zeng/luo/fmost/mouseID_297974-17109,,,62,Male,,https://download.neuroxiv.org/SEU-A1876/SEU-ALLEN_full_17109_4772_x9038_y27257_CCFv3.swc,https://neuroxiv.org/?id=SEU-ALLEN_full_17109_4772_x9038_y27257_CCFv3,6566.08,3493.15,9725.55
17109_6201_x4328_y6753,17109,mouse,NCBI:txid10090,Gnb4-IRES2-CreERT2;Ai140,cell morphology,fMOST,VISp,cells,1,SEU-Allen Joint Center,Hanchuan Peng,,zeng_fmost,BIL,/bil/data/biccn/zeng/luo/fmost/mouseID_297974-17109,,,62,Male,,https://download.neuroxiv.org/SEU-A1876/SEU-ALLEN_full_17109_6201_x4328_y6753_CCFv3.swc,https://neuroxiv.org/?id=SEU-ALLEN_full_17109_6201_x4328_y6753_CCFv3,9260.58,1814.68,2845.55
17109_6301_x4756_y24516,17109,mouse,NCBI:txid10090,Gnb4-IRES2-CreERT2;Ai140,cell morphology,fMOST,VISrl,cells,1,SEU-Allen Joint Center,Hanchuan Peng,,zeng_fmost,BIL,/bil/data/biccn/zeng/luo/fmost/mouseID_297974-17109,,,62,Male,,https://download.neuroxiv.org/SEU-A1876/SEU-ALLEN_full_17109_6301_x4756_y24516_CCFv3.swc,https://neuroxiv.org/?id=SEU-ALLEN_full_17109_6301_x4756_y24516_CCFv3,8614.05,1527.88,8583.65
17109_6401_x7641_y3978,17109,mouse,NCBI:txid10090,Gnb4-IRES2-CreERT2;Ai140,cell morphology,fMOST,AUDv,cells,1,SEU-Allen Joint Center,Hanchuan Peng,,zeng_fmost,BIL,/bil/data/biccn/zeng/luo/fmost/mouseID_297974-17109,,,62,Male,,https://download.neuroxiv.org/SEU-A1876/SEU-ALLEN_full_17109_6401_x7641_y3978_CCFv3.swc,https://neuroxiv.org/?id=SEU-ALLEN_full_17109_6401_x7641_y3978_CCFv3,9096.25,3343.18,1533.03
17109_6401_x7989_y3767,17109,mouse,NCBI:txid10090,Gnb4-IRES2-CreERT2;Ai140,cell morphology,fMOST,AUDv,cells,1,SEU-Allen Joint Center,Hanchuan Peng,,zeng_fmost,BIL,/bil/data/biccn/zeng/luo/fmost/mouseID_297974-17109,,,62,Male,,https://download.neuroxiv.org/SEU-A1876/SEU-ALLEN_full_17109_6401_x7989_y3767_CCFv3.swc,https://neuroxiv.org/?id=SEU-ALLEN_full_17109_6401_x7989_y3767_CCFv3,9028.03,3275.95,1457.12
17109_6501_x6997_y4287,17109,mouse,NCBI:txid10090,Gnb4-IRES2-CreERT2;Ai140,cell morphology,fMOST,AUDpo,cells,1,SEU-Allen Joint Center,Hanchuan Peng,,zeng_fmost,BIL,/bil/data/biccn/zeng/luo/fmost/mouseID_297974-17109,,,62,Male,,https://download.neuroxiv.org/SEU-A1876/SEU-ALLEN_full_17109_6501_x6997_y4287_CCFv3.swc,https://neuroxiv.org/?id=SEU-ALLEN_full_17109_6501_x6997_y4287_CCFv3,9152.62,3034.45,1570.25
17109_6601_x4384_y7436,17109,mouse,NCBI:txid10090,Gnb4-IRES2-CreERT2;Ai140,cell morphology,fMOST,VISal,cells,1,SEU-Allen Joint Center,Hanchuan Peng,,zeng_fmost,BIL,/bil/data/biccn/zeng/luo/fmost/mouseID_297974-17109,,,62,Male,,https://download.neuroxiv.org/SEU-A1876/SEU-ALLEN_full_17109_6601_x4384_y7436_CCFv3.swc,https://neuroxiv.org/?id=SEU-ALLEN_full_17109_6601_x4384_y7436_CCFv3,8783.03,1785.6,2531.85
17109_6601_x5417_y25287,17109,mouse,NCBI:txid10090,Gnb4-IRES2-CreERT2;Ai140,cell morphology,fMOST,VISal,cells,1,SEU-Allen Joint Center,Hanchuan Peng,,zeng_fmost,BIL,/bil/data/biccn/zeng/luo/fmost/mouseID_297974-17109,,,62,Male,,https://download.neuroxiv.org/SEU-A1876/SEU-ALLEN_full_17109_6601_x5417_y25287_CCFv3.swc,https://neuroxiv.org/?id=SEU-ALLEN_full_17109_6601_x5417_y25287_CCFv3,8962.83,1845.2,8970.28
17109_6801_x7432_y4405,17109,mouse,NCBI:txid10090,Gnb4-IRES2-CreERT2;Ai140,cell morphology,fMOST,TEa,cells,1,SEU-Allen Joint Center,Hanchuan Peng,,zeng_fmost,BIL,/bil/data/biccn/zeng/luo/fmost/mouseID_297974-17109,,,62,Male,,https://download.neuroxiv.org/SEU-A1876/SEU-ALLEN_full_17109_6801_x7432_y4405_CCFv3.swc,https://neuroxiv.org/?id=SEU-ALLEN_full_17109_6801_x7432_y4405_CCFv3,9533.3,3203.02,1673.53
17109_6901_x7203_y26714,17109,mouse,NCBI:txid10090,Gnb4-IRES2-CreERT2;Ai140,cell morphology,fMOST,TEa,cells,1,SEU-Allen Joint Center,Hanchuan Peng,,zeng_fmost,BIL,/bil/data/biccn/zeng/luo/fmost/mouseID_297974-17109,,,62,Male,,https://download.neuroxiv.org/SEU-A1876/SEU-ALLEN_full_17109_6901_x7203_y26714_CCFv3.swc,https://neuroxiv.org/?id=SEU-ALLEN_full_17109_6901_x7203_y26714_CCFv3,9248.9,2556.02,9601.83
17109_7001_x5738_y6470,17109,mouse,NCBI:txid10090,Gnb4-IRES2-CreERT2;Ai140,cell morphology,fMOST,VISl,cells,1,SEU-Allen Joint Center,Hanchuan Peng,,zeng_fmost,BIL,/bil/data/biccn/zeng/luo/fmost/mouseID_297974-17109,,,62,Male,,https://download.neuroxiv.org/SEU-A1876/SEU-ALLEN_full_17109_7001_x5738_y6470_CCFv3.swc,https://neuroxiv.org/?id=SEU-ALLEN_full_17109_7001_x5738_y6470_CCFv3,9733.45,2493.9,2500.73
17109_7001_x6205_y5194,17109,mouse,NCBI:txid10090,Gnb4-IRES2-CreERT2;Ai140,cell morphology,fMOST,TEa,cells,1,SEU-Allen Joint Center,Hanchuan Peng,,zeng_fmost,BIL,/bil/data/biccn/zeng/luo/fmost/mouseID_297974-17109,,,62,Male,,https://download.neuroxiv.org/SEU-A1876/SEU-ALLEN_full_17109_7001_x6205_y5194_CCFv3.swc,https://neuroxiv.org/?id=SEU-ALLEN_full_17109_7001_x6205_y5194_CCFv3,9757.48,2722.18,1932.78
17300_3426_x20339_y44872,17300,mouse,NCBI:txid10090,Plxnd1-CreER;Ai82;Ai140,cell morphology,fMOST,SSs,cells,1,SEU-Allen Joint Center,Hanchuan Peng,,zeng_fmost,BIL,/bil/data/biccn/zeng/luo/fmost/mouseID_314107-17300,,,88,Female,,https://download.neuroxiv.org/SEU-A1876/SEU-ALLEN_full_17300_3426_x20339_y44872_CCFv3.swc,https://neuroxiv.org/?id=SEU-ALLEN_full_17300_3426_x20339_y44872_CCFv3,5354.05,3600.68,9876.05
17300_3514_x19676_y45282,17300,mouse,NCBI:txid10090,Plxnd1-CreER;Ai82;Ai140,cell morphology,fMOST,SSs,cells,1,SEU-Allen Joint Center,Hanchuan Peng,,zeng_fmost,BIL,/bil/data/biccn/zeng/luo/fmost/mouseID_314107-17300,,,88,Female,,https://download.neuroxiv.org/SEU-A1876/SEU-ALLEN_full_17300_3514_x19676_y45282_CCFv3.swc,https://neuroxiv.org/?id=SEU-ALLEN_full_17300_3514_x19676_y45282_CCFv3,5454.7,3748.02,9976.88
17300_5571_x27063_y39610,17300,mouse,NCBI:txid10090,Plxnd1-CreER;Ai82;Ai140,cell morphology,fMOST,VISa,cells,1,SEU-Allen Joint Center,Hanchuan Peng,,zeng_fmost,BIL,/bil/data/biccn/zeng/luo/fmost/mouseID_314107-17300,,,88,Female,,https://download.neuroxiv.org/SEU-A1876/SEU-ALLEN_full_17300_5571_x27063_y39610_CCFv3.swc,https://neuroxiv.org/?id=SEU-ALLEN_full_17300_5571_x27063_y39610_CCFv3,7845.58,1084.25,8362.25
17300_5896_x24862_y27320,17300,mouse,NCBI:txid10090,Plxnd1-CreER;Ai82;Ai140,cell morphology,fMOST,RSPv,cells,1,SEU-Allen Joint Center,Hanchuan Peng,,zeng_fmost,BIL,/bil/data/biccn/zeng/luo/fmost/mouseID_314107-17300,,,88,Female,,https://download.neuroxiv.org/SEU-A1876/SEU-ALLEN_full_17300_5896_x24862_y27320_CCFv3.swc,https://neuroxiv.org/?id=SEU-ALLEN_full_17300_5896_x24862_y27320_CCFv3,8308.12,1610.82,5457
17300_5969_x27278_y20820,17300,mouse,NCBI:txid10090,Plxnd1-CreER;Ai82;Ai140,cell morphology,fMOST,VISp,cells,1,SEU-Allen Joint Center,Hanchuan Peng,,zeng_fmost,BIL,/bil/data/biccn/zeng/luo/fmost/mouseID_314107-17300,,,88,Female,,https://download.neuroxiv.org/SEU-A1876/SEU-ALLEN_full_17300_5969_x27278_y20820_CCFv3.swc,https://neuroxiv.org/?id=SEU-ALLEN_full_17300_5969_x27278_y20820_CCFv3,8162.77,794.875,4004.32
17300_6010_x23413_y13446,17300,mouse,NCBI:txid10090,Plxnd1-CreER;Ai82;Ai140,cell morphology,fMOST,VISal,cells,1,SEU-Allen Joint Center,Hanchuan Peng,,zeng_fmost,BIL,/bil/data/biccn/zeng/luo/fmost/mouseID_314107-17300,,,88,Female,,https://download.neuroxiv.org/SEU-A1876/SEU-ALLEN_full_17300_6010_x23413_y13446_CCFv3.swc,https://neuroxiv.org/?id=SEU-ALLEN_full_17300_6010_x23413_y13446_CCFv3,8363.75,1941.55,1893.57
17302_00001,17302,mouse,NCBI:txid10090,Tnnt1-IRES2-CreERT2;Ai82;Ai140,cell morphology,fMOST,CP,cells,1,SEU-Allen Joint Center,Hanchuan Peng,,zeng_fmost,BIL,/bil/data/biccn/zeng/luo/fmost/mouseID_321237-17302,,,60,Male,,https://download.neuroxiv.org/SEU-A1876/SEU-ALLEN_full_17302_00001_CCFv3.swc,https://neuroxiv.org/?id=SEU-ALLEN_full_17302_00001_CCFv3,5127.98,4972.75,9085.9
17302_00002,17302,mouse,NCBI:txid10090,Tnnt1-IRES2-CreERT2;Ai82;Ai140,cell morphology,fMOST,CP,cells,1,SEU-Allen Joint Center,Hanchuan Peng,,zeng_fmost,BIL,/bil/data/biccn/zeng/luo/fmost/mouseID_321237-17302,,,60,Male,,https://download.neuroxiv.org/SEU-A1876/SEU-ALLEN_full_17302_00002_CCFv3.swc,https://neuroxiv.org/?id=SEU-ALLEN_full_17302_00002_CCFv3,4999.4,5010.58,9060.3
17302_00003,17302,mouse,NCBI:txid10090,Tnnt1-IRES2-CreERT2;Ai82;Ai140,cell morphology,fMOST,CP,cells,1,SEU-Allen Joint Center,Hanchuan Peng,,zeng_fmost,BIL,/bil/data/biccn/zeng/luo/fmost/mouseID_321237-17302,,,60,Male,,https://download.neuroxiv.org/SEU-A1876/SEU-ALLEN_full_17302_00003_CCFv3.swc,https://neuroxiv.org/?id=SEU-ALLEN_full_17302_00003_CCFv3,5143.73,4929.4,9214
17302_00005,17302,mouse,NCBI:txid10090,Tnnt1-IRES2-CreERT2;Ai82;Ai140,cell morphology,fMOST,CP,cells,1,SEU-Allen Joint Center,Hanchuan Peng,,zeng_fmost,BIL,/bil/data/biccn/zeng/luo/fmost/mouseID_321237-17302,,,60,Male,,https://download.neuroxiv.org/SEU-A1876/SEU-ALLEN_full_17302_00005_CCFv3.swc,https://neuroxiv.org/?id=SEU-ALLEN_full_17302_00005_CCFv3,4939.75,4732.02,8835.58
17302_00006,17302,mouse,NCBI:txid10090,Tnnt1-IRES2-CreERT2;Ai82;Ai140,cell morphology,fMOST,CP,cells,1,SEU-Allen Joint Center,Hanchuan Peng,,zeng_fmost,BIL,/bil/data/biccn/zeng/luo/fmost/mouseID_321237-17302,,,60,Male,,https://download.neuroxiv.org/SEU-A1876/SEU-ALLEN_full_17302_00006_CCFv3.swc,https://neuroxiv.org/?id=SEU-ALLEN_full_17302_00006_CCFv3,5222.52,4698.3,9069.6
17302_00007,17302,mouse,NCBI:txid10090,Tnnt1-IRES2-CreERT2;Ai82;Ai140,cell morphology,fMOST,CP,cells,1,SEU-Allen Joint Center,Hanchuan Peng,,zeng_fmost,BIL,/bil/data/biccn/zeng/luo/fmost/mouseID_321237-17302,,,60,Male,,https://download.neuroxiv.org/SEU-A1876/SEU-ALLEN_full_17302_00007_CCFv3.swc,https://neuroxiv.org/?id=SEU-ALLEN_full_17302_00007_CCFv3,5270.67,4716.52,9040.53
17302_00009,17302,mouse,NCBI:txid10090,Tnnt1-IRES2-CreERT2;Ai82;Ai140,cell morphology,fMOST,CP,cells,1,SEU-Allen Joint Center,Hanchuan Peng,,zeng_fmost,BIL,/bil/data/biccn/zeng/luo/fmost/mouseID_321237-17302,,,60,Male,,https://download.neuroxiv.org/SEU-A1876/SEU-ALLEN_full_17302_00009_CCFv3.swc,https://neuroxiv.org/?id=SEU-ALLEN_full_17302_00009_CCFv3,5070.42,4553.95,8955.7
17302_00010,17302,mouse,NCBI:txid10090,Tnnt1-IRES2-CreERT2;Ai82;Ai140,cell morphology,fMOST,CP,cells,1,SEU-Allen Joint Center,Hanchuan Peng,,zeng_fmost,BIL,/bil/data/biccn/zeng/luo/fmost/mouseID_321237-17302,,,60,Male,,https://download.neuroxiv.org/SEU-A1876/SEU-ALLEN_full_17302_00010_CCFv3.swc,https://neuroxiv.org/?id=SEU-ALLEN_full_17302_00010_CCFv3,5068.3,4388.38,8871.7
17302_00011,17302,mouse,NCBI:txid10090,Tnnt1-IRES2-CreERT2;Ai82;Ai140,cell morphology,fMOST,CP,cells,1,SEU-Allen Joint Center,Hanchuan Peng,,zeng_fmost,BIL,/bil/data/biccn/zeng/luo/fmost/mouseID_321237-17302,,,60,Male,,https://download.neuroxiv.org/SEU-A1876/SEU-ALLEN_full_17302_00011_CCFv3.swc,https://neuroxiv.org/?id=SEU-ALLEN_full_17302_00011_CCFv3,5252,4526.48,9084.28
17302_00013,17302,mouse,NCBI:txid10090,Tnnt1-IRES2-CreERT2;Ai82;Ai140,cell morphology,fMOST,CP,cells,1,SEU-Allen Joint Center,Hanchuan Peng,,zeng_fmost,BIL,/bil/data/biccn/zeng/luo/fmost/mouseID_321237-17302,,,60,Male,,https://download.neuroxiv.org/SEU-A1876/SEU-ALLEN_full_17302_00013_CCFv3.swc,https://neuroxiv.org/?id=SEU-ALLEN_full_17302_00013_CCFv3,5113.15,4445.2,9005.67
17302_00014,17302,mouse,NCBI:txid10090,Tnnt1-IRES2-CreERT2;Ai82;Ai140,cell morphology,fMOST,CP,cells,1,SEU-Allen Joint Center,Hanchuan Peng,,zeng_fmost,BIL,/bil/data/biccn/zeng/luo/fmost/mouseID_321237-17302,,,60,Male,,https://download.neuroxiv.org/SEU-A1876/SEU-ALLEN_full_17302_00014_CCFv3.swc,https://neuroxiv.org/?id=SEU-ALLEN_full_17302_00014_CCFv3,4809.95,4174.23,8894.23
17302_00015,17302,mouse,NCBI:txid10090,Tnnt1-IRES2-CreERT2;Ai82;Ai140,cell morphology,fMOST,CP,cells,1,SEU-Allen Joint Center,Hanchuan Peng,,zeng_fmost,BIL,/bil/data/biccn/zeng/luo/fmost/mouseID_321237-17302,,,60,Male,,https://download.neuroxiv.org/SEU-A1876/SEU-ALLEN_full_17302_00015_CCFv3.swc,https://neuroxiv.org/?id=SEU-ALLEN_full_17302_00015_CCFv3,5233.42,4152.45,9032.6
17302_00016,17302,mouse,NCBI:txid10090,Tnnt1-IRES2-CreERT2;Ai82;Ai140,cell morphology,fMOST,CP,cells,1,SEU-Allen Joint Center,Hanchuan Peng,,zeng_fmost,BIL,/bil/data/biccn/zeng/luo/fmost/mouseID_321237-17302,,,60,Male,,https://download.neuroxiv.org/SEU-A1876/SEU-ALLEN_full_17302_00016_CCFv3.swc,https://neuroxiv.org/?id=SEU-ALLEN_full_17302_00016_CCFv3,4993.33,3848.3,8884.88
17302_00017,17302,mouse,NCBI:txid10090,Tnnt1-IRES2-CreERT2;Ai82;Ai140,cell morphology,fMOST,CP,cells,1,SEU-Allen Joint Center,Hanchuan Peng,,zeng_fmost,BIL,/bil/data/biccn/zeng/luo/fmost/mouseID_321237-17302,,,60,Male,,https://download.neuroxiv.org/SEU-A1876/SEU-ALLEN_full_17302_00017_CCFv3.swc,https://neuroxiv.org/?id=SEU-ALLEN_full_17302_00017_CCFv3,6886.2,4689.35,9512.72
17302_00018,17302,mouse,NCBI:txid10090,Tnnt1-IRES2-CreERT2;Ai82;Ai140,cell morphology,fMOST,CP,cells,1,SEU-Allen Joint Center,Hanchuan Peng,,zeng_fmost,BIL,/bil/data/biccn/zeng/luo/fmost/mouseID_321237-17302,,,60,Male,,https://download.neuroxiv.org/SEU-A1876/SEU-ALLEN_full_17302_00018_CCFv3.swc,https://neuroxiv.org/?id=SEU-ALLEN_full_17302_00018_CCFv3,5181.42,5271.48,8659.4
17302_00020,17302,mouse,NCBI:txid10090,Tnnt1-IRES2-CreERT2;Ai82;Ai140,cell morphology,fMOST,VPL,cells,1,SEU-Allen Joint Center,Hanchuan Peng,,zeng_fmost,BIL,/bil/data/biccn/zeng/luo/fmost/mouseID_321237-17302,,,60,Male,,https://download.neuroxiv.org/SEU-A1876/SEU-ALLEN_full_17302_00020_CCFv3.swc,https://neuroxiv.org/?id=SEU-ALLEN_full_17302_00020_CCFv3,6765.77,4762.9,7519.42
17302_00021,17302,mouse,NCBI:txid10090,Tnnt1-IRES2-CreERT2;Ai82;Ai140,cell morphology,fMOST,VPL,cells,1,SEU-Allen Joint Center,Hanchuan Peng,,zeng_fmost,BIL,/bil/data/biccn/zeng/luo/fmost/mouseID_321237-17302,,,60,Male,,https://download.neuroxiv.org/SEU-A1876/SEU-ALLEN_full_17302_00021_CCFv3.swc,https://neuroxiv.org/?id=SEU-ALLEN_full_17302_00021_CCFv3,6678.05,4544.9,7455.58
17302_00023,17302,mouse,NCBI:txid10090,Tnnt1-IRES2-CreERT2;Ai82;Ai140,cell morphology,fMOST,AM,cells,1,SEU-Allen Joint Center,Hanchuan Peng,,zeng_fmost,BIL,/bil/data/biccn/zeng/luo/fmost/mouseID_321237-17302,,,60,Male,,https://download.neuroxiv.org/SEU-A1876/SEU-ALLEN_full_17302_00023_CCFv3.swc,https://neuroxiv.org/?id=SEU-ALLEN_full_17302_00023_CCFv3,6444.67,4579.6,6285.92
17302_00024,17302,mouse,NCBI:txid10090,Tnnt1-IRES2-CreERT2;Ai82;Ai140,cell morphology,fMOST,PVT,cells,1,SEU-Allen Joint Center,Hanchuan Peng,,zeng_fmost,BIL,/bil/data/biccn/zeng/luo/fmost/mouseID_321237-17302,,,60,Male,,https://download.neuroxiv.org/SEU-A1876/SEU-ALLEN_full_17302_00024_CCFv3.swc,https://neuroxiv.org/?id=SEU-ALLEN_full_17302_00024_CCFv3,5847.88,4685.27,5577.88
17302_00025,17302,mouse,NCBI:txid10090,Tnnt1-IRES2-CreERT2;Ai82;Ai140,cell morphology,fMOST,MD,cells,1,SEU-Allen Joint Center,Hanchuan Peng,,zeng_fmost,BIL,/bil/data/biccn/zeng/luo/fmost/mouseID_321237-17302,,,60,Male,,https://download.neuroxiv.org/SEU-A1876/SEU-ALLEN_full_17302_00025_CCFv3.swc,https://neuroxiv.org/?id=SEU-ALLEN_full_17302_00025_CCFv3,6229.2,4102.85,5479.17
17302_00027,17302,mouse,NCBI:txid10090,Tnnt1-IRES2-CreERT2;Ai82;Ai140,cell morphology,fMOST,CP,cells,1,SEU-Allen Joint Center,Hanchuan Peng,,zeng_fmost,BIL,/bil/data/biccn/zeng/luo/fmost/mouseID_321237-17302,,,60,Male,,https://download.neuroxiv.org/SEU-A1876/SEU-ALLEN_full_17302_00027_CCFv3.swc,https://neuroxiv.org/?id=SEU-ALLEN_full_17302_00027_CCFv3,4965.55,4418.15,8798.2
17302_00030,17302,mouse,NCBI:txid10090,Tnnt1-IRES2-CreERT2;Ai82;Ai140,cell morphology,fMOST,CP,cells,1,SEU-Allen Joint Center,Hanchuan Peng,,zeng_fmost,BIL,/bil/data/biccn/zeng/luo/fmost/mouseID_321237-17302,,,60,Male,,https://download.neuroxiv.org/SEU-A1876/SEU-ALLEN_full_17302_00030_CCFv3.swc,https://neuroxiv.org/?id=SEU-ALLEN_full_17302_00030_CCFv3,4277.58,4475.45,8436.95
17302_00031,17302,mouse,NCBI:txid10090,Tnnt1-IRES2-CreERT2;Ai82;Ai140,cell morphology,fMOST,CP,cells,1,SEU-Allen Joint Center,Hanchuan Peng,,zeng_fmost,BIL,/bil/data/biccn/zeng/luo/fmost/mouseID_321237-17302,,,60,Male,,https://download.neuroxiv.org/SEU-A1876/SEU-ALLEN_full_17302_00031_CCFv3.swc,https://neuroxiv.org/?id=SEU-ALLEN_full_17302_00031_CCFv3,4919.5,4275.17,8502.3
17302_00032,17302,mouse,NCBI:txid10090,Tnnt1-IRES2-CreERT2;Ai82;Ai140,cell morphology,fMOST,CP,cells,1,SEU-Allen Joint Center,Hanchuan Peng,,zeng_fmost,BIL,/bil/data/biccn/zeng/luo/fmost/mouseID_321237-17302,,,60,Male,,https://download.neuroxiv.org/SEU-A1876/SEU-ALLEN_full_17302_00032_CCFv3.swc,https://neuroxiv.org/?id=SEU-ALLEN_full_17302_00032_CCFv3,4341.92,4080.25,8516.17
17302_00033,17302,mouse,NCBI:txid10090,Tnnt1-IRES2-CreERT2;Ai82;Ai140,cell morphology,fMOST,CP,cells,1,SEU-Allen Joint Center,Hanchuan Peng,,zeng_fmost,BIL,/bil/data/biccn/zeng/luo/fmost/mouseID_321237-17302,,,60,Male,,https://download.neuroxiv.org/SEU-A1876/SEU-ALLEN_full_17302_00033_CCFv3.swc,https://neuroxiv.org/?id=SEU-ALLEN_full_17302_00033_CCFv3,4252.52,4342.5,7857.08
17302_00035,17302,mouse,NCBI:txid10090,Tnnt1-IRES2-CreERT2;Ai82;Ai140,cell morphology,fMOST,MG,cells,1,SEU-Allen Joint Center,Hanchuan Peng,,zeng_fmost,BIL,/bil/data/biccn/zeng/luo/fmost/mouseID_321237-17302,,,60,Male,,https://download.neuroxiv.org/SEU-A1876/SEU-ALLEN_full_17302_00035_CCFv3.swc,https://neuroxiv.org/?id=SEU-ALLEN_full_17302_00035_CCFv3,8372.85,4043.98,7857.08
17302_00036,17302,mouse,NCBI:txid10090,Tnnt1-IRES2-CreERT2;Ai82;Ai140,cell morphology,fMOST,MG,cells,1,SEU-Allen Joint Center,Hanchuan Peng,,zeng_fmost,BIL,/bil/data/biccn/zeng/luo/fmost/mouseID_321237-17302,,,60,Male,,https://download.neuroxiv.org/SEU-A1876/SEU-ALLEN_full_17302_00036_CCFv3.swc,https://neuroxiv.org/?id=SEU-ALLEN_full_17302_00036_CCFv3,8208.53,3948.43,7956.23
17302_00037,17302,mouse,NCBI:txid10090,Tnnt1-IRES2-CreERT2;Ai82;Ai140,cell morphology,fMOST,VPM,cells,1,SEU-Allen Joint Center,Hanchuan Peng,,zeng_fmost,BIL,/bil/data/biccn/zeng/luo/fmost/mouseID_321237-17302,,,60,Male,,https://download.neuroxiv.org/SEU-A1876/SEU-ALLEN_full_17302_00037_CCFv3.swc,https://neuroxiv.org/?id=SEU-ALLEN_full_17302_00037_CCFv3,7130.48,3579.25,8139.83
17302_00038,17302,mouse,NCBI:txid10090,Tnnt1-IRES2-CreERT2;Ai82;Ai140,cell morphology,fMOST,MG,cells,1,SEU-Allen Joint Center,Hanchuan Peng,,zeng_fmost,BIL,/bil/data/biccn/zeng/luo/fmost/mouseID_321237-17302,,,60,Male,,https://download.neuroxiv.org/SEU-A1876/SEU-ALLEN_full_17302_00038_CCFv3.swc,https://neuroxiv.org/?id=SEU-ALLEN_full_17302_00038_CCFv3,8386.83,3660.73,8053.62
17302_00039,17302,mouse,NCBI:txid10090,Tnnt1-IRES2-CreERT2;Ai82;Ai140,cell morphology,fMOST,LGd,cells,1,SEU-Allen Joint Center,Hanchuan Peng,,zeng_fmost,BIL,/bil/data/biccn/zeng/luo/fmost/mouseID_321237-17302,,,60,Male,,https://download.neuroxiv.org/SEU-A1876/SEU-ALLEN_full_17302_00039_CCFv3.swc,https://neuroxiv.org/?id=SEU-ALLEN_full_17302_00039_CCFv3,7625.45,3302.75,8118.25
17302_00040,17302,mouse,NCBI:txid10090,Tnnt1-IRES2-CreERT2;Ai82;Ai140,cell morphology,fMOST,LGd,cells,1,SEU-Allen Joint Center,Hanchuan Peng,,zeng_fmost,BIL,/bil/data/biccn/zeng/luo/fmost/mouseID_321237-17302,,,60,Male,,https://download.neuroxiv.org/SEU-A1876/SEU-ALLEN_full_17302_00040_CCFv3.swc,https://neuroxiv.org/?id=SEU-ALLEN_full_17302_00040_CCFv3,7894.9,3219.7,7893.33
17302_00041,17302,mouse,NCBI:txid10090,Tnnt1-IRES2-CreERT2;Ai82;Ai140,cell morphology,fMOST,LGd,cells,1,SEU-Allen Joint Center,Hanchuan Peng,,zeng_fmost,BIL,/bil/data/biccn/zeng/luo/fmost/mouseID_321237-17302,,,60,Male,,https://download.neuroxiv.org/SEU-A1876/SEU-ALLEN_full_17302_00041_CCFv3.swc,https://neuroxiv.org/?id=SEU-ALLEN_full_17302_00041_CCFv3,7831.08,3163.45,7982.67
17302_00043,17302,mouse,NCBI:txid10090,Tnnt1-IRES2-CreERT2;Ai82;Ai140,cell morphology,fMOST,CP,cells,1,SEU-Allen Joint Center,Hanchuan Peng,,zeng_fmost,BIL,/bil/data/biccn/zeng/luo/fmost/mouseID_321237-17302,,,60,Male,,https://download.neuroxiv.org/SEU-A1876/SEU-ALLEN_full_17302_00043_CCFv3.swc,https://neuroxiv.org/?id=SEU-ALLEN_full_17302_00043_CCFv3,5287.38,3614.18,8356.12
17302_00044,17302,mouse,NCBI:txid10090,Tnnt1-IRES2-CreERT2;Ai82;Ai140,cell morphology,fMOST,CP,cells,1,SEU-Allen Joint Center,Hanchuan Peng,,zeng_fmost,BIL,/bil/data/biccn/zeng/luo/fmost/mouseID_321237-17302,,,60,Male,,https://download.neuroxiv.org/SEU-A1876/SEU-ALLEN_full_17302_00044_CCFv3.swc,https://neuroxiv.org/?id=SEU-ALLEN_full_17302_00044_CCFv3,4709.88,3528,8286.97
17302_00045,17302,mouse,NCBI:txid10090,Tnnt1-IRES2-CreERT2;Ai82;Ai140,cell morphology,fMOST,CP,cells,1,SEU-Allen Joint Center,Hanchuan Peng,,zeng_fmost,BIL,/bil/data/biccn/zeng/luo/fmost/mouseID_321237-17302,,,60,Male,,https://download.neuroxiv.org/SEU-A1876/SEU-ALLEN_full_17302_00045_CCFv3.swc,https://neuroxiv.org/?id=SEU-ALLEN_full_17302_00045_CCFv3,4663.7,3675.32,8113.85
17302_00046,17302,mouse,NCBI:txid10090,Tnnt1-IRES2-CreERT2;Ai82;Ai140,cell morphology,fMOST,CP,cells,1,SEU-Allen Joint Center,Hanchuan Peng,,zeng_fmost,BIL,/bil/data/biccn/zeng/luo/fmost/mouseID_321237-17302,,,60,Male,,https://download.neuroxiv.org/SEU-A1876/SEU-ALLEN_full_17302_00046_CCFv3.swc,https://neuroxiv.org/?id=SEU-ALLEN_full_17302_00046_CCFv3,5730.27,3187.62,8364.6
17302_00047,17302,mouse,NCBI:txid10090,Tnnt1-IRES2-CreERT2;Ai82;Ai140,cell morphology,fMOST,CP,cells,1,SEU-Allen Joint Center,Hanchuan Peng,,zeng_fmost,BIL,/bil/data/biccn/zeng/luo/fmost/mouseID_321237-17302,,,60,Male,,https://download.neuroxiv.org/SEU-A1876/SEU-ALLEN_full_17302_00047_CCFv3.swc,https://neuroxiv.org/?id=SEU-ALLEN_full_17302_00047_CCFv3,5220.85,2862.38,7905.5
17302_00048,17302,mouse,NCBI:txid10090,Tnnt1-IRES2-CreERT2;Ai82;Ai140,cell morphology,fMOST,LGd,cells,1,SEU-Allen Joint Center,Hanchuan Peng,,zeng_fmost,BIL,/bil/data/biccn/zeng/luo/fmost/mouseID_321237-17302,,,60,Male,,https://download.neuroxiv.org/SEU-A1876/SEU-ALLEN_full_17302_00048_CCFv3.swc,https://neuroxiv.org/?id=SEU-ALLEN_full_17302_00048_CCFv3,7305.65,3014.45,8020.42
17302_00049,17302,mouse,NCBI:txid10090,Tnnt1-IRES2-CreERT2;Ai82;Ai140,cell morphology,fMOST,LGd,cells,1,SEU-Allen Joint Center,Hanchuan Peng,,zeng_fmost,BIL,/bil/data/biccn/zeng/luo/fmost/mouseID_321237-17302,,,60,Male,,https://download.neuroxiv.org/SEU-A1876/SEU-ALLEN_full_17302_00049_CCFv3.swc,https://neuroxiv.org/?id=SEU-ALLEN_full_17302_00049_CCFv3,7649.73,3017.5,7927.42
17302_00050,17302,mouse,NCBI:txid10090,Tnnt1-IRES2-CreERT2;Ai82;Ai140,cell morphology,fMOST,CP,cells,1,SEU-Allen Joint Center,Hanchuan Peng,,zeng_fmost,BIL,/bil/data/biccn/zeng/luo/fmost/mouseID_321237-17302,,,60,Male,,https://download.neuroxiv.org/SEU-A1876/SEU-ALLEN_full_17302_00050_CCFv3.swc,https://neuroxiv.org/?id=SEU-ALLEN_full_17302_00050_CCFv3,4245.92,4214.98,7447.1
17302_00052,17302,mouse,NCBI:txid10090,Tnnt1-IRES2-CreERT2;Ai82;Ai140,cell morphology,fMOST,MG,cells,1,SEU-Allen Joint Center,Hanchuan Peng,,zeng_fmost,BIL,/bil/data/biccn/zeng/luo/fmost/mouseID_321237-17302,,,60,Male,,https://download.neuroxiv.org/SEU-A1876/SEU-ALLEN_full_17302_00052_CCFv3.swc,https://neuroxiv.org/?id=SEU-ALLEN_full_17302_00052_CCFv3,8356.22,3690.7,7741.5
17302_00053,17302,mouse,NCBI:txid10090,Tnnt1-IRES2-CreERT2;Ai82;Ai140,cell morphology,fMOST,VPM,cells,1,SEU-Allen Joint Center,Hanchuan Peng,,zeng_fmost,BIL,/bil/data/biccn/zeng/luo/fmost/mouseID_321237-17302,,,60,Male,,https://download.neuroxiv.org/SEU-A1876/SEU-ALLEN_full_17302_00053_CCFv3.swc,https://neuroxiv.org/?id=SEU-ALLEN_full_17302_00053_CCFv3,6807.65,3933.48,7516.23
17302_00054,17302,mouse,NCBI:txid10090,Tnnt1-IRES2-CreERT2;Ai82;Ai140,cell morphology,fMOST,VPM,cells,1,SEU-Allen Joint Center,Hanchuan Peng,,zeng_fmost,BIL,/bil/data/biccn/zeng/luo/fmost/mouseID_321237-17302,,,60,Male,,https://download.neuroxiv.org/SEU-A1876/SEU-ALLEN_full_17302_00054_CCFv3.swc,https://neuroxiv.org/?id=SEU-ALLEN_full_17302_00054_CCFv3,7294.08,4085.02,7239.12
17302_00055,17302,mouse,NCBI:txid10090,Tnnt1-IRES2-CreERT2;Ai82;Ai140,cell morphology,fMOST,CP,cells,1,SEU-Allen Joint Center,Hanchuan Peng,,zeng_fmost,BIL,/bil/data/biccn/zeng/luo/fmost/mouseID_321237-17302,,,60,Male,,https://download.neuroxiv.org/SEU-A1876/SEU-ALLEN_full_17302_00055_CCFv3.swc,https://neuroxiv.org/?id=SEU-ALLEN_full_17302_00055_CCFv3,4977.6,3274.07,7505.73
17302_00056,17302,mouse,NCBI:txid10090,Tnnt1-IRES2-CreERT2;Ai82;Ai140,cell morphology,fMOST,CP,cells,1,SEU-Allen Joint Center,Hanchuan Peng,,zeng_fmost,BIL,/bil/data/biccn/zeng/luo/fmost/mouseID_321237-17302,,,60,Male,,https://download.neuroxiv.org/SEU-A1876/SEU-ALLEN_full_17302_00056_CCFv3.swc,https://neuroxiv.org/?id=SEU-ALLEN_full_17302_00056_CCFv3,5004.17,3048.45,7718.3
17302_00057,17302,mouse,NCBI:txid10090,Tnnt1-IRES2-CreERT2;Ai82;Ai140,cell morphology,fMOST,CP,cells,1,SEU-Allen Joint Center,Hanchuan Peng,,zeng_fmost,BIL,/bil/data/biccn/zeng/luo/fmost/mouseID_321237-17302,,,60,Male,,https://download.neuroxiv.org/SEU-A1876/SEU-ALLEN_full_17302_00057_CCFv3.swc,https://neuroxiv.org/?id=SEU-ALLEN_full_17302_00057_CCFv3,4712.83,3089.05,7476.77
17302_00059,17302,mouse,NCBI:txid10090,Tnnt1-IRES2-CreERT2;Ai82;Ai140,cell morphology,fMOST,CP,cells,1,SEU-Allen Joint Center,Hanchuan Peng,,zeng_fmost,BIL,/bil/data/biccn/zeng/luo/fmost/mouseID_321237-17302,,,60,Male,,https://download.neuroxiv.org/SEU-A1876/SEU-ALLEN_full_17302_00059_CCFv3.swc,https://neuroxiv.org/?id=SEU-ALLEN_full_17302_00059_CCFv3,4295.6,3412,7042.42
17302_00062,17302,mouse,NCBI:txid10090,Tnnt1-IRES2-CreERT2;Ai82;Ai140,cell morphology,fMOST,CP,cells,1,SEU-Allen Joint Center,Hanchuan Peng,,zeng_fmost,BIL,/bil/data/biccn/zeng/luo/fmost/mouseID_321237-17302,,,60,Male,,https://download.neuroxiv.org/SEU-A1876/SEU-ALLEN_full_17302_00062_CCFv3.swc,https://neuroxiv.org/?id=SEU-ALLEN_full_17302_00062_CCFv3,5183.02,2938.57,7170.92
17302_00063,17302,mouse,NCBI:txid10090,Tnnt1-IRES2-CreERT2;Ai82;Ai140,cell morphology,fMOST,CP,cells,1,SEU-Allen Joint Center,Hanchuan Peng,,zeng_fmost,BIL,/bil/data/biccn/zeng/luo/fmost/mouseID_321237-17302,,,60,Male,,https://download.neuroxiv.org/SEU-A1876/SEU-ALLEN_full_17302_00063_CCFv3.swc,https://neuroxiv.org/?id=SEU-ALLEN_full_17302_00063_CCFv3,5210.27,2758.85,6988.95
17302_00064,17302,mouse,NCBI:txid10090,Tnnt1-IRES2-CreERT2;Ai82;Ai140,cell morphology,fMOST,LD,cells,1,SEU-Allen Joint Center,Hanchuan Peng,,zeng_fmost,BIL,/bil/data/biccn/zeng/luo/fmost/mouseID_321237-17302,,,60,Male,,https://download.neuroxiv.org/SEU-A1876/SEU-ALLEN_full_17302_00064_CCFv3.swc,https://neuroxiv.org/?id=SEU-ALLEN_full_17302_00064_CCFv3,7251.98,2916.6,7879.8
17302_00065,17302,mouse,NCBI:txid10090,Tnnt1-IRES2-CreERT2;Ai82;Ai140,cell morphology,fMOST,LD,cells,1,SEU-Allen Joint Center,Hanchuan Peng,,zeng_fmost,BIL,/bil/data/biccn/zeng/luo/fmost/mouseID_321237-17302,,,60,Male,,https://download.neuroxiv.org/SEU-A1876/SEU-ALLEN_full_17302_00065_CCFv3.swc,https://neuroxiv.org/?id=SEU-ALLEN_full_17302_00065_CCFv3,7200.4,2903.12,7803.77
17302_00066,17302,mouse,NCBI:txid10090,Tnnt1-IRES2-CreERT2;Ai82;Ai140,cell morphology,fMOST,LGd,cells,1,SEU-Allen Joint Center,Hanchuan Peng,,zeng_fmost,BIL,/bil/data/biccn/zeng/luo/fmost/mouseID_321237-17302,,,60,Male,,https://download.neuroxiv.org/SEU-A1876/SEU-ALLEN_full_17302_00066_CCFv3.swc,https://neuroxiv.org/?id=SEU-ALLEN_full_17302_00066_CCFv3,7652.2,2959.62,7830.4
17302_00074,17302,mouse,NCBI:txid10090,Tnnt1-IRES2-CreERT2;Ai82;Ai140,cell morphology,fMOST,CP,cells,1,SEU-Allen Joint Center,Hanchuan Peng,,zeng_fmost,BIL,/bil/data/biccn/zeng/luo/fmost/mouseID_321237-17302,,,60,Male,,https://download.neuroxiv.org/SEU-A1876/SEU-ALLEN_full_17302_00074_CCFv3.swc,https://neuroxiv.org/?id=SEU-ALLEN_full_17302_00074_CCFv3,4588.55,4816.75,4179.27
17302_00075,17302,mouse,NCBI:txid10090,Tnnt1-IRES2-CreERT2;Ai82;Ai140,cell morphology,fMOST,CP,cells,1,SEU-Allen Joint Center,Hanchuan Peng,,zeng_fmost,BIL,/bil/data/biccn/zeng/luo/fmost/mouseID_321237-17302,,,60,Male,,https://download.neuroxiv.org/SEU-A1876/SEU-ALLEN_full_17302_00075_CCFv3.swc,https://neuroxiv.org/?id=SEU-ALLEN_full_17302_00075_CCFv3,5071.25,4735.42,2874.73
17302_00076,17302,mouse,NCBI:txid10090,Tnnt1-IRES2-CreERT2;Ai82;Ai140,cell morphology,fMOST,MG,cells,1,SEU-Allen Joint Center,Hanchuan Peng,,zeng_fmost,BIL,/bil/data/biccn/zeng/luo/fmost/mouseID_321237-17302,,,60,Male,,https://download.neuroxiv.org/SEU-A1876/SEU-ALLEN_full_17302_00076_CCFv3.swc,https://neuroxiv.org/?id=SEU-ALLEN_full_17302_00076_CCFv3,8126.02,3867.18,3695.45
17302_00077,17302,mouse,NCBI:txid10090,Tnnt1-IRES2-CreERT2;Ai82;Ai140,cell morphology,fMOST,MG,cells,1,SEU-Allen Joint Center,Hanchuan Peng,,zeng_fmost,BIL,/bil/data/biccn/zeng/luo/fmost/mouseID_321237-17302,,,60,Male,,https://download.neuroxiv.org/SEU-A1876/SEU-ALLEN_full_17302_00077_CCFv3.swc,https://neuroxiv.org/?id=SEU-ALLEN_full_17302_00077_CCFv3,8085.62,3800.8,3674.95
17302_00078,17302,mouse,NCBI:txid10090,Tnnt1-IRES2-CreERT2;Ai82;Ai140,cell morphology,fMOST,VPL,cells,1,SEU-Allen Joint Center,Hanchuan Peng,,zeng_fmost,BIL,/bil/data/biccn/zeng/luo/fmost/mouseID_321237-17302,,,60,Male,,https://download.neuroxiv.org/SEU-A1876/SEU-ALLEN_full_17302_00078_CCFv3.swc,https://neuroxiv.org/?id=SEU-ALLEN_full_17302_00078_CCFv3,7562.05,3751.45,3466.07
17302_00079,17302,mouse,NCBI:txid10090,Tnnt1-IRES2-CreERT2;Ai82;Ai140,cell morphology,fMOST,MG,cells,1,SEU-Allen Joint Center,Hanchuan Peng,,zeng_fmost,BIL,/bil/data/biccn/zeng/luo/fmost/mouseID_321237-17302,,,60,Male,,https://download.neuroxiv.org/SEU-A1876/SEU-ALLEN_full_17302_00079_CCFv3.swc,https://neuroxiv.org/?id=SEU-ALLEN_full_17302_00079_CCFv3,8390.53,3765.62,3414.38
17302_00080,17302,mouse,NCBI:txid10090,Tnnt1-IRES2-CreERT2;Ai82;Ai140,cell morphology,fMOST,LGd,cells,1,SEU-Allen Joint Center,Hanchuan Peng,,zeng_fmost,BIL,/bil/data/biccn/zeng/luo/fmost/mouseID_321237-17302,,,60,Male,,https://download.neuroxiv.org/SEU-A1876/SEU-ALLEN_full_17302_00080_CCFv3.swc,https://neuroxiv.org/?id=SEU-ALLEN_full_17302_00080_CCFv3,8078.73,3756.55,3366.25
17302_00081,17302,mouse,NCBI:txid10090,Tnnt1-IRES2-CreERT2;Ai82;Ai140,cell morphology,fMOST,CP,cells,1,SEU-Allen Joint Center,Hanchuan Peng,,zeng_fmost,BIL,/bil/data/biccn/zeng/luo/fmost/mouseID_321237-17302,,,60,Male,,https://download.neuroxiv.org/SEU-A1876/SEU-ALLEN_full_17302_00081_CCFv3.swc,https://neuroxiv.org/?id=SEU-ALLEN_full_17302_00081_CCFv3,5230.75,5233.5,2467.88
17302_00085,17302,mouse,NCBI:txid10090,Tnnt1-IRES2-CreERT2;Ai82;Ai140,cell morphology,fMOST,CP,cells,1,SEU-Allen Joint Center,Hanchuan Peng,,zeng_fmost,BIL,/bil/data/biccn/zeng/luo/fmost/mouseID_321237-17302,,,60,Male,,https://download.neuroxiv.org/SEU-A1876/SEU-ALLEN_full_17302_00085_CCFv3.swc,https://neuroxiv.org/?id=SEU-ALLEN_full_17302_00085_CCFv3,5700.7,4770.05,2511.8
17302_00086,17302,mouse,NCBI:txid10090,Tnnt1-IRES2-CreERT2;Ai82;Ai140,cell morphology,fMOST,CP,cells,1,SEU-Allen Joint Center,Hanchuan Peng,,zeng_fmost,BIL,/bil/data/biccn/zeng/luo/fmost/mouseID_321237-17302,,,60,Male,,https://download.neuroxiv.org/SEU-A1876/SEU-ALLEN_full_17302_00086_CCFv3.swc,https://neuroxiv.org/?id=SEU-ALLEN_full_17302_00086_CCFv3,5140.45,4671.48,2610.73
17302_00091,17302,mouse,NCBI:txid10090,Tnnt1-IRES2-CreERT2;Ai82;Ai140,cell morphology,fMOST,CP,cells,1,SEU-Allen Joint Center,Hanchuan Peng,,zeng_fmost,BIL,/bil/data/biccn/zeng/luo/fmost/mouseID_321237-17302,,,60,Male,,https://download.neuroxiv.org/SEU-A1876/SEU-ALLEN_full_17302_00091_CCFv3.swc,https://neuroxiv.org/?id=SEU-ALLEN_full_17302_00091_CCFv3,5216.4,4245.4,2562.88
17302_00093,17302,mouse,NCBI:txid10090,Tnnt1-IRES2-CreERT2;Ai82;Ai140,cell morphology,fMOST,CP,cells,1,SEU-Allen Joint Center,Hanchuan Peng,,zeng_fmost,BIL,/bil/data/biccn/zeng/luo/fmost/mouseID_321237-17302,,,60,Male,,https://download.neuroxiv.org/SEU-A1876/SEU-ALLEN_full_17302_00093_CCFv3.swc,https://neuroxiv.org/?id=SEU-ALLEN_full_17302_00093_CCFv3,5271.15,4722.77,2422.52
17302_00094,17302,mouse,NCBI:txid10090,Tnnt1-IRES2-CreERT2;Ai82;Ai140,cell morphology,fMOST,CP,cells,1,SEU-Allen Joint Center,Hanchuan Peng,,zeng_fmost,BIL,/bil/data/biccn/zeng/luo/fmost/mouseID_321237-17302,,,60,Male,,https://download.neuroxiv.org/SEU-A1876/SEU-ALLEN_full_17302_00094_CCFv3.swc,https://neuroxiv.org/?id=SEU-ALLEN_full_17302_00094_CCFv3,5204.35,4730.77,2392.57
17302_00095,17302,mouse,NCBI:txid10090,Tnnt1-IRES2-CreERT2;Ai82;Ai140,cell morphology,fMOST,CP,cells,1,SEU-Allen Joint Center,Hanchuan Peng,,zeng_fmost,BIL,/bil/data/biccn/zeng/luo/fmost/mouseID_321237-17302,,,60,Male,,https://download.neuroxiv.org/SEU-A1876/SEU-ALLEN_full_17302_00095_CCFv3.swc,https://neuroxiv.org/?id=SEU-ALLEN_full_17302_00095_CCFv3,5210.2,4633.75,2437.15
17302_00096,17302,mouse,NCBI:txid10090,Tnnt1-IRES2-CreERT2;Ai82;Ai140,cell morphology,fMOST,CP,cells,1,SEU-Allen Joint Center,Hanchuan Peng,,zeng_fmost,BIL,/bil/data/biccn/zeng/luo/fmost/mouseID_321237-17302,,,60,Male,,https://download.neuroxiv.org/SEU-A1876/SEU-ALLEN_full_17302_00096_CCFv3.swc,https://neuroxiv.org/?id=SEU-ALLEN_full_17302_00096_CCFv3,5001.17,4624.25,2375.1
17302_00097,17302,mouse,NCBI:txid10090,Tnnt1-IRES2-CreERT2;Ai82;Ai140,cell morphology,fMOST,CP,cells,1,SEU-Allen Joint Center,Hanchuan Peng,,zeng_fmost,BIL,/bil/data/biccn/zeng/luo/fmost/mouseID_321237-17302,,,60,Male,,https://download.neuroxiv.org/SEU-A1876/SEU-ALLEN_full_17302_00097_CCFv3.swc,https://neuroxiv.org/?id=SEU-ALLEN_full_17302_00097_CCFv3,5308.58,4663.3,2293.25
17302_00098,17302,mouse,NCBI:txid10090,Tnnt1-IRES2-CreERT2;Ai82;Ai140,cell morphology,fMOST,CP,cells,1,SEU-Allen Joint Center,Hanchuan Peng,,zeng_fmost,BIL,/bil/data/biccn/zeng/luo/fmost/mouseID_321237-17302,,,60,Male,,https://download.neuroxiv.org/SEU-A1876/SEU-ALLEN_full_17302_00098_CCFv3.swc,https://neuroxiv.org/?id=SEU-ALLEN_full_17302_00098_CCFv3,5155.4,4271.55,2419.75
17302_00099,17302,mouse,NCBI:txid10090,Tnnt1-IRES2-CreERT2;Ai82;Ai140,cell morphology,fMOST,CP,cells,1,SEU-Allen Joint Center,Hanchuan Peng,,zeng_fmost,BIL,/bil/data/biccn/zeng/luo/fmost/mouseID_321237-17302,,,60,Male,,https://download.neuroxiv.org/SEU-A1876/SEU-ALLEN_full_17302_00099_CCFv3.swc,https://neuroxiv.org/?id=SEU-ALLEN_full_17302_00099_CCFv3,6938.85,4569.02,2215.27
17302_00101,17302,mouse,NCBI:txid10090,Tnnt1-IRES2-CreERT2;Ai82;Ai140,cell morphology,fMOST,CP,cells,1,SEU-Allen Joint Center,Hanchuan Peng,,zeng_fmost,BIL,/bil/data/biccn/zeng/luo/fmost/mouseID_321237-17302,,,60,Male,,https://download.neuroxiv.org/SEU-A1876/SEU-ALLEN_full_17302_00101_CCFv3.swc,https://neuroxiv.org/?id=SEU-ALLEN_full_17302_00101_CCFv3,4604.1,3491.1,4454.15
17302_00102,17302,mouse,NCBI:txid10090,Tnnt1-IRES2-CreERT2;Ai82;Ai140,cell morphology,fMOST,CP,cells,1,SEU-Allen Joint Center,Hanchuan Peng,,zeng_fmost,BIL,/bil/data/biccn/zeng/luo/fmost/mouseID_321237-17302,,,60,Male,,https://download.neuroxiv.org/SEU-A1876/SEU-ALLEN_full_17302_00102_CCFv3.swc,https://neuroxiv.org/?id=SEU-ALLEN_full_17302_00102_CCFv3,4486.85,3227.23,4098.25
17302_00103,17302,mouse,NCBI:txid10090,Tnnt1-IRES2-CreERT2;Ai82;Ai140,cell morphology,fMOST,CP,cells,1,SEU-Allen Joint Center,Hanchuan Peng,,zeng_fmost,BIL,/bil/data/biccn/zeng/luo/fmost/mouseID_321237-17302,,,60,Male,,https://download.neuroxiv.org/SEU-A1876/SEU-ALLEN_full_17302_00103_CCFv3.swc,https://neuroxiv.org/?id=SEU-ALLEN_full_17302_00103_CCFv3,5651.23,2650.07,4380.33
17302_00105,17302,mouse,NCBI:txid10090,Tnnt1-IRES2-CreERT2;Ai82;Ai140,cell morphology,fMOST,CP,cells,1,SEU-Allen Joint Center,Hanchuan Peng,,zeng_fmost,BIL,/bil/data/biccn/zeng/luo/fmost/mouseID_321237-17302,,,60,Male,,https://download.neuroxiv.org/SEU-A1876/SEU-ALLEN_full_17302_00105_CCFv3.swc,https://neuroxiv.org/?id=SEU-ALLEN_full_17302_00105_CCFv3,3990.1,4270.65,3557.85
17302_00106,17302,mouse,NCBI:txid10090,Tnnt1-IRES2-CreERT2;Ai82;Ai140,cell morphology,fMOST,CP,cells,1,SEU-Allen Joint Center,Hanchuan Peng,,zeng_fmost,BIL,/bil/data/biccn/zeng/luo/fmost/mouseID_321237-17302,,,60,Male,,https://download.neuroxiv.org/SEU-A1876/SEU-ALLEN_full_17302_00106_CCFv3.swc,https://neuroxiv.org/?id=SEU-ALLEN_full_17302_00106_CCFv3,4943.55,3503.7,3961
17302_00108,17302,mouse,NCBI:txid10090,Tnnt1-IRES2-CreERT2;Ai82;Ai140,cell morphology,fMOST,CP,cells,1,SEU-Allen Joint Center,Hanchuan Peng,,zeng_fmost,BIL,/bil/data/biccn/zeng/luo/fmost/mouseID_321237-17302,,,60,Male,,https://download.neuroxiv.org/SEU-A1876/SEU-ALLEN_full_17302_00108_CCFv3.swc,https://neuroxiv.org/?id=SEU-ALLEN_full_17302_00108_CCFv3,4509.92,4032.4,2964.82
17302_00110,17302,mouse,NCBI:txid10090,Tnnt1-IRES2-CreERT2;Ai82;Ai140,cell morphology,fMOST,CP,cells,1,SEU-Allen Joint Center,Hanchuan Peng,,zeng_fmost,BIL,/bil/data/biccn/zeng/luo/fmost/mouseID_321237-17302,,,60,Male,,https://download.neuroxiv.org/SEU-A1876/SEU-ALLEN_full_17302_00110_CCFv3.swc,https://neuroxiv.org/?id=SEU-ALLEN_full_17302_00110_CCFv3,4691.9,3770.1,3368.18
17302_00112,17302,mouse,NCBI:txid10090,Tnnt1-IRES2-CreERT2;Ai82;Ai140,cell morphology,fMOST,VPM,cells,1,SEU-Allen Joint Center,Hanchuan Peng,,zeng_fmost,BIL,/bil/data/biccn/zeng/luo/fmost/mouseID_321237-17302,,,60,Male,,https://download.neuroxiv.org/SEU-A1876/SEU-ALLEN_full_17302_00112_CCFv3.swc,https://neuroxiv.org/?id=SEU-ALLEN_full_17302_00112_CCFv3,7295.05,3655.88,3800.65
17302_00113,17302,mouse,NCBI:txid10090,Tnnt1-IRES2-CreERT2;Ai82;Ai140,cell morphology,fMOST,VPM,cells,1,SEU-Allen Joint Center,Hanchuan Peng,,zeng_fmost,BIL,/bil/data/biccn/zeng/luo/fmost/mouseID_321237-17302,,,60,Male,,https://download.neuroxiv.org/SEU-A1876/SEU-ALLEN_full_17302_00113_CCFv3.swc,https://neuroxiv.org/?id=SEU-ALLEN_full_17302_00113_CCFv3,6821.33,3710.77,3665.25
17302_00114,17302,mouse,NCBI:txid10090,Tnnt1-IRES2-CreERT2;Ai82;Ai140,cell morphology,fMOST,VPM,cells,1,SEU-Allen Joint Center,Hanchuan Peng,,zeng_fmost,BIL,/bil/data/biccn/zeng/luo/fmost/mouseID_321237-17302,,,60,Male,,https://download.neuroxiv.org/SEU-A1876/SEU-ALLEN_full_17302_00114_CCFv3.swc,https://neuroxiv.org/?id=SEU-ALLEN_full_17302_00114_CCFv3,7094.38,3665.4,3619.98
17302_00115,17302,mouse,NCBI:txid10090,Tnnt1-IRES2-CreERT2;Ai82;Ai140,cell morphology,fMOST,VPM,cells,1,SEU-Allen Joint Center,Hanchuan Peng,,zeng_fmost,BIL,/bil/data/biccn/zeng/luo/fmost/mouseID_321237-17302,,,60,Male,,https://download.neuroxiv.org/SEU-A1876/SEU-ALLEN_full_17302_00115_CCFv3.swc,https://neuroxiv.org/?id=SEU-ALLEN_full_17302_00115_CCFv3,7341.77,3646.45,3661.45
17302_00116,17302,mouse,NCBI:txid10090,Tnnt1-IRES2-CreERT2;Ai82;Ai140,cell morphology,fMOST,VPL,cells,1,SEU-Allen Joint Center,Hanchuan Peng,,zeng_fmost,BIL,/bil/data/biccn/zeng/luo/fmost/mouseID_321237-17302,,,60,Male,,https://download.neuroxiv.org/SEU-A1876/SEU-ALLEN_full_17302_00116_CCFv3.swc,https://neuroxiv.org/?id=SEU-ALLEN_full_17302_00116_CCFv3,7522.3,3655.65,3626.02
17302_00117,17302,mouse,NCBI:txid10090,Tnnt1-IRES2-CreERT2;Ai82;Ai140,cell morphology,fMOST,LGd,cells,1,SEU-Allen Joint Center,Hanchuan Peng,,zeng_fmost,BIL,/bil/data/biccn/zeng/luo/fmost/mouseID_321237-17302,,,60,Male,,https://download.neuroxiv.org/SEU-A1876/SEU-ALLEN_full_17302_00117_CCFv3.swc,https://neuroxiv.org/?id=SEU-ALLEN_full_17302_00117_CCFv3,7425.98,3390.32,3389.38
17302_00118,17302,mouse,NCBI:txid10090,Tnnt1-IRES2-CreERT2;Ai82;Ai140,cell morphology,fMOST,LGd,cells,1,SEU-Allen Joint Center,Hanchuan Peng,,zeng_fmost,BIL,/bil/data/biccn/zeng/luo/fmost/mouseID_321237-17302,,,60,Male,,https://download.neuroxiv.org/SEU-A1876/SEU-ALLEN_full_17302_00118_CCFv3.swc,https://neuroxiv.org/?id=SEU-ALLEN_full_17302_00118_CCFv3,7877.4,3432.55,3256.65
17302_00119,17302,mouse,NCBI:txid10090,Tnnt1-IRES2-CreERT2;Ai82;Ai140,cell morphology,fMOST,LGd,cells,1,SEU-Allen Joint Center,Hanchuan Peng,,zeng_fmost,BIL,/bil/data/biccn/zeng/luo/fmost/mouseID_321237-17302,,,60,Male,,https://download.neuroxiv.org/SEU-A1876/SEU-ALLEN_full_17302_00119_CCFv3.swc,https://neuroxiv.org/?id=SEU-ALLEN_full_17302_00119_CCFv3,7754.77,3036.6,3739.18
17302_00120,17302,mouse,NCBI:txid10090,Tnnt1-IRES2-CreERT2;Ai82;Ai140,cell morphology,fMOST,LGd,cells,1,SEU-Allen Joint Center,Hanchuan Peng,,zeng_fmost,BIL,/bil/data/biccn/zeng/luo/fmost/mouseID_321237-17302,,,60,Male,,https://download.neuroxiv.org/SEU-A1876/SEU-ALLEN_full_17302_00120_CCFv3.swc,https://neuroxiv.org/?id=SEU-ALLEN_full_17302_00120_CCFv3,7646.27,2926,3705
17302_00121,17302,mouse,NCBI:txid10090,Tnnt1-IRES2-CreERT2;Ai82;Ai140,cell morphology,fMOST,LGd,cells,1,SEU-Allen Joint Center,Hanchuan Peng,,zeng_fmost,BIL,/bil/data/biccn/zeng/luo/fmost/mouseID_321237-17302,,,60,Male,,https://download.neuroxiv.org/SEU-A1876/SEU-ALLEN_full_17302_00121_CCFv3.swc,https://neuroxiv.org/?id=SEU-ALLEN_full_17302_00121_CCFv3,7572.67,2953.85,3657.45
17302_00123,17302,mouse,NCBI:txid10090,Tnnt1-IRES2-CreERT2;Ai82;Ai140,cell morphology,fMOST,CP,cells,1,SEU-Allen Joint Center,Hanchuan Peng,,zeng_fmost,BIL,/bil/data/biccn/zeng/luo/fmost/mouseID_321237-17302,,,60,Male,,https://download.neuroxiv.org/SEU-A1876/SEU-ALLEN_full_17302_00123_CCFv3.swc,https://neuroxiv.org/?id=SEU-ALLEN_full_17302_00123_CCFv3,4777.05,3207.12,3974.75
17302_00124,17302,mouse,NCBI:txid10090,Tnnt1-IRES2-CreERT2;Ai82;Ai140,cell morphology,fMOST,CP,cells,1,SEU-Allen Joint Center,Hanchuan Peng,,zeng_fmost,BIL,/bil/data/biccn/zeng/luo/fmost/mouseID_321237-17302,,,60,Male,,https://download.neuroxiv.org/SEU-A1876/SEU-ALLEN_full_17302_00124_CCFv3.swc,https://neuroxiv.org/?id=SEU-ALLEN_full_17302_00124_CCFv3,5211.48,3512.6,2864.93
17302_00125,17302,mouse,NCBI:txid10090,Tnnt1-IRES2-CreERT2;Ai82;Ai140,cell morphology,fMOST,LP,cells,1,SEU-Allen Joint Center,Hanchuan Peng,,zeng_fmost,BIL,/bil/data/biccn/zeng/luo/fmost/mouseID_321237-17302,,,60,Male,,https://download.neuroxiv.org/SEU-A1876/SEU-ALLEN_full_17302_00125_CCFv3.swc,https://neuroxiv.org/?id=SEU-ALLEN_full_17302_00125_CCFv3,7564.23,3094.07,4020.05
17543_2434_x11441_y5587,17543,mouse,NCBI:txid10090,Tlx3-Cre_PL56;Ai82;Ai161,cell morphology,fMOST,SSp-m,cells,1,SEU-Allen Joint Center,Hanchuan Peng,,zeng_fmost,BIL,/bil/data/df/75/df75626840c76c15/mouseID_325875-17543/,,,56,Female,,https://download.neuroxiv.org/SEU-A1876/SEU-ALLEN_full_17543_2434_x11441_y5587_CCFv3.swc,https://neuroxiv.org/?id=SEU-ALLEN_full_17543_2434_x11441_y5587_CCFv3,3222.15,5183.45,2130.65
17543_3308_x10077_y3766,17543,mouse,NCBI:txid10090,Tlx3-Cre_PL56;Ai82;Ai161,cell morphology,fMOST,SSs,cells,1,SEU-Allen Joint Center,Hanchuan Peng,,zeng_fmost,BIL,/bil/data/df/75/df75626840c76c15/mouseID_325875-17543/,,,56,Female,,https://download.neuroxiv.org/SEU-A1876/SEU-ALLEN_full_17543_3308_x10077_y3766_CCFv3.swc,https://neuroxiv.org/?id=SEU-ALLEN_full_17543_3308_x10077_y3766_CCFv3,4307.35,5006.88,1587.43
17543_3471_x12087_y3637,17543,mouse,NCBI:txid10090,Tlx3-Cre_PL56;Ai82;Ai161,cell morphology,fMOST,VISC,cells,1,SEU-Allen Joint Center,Hanchuan Peng,,zeng_fmost,BIL,/bil/data/df/75/df75626840c76c15/mouseID_325875-17543/,,,56,Female,,https://download.neuroxiv.org/SEU-A1876/SEU-ALLEN_full_17543_3471_x12087_y3637_CCFv3.swc,https://neuroxiv.org/?id=SEU-ALLEN_full_17543_3471_x12087_y3637_CCFv3,4257.08,5990.38,1449.45
17543_3705_x9619_y20864,17543,mouse,NCBI:txid10090,Tlx3-Cre_PL56;Ai82;Ai161,cell morphology,fMOST,SSp-m,cells,1,SEU-Allen Joint Center,Hanchuan Peng,,zeng_fmost,BIL,/bil/data/df/75/df75626840c76c15/mouseID_325875-17543/,,,56,Female,,https://download.neuroxiv.org/SEU-A1876/SEU-ALLEN_full_17543_3705_x9619_y20864_CCFv3.swc,https://neuroxiv.org/?id=SEU-ALLEN_full_17543_3705_x9619_y20864_CCFv3,4403.1,4708.67,9396.58
17543_3828_x6023_y17044,17543,mouse,NCBI:txid10090,Tlx3-Cre_PL56;Ai82;Ai161,cell morphology,fMOST,SSp-ll,cells,1,SEU-Allen Joint Center,Hanchuan Peng,,zeng_fmost,BIL,/bil/data/df/75/df75626840c76c15/mouseID_325875-17543/,,,56,Female,,https://download.neuroxiv.org/SEU-A1876/SEU-ALLEN_full_17543_3828_x6023_y17044_CCFv3.swc,https://neuroxiv.org/?id=SEU-ALLEN_full_17543_3828_x6023_y17044_CCFv3,5507.52,2892.25,7550.52
17543_3842_x7369_y3542,17543,mouse,NCBI:txid10090,Tlx3-Cre_PL56;Ai82;Ai161,cell morphology,fMOST,SSp-bfd,cells,1,SEU-Allen Joint Center,Hanchuan Peng,,zeng_fmost,BIL,/bil/data/df/75/df75626840c76c15/mouseID_325875-17543/,,,56,Female,,https://download.neuroxiv.org/SEU-A1876/SEU-ALLEN_full_17543_3842_x7369_y3542_CCFv3.swc,https://neuroxiv.org/?id=SEU-ALLEN_full_17543_3842_x7369_y3542_CCFv3,5664.42,3454.35,1822.75
17543_4868_x6727_y21047,17543,mouse,NCBI:txid10090,Tlx3-Cre_PL56;Ai82;Ai161,cell morphology,fMOST,SSs,cells,1,SEU-Allen Joint Center,Hanchuan Peng,,zeng_fmost,BIL,/bil/data/df/75/df75626840c76c15/mouseID_325875-17543/,,,56,Female,,https://download.neuroxiv.org/SEU-A1876/SEU-ALLEN_full_17543_4868_x6727_y21047_CCFv3.swc,https://neuroxiv.org/?id=SEU-ALLEN_full_17543_4868_x6727_y21047_CCFv3,6610.5,2742.5,9645.62
17543_4926_x5833_y20277,17543,mouse,NCBI:txid10090,Tlx3-Cre_PL56;Ai82;Ai161,cell morphology,fMOST,SSp-bfd,cells,1,SEU-Allen Joint Center,Hanchuan Peng,,zeng_fmost,BIL,/bil/data/df/75/df75626840c76c15/mouseID_325875-17543/,,,56,Female,,https://download.neuroxiv.org/SEU-A1876/SEU-ALLEN_full_17543_4926_x5833_y20277_CCFv3.swc,https://neuroxiv.org/?id=SEU-ALLEN_full_17543_4926_x5833_y20277_CCFv3,6865.92,2227.85,9285.93
17543_5296_x5131_y20385,17543,mouse,NCBI:txid10090,Tlx3-Cre_PL56;Ai82;Ai161,cell morphology,fMOST,VISal,cells,1,SEU-Allen Joint Center,Hanchuan Peng,,zeng_fmost,BIL,/bil/data/df/75/df75626840c76c15/mouseID_325875-17543/,,,56,Female,,https://download.neuroxiv.org/SEU-A1876/SEU-ALLEN_full_17543_5296_x5131_y20385_CCFv3.swc,https://neuroxiv.org/?id=SEU-ALLEN_full_17543_5296_x5131_y20385_CCFv3,7491.27,1684.12,9354.15
17543_5334_x5066_y20381,17543,mouse,NCBI:txid10090,Tlx3-Cre_PL56;Ai82;Ai161,cell morphology,fMOST,VISal,cells,1,SEU-Allen Joint Center,Hanchuan Peng,,zeng_fmost,BIL,/bil/data/df/75/df75626840c76c15/mouseID_325875-17543/,,,56,Female,,https://download.neuroxiv.org/SEU-A1876/SEU-ALLEN_full_17543_5334_x5066_y20381_CCFv3.swc,https://neuroxiv.org/?id=SEU-ALLEN_full_17543_5334_x5066_y20381_CCFv3,7560.88,1635.43,9352.45
17545_00001,17545,mouse,NCBI:txid10090,Tnnt1-IRES2-CreERT2;Ai82;Ai140,cell morphology,fMOST,CP,cells,1,SEU-Allen Joint Center,Hanchuan Peng,,zeng_fmost,BIL,/bil/data/biccn/zeng/luo/fmost/mouseID_321244-17545,,,60,Female,,https://download.neuroxiv.org/SEU-A1876/SEU-ALLEN_full_17545_00001_CCFv3.swc,https://neuroxiv.org/?id=SEU-ALLEN_full_17545_00001_CCFv3,5193.75,5415.65,9103.7
17545_00003,17545,mouse,NCBI:txid10090,Tnnt1-IRES2-CreERT2;Ai82;Ai140,cell morphology,fMOST,VAL,cells,1,SEU-Allen Joint Center,Hanchuan Peng,,zeng_fmost,BIL,/bil/data/biccn/zeng/luo/fmost/mouseID_321244-17545,,,60,Female,,https://download.neuroxiv.org/SEU-A1876/SEU-ALLEN_full_17545_00003_CCFv3.swc,https://neuroxiv.org/?id=SEU-ALLEN_full_17545_00003_CCFv3,7123,5119.52,7932.98
17545_00004,17545,mouse,NCBI:txid10090,Tnnt1-IRES2-CreERT2;Ai82;Ai140,cell morphology,fMOST,CP,cells,1,SEU-Allen Joint Center,Hanchuan Peng,,zeng_fmost,BIL,/bil/data/biccn/zeng/luo/fmost/mouseID_321244-17545,,,60,Female,,https://download.neuroxiv.org/SEU-A1876/SEU-ALLEN_full_17545_00004_CCFv3.swc,https://neuroxiv.org/?id=SEU-ALLEN_full_17545_00004_CCFv3,5015.85,5133.33,9096.97
17545_00006,17545,mouse,NCBI:txid10090,Tnnt1-IRES2-CreERT2;Ai82;Ai140,cell morphology,fMOST,CP,cells,1,SEU-Allen Joint Center,Hanchuan Peng,,zeng_fmost,BIL,/bil/data/biccn/zeng/luo/fmost/mouseID_321244-17545,,,60,Female,,https://download.neuroxiv.org/SEU-A1876/SEU-ALLEN_full_17545_00006_CCFv3.swc,https://neuroxiv.org/?id=SEU-ALLEN_full_17545_00006_CCFv3,5014.98,4803.48,9100.8
17545_00007,17545,mouse,NCBI:txid10090,Tnnt1-IRES2-CreERT2;Ai82;Ai140,cell morphology,fMOST,CP,cells,1,SEU-Allen Joint Center,Hanchuan Peng,,zeng_fmost,BIL,/bil/data/biccn/zeng/luo/fmost/mouseID_321244-17545,,,60,Female,,https://download.neuroxiv.org/SEU-A1876/SEU-ALLEN_full_17545_00007_CCFv3.swc,https://neuroxiv.org/?id=SEU-ALLEN_full_17545_00007_CCFv3,5204.58,5034.45,9051.62
17545_00008,17545,mouse,NCBI:txid10090,Tnnt1-IRES2-CreERT2;Ai82;Ai140,cell morphology,fMOST,CP,cells,1,SEU-Allen Joint Center,Hanchuan Peng,,zeng_fmost,BIL,/bil/data/biccn/zeng/luo/fmost/mouseID_321244-17545,,,60,Female,,https://download.neuroxiv.org/SEU-A1876/SEU-ALLEN_full_17545_00008_CCFv3.swc,https://neuroxiv.org/?id=SEU-ALLEN_full_17545_00008_CCFv3,5291.17,4982.85,9110.6
17545_00023,17545,mouse,NCBI:txid10090,Tnnt1-IRES2-CreERT2;Ai82;Ai140,cell morphology,fMOST,CP,cells,1,SEU-Allen Joint Center,Hanchuan Peng,,zeng_fmost,BIL,/bil/data/biccn/zeng/luo/fmost/mouseID_321244-17545,,,60,Female,,https://download.neuroxiv.org/SEU-A1876/SEU-ALLEN_full_17545_00023_CCFv3.swc,https://neuroxiv.org/?id=SEU-ALLEN_full_17545_00023_CCFv3,5099.17,4339.23,9212.58
17545_00024,17545,mouse,NCBI:txid10090,Tnnt1-IRES2-CreERT2;Ai82;Ai140,cell morphology,fMOST,CP,cells,1,SEU-Allen Joint Center,Hanchuan Peng,,zeng_fmost,BIL,/bil/data/biccn/zeng/luo/fmost/mouseID_321244-17545,,,60,Female,,https://download.neuroxiv.org/SEU-A1876/SEU-ALLEN_full_17545_00024_CCFv3.swc,https://neuroxiv.org/?id=SEU-ALLEN_full_17545_00024_CCFv3,5127.45,4183.23,9058.03
17545_00025,17545,mouse,NCBI:txid10090,Tnnt1-IRES2-CreERT2;Ai82;Ai140,cell morphology,fMOST,CP,cells,1,SEU-Allen Joint Center,Hanchuan Peng,,zeng_fmost,BIL,/bil/data/biccn/zeng/luo/fmost/mouseID_321244-17545,,,60,Female,,https://download.neuroxiv.org/SEU-A1876/SEU-ALLEN_full_17545_00025_CCFv3.swc,https://neuroxiv.org/?id=SEU-ALLEN_full_17545_00025_CCFv3,4860.95,3947.6,8927.08
17545_00026,17545,mouse,NCBI:txid10090,Tnnt1-IRES2-CreERT2;Ai82;Ai140,cell morphology,fMOST,CP,cells,1,SEU-Allen Joint Center,Hanchuan Peng,,zeng_fmost,BIL,/bil/data/biccn/zeng/luo/fmost/mouseID_321244-17545,,,60,Female,,https://download.neuroxiv.org/SEU-A1876/SEU-ALLEN_full_17545_00026_CCFv3.swc,https://neuroxiv.org/?id=SEU-ALLEN_full_17545_00026_CCFv3,5174,4012.23,9115.57
17545_00027,17545,mouse,NCBI:txid10090,Tnnt1-IRES2-CreERT2;Ai82;Ai140,cell morphology,fMOST,CP,cells,1,SEU-Allen Joint Center,Hanchuan Peng,,zeng_fmost,BIL,/bil/data/biccn/zeng/luo/fmost/mouseID_321244-17545,,,60,Female,,https://download.neuroxiv.org/SEU-A1876/SEU-ALLEN_full_17545_00027_CCFv3.swc,https://neuroxiv.org/?id=SEU-ALLEN_full_17545_00027_CCFv3,5646.75,4962.95,9402.88
17545_00028,17545,mouse,NCBI:txid10090,Tnnt1-IRES2-CreERT2;Ai82;Ai140,cell morphology,fMOST,CP,cells,1,SEU-Allen Joint Center,Hanchuan Peng,,zeng_fmost,BIL,/bil/data/biccn/zeng/luo/fmost/mouseID_321244-17545,,,60,Female,,https://download.neuroxiv.org/SEU-A1876/SEU-ALLEN_full_17545_00028_CCFv3.swc,https://neuroxiv.org/?id=SEU-ALLEN_full_17545_00028_CCFv3,7020.67,4640.52,9468.22
17545_00029,17545,mouse,NCBI:txid10090,Tnnt1-IRES2-CreERT2;Ai82;Ai140,cell morphology,fMOST,CP,cells,1,SEU-Allen Joint Center,Hanchuan Peng,,zeng_fmost,BIL,/bil/data/biccn/zeng/luo/fmost/mouseID_321244-17545,,,60,Female,,https://download.neuroxiv.org/SEU-A1876/SEU-ALLEN_full_17545_00029_CCFv3.swc,https://neuroxiv.org/?id=SEU-ALLEN_full_17545_00029_CCFv3,5522.27,4265.65,9070.53
17545_00030,17545,mouse,NCBI:txid10090,Tnnt1-IRES2-CreERT2;Ai82;Ai140,cell morphology,fMOST,CP,cells,1,SEU-Allen Joint Center,Hanchuan Peng,,zeng_fmost,BIL,/bil/data/biccn/zeng/luo/fmost/mouseID_321244-17545,,,60,Female,,https://download.neuroxiv.org/SEU-A1876/SEU-ALLEN_full_17545_00030_CCFv3.swc,https://neuroxiv.org/?id=SEU-ALLEN_full_17545_00030_CCFv3,5190.3,3783.6,8913.77
17545_00040,17545,mouse,NCBI:txid10090,Tnnt1-IRES2-CreERT2;Ai82;Ai140,cell morphology,fMOST,CP,cells,1,SEU-Allen Joint Center,Hanchuan Peng,,zeng_fmost,BIL,/bil/data/biccn/zeng/luo/fmost/mouseID_321244-17545,,,60,Female,,https://download.neuroxiv.org/SEU-A1876/SEU-ALLEN_full_17545_00040_CCFv3.swc,https://neuroxiv.org/?id=SEU-ALLEN_full_17545_00040_CCFv3,4487.8,5180.75,8500.95
17545_00041,17545,mouse,NCBI:txid10090,Tnnt1-IRES2-CreERT2;Ai82;Ai140,cell morphology,fMOST,CP,cells,1,SEU-Allen Joint Center,Hanchuan Peng,,zeng_fmost,BIL,/bil/data/biccn/zeng/luo/fmost/mouseID_321244-17545,,,60,Female,,https://download.neuroxiv.org/SEU-A1876/SEU-ALLEN_full_17545_00041_CCFv3.swc,https://neuroxiv.org/?id=SEU-ALLEN_full_17545_00041_CCFv3,4808.6,4953.65,8943.2
17545_00044,17545,mouse,NCBI:txid10090,Tnnt1-IRES2-CreERT2;Ai82;Ai140,cell morphology,fMOST,CP,cells,1,SEU-Allen Joint Center,Hanchuan Peng,,zeng_fmost,BIL,/bil/data/biccn/zeng/luo/fmost/mouseID_321244-17545,,,60,Female,,https://download.neuroxiv.org/SEU-A1876/SEU-ALLEN_full_17545_00044_CCFv3.swc,https://neuroxiv.org/?id=SEU-ALLEN_full_17545_00044_CCFv3,5384.08,4836.33,8615.03
17545_00045,17545,mouse,NCBI:txid10090,Tnnt1-IRES2-CreERT2;Ai82;Ai140,cell morphology,fMOST,CP,cells,1,SEU-Allen Joint Center,Hanchuan Peng,,zeng_fmost,BIL,/bil/data/biccn/zeng/luo/fmost/mouseID_321244-17545,,,60,Female,,https://download.neuroxiv.org/SEU-A1876/SEU-ALLEN_full_17545_00045_CCFv3.swc,https://neuroxiv.org/?id=SEU-ALLEN_full_17545_00045_CCFv3,5084.25,4495.55,8898.58
17545_00046,17545,mouse,NCBI:txid10090,Tnnt1-IRES2-CreERT2;Ai82;Ai140,cell morphology,fMOST,CP,cells,1,SEU-Allen Joint Center,Hanchuan Peng,,zeng_fmost,BIL,/bil/data/biccn/zeng/luo/fmost/mouseID_321244-17545,,,60,Female,,https://download.neuroxiv.org/SEU-A1876/SEU-ALLEN_full_17545_00046_CCFv3.swc,https://neuroxiv.org/?id=SEU-ALLEN_full_17545_00046_CCFv3,4392.38,4228.15,8668.53
17545_00047,17545,mouse,NCBI:txid10090,Tnnt1-IRES2-CreERT2;Ai82;Ai140,cell morphology,fMOST,CP,cells,1,SEU-Allen Joint Center,Hanchuan Peng,,zeng_fmost,BIL,/bil/data/biccn/zeng/luo/fmost/mouseID_321244-17545,,,60,Female,,https://download.neuroxiv.org/SEU-A1876/SEU-ALLEN_full_17545_00047_CCFv3.swc,https://neuroxiv.org/?id=SEU-ALLEN_full_17545_00047_CCFv3,4592.38,3993.43,8677.53
17545_00048,17545,mouse,NCBI:txid10090,Tnnt1-IRES2-CreERT2;Ai82;Ai140,cell morphology,fMOST,CP,cells,1,SEU-Allen Joint Center,Hanchuan Peng,,zeng_fmost,BIL,/bil/data/biccn/zeng/luo/fmost/mouseID_321244-17545,,,60,Female,,https://download.neuroxiv.org/SEU-A1876/SEU-ALLEN_full_17545_00048_CCFv3.swc,https://neuroxiv.org/?id=SEU-ALLEN_full_17545_00048_CCFv3,4142.75,4185,8201.05
17545_00050,17545,mouse,NCBI:txid10090,Tnnt1-IRES2-CreERT2;Ai82;Ai140,cell morphology,fMOST,CP,cells,1,SEU-Allen Joint Center,Hanchuan Peng,,zeng_fmost,BIL,/bil/data/biccn/zeng/luo/fmost/mouseID_321244-17545,,,60,Female,,https://download.neuroxiv.org/SEU-A1876/SEU-ALLEN_full_17545_00050_CCFv3.swc,https://neuroxiv.org/?id=SEU-ALLEN_full_17545_00050_CCFv3,4999.45,4217.17,8497.03
17545_00052,17545,mouse,NCBI:txid10090,Tnnt1-IRES2-CreERT2;Ai82;Ai140,cell morphology,fMOST,CP,cells,1,SEU-Allen Joint Center,Hanchuan Peng,,zeng_fmost,BIL,/bil/data/biccn/zeng/luo/fmost/mouseID_321244-17545,,,60,Female,,https://download.neuroxiv.org/SEU-A1876/SEU-ALLEN_full_17545_00052_CCFv3.swc,https://neuroxiv.org/?id=SEU-ALLEN_full_17545_00052_CCFv3,4186.3,4937.95,7675.85
17545_00053,17545,mouse,NCBI:txid10090,Tnnt1-IRES2-CreERT2;Ai82;Ai140,cell morphology,fMOST,CP,cells,1,SEU-Allen Joint Center,Hanchuan Peng,,zeng_fmost,BIL,/bil/data/biccn/zeng/luo/fmost/mouseID_321244-17545,,,60,Female,,https://download.neuroxiv.org/SEU-A1876/SEU-ALLEN_full_17545_00053_CCFv3.swc,https://neuroxiv.org/?id=SEU-ALLEN_full_17545_00053_CCFv3,4643.58,4241.67,7379.88
17545_00054,17545,mouse,NCBI:txid10090,Tnnt1-IRES2-CreERT2;Ai82;Ai140,cell morphology,fMOST,VPM,cells,1,SEU-Allen Joint Center,Hanchuan Peng,,zeng_fmost,BIL,/bil/data/biccn/zeng/luo/fmost/mouseID_321244-17545,,,60,Female,,https://download.neuroxiv.org/SEU-A1876/SEU-ALLEN_full_17545_00054_CCFv3.swc,https://neuroxiv.org/?id=SEU-ALLEN_full_17545_00054_CCFv3,7144.1,4203,8303.33
17545_00055,17545,mouse,NCBI:txid10090,Tnnt1-IRES2-CreERT2;Ai82;Ai140,cell morphology,fMOST,VPM,cells,1,SEU-Allen Joint Center,Hanchuan Peng,,zeng_fmost,BIL,/bil/data/biccn/zeng/luo/fmost/mouseID_321244-17545,,,60,Female,,https://download.neuroxiv.org/SEU-A1876/SEU-ALLEN_full_17545_00055_CCFv3.swc,https://neuroxiv.org/?id=SEU-ALLEN_full_17545_00055_CCFv3,7077.4,3974.23,8318.72
17545_00056,17545,mouse,NCBI:txid10090,Tnnt1-IRES2-CreERT2;Ai82;Ai140,cell morphology,fMOST,VPM,cells,1,SEU-Allen Joint Center,Hanchuan Peng,,zeng_fmost,BIL,/bil/data/biccn/zeng/luo/fmost/mouseID_321244-17545,,,60,Female,,https://download.neuroxiv.org/SEU-A1876/SEU-ALLEN_full_17545_00056_CCFv3.swc,https://neuroxiv.org/?id=SEU-ALLEN_full_17545_00056_CCFv3,7204.6,3935.4,8152.85
17545_00057,17545,mouse,NCBI:txid10090,Tnnt1-IRES2-CreERT2;Ai82;Ai140,cell morphology,fMOST,VPM,cells,1,SEU-Allen Joint Center,Hanchuan Peng,,zeng_fmost,BIL,/bil/data/biccn/zeng/luo/fmost/mouseID_321244-17545,,,60,Female,,https://download.neuroxiv.org/SEU-A1876/SEU-ALLEN_full_17545_00057_CCFv3.swc,https://neuroxiv.org/?id=SEU-ALLEN_full_17545_00057_CCFv3,6835.23,4722.9,7395.42
17545_00058,17545,mouse,NCBI:txid10090,Tnnt1-IRES2-CreERT2;Ai82;Ai140,cell morphology,fMOST,VPM,cells,1,SEU-Allen Joint Center,Hanchuan Peng,,zeng_fmost,BIL,/bil/data/biccn/zeng/luo/fmost/mouseID_321244-17545,,,60,Female,,https://download.neuroxiv.org/SEU-A1876/SEU-ALLEN_full_17545_00058_CCFv3.swc,https://neuroxiv.org/?id=SEU-ALLEN_full_17545_00058_CCFv3,7174.45,4206.02,7873.02
17545_00059,17545,mouse,NCBI:txid10090,Tnnt1-IRES2-CreERT2;Ai82;Ai140,cell morphology,fMOST,CP,cells,1,SEU-Allen Joint Center,Hanchuan Peng,,zeng_fmost,BIL,/bil/data/biccn/zeng/luo/fmost/mouseID_321244-17545,,,60,Female,,https://download.neuroxiv.org/SEU-A1876/SEU-ALLEN_full_17545_00059_CCFv3.swc,https://neuroxiv.org/?id=SEU-ALLEN_full_17545_00059_CCFv3,4489.33,3455.07,8260.83
17545_00060,17545,mouse,NCBI:txid10090,Tnnt1-IRES2-CreERT2;Ai82;Ai140,cell morphology,fMOST,CP,cells,1,SEU-Allen Joint Center,Hanchuan Peng,,zeng_fmost,BIL,/bil/data/biccn/zeng/luo/fmost/mouseID_321244-17545,,,60,Female,,https://download.neuroxiv.org/SEU-A1876/SEU-ALLEN_full_17545_00060_CCFv3.swc,https://neuroxiv.org/?id=SEU-ALLEN_full_17545_00060_CCFv3,4205.17,3607.98,8104.1
17545_00063,17545,mouse,NCBI:txid10090,Tnnt1-IRES2-CreERT2;Ai82;Ai140,cell morphology,fMOST,CP,cells,1,SEU-Allen Joint Center,Hanchuan Peng,,zeng_fmost,BIL,/bil/data/biccn/zeng/luo/fmost/mouseID_321244-17545,,,60,Female,,https://download.neuroxiv.org/SEU-A1876/SEU-ALLEN_full_17545_00063_CCFv3.swc,https://neuroxiv.org/?id=SEU-ALLEN_full_17545_00063_CCFv3,5476.33,2917.88,8001.52
17545_00064,17545,mouse,NCBI:txid10090,Tnnt1-IRES2-CreERT2;Ai82;Ai140,cell morphology,fMOST,CP,cells,1,SEU-Allen Joint Center,Hanchuan Peng,,zeng_fmost,BIL,/bil/data/biccn/zeng/luo/fmost/mouseID_321244-17545,,,60,Female,,https://download.neuroxiv.org/SEU-A1876/SEU-ALLEN_full_17545_00064_CCFv3.swc,https://neuroxiv.org/?id=SEU-ALLEN_full_17545_00064_CCFv3,4063.25,3556.62,7896.48
17545_00065,17545,mouse,NCBI:txid10090,Tnnt1-IRES2-CreERT2;Ai82;Ai140,cell morphology,fMOST,CP,cells,1,SEU-Allen Joint Center,Hanchuan Peng,,zeng_fmost,BIL,/bil/data/biccn/zeng/luo/fmost/mouseID_321244-17545,,,60,Female,,https://download.neuroxiv.org/SEU-A1876/SEU-ALLEN_full_17545_00065_CCFv3.swc,https://neuroxiv.org/?id=SEU-ALLEN_full_17545_00065_CCFv3,4980.9,3571.2,7399.8
17545_00066,17545,mouse,NCBI:txid10090,Tnnt1-IRES2-CreERT2;Ai82;Ai140,cell morphology,fMOST,CP,cells,1,SEU-Allen Joint Center,Hanchuan Peng,,zeng_fmost,BIL,/bil/data/biccn/zeng/luo/fmost/mouseID_321244-17545,,,60,Female,,https://download.neuroxiv.org/SEU-A1876/SEU-ALLEN_full_17545_00066_CCFv3.swc,https://neuroxiv.org/?id=SEU-ALLEN_full_17545_00066_CCFv3,4806.17,3119.82,7739.88
17545_00067,17545,mouse,NCBI:txid10090,Tnnt1-IRES2-CreERT2;Ai82;Ai140,cell morphology,fMOST,CP,cells,1,SEU-Allen Joint Center,Hanchuan Peng,,zeng_fmost,BIL,/bil/data/biccn/zeng/luo/fmost/mouseID_321244-17545,,,60,Female,,https://download.neuroxiv.org/SEU-A1876/SEU-ALLEN_full_17545_00067_CCFv3.swc,https://neuroxiv.org/?id=SEU-ALLEN_full_17545_00067_CCFv3,5552.1,2812.18,7447.73
17545_00068,17545,mouse,NCBI:txid10090,Tnnt1-IRES2-CreERT2;Ai82;Ai140,cell morphology,fMOST,CP,cells,1,SEU-Allen Joint Center,Hanchuan Peng,,zeng_fmost,BIL,/bil/data/biccn/zeng/luo/fmost/mouseID_321244-17545,,,60,Female,,https://download.neuroxiv.org/SEU-A1876/SEU-ALLEN_full_17545_00068_CCFv3.swc,https://neuroxiv.org/?id=SEU-ALLEN_full_17545_00068_CCFv3,4879.23,3144.07,6997.9
17545_00071,17545,mouse,NCBI:txid10090,Tnnt1-IRES2-CreERT2;Ai82;Ai140,cell morphology,fMOST,VAL,cells,1,SEU-Allen Joint Center,Hanchuan Peng,,zeng_fmost,BIL,/bil/data/biccn/zeng/luo/fmost/mouseID_321244-17545,,,60,Female,,https://download.neuroxiv.org/SEU-A1876/SEU-ALLEN_full_17545_00071_CCFv3.swc,https://neuroxiv.org/?id=SEU-ALLEN_full_17545_00071_CCFv3,7039.8,4229.38,7193.48
17545_00073,17545,mouse,NCBI:txid10090,Tnnt1-IRES2-CreERT2;Ai82;Ai140,cell morphology,fMOST,CP,cells,1,SEU-Allen Joint Center,Hanchuan Peng,,zeng_fmost,BIL,/bil/data/biccn/zeng/luo/fmost/mouseID_321244-17545,,,60,Female,,https://download.neuroxiv.org/SEU-A1876/SEU-ALLEN_full_17545_00073_CCFv3.swc,https://neuroxiv.org/?id=SEU-ALLEN_full_17545_00073_CCFv3,7311.5,4394.58,9754.5
17545_00074,17545,mouse,NCBI:txid10090,Tnnt1-IRES2-CreERT2;Ai82;Ai140,cell morphology,fMOST,CP,cells,1,SEU-Allen Joint Center,Hanchuan Peng,,zeng_fmost,BIL,/bil/data/biccn/zeng/luo/fmost/mouseID_321244-17545,,,60,Female,,https://download.neuroxiv.org/SEU-A1876/SEU-ALLEN_full_17545_00074_CCFv3.swc,https://neuroxiv.org/?id=SEU-ALLEN_full_17545_00074_CCFv3,7404.73,4316.77,9777.12
17545_00075,17545,mouse,NCBI:txid10090,Tnnt1-IRES2-CreERT2;Ai82;Ai140,cell morphology,fMOST,VPM,cells,1,SEU-Allen Joint Center,Hanchuan Peng,,zeng_fmost,BIL,/bil/data/biccn/zeng/luo/fmost/mouseID_321244-17545,,,60,Female,,https://download.neuroxiv.org/SEU-A1876/SEU-ALLEN_full_17545_00075_CCFv3.swc,https://neuroxiv.org/?id=SEU-ALLEN_full_17545_00075_CCFv3,7393.17,4077.48,8280.47
17545_00078,17545,mouse,NCBI:txid10090,Tnnt1-IRES2-CreERT2;Ai82;Ai140,cell morphology,fMOST,VPM,cells,1,SEU-Allen Joint Center,Hanchuan Peng,,zeng_fmost,BIL,/bil/data/biccn/zeng/luo/fmost/mouseID_321244-17545,,,60,Female,,https://download.neuroxiv.org/SEU-A1876/SEU-ALLEN_full_17545_00078_CCFv3.swc,https://neuroxiv.org/?id=SEU-ALLEN_full_17545_00078_CCFv3,7255.92,3894.25,8212.62
17545_00081,17545,mouse,NCBI:txid10090,Tnnt1-IRES2-CreERT2;Ai82;Ai140,cell morphology,fMOST,MG,cells,1,SEU-Allen Joint Center,Hanchuan Peng,,zeng_fmost,BIL,/bil/data/biccn/zeng/luo/fmost/mouseID_321244-17545,,,60,Female,,https://download.neuroxiv.org/SEU-A1876/SEU-ALLEN_full_17545_00081_CCFv3.swc,https://neuroxiv.org/?id=SEU-ALLEN_full_17545_00081_CCFv3,8192.1,3947.25,8172.4
17545_00082,17545,mouse,NCBI:txid10090,Tnnt1-IRES2-CreERT2;Ai82;Ai140,cell morphology,fMOST,MG,cells,1,SEU-Allen Joint Center,Hanchuan Peng,,zeng_fmost,BIL,/bil/data/biccn/zeng/luo/fmost/mouseID_321244-17545,,,60,Female,,https://download.neuroxiv.org/SEU-A1876/SEU-ALLEN_full_17545_00082_CCFv3.swc,https://neuroxiv.org/?id=SEU-ALLEN_full_17545_00082_CCFv3,8431.9,3960.43,8127.15
17545_00084,17545,mouse,NCBI:txid10090,Tnnt1-IRES2-CreERT2;Ai82;Ai140,cell morphology,fMOST,VPMpc,cells,1,SEU-Allen Joint Center,Hanchuan Peng,,zeng_fmost,BIL,/bil/data/biccn/zeng/luo/fmost/mouseID_321244-17545,,,60,Female,,https://download.neuroxiv.org/SEU-A1876/SEU-ALLEN_full_17545_00084_CCFv3.swc,https://neuroxiv.org/?id=SEU-ALLEN_full_17545_00084_CCFv3,7420.2,4709.38,7398.75
17545_00085,17545,mouse,NCBI:txid10090,Tnnt1-IRES2-CreERT2;Ai82;Ai140,cell morphology,fMOST,VPMpc,cells,1,SEU-Allen Joint Center,Hanchuan Peng,,zeng_fmost,BIL,/bil/data/biccn/zeng/luo/fmost/mouseID_321244-17545,,,60,Female,,https://download.neuroxiv.org/SEU-A1876/SEU-ALLEN_full_17545_00085_CCFv3.swc,https://neuroxiv.org/?id=SEU-ALLEN_full_17545_00085_CCFv3,7637.7,4760.9,7620.05
17545_00088,17545,mouse,NCBI:txid10090,Tnnt1-IRES2-CreERT2;Ai82;Ai140,cell morphology,fMOST,LGd,cells,1,SEU-Allen Joint Center,Hanchuan Peng,,zeng_fmost,BIL,/bil/data/biccn/zeng/luo/fmost/mouseID_321244-17545,,,60,Female,,https://download.neuroxiv.org/SEU-A1876/SEU-ALLEN_full_17545_00088_CCFv3.swc,https://neuroxiv.org/?id=SEU-ALLEN_full_17545_00088_CCFv3,7656.95,3585.68,8521.38
17545_00089,17545,mouse,NCBI:txid10090,Tnnt1-IRES2-CreERT2;Ai82;Ai140,cell morphology,fMOST,LP,cells,1,SEU-Allen Joint Center,Hanchuan Peng,,zeng_fmost,BIL,/bil/data/biccn/zeng/luo/fmost/mouseID_321244-17545,,,60,Female,,https://download.neuroxiv.org/SEU-A1876/SEU-ALLEN_full_17545_00089_CCFv3.swc,https://neuroxiv.org/?id=SEU-ALLEN_full_17545_00089_CCFv3,7289.2,3601.5,8157.5
17545_00091,17545,mouse,NCBI:txid10090,Tnnt1-IRES2-CreERT2;Ai82;Ai140,cell morphology,fMOST,LGd,cells,1,SEU-Allen Joint Center,Hanchuan Peng,,zeng_fmost,BIL,/bil/data/biccn/zeng/luo/fmost/mouseID_321244-17545,,,60,Female,,https://download.neuroxiv.org/SEU-A1876/SEU-ALLEN_full_17545_00091_CCFv3.swc,https://neuroxiv.org/?id=SEU-ALLEN_full_17545_00091_CCFv3,7860.9,3577.12,8146.85
17545_00092,17545,mouse,NCBI:txid10090,Tnnt1-IRES2-CreERT2;Ai82;Ai140,cell morphology,fMOST,LGd,cells,1,SEU-Allen Joint Center,Hanchuan Peng,,zeng_fmost,BIL,/bil/data/biccn/zeng/luo/fmost/mouseID_321244-17545,,,60,Female,,https://download.neuroxiv.org/SEU-A1876/SEU-ALLEN_full_17545_00092_CCFv3.swc,https://neuroxiv.org/?id=SEU-ALLEN_full_17545_00092_CCFv3,7883.98,3754.55,8321.65
17545_00093,17545,mouse,NCBI:txid10090,Tnnt1-IRES2-CreERT2;Ai82;Ai140,cell morphology,fMOST,LGd,cells,1,SEU-Allen Joint Center,Hanchuan Peng,,zeng_fmost,BIL,/bil/data/biccn/zeng/luo/fmost/mouseID_321244-17545,,,60,Female,,https://download.neuroxiv.org/SEU-A1876/SEU-ALLEN_full_17545_00093_CCFv3.swc,https://neuroxiv.org/?id=SEU-ALLEN_full_17545_00093_CCFv3,7608.67,3197.15,8183.88
17545_00094,17545,mouse,NCBI:txid10090,Tnnt1-IRES2-CreERT2;Ai82;Ai140,cell morphology,fMOST,LGd,cells,1,SEU-Allen Joint Center,Hanchuan Peng,,zeng_fmost,BIL,/bil/data/biccn/zeng/luo/fmost/mouseID_321244-17545,,,60,Female,,https://download.neuroxiv.org/SEU-A1876/SEU-ALLEN_full_17545_00094_CCFv3.swc,https://neuroxiv.org/?id=SEU-ALLEN_full_17545_00094_CCFv3,7751.05,3242.02,8264.75
17545_00095,17545,mouse,NCBI:txid10090,Tnnt1-IRES2-CreERT2;Ai82;Ai140,cell morphology,fMOST,LGd,cells,1,SEU-Allen Joint Center,Hanchuan Peng,,zeng_fmost,BIL,/bil/data/biccn/zeng/luo/fmost/mouseID_321244-17545,,,60,Female,,https://download.neuroxiv.org/SEU-A1876/SEU-ALLEN_full_17545_00095_CCFv3.swc,https://neuroxiv.org/?id=SEU-ALLEN_full_17545_00095_CCFv3,7767.55,3463.3,8009.25
17545_00110,17545,mouse,NCBI:txid10090,Tnnt1-IRES2-CreERT2;Ai82;Ai140,cell morphology,fMOST,VPM,cells,1,SEU-Allen Joint Center,Hanchuan Peng,,zeng_fmost,BIL,/bil/data/biccn/zeng/luo/fmost/mouseID_321244-17545,,,60,Female,,https://download.neuroxiv.org/SEU-A1876/SEU-ALLEN_full_17545_00110_CCFv3.swc,https://neuroxiv.org/?id=SEU-ALLEN_full_17545_00110_CCFv3,6944.27,4352.95,4386.67
17545_00111,17545,mouse,NCBI:txid10090,Tnnt1-IRES2-CreERT2;Ai82;Ai140,cell morphology,fMOST,CP,cells,1,SEU-Allen Joint Center,Hanchuan Peng,,zeng_fmost,BIL,/bil/data/biccn/zeng/luo/fmost/mouseID_321244-17545,,,60,Female,,https://download.neuroxiv.org/SEU-A1876/SEU-ALLEN_full_17545_00111_CCFv3.swc,https://neuroxiv.org/?id=SEU-ALLEN_full_17545_00111_CCFv3,4268.52,3145.55,4230.3
17545_00113,17545,mouse,NCBI:txid10090,Tnnt1-IRES2-CreERT2;Ai82;Ai140,cell morphology,fMOST,CP,cells,1,SEU-Allen Joint Center,Hanchuan Peng,,zeng_fmost,BIL,/bil/data/biccn/zeng/luo/fmost/mouseID_321244-17545,,,60,Female,,https://download.neuroxiv.org/SEU-A1876/SEU-ALLEN_full_17545_00113_CCFv3.swc,https://neuroxiv.org/?id=SEU-ALLEN_full_17545_00113_CCFv3,4172.35,3385.62,4017.38
17545_00115,17545,mouse,NCBI:txid10090,Tnnt1-IRES2-CreERT2;Ai82;Ai140,cell morphology,fMOST,CP,cells,1,SEU-Allen Joint Center,Hanchuan Peng,,zeng_fmost,BIL,/bil/data/biccn/zeng/luo/fmost/mouseID_321244-17545,,,60,Female,,https://download.neuroxiv.org/SEU-A1876/SEU-ALLEN_full_17545_00115_CCFv3.swc,https://neuroxiv.org/?id=SEU-ALLEN_full_17545_00115_CCFv3,4085.35,5195.48,3636.7
17545_00116,17545,mouse,NCBI:txid10090,Tnnt1-IRES2-CreERT2;Ai82;Ai140,cell morphology,fMOST,CP,cells,1,SEU-Allen Joint Center,Hanchuan Peng,,zeng_fmost,BIL,/bil/data/biccn/zeng/luo/fmost/mouseID_321244-17545,,,60,Female,,https://download.neuroxiv.org/SEU-A1876/SEU-ALLEN_full_17545_00116_CCFv3.swc,https://neuroxiv.org/?id=SEU-ALLEN_full_17545_00116_CCFv3,4635.85,4785.17,3060.57
17545_00118,17545,mouse,NCBI:txid10090,Tnnt1-IRES2-CreERT2;Ai82;Ai140,cell morphology,fMOST,CP,cells,1,SEU-Allen Joint Center,Hanchuan Peng,,zeng_fmost,BIL,/bil/data/biccn/zeng/luo/fmost/mouseID_321244-17545,,,60,Female,,https://download.neuroxiv.org/SEU-A1876/SEU-ALLEN_full_17545_00118_CCFv3.swc,https://neuroxiv.org/?id=SEU-ALLEN_full_17545_00118_CCFv3,4931.08,5299.17,2780.32
17545_00119,17545,mouse,NCBI:txid10090,Tnnt1-IRES2-CreERT2;Ai82;Ai140,cell morphology,fMOST,CP,cells,1,SEU-Allen Joint Center,Hanchuan Peng,,zeng_fmost,BIL,/bil/data/biccn/zeng/luo/fmost/mouseID_321244-17545,,,60,Female,,https://download.neuroxiv.org/SEU-A1876/SEU-ALLEN_full_17545_00119_CCFv3.swc,https://neuroxiv.org/?id=SEU-ALLEN_full_17545_00119_CCFv3,5123.58,5013.42,2804.9
17545_00120,17545,mouse,NCBI:txid10090,Tnnt1-IRES2-CreERT2;Ai82;Ai140,cell morphology,fMOST,CP,cells,1,SEU-Allen Joint Center,Hanchuan Peng,,zeng_fmost,BIL,/bil/data/biccn/zeng/luo/fmost/mouseID_321244-17545,,,60,Female,,https://download.neuroxiv.org/SEU-A1876/SEU-ALLEN_full_17545_00120_CCFv3.swc,https://neuroxiv.org/?id=SEU-ALLEN_full_17545_00120_CCFv3,5512.38,5156.62,2981.68
17545_00121,17545,mouse,NCBI:txid10090,Tnnt1-IRES2-CreERT2;Ai82;Ai140,cell morphology,fMOST,CP,cells,1,SEU-Allen Joint Center,Hanchuan Peng,,zeng_fmost,BIL,/bil/data/biccn/zeng/luo/fmost/mouseID_321244-17545,,,60,Female,,https://download.neuroxiv.org/SEU-A1876/SEU-ALLEN_full_17545_00121_CCFv3.swc,https://neuroxiv.org/?id=SEU-ALLEN_full_17545_00121_CCFv3,5622.1,4937.5,3049.4
17545_00122,17545,mouse,NCBI:txid10090,Tnnt1-IRES2-CreERT2;Ai82;Ai140,cell morphology,fMOST,CP,cells,1,SEU-Allen Joint Center,Hanchuan Peng,,zeng_fmost,BIL,/bil/data/biccn/zeng/luo/fmost/mouseID_321244-17545,,,60,Female,,https://download.neuroxiv.org/SEU-A1876/SEU-ALLEN_full_17545_00122_CCFv3.swc,https://neuroxiv.org/?id=SEU-ALLEN_full_17545_00122_CCFv3,5131.15,4935.3,2908.3
17545_00124,17545,mouse,NCBI:txid10090,Tnnt1-IRES2-CreERT2;Ai82;Ai140,cell morphology,fMOST,CP,cells,1,SEU-Allen Joint Center,Hanchuan Peng,,zeng_fmost,BIL,/bil/data/biccn/zeng/luo/fmost/mouseID_321244-17545,,,60,Female,,https://download.neuroxiv.org/SEU-A1876/SEU-ALLEN_full_17545_00124_CCFv3.swc,https://neuroxiv.org/?id=SEU-ALLEN_full_17545_00124_CCFv3,5175.95,4835.77,2572.5
17545_00125,17545,mouse,NCBI:txid10090,Tnnt1-IRES2-CreERT2;Ai82;Ai140,cell morphology,fMOST,CP,cells,1,SEU-Allen Joint Center,Hanchuan Peng,,zeng_fmost,BIL,/bil/data/biccn/zeng/luo/fmost/mouseID_321244-17545,,,60,Female,,https://download.neuroxiv.org/SEU-A1876/SEU-ALLEN_full_17545_00125_CCFv3.swc,https://neuroxiv.org/?id=SEU-ALLEN_full_17545_00125_CCFv3,4998.27,4787.62,2568.25
17545_00126,17545,mouse,NCBI:txid10090,Tnnt1-IRES2-CreERT2;Ai82;Ai140,cell morphology,fMOST,CP,cells,1,SEU-Allen Joint Center,Hanchuan Peng,,zeng_fmost,BIL,/bil/data/biccn/zeng/luo/fmost/mouseID_321244-17545,,,60,Female,,https://download.neuroxiv.org/SEU-A1876/SEU-ALLEN_full_17545_00126_CCFv3.swc,https://neuroxiv.org/?id=SEU-ALLEN_full_17545_00126_CCFv3,5136.62,4676.1,2637.6
17545_00129,17545,mouse,NCBI:txid10090,Tnnt1-IRES2-CreERT2;Ai82;Ai140,cell morphology,fMOST,CP,cells,1,SEU-Allen Joint Center,Hanchuan Peng,,zeng_fmost,BIL,/bil/data/biccn/zeng/luo/fmost/mouseID_321244-17545,,,60,Female,,https://download.neuroxiv.org/SEU-A1876/SEU-ALLEN_full_17545_00129_CCFv3.swc,https://neuroxiv.org/?id=SEU-ALLEN_full_17545_00129_CCFv3,5280.98,4829.77,2689.32
17545_00130,17545,mouse,NCBI:txid10090,Tnnt1-IRES2-CreERT2;Ai82;Ai140,cell morphology,fMOST,CP,cells,1,SEU-Allen Joint Center,Hanchuan Peng,,zeng_fmost,BIL,/bil/data/biccn/zeng/luo/fmost/mouseID_321244-17545,,,60,Female,,https://download.neuroxiv.org/SEU-A1876/SEU-ALLEN_full_17545_00130_CCFv3.swc,https://neuroxiv.org/?id=SEU-ALLEN_full_17545_00130_CCFv3,5078,4532.73,2848.52
17545_00131,17545,mouse,NCBI:txid10090,Tnnt1-IRES2-CreERT2;Ai82;Ai140,cell morphology,fMOST,CP,cells,1,SEU-Allen Joint Center,Hanchuan Peng,,zeng_fmost,BIL,/bil/data/biccn/zeng/luo/fmost/mouseID_321244-17545,,,60,Female,,https://download.neuroxiv.org/SEU-A1876/SEU-ALLEN_full_17545_00131_CCFv3.swc,https://neuroxiv.org/?id=SEU-ALLEN_full_17545_00131_CCFv3,5053.23,4451.55,2831.25
17545_00132,17545,mouse,NCBI:txid10090,Tnnt1-IRES2-CreERT2;Ai82;Ai140,cell morphology,fMOST,CP,cells,1,SEU-Allen Joint Center,Hanchuan Peng,,zeng_fmost,BIL,/bil/data/biccn/zeng/luo/fmost/mouseID_321244-17545,,,60,Female,,https://download.neuroxiv.org/SEU-A1876/SEU-ALLEN_full_17545_00132_CCFv3.swc,https://neuroxiv.org/?id=SEU-ALLEN_full_17545_00132_CCFv3,5025.67,4472.05,2795.38
17545_00136,17545,mouse,NCBI:txid10090,Tnnt1-IRES2-CreERT2;Ai82;Ai140,cell morphology,fMOST,CP,cells,1,SEU-Allen Joint Center,Hanchuan Peng,,zeng_fmost,BIL,/bil/data/biccn/zeng/luo/fmost/mouseID_321244-17545,,,60,Female,,https://download.neuroxiv.org/SEU-A1876/SEU-ALLEN_full_17545_00136_CCFv3.swc,https://neuroxiv.org/?id=SEU-ALLEN_full_17545_00136_CCFv3,5050.02,4649.5,2603.1
17545_00138,17545,mouse,NCBI:txid10090,Tnnt1-IRES2-CreERT2;Ai82;Ai140,cell morphology,fMOST,CP,cells,1,SEU-Allen Joint Center,Hanchuan Peng,,zeng_fmost,BIL,/bil/data/biccn/zeng/luo/fmost/mouseID_321244-17545,,,60,Female,,https://download.neuroxiv.org/SEU-A1876/SEU-ALLEN_full_17545_00138_CCFv3.swc,https://neuroxiv.org/?id=SEU-ALLEN_full_17545_00138_CCFv3,5114.4,4591.1,2537.12
17545_00140,17545,mouse,NCBI:txid10090,Tnnt1-IRES2-CreERT2;Ai82;Ai140,cell morphology,fMOST,CP,cells,1,SEU-Allen Joint Center,Hanchuan Peng,,zeng_fmost,BIL,/bil/data/biccn/zeng/luo/fmost/mouseID_321244-17545,,,60,Female,,https://download.neuroxiv.org/SEU-A1876/SEU-ALLEN_full_17545_00140_CCFv3.swc,https://neuroxiv.org/?id=SEU-ALLEN_full_17545_00140_CCFv3,5157.67,4544.25,2598.1
17545_00142,17545,mouse,NCBI:txid10090,Tnnt1-IRES2-CreERT2;Ai82;Ai140,cell morphology,fMOST,VPLpc,cells,1,SEU-Allen Joint Center,Hanchuan Peng,,zeng_fmost,BIL,/bil/data/biccn/zeng/luo/fmost/mouseID_321244-17545,,,60,Female,,https://download.neuroxiv.org/SEU-A1876/SEU-ALLEN_full_17545_00142_CCFv3.swc,https://neuroxiv.org/?id=SEU-ALLEN_full_17545_00142_CCFv3,7259.12,4886.15,3874.27
17545_00143,17545,mouse,NCBI:txid10090,Tnnt1-IRES2-CreERT2;Ai82;Ai140,cell morphology,fMOST,CP,cells,1,SEU-Allen Joint Center,Hanchuan Peng,,zeng_fmost,BIL,/bil/data/biccn/zeng/luo/fmost/mouseID_321244-17545,,,60,Female,,https://download.neuroxiv.org/SEU-A1876/SEU-ALLEN_full_17545_00143_CCFv3.swc,https://neuroxiv.org/?id=SEU-ALLEN_full_17545_00143_CCFv3,4440.65,4080.88,2932.1
17545_00144,17545,mouse,NCBI:txid10090,Tnnt1-IRES2-CreERT2;Ai82;Ai140,cell morphology,fMOST,CP,cells,1,SEU-Allen Joint Center,Hanchuan Peng,,zeng_fmost,BIL,/bil/data/biccn/zeng/luo/fmost/mouseID_321244-17545,,,60,Female,,https://download.neuroxiv.org/SEU-A1876/SEU-ALLEN_full_17545_00144_CCFv3.swc,https://neuroxiv.org/?id=SEU-ALLEN_full_17545_00144_CCFv3,4811.05,4280.6,3227.85
17545_00145,17545,mouse,NCBI:txid10090,Tnnt1-IRES2-CreERT2;Ai82;Ai140,cell morphology,fMOST,CP,cells,1,SEU-Allen Joint Center,Hanchuan Peng,,zeng_fmost,BIL,/bil/data/biccn/zeng/luo/fmost/mouseID_321244-17545,,,60,Female,,https://download.neuroxiv.org/SEU-A1876/SEU-ALLEN_full_17545_00145_CCFv3.swc,https://neuroxiv.org/?id=SEU-ALLEN_full_17545_00145_CCFv3,5075.35,4076.52,3105.93
17545_00146,17545,mouse,NCBI:txid10090,Tnnt1-IRES2-CreERT2;Ai82;Ai140,cell morphology,fMOST,CP,cells,1,SEU-Allen Joint Center,Hanchuan Peng,,zeng_fmost,BIL,/bil/data/biccn/zeng/luo/fmost/mouseID_321244-17545,,,60,Female,,https://download.neuroxiv.org/SEU-A1876/SEU-ALLEN_full_17545_00146_CCFv3.swc,https://neuroxiv.org/?id=SEU-ALLEN_full_17545_00146_CCFv3,4927.9,3951.88,3182.93
17545_00147,17545,mouse,NCBI:txid10090,Tnnt1-IRES2-CreERT2;Ai82;Ai140,cell morphology,fMOST,CP,cells,1,SEU-Allen Joint Center,Hanchuan Peng,,zeng_fmost,BIL,/bil/data/biccn/zeng/luo/fmost/mouseID_321244-17545,,,60,Female,,https://download.neuroxiv.org/SEU-A1876/SEU-ALLEN_full_17545_00147_CCFv3.swc,https://neuroxiv.org/?id=SEU-ALLEN_full_17545_00147_CCFv3,4260.92,3632.38,3374.77
17545_00149,17545,mouse,NCBI:txid10090,Tnnt1-IRES2-CreERT2;Ai82;Ai140,cell morphology,fMOST,CP,cells,1,SEU-Allen Joint Center,Hanchuan Peng,,zeng_fmost,BIL,/bil/data/biccn/zeng/luo/fmost/mouseID_321244-17545,,,60,Female,,https://download.neuroxiv.org/SEU-A1876/SEU-ALLEN_full_17545_00149_CCFv3.swc,https://neuroxiv.org/?id=SEU-ALLEN_full_17545_00149_CCFv3,5257.98,3637.2,3134.12
17545_00150,17545,mouse,NCBI:txid10090,Tnnt1-IRES2-CreERT2;Ai82;Ai140,cell morphology,fMOST,CP,cells,1,SEU-Allen Joint Center,Hanchuan Peng,,zeng_fmost,BIL,/bil/data/biccn/zeng/luo/fmost/mouseID_321244-17545,,,60,Female,,https://download.neuroxiv.org/SEU-A1876/SEU-ALLEN_full_17545_00150_CCFv3.swc,https://neuroxiv.org/?id=SEU-ALLEN_full_17545_00150_CCFv3,4969.77,3896.05,2911
17545_00154,17545,mouse,NCBI:txid10090,Tnnt1-IRES2-CreERT2;Ai82;Ai140,cell morphology,fMOST,VPL,cells,1,SEU-Allen Joint Center,Hanchuan Peng,,zeng_fmost,BIL,/bil/data/biccn/zeng/luo/fmost/mouseID_321244-17545,,,60,Female,,https://download.neuroxiv.org/SEU-A1876/SEU-ALLEN_full_17545_00154_CCFv3.swc,https://neuroxiv.org/?id=SEU-ALLEN_full_17545_00154_CCFv3,7088.65,3805.9,3864.27
17545_00155,17545,mouse,NCBI:txid10090,Tnnt1-IRES2-CreERT2;Ai82;Ai140,cell morphology,fMOST,CP,cells,1,SEU-Allen Joint Center,Hanchuan Peng,,zeng_fmost,BIL,/bil/data/biccn/zeng/luo/fmost/mouseID_321244-17545,,,60,Female,,https://download.neuroxiv.org/SEU-A1876/SEU-ALLEN_full_17545_00155_CCFv3.swc,https://neuroxiv.org/?id=SEU-ALLEN_full_17545_00155_CCFv3,5532.77,3670.52,2840.93
17545_00158,17545,mouse,NCBI:txid10090,Tnnt1-IRES2-CreERT2;Ai82;Ai140,cell morphology,fMOST,CP,cells,1,SEU-Allen Joint Center,Hanchuan Peng,,zeng_fmost,BIL,/bil/data/biccn/zeng/luo/fmost/mouseID_321244-17545,,,60,Female,,https://download.neuroxiv.org/SEU-A1876/SEU-ALLEN_full_17545_00158_CCFv3.swc,https://neuroxiv.org/?id=SEU-ALLEN_full_17545_00158_CCFv3,4926.65,2940.38,4371.55
17545_00159,17545,mouse,NCBI:txid10090,Tnnt1-IRES2-CreERT2;Ai82;Ai140,cell morphology,fMOST,CP,cells,1,SEU-Allen Joint Center,Hanchuan Peng,,zeng_fmost,BIL,/bil/data/biccn/zeng/luo/fmost/mouseID_321244-17545,,,60,Female,,https://download.neuroxiv.org/SEU-A1876/SEU-ALLEN_full_17545_00159_CCFv3.swc,https://neuroxiv.org/?id=SEU-ALLEN_full_17545_00159_CCFv3,5562.48,2770.2,4093.23
17545_00162,17545,mouse,NCBI:txid10090,Tnnt1-IRES2-CreERT2;Ai82;Ai140,cell morphology,fMOST,MG,cells,1,SEU-Allen Joint Center,Hanchuan Peng,,zeng_fmost,BIL,/bil/data/biccn/zeng/luo/fmost/mouseID_321244-17545,,,60,Female,,https://download.neuroxiv.org/SEU-A1876/SEU-ALLEN_full_17545_00162_CCFv3.swc,https://neuroxiv.org/?id=SEU-ALLEN_full_17545_00162_CCFv3,8078.67,4333.58,3835.45
17545_00163,17545,mouse,NCBI:txid10090,Tnnt1-IRES2-CreERT2;Ai82;Ai140,cell morphology,fMOST,MG,cells,1,SEU-Allen Joint Center,Hanchuan Peng,,zeng_fmost,BIL,/bil/data/biccn/zeng/luo/fmost/mouseID_321244-17545,,,60,Female,,https://download.neuroxiv.org/SEU-A1876/SEU-ALLEN_full_17545_00163_CCFv3.swc,https://neuroxiv.org/?id=SEU-ALLEN_full_17545_00163_CCFv3,8444.05,4051.6,3651.25
17545_00164,17545,mouse,NCBI:txid10090,Tnnt1-IRES2-CreERT2;Ai82;Ai140,cell morphology,fMOST,MG,cells,1,SEU-Allen Joint Center,Hanchuan Peng,,zeng_fmost,BIL,/bil/data/biccn/zeng/luo/fmost/mouseID_321244-17545,,,60,Female,,https://download.neuroxiv.org/SEU-A1876/SEU-ALLEN_full_17545_00164_CCFv3.swc,https://neuroxiv.org/?id=SEU-ALLEN_full_17545_00164_CCFv3,8707.88,4472.15,3350.32
17545_00165,17545,mouse,NCBI:txid10090,Tnnt1-IRES2-CreERT2;Ai82;Ai140,cell morphology,fMOST,MG,cells,1,SEU-Allen Joint Center,Hanchuan Peng,,zeng_fmost,BIL,/bil/data/biccn/zeng/luo/fmost/mouseID_321244-17545,,,60,Female,,https://download.neuroxiv.org/SEU-A1876/SEU-ALLEN_full_17545_00165_CCFv3.swc,https://neuroxiv.org/?id=SEU-ALLEN_full_17545_00165_CCFv3,8558.47,4349.9,3385.62
17545_00166,17545,mouse,NCBI:txid10090,Tnnt1-IRES2-CreERT2;Ai82;Ai140,cell morphology,fMOST,MG,cells,1,SEU-Allen Joint Center,Hanchuan Peng,,zeng_fmost,BIL,/bil/data/biccn/zeng/luo/fmost/mouseID_321244-17545,,,60,Female,,https://download.neuroxiv.org/SEU-A1876/SEU-ALLEN_full_17545_00166_CCFv3.swc,https://neuroxiv.org/?id=SEU-ALLEN_full_17545_00166_CCFv3,8520.5,4281.38,3355.62
17545_00168,17545,mouse,NCBI:txid10090,Tnnt1-IRES2-CreERT2;Ai82;Ai140,cell morphology,fMOST,VPM,cells,1,SEU-Allen Joint Center,Hanchuan Peng,,zeng_fmost,BIL,/bil/data/biccn/zeng/luo/fmost/mouseID_321244-17545,,,60,Female,,https://download.neuroxiv.org/SEU-A1876/SEU-ALLEN_full_17545_00168_CCFv3.swc,https://neuroxiv.org/?id=SEU-ALLEN_full_17545_00168_CCFv3,7235.1,3725.5,3589.85
17545_00169,17545,mouse,NCBI:txid10090,Tnnt1-IRES2-CreERT2;Ai82;Ai140,cell morphology,fMOST,VPM,cells,1,SEU-Allen Joint Center,Hanchuan Peng,,zeng_fmost,BIL,/bil/data/biccn/zeng/luo/fmost/mouseID_321244-17545,,,60,Female,,https://download.neuroxiv.org/SEU-A1876/SEU-ALLEN_full_17545_00169_CCFv3.swc,https://neuroxiv.org/?id=SEU-ALLEN_full_17545_00169_CCFv3,7808.77,3882.07,3761
17545_00170,17545,mouse,NCBI:txid10090,Tnnt1-IRES2-CreERT2;Ai82;Ai140,cell morphology,fMOST,LGd,cells,1,SEU-Allen Joint Center,Hanchuan Peng,,zeng_fmost,BIL,/bil/data/biccn/zeng/luo/fmost/mouseID_321244-17545,,,60,Female,,https://download.neuroxiv.org/SEU-A1876/SEU-ALLEN_full_17545_00170_CCFv3.swc,https://neuroxiv.org/?id=SEU-ALLEN_full_17545_00170_CCFv3,7772.2,3521.95,3693.6
17545_00172,17545,mouse,NCBI:txid10090,Tnnt1-IRES2-CreERT2;Ai82;Ai140,cell morphology,fMOST,VPM,cells,1,SEU-Allen Joint Center,Hanchuan Peng,,zeng_fmost,BIL,/bil/data/biccn/zeng/luo/fmost/mouseID_321244-17545,,,60,Female,,https://download.neuroxiv.org/SEU-A1876/SEU-ALLEN_full_17545_00172_CCFv3.swc,https://neuroxiv.org/?id=SEU-ALLEN_full_17545_00172_CCFv3,7382.02,3926.5,3532.32
17545_00173,17545,mouse,NCBI:txid10090,Tnnt1-IRES2-CreERT2;Ai82;Ai140,cell morphology,fMOST,LGd,cells,1,SEU-Allen Joint Center,Hanchuan Peng,,zeng_fmost,BIL,/bil/data/biccn/zeng/luo/fmost/mouseID_321244-17545,,,60,Female,,https://download.neuroxiv.org/SEU-A1876/SEU-ALLEN_full_17545_00173_CCFv3.swc,https://neuroxiv.org/?id=SEU-ALLEN_full_17545_00173_CCFv3,8165.55,3606.8,3345.68
17545_00174,17545,mouse,NCBI:txid10090,Tnnt1-IRES2-CreERT2;Ai82;Ai140,cell morphology,fMOST,LGd,cells,1,SEU-Allen Joint Center,Hanchuan Peng,,zeng_fmost,BIL,/bil/data/biccn/zeng/luo/fmost/mouseID_321244-17545,,,60,Female,,https://download.neuroxiv.org/SEU-A1876/SEU-ALLEN_full_17545_00174_CCFv3.swc,https://neuroxiv.org/?id=SEU-ALLEN_full_17545_00174_CCFv3,7534.67,3180.65,3553.23
17545_00175,17545,mouse,NCBI:txid10090,Tnnt1-IRES2-CreERT2;Ai82;Ai140,cell morphology,fMOST,SMT,cells,1,SEU-Allen Joint Center,Hanchuan Peng,,zeng_fmost,BIL,/bil/data/biccn/zeng/luo/fmost/mouseID_321244-17545,,,60,Female,,https://download.neuroxiv.org/SEU-A1876/SEU-ALLEN_full_17545_00175_CCFv3.swc,https://neuroxiv.org/?id=SEU-ALLEN_full_17545_00175_CCFv3,6348.98,4853.65,6268.12
17545_00176,17545,mouse,NCBI:txid10090,Tnnt1-IRES2-CreERT2;Ai82;Ai140,cell morphology,fMOST,LP,cells,1,SEU-Allen Joint Center,Hanchuan Peng,,zeng_fmost,BIL,/bil/data/biccn/zeng/luo/fmost/mouseID_321244-17545,,,60,Female,,https://download.neuroxiv.org/SEU-A1876/SEU-ALLEN_full_17545_00176_CCFv3.swc,https://neuroxiv.org/?id=SEU-ALLEN_full_17545_00176_CCFv3,7280.33,3412.48,3973.57
17545_00177,17545,mouse,NCBI:txid10090,Tnnt1-IRES2-CreERT2;Ai82;Ai140,cell morphology,fMOST,PVT,cells,1,SEU-Allen Joint Center,Hanchuan Peng,,zeng_fmost,BIL,/bil/data/biccn/zeng/luo/fmost/mouseID_321244-17545,,,60,Female,,https://download.neuroxiv.org/SEU-A1876/SEU-ALLEN_full_17545_00177_CCFv3.swc,https://neuroxiv.org/?id=SEU-ALLEN_full_17545_00177_CCFv3,6085.25,4240.55,6052.52
17545_00178,17545,mouse,NCBI:txid10090,Tnnt1-IRES2-CreERT2;Ai82;Ai140,cell morphology,fMOST,RE,cells,1,SEU-Allen Joint Center,Hanchuan Peng,,zeng_fmost,BIL,/bil/data/biccn/zeng/luo/fmost/mouseID_321244-17545,,,60,Female,,https://download.neuroxiv.org/SEU-A1876/SEU-ALLEN_full_17545_00178_CCFv3.swc,https://neuroxiv.org/?id=SEU-ALLEN_full_17545_00178_CCFv3,6221.52,5102.88,5293.55
17545_00179,17545,mouse,NCBI:txid10090,Tnnt1-IRES2-CreERT2;Ai82;Ai140,cell morphology,fMOST,LGd,cells,1,SEU-Allen Joint Center,Hanchuan Peng,,zeng_fmost,BIL,/bil/data/biccn/zeng/luo/fmost/mouseID_321244-17545,,,60,Female,,https://download.neuroxiv.org/SEU-A1876/SEU-ALLEN_full_17545_00179_CCFv3.swc,https://neuroxiv.org/?id=SEU-ALLEN_full_17545_00179_CCFv3,8006.27,3717.93,3516.75
17545_00180,17545,mouse,NCBI:txid10090,Tnnt1-IRES2-CreERT2;Ai82;Ai140,cell morphology,fMOST,RE,cells,1,SEU-Allen Joint Center,Hanchuan Peng,,zeng_fmost,BIL,/bil/data/biccn/zeng/luo/fmost/mouseID_321244-17545,,,60,Female,,https://download.neuroxiv.org/SEU-A1876/SEU-ALLEN_full_17545_00180_CCFv3.swc,https://neuroxiv.org/?id=SEU-ALLEN_full_17545_00180_CCFv3,6267.23,5094.35,6273.88
17781_00001,17781,mouse,NCBI:txid10090,Gnb4-IRES2-CreERT2;Ai82;Ai140,cell morphology,fMOST,EPd,cells,1,SEU-Allen Joint Center,Hanchuan Peng,,zeng_fmost,BIL,/bil/data/biccn/zeng/luo/fmost/mouseID_339951-17781,,,97,Female,,https://download.neuroxiv.org/SEU-A1876/SEU-ALLEN_full_17781_00001_CCFv3.swc,https://neuroxiv.org/?id=SEU-ALLEN_full_17781_00001_CCFv3,4160.35,5744,3401.3
17781_00003,17781,mouse,NCBI:txid10090,Gnb4-IRES2-CreERT2;Ai82;Ai140,cell morphology,fMOST,MOp,cells,1,SEU-Allen Joint Center,Hanchuan Peng,,zeng_fmost,BIL,/bil/data/biccn/zeng/luo/fmost/mouseID_339951-17781,,,97,Female,,https://download.neuroxiv.org/SEU-A1876/SEU-ALLEN_full_17781_00003_CCFv3.swc,https://neuroxiv.org/?id=SEU-ALLEN_full_17781_00003_CCFv3,3818.6,4002.85,8063.9
17781_00004,17781,mouse,NCBI:txid10090,Gnb4-IRES2-CreERT2;Ai82;Ai140,cell morphology,fMOST,CLA,cells,1,SEU-Allen Joint Center,Hanchuan Peng,,zeng_fmost,BIL,/bil/data/biccn/zeng/luo/fmost/mouseID_339951-17781,,,97,Female,,https://download.neuroxiv.org/SEU-A1876/SEU-ALLEN_full_17781_00004_CCFv3.swc,https://neuroxiv.org/?id=SEU-ALLEN_full_17781_00004_CCFv3,5983.05,5034.8,2017.8
17781_2184_x15071_y19950,17781,mouse,NCBI:txid10090,Gnb4-IRES2-CreERT2;Ai82;Ai140,cell morphology,fMOST,ORBl,cells,1,SEU-Allen Joint Center,Hanchuan Peng,,zeng_fmost,BIL,/bil/data/biccn/zeng/luo/fmost/mouseID_339951-17781,,,97,Female,,https://download.neuroxiv.org/SEU-A1876/SEU-ALLEN_full_17781_2184_x15071_y19950_CCFv3.swc,https://neuroxiv.org/?id=SEU-ALLEN_full_17781_2184_x15071_y19950_CCFv3,2789.12,4329.58,3975.8
17781_2491_x13559_y38398,17781,mouse,NCBI:txid10090,Gnb4-IRES2-CreERT2;Ai82;Ai140,cell morphology,fMOST,GU,cells,1,SEU-Allen Joint Center,Hanchuan Peng,,zeng_fmost,BIL,/bil/data/biccn/zeng/luo/fmost/mouseID_339951-17781,,,97,Female,,https://download.neuroxiv.org/SEU-A1876/SEU-ALLEN_full_17781_2491_x13559_y38398_CCFv3.swc,https://neuroxiv.org/?id=SEU-ALLEN_full_17781_2491_x13559_y38398_CCFv3,3085.38,3813.43,8775.08
17781_3668_x9453_y17266,17781,mouse,NCBI:txid10090,Gnb4-IRES2-CreERT2;Ai82;Ai140,cell morphology,fMOST,SSp,cells,1,SEU-Allen Joint Center,Hanchuan Peng,,zeng_fmost,BIL,/bil/data/biccn/zeng/luo/fmost/mouseID_339951-17781,,,97,Female,,https://download.neuroxiv.org/SEU-A1876/SEU-ALLEN_full_17781_3668_x9453_y17266_CCFv3.swc,https://neuroxiv.org/?id=SEU-ALLEN_full_17781_3668_x9453_y17266_CCFv3,4789.98,2684.4,3537.8
17781_3819_x16144_y41186,17781,mouse,NCBI:txid10090,Gnb4-IRES2-CreERT2;Ai82;Ai140,cell morphology,fMOST,SSs,cells,1,SEU-Allen Joint Center,Hanchuan Peng,,zeng_fmost,BIL,/bil/data/biccn/zeng/luo/fmost/mouseID_339951-17781,,,97,Female,,https://download.neuroxiv.org/SEU-A1876/SEU-ALLEN_full_17781_3819_x16144_y41186_CCFv3.swc,https://neuroxiv.org/?id=SEU-ALLEN_full_17781_3819_x16144_y41186_CCFv3,4839.95,4291.8,9377
17781_4095_x17570_y12460,17781,mouse,NCBI:txid10090,Gnb4-IRES2-CreERT2;Ai82;Ai140,cell morphology,fMOST,CLA,cells,1,SEU-Allen Joint Center,Hanchuan Peng,,zeng_fmost,BIL,/bil/data/biccn/zeng/luo/fmost/mouseID_339951-17781,,,97,Female,,https://download.neuroxiv.org/SEU-A1876/SEU-ALLEN_full_17781_4095_x17570_y12460_CCFv3.swc,https://neuroxiv.org/?id=SEU-ALLEN_full_17781_4095_x17570_y12460_CCFv3,5258.62,5033.2,2168.93
17781_4710_x13766_y10574,17781,mouse,NCBI:txid10090,Gnb4-IRES2-CreERT2;Ai82;Ai140,cell morphology,fMOST,SSs,cells,1,SEU-Allen Joint Center,Hanchuan Peng,,zeng_fmost,BIL,/bil/data/biccn/zeng/luo/fmost/mouseID_339951-17781,,,97,Female,,https://download.neuroxiv.org/SEU-A1876/SEU-ALLEN_full_17781_4710_x13766_y10574_CCFv3.swc,https://neuroxiv.org/?id=SEU-ALLEN_full_17781_4710_x13766_y10574_CCFv3,5969.75,3805.7,1733.9
17781_4874_x11466_y11924,17781,mouse,NCBI:txid10090,Gnb4-IRES2-CreERT2;Ai82;Ai140,cell morphology,fMOST,SSp-bfd,cells,1,SEU-Allen Joint Center,Hanchuan Peng,,zeng_fmost,BIL,/bil/data/biccn/zeng/luo/fmost/mouseID_339951-17781,,,97,Female,,https://download.neuroxiv.org/SEU-A1876/SEU-ALLEN_full_17781_4874_x11466_y11924_CCFv3.swc,https://neuroxiv.org/?id=SEU-ALLEN_full_17781_4874_x11466_y11924_CCFv3,6236.98,3172.73,2173.32
17781_5166_x11993_y10858,17781,mouse,NCBI:txid10090,Gnb4-IRES2-CreERT2;Ai82;Ai140,cell morphology,fMOST,SSs,cells,1,SEU-Allen Joint Center,Hanchuan Peng,,zeng_fmost,BIL,/bil/data/biccn/zeng/luo/fmost/mouseID_339951-17781,,,97,Female,,https://download.neuroxiv.org/SEU-A1876/SEU-ALLEN_full_17781_5166_x11993_y10858_CCFv3.swc,https://neuroxiv.org/?id=SEU-ALLEN_full_17781_5166_x11993_y10858_CCFv3,6546.08,3280.93,1891.15
17781_5361_x17741_y11849,17781,mouse,NCBI:txid10090,Gnb4-IRES2-CreERT2;Ai82;Ai140,cell morphology,fMOST,CP,cells,1,SEU-Allen Joint Center,Hanchuan Peng,,zeng_fmost,BIL,/bil/data/biccn/zeng/luo/fmost/mouseID_339951-17781,,,97,Female,,https://download.neuroxiv.org/SEU-A1876/SEU-ALLEN_full_17781_5361_x17741_y11849_CCFv3.swc,https://neuroxiv.org/?id=SEU-ALLEN_full_17781_5361_x17741_y11849_CCFv3,6865.7,4975.02,2267.23
17781_5548_x15772_y8872,17781,mouse,NCBI:txid10090,Gnb4-IRES2-CreERT2;Ai82;Ai140,cell morphology,fMOST,VISC,cells,1,SEU-Allen Joint Center,Hanchuan Peng,,zeng_fmost,BIL,/bil/data/biccn/zeng/luo/fmost/mouseID_339951-17781,,,97,Female,,https://download.neuroxiv.org/SEU-A1876/SEU-ALLEN_full_17781_5548_x15772_y8872_CCFv3.swc,https://neuroxiv.org/?id=SEU-ALLEN_full_17781_5548_x15772_y8872_CCFv3,7019.4,4415.77,1353.88
17781_5655_x10641_y11102,17781,mouse,NCBI:txid10090,Gnb4-IRES2-CreERT2;Ai82;Ai140,cell morphology,fMOST,SSs,cells,1,SEU-Allen Joint Center,Hanchuan Peng,,zeng_fmost,BIL,/bil/data/biccn/zeng/luo/fmost/mouseID_339951-17781,,,97,Female,,https://download.neuroxiv.org/SEU-A1876/SEU-ALLEN_full_17781_5655_x10641_y11102_CCFv3.swc,https://neuroxiv.org/?id=SEU-ALLEN_full_17781_5655_x10641_y11102_CCFv3,7145.3,2898.02,1965.45
17781_5894_x11460_y10079,17781,mouse,NCBI:txid10090,Gnb4-IRES2-CreERT2;Ai82;Ai140,cell morphology,fMOST,AUDp,cells,1,SEU-Allen Joint Center,Hanchuan Peng,,zeng_fmost,BIL,/bil/data/biccn/zeng/luo/fmost/mouseID_339951-17781,,,97,Female,,https://download.neuroxiv.org/SEU-A1876/SEU-ALLEN_full_17781_5894_x11460_y10079_CCFv3.swc,https://neuroxiv.org/?id=SEU-ALLEN_full_17781_5894_x11460_y10079_CCFv3,7452.92,3124.15,1692.8
17781_6028_x9772_y42888,17781,mouse,NCBI:txid10090,Gnb4-IRES2-CreERT2;Ai82;Ai140,cell morphology,fMOST,SSs,cells,1,SEU-Allen Joint Center,Hanchuan Peng,,zeng_fmost,BIL,/bil/data/biccn/zeng/luo/fmost/mouseID_339951-17781,,,97,Female,,https://download.neuroxiv.org/SEU-A1876/SEU-ALLEN_full_17781_6028_x9772_y42888_CCFv3.swc,https://neuroxiv.org/?id=SEU-ALLEN_full_17781_6028_x9772_y42888_CCFv3,7422.5,2449.9,9702.3
17781_6202_x7633_y12296,17781,mouse,NCBI:txid10090,Gnb4-IRES2-CreERT2;Ai82;Ai140,cell morphology,fMOST,SSp-bfd,cells,1,SEU-Allen Joint Center,Hanchuan Peng,,zeng_fmost,BIL,/bil/data/biccn/zeng/luo/fmost/mouseID_339951-17781,,,97,Female,,https://download.neuroxiv.org/SEU-A1876/SEU-ALLEN_full_17781_6202_x7633_y12296_CCFv3.swc,https://neuroxiv.org/?id=SEU-ALLEN_full_17781_6202_x7633_y12296_CCFv3,7775.2,1967.18,2234.35
17781_6228_x12697_y8412,17781,mouse,NCBI:txid10090,Gnb4-IRES2-CreERT2;Ai82;Ai140,cell morphology,fMOST,AUDp,cells,1,SEU-Allen Joint Center,Hanchuan Peng,,zeng_fmost,BIL,/bil/data/biccn/zeng/luo/fmost/mouseID_339951-17781,,,97,Female,,https://download.neuroxiv.org/SEU-A1876/SEU-ALLEN_full_17781_6228_x12697_y8412_CCFv3.swc,https://neuroxiv.org/?id=SEU-ALLEN_full_17781_6228_x12697_y8412_CCFv3,7925.3,3449.05,1227.3
17781_6262_x6896_y13574,17781,mouse,NCBI:txid10090,Gnb4-IRES2-CreERT2;Ai82;Ai140,cell morphology,fMOST,SSp-bfd,cells,1,SEU-Allen Joint Center,Hanchuan Peng,,zeng_fmost,BIL,/bil/data/biccn/zeng/luo/fmost/mouseID_339951-17781,,,97,Female,,https://download.neuroxiv.org/SEU-A1876/SEU-ALLEN_full_17781_6262_x6896_y13574_CCFv3.swc,https://neuroxiv.org/?id=SEU-ALLEN_full_17781_6262_x6896_y13574_CCFv3,7853.2,1725.95,2598.18
17781_6270_x9494_y43380,17781,mouse,NCBI:txid10090,Gnb4-IRES2-CreERT2;Ai82;Ai140,cell morphology,fMOST,AUDd,cells,1,SEU-Allen Joint Center,Hanchuan Peng,,zeng_fmost,BIL,/bil/data/biccn/zeng/luo/fmost/mouseID_339951-17781,,,97,Female,,https://download.neuroxiv.org/SEU-A1876/SEU-ALLEN_full_17781_6270_x9494_y43380_CCFv3.swc,https://neuroxiv.org/?id=SEU-ALLEN_full_17781_6270_x9494_y43380_CCFv3,7736.4,2344.5,9869.2
17781_6287_x8230_y11645,17781,mouse,NCBI:txid10090,Gnb4-IRES2-CreERT2;Ai82;Ai140,cell morphology,fMOST,SSs,cells,1,SEU-Allen Joint Center,Hanchuan Peng,,zeng_fmost,BIL,/bil/data/biccn/zeng/luo/fmost/mouseID_339951-17781,,,97,Female,,https://download.neuroxiv.org/SEU-A1876/SEU-ALLEN_full_17781_6287_x8230_y11645_CCFv3.swc,https://neuroxiv.org/?id=SEU-ALLEN_full_17781_6287_x8230_y11645_CCFv3,7926.1,2175.18,2042.85
17781_6325_x14423_y8278,17781,mouse,NCBI:txid10090,Gnb4-IRES2-CreERT2;Ai82;Ai140,cell morphology,fMOST,TEa,cells,1,SEU-Allen Joint Center,Hanchuan Peng,,zeng_fmost,BIL,/bil/data/biccn/zeng/luo/fmost/mouseID_339951-17781,,,97,Female,,https://download.neuroxiv.org/SEU-A1876/SEU-ALLEN_full_17781_6325_x14423_y8278_CCFv3.swc,https://neuroxiv.org/?id=SEU-ALLEN_full_17781_6325_x14423_y8278_CCFv3,8081.33,3922.95,1273.12
17781_6355_x6443_y33777,17781,mouse,NCBI:txid10090,Gnb4-IRES2-CreERT2;Ai82;Ai140,cell morphology,fMOST,CA1,cells,1,SEU-Allen Joint Center,Hanchuan Peng,,zeng_fmost,BIL,/bil/data/biccn/zeng/luo/fmost/mouseID_339951-17781,,,97,Female,,https://download.neuroxiv.org/SEU-A1876/SEU-ALLEN_full_17781_6355_x6443_y33777_CCFv3.swc,https://neuroxiv.org/?id=SEU-ALLEN_full_17781_6355_x6443_y33777_CCFv3,7913.8,1590.97,7280.8
17781_6626_x22318_y13682,17781,mouse,NCBI:txid10090,Gnb4-IRES2-CreERT2;Ai82;Ai140,cell morphology,fMOST,TR,cells,1,SEU-Allen Joint Center,Hanchuan Peng,,zeng_fmost,BIL,/bil/data/biccn/zeng/luo/fmost/mouseID_339951-17781,,,97,Female,,https://download.neuroxiv.org/SEU-A1876/SEU-ALLEN_full_17781_6626_x22318_y13682_CCFv3.swc,https://neuroxiv.org/?id=SEU-ALLEN_full_17781_6626_x22318_y13682_CCFv3,8501.08,6133.6,2738.3
17781_6627_x22762_y14486,17781,mouse,NCBI:txid10090,Gnb4-IRES2-CreERT2;Ai82;Ai140,cell morphology,fMOST,TR,cells,1,SEU-Allen Joint Center,Hanchuan Peng,,zeng_fmost,BIL,/bil/data/biccn/zeng/luo/fmost/mouseID_339951-17781,,,97,Female,,https://download.neuroxiv.org/SEU-A1876/SEU-ALLEN_full_17781_6627_x22762_y14486_CCFv3.swc,https://neuroxiv.org/?id=SEU-ALLEN_full_17781_6627_x22762_y14486_CCFv3,8479.33,6271.92,2909.8
17781_6643_x22317_y12822,17781,mouse,NCBI:txid10090,Gnb4-IRES2-CreERT2;Ai82;Ai140,cell morphology,fMOST,TR,cells,1,SEU-Allen Joint Center,Hanchuan Peng,,zeng_fmost,BIL,/bil/data/biccn/zeng/luo/fmost/mouseID_339951-17781,,,97,Female,,https://download.neuroxiv.org/SEU-A1876/SEU-ALLEN_full_17781_6643_x22317_y12822_CCFv3.swc,https://neuroxiv.org/?id=SEU-ALLEN_full_17781_6643_x22317_y12822_CCFv3,8534.1,6141.38,2513.45
17781_6802_x8324_y14113,17781,mouse,NCBI:txid10090,Gnb4-IRES2-CreERT2;Ai82;Ai140,cell morphology,fMOST,CA1,cells,1,SEU-Allen Joint Center,Hanchuan Peng,,zeng_fmost,BIL,/bil/data/biccn/zeng/luo/fmost/mouseID_339951-17781,,,97,Female,,https://download.neuroxiv.org/SEU-A1876/SEU-ALLEN_full_17781_6802_x8324_y14113_CCFv3.swc,https://neuroxiv.org/?id=SEU-ALLEN_full_17781_6802_x8324_y14113_CCFv3,8631.58,2183.32,2838.55
17781_6866_x8954_y41812,17781,mouse,NCBI:txid10090,Gnb4-IRES2-CreERT2;Ai82;Ai140,cell morphology,fMOST,VISl,cells,1,SEU-Allen Joint Center,Hanchuan Peng,,zeng_fmost,BIL,/bil/data/biccn/zeng/luo/fmost/mouseID_339951-17781,,,97,Female,,https://download.neuroxiv.org/SEU-A1876/SEU-ALLEN_full_17781_6866_x8954_y41812_CCFv3.swc,https://neuroxiv.org/?id=SEU-ALLEN_full_17781_6866_x8954_y41812_CCFv3,8493.6,2210.1,9420.12
17781_6881_x22248_y12698,17781,mouse,NCBI:txid10090,Gnb4-IRES2-CreERT2;Ai82;Ai140,cell morphology,fMOST,TR,cells,1,SEU-Allen Joint Center,Hanchuan Peng,,zeng_fmost,BIL,/bil/data/biccn/zeng/luo/fmost/mouseID_339951-17781,,,97,Female,,https://download.neuroxiv.org/SEU-A1876/SEU-ALLEN_full_17781_6881_x22248_y12698_CCFv3.swc,https://neuroxiv.org/?id=SEU-ALLEN_full_17781_6881_x22248_y12698_CCFv3,8835.65,6083.75,2482.88
17781_7132_x8998_y15272,17781,mouse,NCBI:txid10090,Gnb4-IRES2-CreERT2;Ai82;Ai140,cell morphology,fMOST,SUB,cells,1,SEU-Allen Joint Center,Hanchuan Peng,,zeng_fmost,BIL,/bil/data/biccn/zeng/luo/fmost/mouseID_339951-17781,,,97,Female,,https://download.neuroxiv.org/SEU-A1876/SEU-ALLEN_full_17781_7132_x8998_y15272_CCFv3.swc,https://neuroxiv.org/?id=SEU-ALLEN_full_17781_7132_x8998_y15272_CCFv3,9072.4,2340.02,3156.62
17781_7281_x18241_y11406,17781,mouse,NCBI:txid10090,Gnb4-IRES2-CreERT2;Ai82;Ai140,cell morphology,fMOST,SUB,cells,1,SEU-Allen Joint Center,Hanchuan Peng,,zeng_fmost,BIL,/bil/data/biccn/zeng/luo/fmost/mouseID_339951-17781,,,97,Female,,https://download.neuroxiv.org/SEU-A1876/SEU-ALLEN_full_17781_7281_x18241_y11406_CCFv3.swc,https://neuroxiv.org/?id=SEU-ALLEN_full_17781_7281_x18241_y11406_CCFv3,9394.83,4908.48,2308.85
17782_3138_x32805_y18352,17782,mouse,NCBI:txid10090,Gnb4-IRES2-CreERT2;Ai82;Ai140,cell morphology,fMOST,AId,cells,1,SEU-Allen Joint Center,Hanchuan Peng,,zeng_fmost,BIL,/bil/data/biccn/zeng/luo/fmost/mouseID_339952-17782,,,97,Female,,https://download.neuroxiv.org/SEU-A1876/SEU-ALLEN_full_17782_3138_x32805_y18352_CCFv3.swc,https://neuroxiv.org/?id=SEU-ALLEN_full_17782_3138_x32805_y18352_CCFv3,3466.2,4394.75,2901.57
17782_3253_x33739_y18314,17782,mouse,NCBI:txid10090,Gnb4-IRES2-CreERT2;Ai82;Ai140,cell morphology,fMOST,AId,cells,1,SEU-Allen Joint Center,Hanchuan Peng,,zeng_fmost,BIL,/bil/data/biccn/zeng/luo/fmost/mouseID_339952-17782,,,97,Female,,https://download.neuroxiv.org/SEU-A1876/SEU-ALLEN_full_17782_3253_x33739_y18314_CCFv3.swc,https://neuroxiv.org/?id=SEU-ALLEN_full_17782_3253_x33739_y18314_CCFv3,3600.57,4395.08,2688.05
17782_3284_x11909_y16428,17782,mouse,NCBI:txid10090,Gnb4-IRES2-CreERT2;Ai82;Ai140,cell morphology,fMOST,CLA,cells,1,SEU-Allen Joint Center,Hanchuan Peng,,zeng_fmost,BIL,/bil/data/biccn/zeng/luo/fmost/mouseID_339952-17782,,,97,Female,,https://download.neuroxiv.org/SEU-A1876/SEU-ALLEN_full_17782_3284_x11909_y16428_CCFv3.swc,https://neuroxiv.org/?id=SEU-ALLEN_full_17782_3284_x11909_y16428_CCFv3,3403.57,4096.62,8425.48
17782_3352_x11384_y16404,17782,mouse,NCBI:txid10090,Gnb4-IRES2-CreERT2;Ai82;Ai140,cell morphology,fMOST,MOp,cells,1,SEU-Allen Joint Center,Hanchuan Peng,,zeng_fmost,BIL,/bil/data/biccn/zeng/luo/fmost/mouseID_339952-17782,,,97,Female,,https://download.neuroxiv.org/SEU-A1876/SEU-ALLEN_full_17782_3352_x11384_y16404_CCFv3.swc,https://neuroxiv.org/?id=SEU-ALLEN_full_17782_3352_x11384_y16404_CCFv3,3475.82,4120.52,8556.33
17782_3487_x11014_y17041,17782,mouse,NCBI:txid10090,Gnb4-IRES2-CreERT2;Ai82;Ai140,cell morphology,fMOST,CLA,cells,1,SEU-Allen Joint Center,Hanchuan Peng,,zeng_fmost,BIL,/bil/data/biccn/zeng/luo/fmost/mouseID_339952-17782,,,97,Female,,https://download.neuroxiv.org/SEU-A1876/SEU-ALLEN_full_17782_3487_x11014_y17041_CCFv3.swc,https://neuroxiv.org/?id=SEU-ALLEN_full_17782_3487_x11014_y17041_CCFv3,3620.3,4300.3,8637.08
17782_3651_x35286_y18512,17782,mouse,NCBI:txid10090,Gnb4-IRES2-CreERT2;Ai82;Ai140,cell morphology,fMOST,CLA,cells,1,SEU-Allen Joint Center,Hanchuan Peng,,zeng_fmost,BIL,/bil/data/biccn/zeng/luo/fmost/mouseID_339952-17782,,,97,Female,,https://download.neuroxiv.org/SEU-A1876/SEU-ALLEN_full_17782_3651_x35286_y18512_CCFv3.swc,https://neuroxiv.org/?id=SEU-ALLEN_full_17782_3651_x35286_y18512_CCFv3,4092.55,4531,2396.45
17782_3672_x34784_y19432,17782,mouse,NCBI:txid10090,Gnb4-IRES2-CreERT2;Ai82;Ai140,cell morphology,fMOST,CLA,cells,1,SEU-Allen Joint Center,Hanchuan Peng,,zeng_fmost,BIL,/bil/data/biccn/zeng/luo/fmost/mouseID_339952-17782,,,97,Female,,https://download.neuroxiv.org/SEU-A1876/SEU-ALLEN_full_17782_3672_x34784_y19432_CCFv3.swc,https://neuroxiv.org/?id=SEU-ALLEN_full_17782_3672_x34784_y19432_CCFv3,4077.25,4806.92,2504.6
17786_00001,17786,mouse,NCBI:txid10090,Plxnd1-CreER+PhiC31-neoAi166,cell morphology,fMOST,AON,cells,1,SEU-Allen Joint Center,Hanchuan Peng,,zeng_fmost,BIL,/bil/data/ee/01/ee01a74d90e26226/mouseID_351325-17786/,,,,,,https://download.neuroxiv.org/SEU-A1876/SEU-ALLEN_full_17786_00001_CCFv3.swc,https://neuroxiv.org/?id=SEU-ALLEN_full_17786_00001_CCFv3,2070.27,4919.05,6915.38
17786_00017,17786,mouse,NCBI:txid10090,Plxnd1-CreER+PhiC31-neoAi166,cell morphology,fMOST,AON,cells,1,SEU-Allen Joint Center,Hanchuan Peng,,zeng_fmost,BIL,/bil/data/ee/01/ee01a74d90e26226/mouseID_351325-17786/,,,,,,https://download.neuroxiv.org/SEU-A1876/SEU-ALLEN_full_17786_00017_CCFv3.swc,https://neuroxiv.org/?id=SEU-ALLEN_full_17786_00017_CCFv3,2080.12,5050.9,6820.92
17786_00022,17786,mouse,NCBI:txid10090,Plxnd1-CreER+PhiC31-neoAi166,cell morphology,fMOST,AON,cells,1,SEU-Allen Joint Center,Hanchuan Peng,,zeng_fmost,BIL,/bil/data/ee/01/ee01a74d90e26226/mouseID_351325-17786/,,,,,,https://download.neuroxiv.org/SEU-A1876/SEU-ALLEN_full_17786_00022_CCFv3.swc,https://neuroxiv.org/?id=SEU-ALLEN_full_17786_00022_CCFv3,1947.93,4388.08,4373.7
17786_00024,17786,mouse,NCBI:txid10090,Plxnd1-CreER+PhiC31-neoAi166,cell morphology,fMOST,AON,cells,1,SEU-Allen Joint Center,Hanchuan Peng,,zeng_fmost,BIL,/bil/data/ee/01/ee01a74d90e26226/mouseID_351325-17786/,,,,,,https://download.neuroxiv.org/SEU-A1876/SEU-ALLEN_full_17786_00024_CCFv3.swc,https://neuroxiv.org/?id=SEU-ALLEN_full_17786_00024_CCFv3,2176,4276.23,4401.35
17787_00007,17787,mouse,NCBI:txid10090,Plxnd1-CreER;Ai166,cell morphology,fMOST,CP,cells,1,SEU-Allen Joint Center,Hanchuan Peng,,zeng_fmost,BIL,/bil/data/f1/dc/f1dcaeb016197373/351327-17787,,,69,Male,,https://download.neuroxiv.org/SEU-A1876/SEU-ALLEN_full_17787_00007_CCFv3.swc,https://neuroxiv.org/?id=SEU-ALLEN_full_17787_00007_CCFv3,6375.85,3650.48,9226.02
17787_00013,17787,mouse,NCBI:txid10090,Plxnd1-CreER;Ai166,cell morphology,fMOST,CP,cells,1,SEU-Allen Joint Center,Hanchuan Peng,,zeng_fmost,BIL,/bil/data/f1/dc/f1dcaeb016197373/351327-17787,,,69,Male,,https://download.neuroxiv.org/SEU-A1876/SEU-ALLEN_full_17787_00013_CCFv3.swc,https://neuroxiv.org/?id=SEU-ALLEN_full_17787_00013_CCFv3,4650.77,3773.2,7207.62
17787_00014,17787,mouse,NCBI:txid10090,Plxnd1-CreER;Ai166,cell morphology,fMOST,CP,cells,1,SEU-Allen Joint Center,Hanchuan Peng,,zeng_fmost,BIL,/bil/data/f1/dc/f1dcaeb016197373/351327-17787,,,69,Male,,https://download.neuroxiv.org/SEU-A1876/SEU-ALLEN_full_17787_00014_CCFv3.swc,https://neuroxiv.org/?id=SEU-ALLEN_full_17787_00014_CCFv3,4598.27,4123.45,7655.33
17787_00019,17787,mouse,NCBI:txid10090,Plxnd1-CreER;Ai166,cell morphology,fMOST,CP,cells,1,SEU-Allen Joint Center,Hanchuan Peng,,zeng_fmost,BIL,/bil/data/f1/dc/f1dcaeb016197373/351327-17787,,,69,Male,,https://download.neuroxiv.org/SEU-A1876/SEU-ALLEN_full_17787_00019_CCFv3.swc,https://neuroxiv.org/?id=SEU-ALLEN_full_17787_00019_CCFv3,4759.8,3802.48,2491.7
17787_00026,17787,mouse,NCBI:txid10090,Plxnd1-CreER;Ai166,cell morphology,fMOST,CP,cells,1,SEU-Allen Joint Center,Hanchuan Peng,,zeng_fmost,BIL,/bil/data/f1/dc/f1dcaeb016197373/351327-17787,,,69,Male,,https://download.neuroxiv.org/SEU-A1876/SEU-ALLEN_full_17787_00026_CCFv3.swc,https://neuroxiv.org/?id=SEU-ALLEN_full_17787_00026_CCFv3,6228.17,4490.75,9534.65
17787_00029,17787,mouse,NCBI:txid10090,Plxnd1-CreER;Ai166,cell morphology,fMOST,CP,cells,1,SEU-Allen Joint Center,Hanchuan Peng,,zeng_fmost,BIL,/bil/data/f1/dc/f1dcaeb016197373/351327-17787,,,69,Male,,https://download.neuroxiv.org/SEU-A1876/SEU-ALLEN_full_17787_00029_CCFv3.swc,https://neuroxiv.org/?id=SEU-ALLEN_full_17787_00029_CCFv3,6176.65,4991.12,9469.85
17787_00048,17787,mouse,NCBI:txid10090,Plxnd1-CreER;Ai166,cell morphology,fMOST,CP,cells,1,SEU-Allen Joint Center,Hanchuan Peng,,zeng_fmost,BIL,/bil/data/f1/dc/f1dcaeb016197373/351327-17787,,,69,Male,,https://download.neuroxiv.org/SEU-A1876/SEU-ALLEN_full_17787_00048_CCFv3.swc,https://neuroxiv.org/?id=SEU-ALLEN_full_17787_00048_CCFv3,4552.1,4836.4,2559.05
17787_00049,17787,mouse,NCBI:txid10090,Plxnd1-CreER;Ai166,cell morphology,fMOST,CP,cells,1,SEU-Allen Joint Center,Hanchuan Peng,,zeng_fmost,BIL,/bil/data/f1/dc/f1dcaeb016197373/351327-17787,,,69,Male,,https://download.neuroxiv.org/SEU-A1876/SEU-ALLEN_full_17787_00049_CCFv3.swc,https://neuroxiv.org/?id=SEU-ALLEN_full_17787_00049_CCFv3,4777.2,4875.08,2291.27
17787_00050,17787,mouse,NCBI:txid10090,Plxnd1-CreER;Ai166,cell morphology,fMOST,CP,cells,1,SEU-Allen Joint Center,Hanchuan Peng,,zeng_fmost,BIL,/bil/data/f1/dc/f1dcaeb016197373/351327-17787,,,69,Male,,https://download.neuroxiv.org/SEU-A1876/SEU-ALLEN_full_17787_00050_CCFv3.swc,https://neuroxiv.org/?id=SEU-ALLEN_full_17787_00050_CCFv3,4743.52,5092.85,2545.27
17787_4521_x5172_y12873,17787,mouse,NCBI:txid10090,Plxnd1-CreER;Ai166,cell morphology,fMOST,SSs,cells,1,SEU-Allen Joint Center,Hanchuan Peng,,zeng_fmost,BIL,/bil/data/f1/dc/f1dcaeb016197373/351327-17787,,,69,Male,,https://download.neuroxiv.org/SEU-A1876/SEU-ALLEN_full_17787_4521_x5172_y12873_CCFv3.swc,https://neuroxiv.org/?id=SEU-ALLEN_full_17787_4521_x5172_y12873_CCFv3,5230.05,4588.62,9968.8
17787_4690_x4440_y9176,17787,mouse,NCBI:txid10090,Plxnd1-CreER;Ai166,cell morphology,fMOST,SSs,cells,1,SEU-Allen Joint Center,Hanchuan Peng,,zeng_fmost,BIL,/bil/data/f1/dc/f1dcaeb016197373/351327-17787,,,69,Male,,https://download.neuroxiv.org/SEU-A1876/SEU-ALLEN_full_17787_4690_x4440_y9176_CCFv3.swc,https://neuroxiv.org/?id=SEU-ALLEN_full_17787_4690_x4440_y9176_CCFv3,5233.65,3254.4,10267
17787_7070_x12739_y1410,17787,mouse,NCBI:txid10090,Plxnd1-CreER;Ai166,cell morphology,fMOST,VISpm,cells,1,SEU-Allen Joint Center,Hanchuan Peng,,zeng_fmost,BIL,/bil/data/f1/dc/f1dcaeb016197373/351327-17787,,,69,Male,,https://download.neuroxiv.org/SEU-A1876/SEU-ALLEN_full_17787_7070_x12739_y1410_CCFv3.swc,https://neuroxiv.org/?id=SEU-ALLEN_full_17787_7070_x12739_y1410_CCFv3,8416.05,324.525,7290.65
17788_3709_x6000_y8213,17788,mouse,NCBI:txid10090,Plxnd1-CreER+PhiC31-neo;Ai166,cell morphology,fMOST,SSp-m,cells,1,SEU-Allen Joint Center,Hanchuan Peng,,zeng_fmost,BIL,/bil/data/f1/dc/f1dcaeb016197373/351331-17788,,,69,Female,,https://download.neuroxiv.org/SEU-A1876/SEU-ALLEN_full_17788_3709_x6000_y8213_CCFv3.swc,https://neuroxiv.org/?id=SEU-ALLEN_full_17788_3709_x6000_y8213_CCFv3,4027.93,2966.27,9154.47
17788_4719_x3512_y9492,17788,mouse,NCBI:txid10090,Plxnd1-CreER+PhiC31-neo;Ai166,cell morphology,fMOST,SSs,cells,1,SEU-Allen Joint Center,Hanchuan Peng,,zeng_fmost,BIL,/bil/data/f1/dc/f1dcaeb016197373/351331-17788,,,69,Female,,https://download.neuroxiv.org/SEU-A1876/SEU-ALLEN_full_17788_4719_x3512_y9492_CCFv3.swc,https://neuroxiv.org/?id=SEU-ALLEN_full_17788_4719_x3512_y9492_CCFv3,5321.02,3395.73,9888.08
17788_5059_x3960_y6601,17788,mouse,NCBI:txid10090,Plxnd1-CreER+PhiC31-neo;Ai166,cell morphology,fMOST,SSp-n,cells,1,SEU-Allen Joint Center,Hanchuan Peng,,zeng_fmost,BIL,/bil/data/f1/dc/f1dcaeb016197373/351331-17788,,,69,Female,,https://download.neuroxiv.org/SEU-A1876/SEU-ALLEN_full_17788_5059_x3960_y6601_CCFv3.swc,https://neuroxiv.org/?id=SEU-ALLEN_full_17788_5059_x3960_y6601_CCFv3,5620.67,2447.75,9794.6
17788_5767_x16636_y3662,17788,mouse,NCBI:txid10090,Plxnd1-CreER+PhiC31-neo;Ai166,cell morphology,fMOST,RSPv,cells,1,SEU-Allen Joint Center,Hanchuan Peng,,zeng_fmost,BIL,/bil/data/f1/dc/f1dcaeb016197373/351331-17788,,,69,Female,,https://download.neuroxiv.org/SEU-A1876/SEU-ALLEN_full_17788_5767_x16636_y3662_CCFv3.swc,https://neuroxiv.org/?id=SEU-ALLEN_full_17788_5767_x16636_y3662_CCFv3,6519.8,1188.45,5802.8
18047_00047,18047,mouse,NCBI:txid10090,Fezf2-CreER;Ai166,cell morphology,fMOST,ORBm,cells,1,SEU-Allen Joint Center,Hanchuan Peng,,zeng_fmost,BIL,/bil/data/f1/dc/f1dcaeb016197373/358361-18047,,,107,Male,,https://download.neuroxiv.org/SEU-A1876/SEU-ALLEN_full_18047_00047_CCFv3.swc,https://neuroxiv.org/?id=SEU-ALLEN_full_18047_00047_CCFv3,2388.3,3208.25,6035.67
18047_2622_x11862_y12983,18047,mouse,NCBI:txid10090,Fezf2-CreER;Ai166,cell morphology,fMOST,MOs,cells,1,SEU-Allen Joint Center,Hanchuan Peng,,zeng_fmost,BIL,/bil/data/f1/dc/f1dcaeb016197373/358361-18047,,,107,Male,,https://download.neuroxiv.org/SEU-A1876/SEU-ALLEN_full_18047_2622_x11862_y12983_CCFv3.swc,https://neuroxiv.org/?id=SEU-ALLEN_full_18047_2622_x11862_y12983_CCFv3,2730.05,2453.75,7377.08
18047_3132_x24052_y12385,18047,mouse,NCBI:txid10090,Fezf2-CreER;Ai166,cell morphology,fMOST,MOs,cells,1,SEU-Allen Joint Center,Hanchuan Peng,,zeng_fmost,BIL,/bil/data/f1/dc/f1dcaeb016197373/358361-18047,,,107,Male,,https://download.neuroxiv.org/SEU-A1876/SEU-ALLEN_full_18047_3132_x24052_y12385_CCFv3.swc,https://neuroxiv.org/?id=SEU-ALLEN_full_18047_3132_x24052_y12385_CCFv3,3583.75,2461.07,3521.88
18047_4141_x14168_y9063,18047,mouse,NCBI:txid10090,Fezf2-CreER;Ai166,cell morphology,fMOST,MOs,cells,1,SEU-Allen Joint Center,Hanchuan Peng,,zeng_fmost,BIL,/bil/data/f1/dc/f1dcaeb016197373/358361-18047,,,107,Male,,https://download.neuroxiv.org/SEU-A1876/SEU-ALLEN_full_18047_4141_x14168_y9063_CCFv3.swc,https://neuroxiv.org/?id=SEU-ALLEN_full_18047_4141_x14168_y9063_CCFv3,4750.6,1320.07,6507.17
18047_4458_x18853_y10785,18047,mouse,NCBI:txid10090,Fezf2-CreER;Ai166,cell morphology,fMOST,ACAv,cells,1,SEU-Allen Joint Center,Hanchuan Peng,,zeng_fmost,BIL,/bil/data/f1/dc/f1dcaeb016197373/358361-18047,,,107,Male,,https://download.neuroxiv.org/SEU-A1876/SEU-ALLEN_full_18047_4458_x18853_y10785_CCFv3.swc,https://neuroxiv.org/?id=SEU-ALLEN_full_18047_4458_x18853_y10785_CCFv3,5328.48,2131.98,5275.62
18047_5719_x25513_y7957,18047,mouse,NCBI:txid10090,Fezf2-CreER;Ai166,cell morphology,fMOST,SSp-un,cells,1,SEU-Allen Joint Center,Hanchuan Peng,,zeng_fmost,BIL,/bil/data/f1/dc/f1dcaeb016197373/358361-18047,,,107,Male,,https://download.neuroxiv.org/SEU-A1876/SEU-ALLEN_full_18047_5719_x25513_y7957_CCFv3.swc,https://neuroxiv.org/?id=SEU-ALLEN_full_18047_5719_x25513_y7957_CCFv3,7025.42,1508.2,2990.57
18047_7769_x31046_y13195,18047,mouse,NCBI:txid10090,Fezf2-CreER;Ai166,cell morphology,fMOST,ENTl,cells,1,SEU-Allen Joint Center,Hanchuan Peng,,zeng_fmost,BIL,/bil/data/f1/dc/f1dcaeb016197373/358361-18047,,,107,Male,,https://download.neuroxiv.org/SEU-A1876/SEU-ALLEN_full_18047_7769_x31046_y13195_CCFv3.swc,https://neuroxiv.org/?id=SEU-ALLEN_full_18047_7769_x31046_y13195_CCFv3,9449.1,4077.4,1589.05
182724_2238_x7096_y20268,182724,mouse,NCBI:txid10090,Fezf2-CreER;Ai166,cell morphology,fMOST,MOs,cells,1,SEU-Allen Joint Center,Hanchuan Peng,,zeng_fmost,BIL,/bil/data/df/75/df75626840c76c15/mouseID_405426-182724,,,88,Male,,https://download.neuroxiv.org/SEU-A1876/SEU-ALLEN_full_182724_2238_x7096_y20268_CCFv3.swc,https://neuroxiv.org/?id=SEU-ALLEN_full_182724_2238_x7096_y20268_CCFv3,2166.2,3167.2,7522.9
182724_2247_x6785_y11803,182724,mouse,NCBI:txid10090,Fezf2-CreER;Ai166,cell morphology,fMOST,MOs,cells,1,SEU-Allen Joint Center,Hanchuan Peng,,zeng_fmost,BIL,/bil/data/df/75/df75626840c76c15/mouseID_405426-182724,,,88,Male,,https://download.neuroxiv.org/SEU-A1876/SEU-ALLEN_full_182724_2247_x6785_y11803_CCFv3.swc,https://neuroxiv.org/?id=SEU-ALLEN_full_182724_2247_x6785_y11803_CCFv3,2504.88,3006.12,3741.05
182724_2333_x7081_y21185,182724,mouse,NCBI:txid10090,Fezf2-CreER;Ai166,cell morphology,fMOST,MOs,cells,1,SEU-Allen Joint Center,Hanchuan Peng,,zeng_fmost,BIL,/bil/data/df/75/df75626840c76c15/mouseID_405426-182724,,,88,Male,,https://download.neuroxiv.org/SEU-A1876/SEU-ALLEN_full_182724_2333_x7081_y21185_CCFv3.swc,https://neuroxiv.org/?id=SEU-ALLEN_full_182724_2333_x7081_y21185_CCFv3,2248.85,3109.2,7974.1
182724_2383_x9300_y17890,182724,mouse,NCBI:txid10090,Fezf2-CreER;Ai166,cell morphology,fMOST,ORBvl,cells,1,SEU-Allen Joint Center,Hanchuan Peng,,zeng_fmost,BIL,/bil/data/df/75/df75626840c76c15/mouseID_405426-182724,,,88,Male,,https://download.neuroxiv.org/SEU-A1876/SEU-ALLEN_full_182724_2383_x9300_y17890_CCFv3.swc,https://neuroxiv.org/?id=SEU-ALLEN_full_182724_2383_x9300_y17890_CCFv3,2682.45,4332.4,6441.05
182724_2494_x6419_y20983,182724,mouse,NCBI:txid10090,Fezf2-CreER;Ai166,cell morphology,fMOST,MOs,cells,1,SEU-Allen Joint Center,Hanchuan Peng,,zeng_fmost,BIL,/bil/data/df/75/df75626840c76c15/mouseID_405426-182724,,,88,Male,,https://download.neuroxiv.org/SEU-A1876/SEU-ALLEN_full_182724_2494_x6419_y20983_CCFv3.swc,https://neuroxiv.org/?id=SEU-ALLEN_full_182724_2494_x6419_y20983_CCFv3,2430.7,2702.27,7882.45
182724_2525_x8483_y21088,182724,mouse,NCBI:txid10090,Fezf2-CreER;Ai166,cell morphology,fMOST,AId,cells,1,SEU-Allen Joint Center,Hanchuan Peng,,zeng_fmost,BIL,/bil/data/df/75/df75626840c76c15/mouseID_405426-182724,,,88,Male,,https://download.neuroxiv.org/SEU-A1876/SEU-ALLEN_full_182724_2525_x8483_y21088_CCFv3.swc,https://neuroxiv.org/?id=SEU-ALLEN_full_182724_2525_x8483_y21088_CCFv3,2624.7,3845.05,7952.7
182724_2526_x7529_y21792,182724,mouse,NCBI:txid10090,Fezf2-CreER;Ai166,cell morphology,fMOST,MOs,cells,1,SEU-Allen Joint Center,Hanchuan Peng,,zeng_fmost,BIL,/bil/data/df/75/df75626840c76c15/mouseID_405426-182724,,,88,Male,,https://download.neuroxiv.org/SEU-A1876/SEU-ALLEN_full_182724_2526_x7529_y21792_CCFv3.swc,https://neuroxiv.org/?id=SEU-ALLEN_full_182724_2526_x7529_y21792_CCFv3,2509.05,3306.82,8290.83
182724_2670_x5615_y13225,182724,mouse,NCBI:txid10090,Fezf2-CreER;Ai166,cell morphology,fMOST,MOs,cells,1,SEU-Allen Joint Center,Hanchuan Peng,,zeng_fmost,BIL,/bil/data/df/75/df75626840c76c15/mouseID_405426-182724,,,88,Male,,https://download.neuroxiv.org/SEU-A1876/SEU-ALLEN_full_182724_2670_x5615_y13225_CCFv3.swc,https://neuroxiv.org/?id=SEU-ALLEN_full_182724_2670_x5615_y13225_CCFv3,2943.27,2243.85,4410.88
182724_2926_x5279_y13761,182724,mouse,NCBI:txid10090,Fezf2-CreER;Ai166,cell morphology,fMOST,MOs,cells,1,SEU-Allen Joint Center,Hanchuan Peng,,zeng_fmost,BIL,/bil/data/df/75/df75626840c76c15/mouseID_405426-182724,,,88,Male,,https://download.neuroxiv.org/SEU-A1876/SEU-ALLEN_full_182724_2926_x5279_y13761_CCFv3.swc,https://neuroxiv.org/?id=SEU-ALLEN_full_182724_2926_x5279_y13761_CCFv3,3229.45,1983.12,4649.3
182724_2997_x5821_y12613,182724,mouse,NCBI:txid10090,Fezf2-CreER;Ai166,cell morphology,fMOST,MOs,cells,1,SEU-Allen Joint Center,Hanchuan Peng,,zeng_fmost,BIL,/bil/data/df/75/df75626840c76c15/mouseID_405426-182724,,,88,Male,,https://download.neuroxiv.org/SEU-A1876/SEU-ALLEN_full_182724_2997_x5821_y12613_CCFv3.swc,https://neuroxiv.org/?id=SEU-ALLEN_full_182724_2997_x5821_y12613_CCFv3,3452.38,2251.75,4175.52
182724_3848_x8903_y23965,182724,mouse,NCBI:txid10090,Fezf2-CreER;Ai166,cell morphology,fMOST,SSp-m,cells,1,SEU-Allen Joint Center,Hanchuan Peng,,zeng_fmost,BIL,/bil/data/df/75/df75626840c76c15/mouseID_405426-182724,,,88,Male,,https://download.neuroxiv.org/SEU-A1876/SEU-ALLEN_full_182724_3848_x8903_y23965_CCFv3.swc,https://neuroxiv.org/?id=SEU-ALLEN_full_182724_3848_x8903_y23965_CCFv3,4172.42,3848.77,9448.38
182724_3887_x5901_y10339,182724,mouse,NCBI:txid10090,Fezf2-CreER;Ai166,cell morphology,fMOST,SSp-ul,cells,1,SEU-Allen Joint Center,Hanchuan Peng,,zeng_fmost,BIL,/bil/data/df/75/df75626840c76c15/mouseID_405426-182724,,,88,Male,,https://download.neuroxiv.org/SEU-A1876/SEU-ALLEN_full_182724_3887_x5901_y10339_CCFv3.swc,https://neuroxiv.org/?id=SEU-ALLEN_full_182724_3887_x5901_y10339_CCFv3,4690.08,2165.43,3304.68
182724_4327_x4847_y18972,182724,mouse,NCBI:txid10090,Fezf2-CreER;Ai166,cell morphology,fMOST,MOp,cells,1,SEU-Allen Joint Center,Hanchuan Peng,,zeng_fmost,BIL,/bil/data/df/75/df75626840c76c15/mouseID_405426-182724,,,88,Male,,https://download.neuroxiv.org/SEU-A1876/SEU-ALLEN_full_182724_4327_x4847_y18972_CCFv3.swc,https://neuroxiv.org/?id=SEU-ALLEN_full_182724_4327_x4847_y18972_CCFv3,4725.77,1469.68,7033.38
182724_4472_x5247_y12162,182724,mouse,NCBI:txid10090,Fezf2-CreER;Ai166,cell morphology,fMOST,MOp,cells,1,SEU-Allen Joint Center,Hanchuan Peng,,zeng_fmost,BIL,/bil/data/df/75/df75626840c76c15/mouseID_405426-182724,,,88,Male,,https://download.neuroxiv.org/SEU-A1876/SEU-ALLEN_full_182724_4472_x5247_y12162_CCFv3.swc,https://neuroxiv.org/?id=SEU-ALLEN_full_182724_4472_x5247_y12162_CCFv3,5280.38,1658.38,4164.2
182724_4580_x5627_y9427,182724,mouse,NCBI:txid10090,Fezf2-CreER;Ai166,cell morphology,fMOST,SSp-un,cells,1,SEU-Allen Joint Center,Hanchuan Peng,,zeng_fmost,BIL,/bil/data/df/75/df75626840c76c15/mouseID_405426-182724,,,88,Male,,https://download.neuroxiv.org/SEU-A1876/SEU-ALLEN_full_182724_4580_x5627_y9427_CCFv3.swc,https://neuroxiv.org/?id=SEU-ALLEN_full_182724_4580_x5627_y9427_CCFv3,5515.75,1911.35,2979.25
182724_4599_x8181_y6776,182724,mouse,NCBI:txid10090,Fezf2-CreER;Ai166,cell morphology,fMOST,SSs,cells,1,SEU-Allen Joint Center,Hanchuan Peng,,zeng_fmost,BIL,/bil/data/df/75/df75626840c76c15/mouseID_405426-182724,,,88,Male,,https://download.neuroxiv.org/SEU-A1876/SEU-ALLEN_full_182724_4599_x8181_y6776_CCFv3.swc,https://neuroxiv.org/?id=SEU-ALLEN_full_182724_4599_x8181_y6776_CCFv3,5700.7,3419.23,1773.5
182724_4785_x5002_y11122,182724,mouse,NCBI:txid10090,Fezf2-CreER;Ai166,cell morphology,fMOST,SSp-ll,cells,1,SEU-Allen Joint Center,Hanchuan Peng,,zeng_fmost,BIL,/bil/data/df/75/df75626840c76c15/mouseID_405426-182724,,,88,Male,,https://download.neuroxiv.org/SEU-A1876/SEU-ALLEN_full_182724_4785_x5002_y11122_CCFv3.swc,https://neuroxiv.org/?id=SEU-ALLEN_full_182724_4785_x5002_y11122_CCFv3,5667.52,1489.55,3730.62
182724_5355_x5321_y20589,182724,mouse,NCBI:txid10090,Fezf2-CreER;Ai166,cell morphology,fMOST,SSp-ll,cells,1,SEU-Allen Joint Center,Hanchuan Peng,,zeng_fmost,BIL,/bil/data/df/75/df75626840c76c15/mouseID_405426-182724,,,88,Male,,https://download.neuroxiv.org/SEU-A1876/SEU-ALLEN_full_182724_5355_x5321_y20589_CCFv3.swc,https://neuroxiv.org/?id=SEU-ALLEN_full_182724_5355_x5321_y20589_CCFv3,5984.95,1629.47,7885.27
182724_5410_x4393_y11075,182724,mouse,NCBI:txid10090,Fezf2-CreER;Ai166,cell morphology,fMOST,SSp-ll,cells,1,SEU-Allen Joint Center,Hanchuan Peng,,zeng_fmost,BIL,/bil/data/df/75/df75626840c76c15/mouseID_405426-182724,,,88,Male,,https://download.neuroxiv.org/SEU-A1876/SEU-ALLEN_full_182724_5410_x4393_y11075_CCFv3.swc,https://neuroxiv.org/?id=SEU-ALLEN_full_182724_5410_x4393_y11075_CCFv3,6357.17,1112.4,3735.62
182724_5651_x9832_y25682,182724,mouse,NCBI:txid10090,Fezf2-CreER;Ai166,cell morphology,fMOST,VISC,cells,1,SEU-Allen Joint Center,Hanchuan Peng,,zeng_fmost,BIL,/bil/data/df/75/df75626840c76c15/mouseID_405426-182724,,,88,Male,,https://download.neuroxiv.org/SEU-A1876/SEU-ALLEN_full_182724_5651_x9832_y25682_CCFv3.swc,https://neuroxiv.org/?id=SEU-ALLEN_full_182724_5651_x9832_y25682_CCFv3,6295.23,4116.08,10295.2
182724_5793_x8695_y5510,182724,mouse,NCBI:txid10090,Fezf2-CreER;Ai166,cell morphology,fMOST,AUDv,cells,1,SEU-Allen Joint Center,Hanchuan Peng,,zeng_fmost,BIL,/bil/data/df/75/df75626840c76c15/mouseID_405426-182724,,,88,Male,,https://download.neuroxiv.org/SEU-A1876/SEU-ALLEN_full_182724_5793_x8695_y5510_CCFv3.swc,https://neuroxiv.org/?id=SEU-ALLEN_full_182724_5793_x8695_y5510_CCFv3,7194.27,3594.5,1381.18
182724_5937_x3804_y11955,182724,mouse,NCBI:txid10090,Fezf2-CreER;Ai166,cell morphology,fMOST,VISa,cells,1,SEU-Allen Joint Center,Hanchuan Peng,,zeng_fmost,BIL,/bil/data/df/75/df75626840c76c15/mouseID_405426-182724,,,88,Male,,https://download.neuroxiv.org/SEU-A1876/SEU-ALLEN_full_182724_5937_x3804_y11955_CCFv3.swc,https://neuroxiv.org/?id=SEU-ALLEN_full_182724_5937_x3804_y11955_CCFv3,6958.55,811.325,4146.8
182725_2241_x9113_y11193,182725,mouse,NCBI:txid10090,Fezf2-CreER;Ai166,cell morphology,fMOST,MOs,cells,1,SEU-Allen Joint Center,Hanchuan Peng,,zeng_fmost,BIL,/bil/data/2b/da/2bdaf9e66a246844/mouseID_405429-182725/,,,88,Female,,https://download.neuroxiv.org/SEU-A1876/SEU-ALLEN_full_182725_2241_x9113_y11193_CCFv3.swc,https://neuroxiv.org/?id=SEU-ALLEN_full_182725_2241_x9113_y11193_CCFv3,2478.02,2944.6,3427.57
182725_2376_x10033_y10786,182725,mouse,NCBI:txid10090,Fezf2-CreER;Ai166,cell morphology,fMOST,MOp,cells,1,SEU-Allen Joint Center,Hanchuan Peng,,zeng_fmost,BIL,/bil/data/2b/da/2bdaf9e66a246844/mouseID_405429-182725/,,,88,Female,,https://download.neuroxiv.org/SEU-A1876/SEU-ALLEN_full_182725_2376_x10033_y10786_CCFv3.swc,https://neuroxiv.org/?id=SEU-ALLEN_full_182725_2376_x10033_y10786_CCFv3,2706.68,3362.12,3179.57
182725_2390_x8944_y12077,182725,mouse,NCBI:txid10090,Fezf2-CreER;Ai166,cell morphology,fMOST,MOs,cells,1,SEU-Allen Joint Center,Hanchuan Peng,,zeng_fmost,BIL,/bil/data/2b/da/2bdaf9e66a246844/mouseID_405429-182725/,,,88,Female,,https://download.neuroxiv.org/SEU-A1876/SEU-ALLEN_full_182725_2390_x8944_y12077_CCFv3.swc,https://neuroxiv.org/?id=SEU-ALLEN_full_182725_2390_x8944_y12077_CCFv3,2666,2968.23,3885.7
182725_2581_x9375_y21137,182725,mouse,NCBI:txid10090,Fezf2-CreER;Ai166,cell morphology,fMOST,AIv,cells,1,SEU-Allen Joint Center,Hanchuan Peng,,zeng_fmost,BIL,/bil/data/2b/da/2bdaf9e66a246844/mouseID_405429-182725/,,,88,Female,,https://download.neuroxiv.org/SEU-A1876/SEU-ALLEN_full_182725_2581_x9375_y21137_CCFv3.swc,https://neuroxiv.org/?id=SEU-ALLEN_full_182725_2581_x9375_y21137_CCFv3,2612,4291.55,7779.45
182725_2917_x9391_y22263,182725,mouse,NCBI:txid10090,Fezf2-CreER;Ai166,cell morphology,fMOST,AId,cells,1,SEU-Allen Joint Center,Hanchuan Peng,,zeng_fmost,BIL,/bil/data/2b/da/2bdaf9e66a246844/mouseID_405429-182725/,,,88,Female,,https://download.neuroxiv.org/SEU-A1876/SEU-ALLEN_full_182725_2917_x9391_y22263_CCFv3.swc,https://neuroxiv.org/?id=SEU-ALLEN_full_182725_2917_x9391_y22263_CCFv3,3030.15,4355.83,8333
182725_3680_x13452_y7614,182725,mouse,NCBI:txid10090,Fezf2-CreER;Ai166,cell morphology,fMOST,GU,cells,1,SEU-Allen Joint Center,Hanchuan Peng,,zeng_fmost,BIL,/bil/data/2b/da/2bdaf9e66a246844/mouseID_405429-182725/,,,88,Female,,https://download.neuroxiv.org/SEU-A1876/SEU-ALLEN_full_182725_3680_x13452_y7614_CCFv3.swc,https://neuroxiv.org/?id=SEU-ALLEN_full_182725_3680_x13452_y7614_CCFv3,4606.77,4679.75,1802.6
182725_3762_x5563_y19178,182725,mouse,NCBI:txid10090,Fezf2-CreER;Ai166,cell morphology,fMOST,MOp,cells,1,SEU-Allen Joint Center,Hanchuan Peng,,zeng_fmost,BIL,/bil/data/2b/da/2bdaf9e66a246844/mouseID_405429-182725/,,,88,Female,,https://download.neuroxiv.org/SEU-A1876/SEU-ALLEN_full_182725_3762_x5563_y19178_CCFv3.swc,https://neuroxiv.org/?id=SEU-ALLEN_full_182725_3762_x5563_y19178_CCFv3,4243.33,2000.18,7317.85
182725_4080_x6576_y11407,182725,mouse,NCBI:txid10090,Fezf2-CreER;Ai166,cell morphology,fMOST,MOp,cells,1,SEU-Allen Joint Center,Hanchuan Peng,,zeng_fmost,BIL,/bil/data/2b/da/2bdaf9e66a246844/mouseID_405429-182725/,,,88,Female,,https://download.neuroxiv.org/SEU-A1876/SEU-ALLEN_full_182725_4080_x6576_y11407_CCFv3.swc,https://neuroxiv.org/?id=SEU-ALLEN_full_182725_4080_x6576_y11407_CCFv3,4861.12,1394.1,4423.52
182725_4160_x5717_y19181,182725,mouse,NCBI:txid10090,Fezf2-CreER;Ai166,cell morphology,fMOST,MOp,cells,1,SEU-Allen Joint Center,Hanchuan Peng,,zeng_fmost,BIL,/bil/data/2b/da/2bdaf9e66a246844/mouseID_405429-182725/,,,88,Female,,https://download.neuroxiv.org/SEU-A1876/SEU-ALLEN_full_182725_4160_x5717_y19181_CCFv3.swc,https://neuroxiv.org/?id=SEU-ALLEN_full_182725_4160_x5717_y19181_CCFv3,4841.58,2106.95,7322.42
182725_4290_x5671_y18488,182725,mouse,NCBI:txid10090,Fezf2-CreER;Ai166,cell morphology,fMOST,MOp,cells,1,SEU-Allen Joint Center,Hanchuan Peng,,zeng_fmost,BIL,/bil/data/2b/da/2bdaf9e66a246844/mouseID_405429-182725/,,,88,Female,,https://download.neuroxiv.org/SEU-A1876/SEU-ALLEN_full_182725_4290_x5671_y18488_CCFv3.swc,https://neuroxiv.org/?id=SEU-ALLEN_full_182725_4290_x5671_y18488_CCFv3,4976.8,1939.1,7056.27
182725_4390_x5078_y18459,182725,mouse,NCBI:txid10090,Fezf2-CreER;Ai166,cell morphology,fMOST,SSp-ll,cells,1,SEU-Allen Joint Center,Hanchuan Peng,,zeng_fmost,BIL,/bil/data/2b/da/2bdaf9e66a246844/mouseID_405429-182725/,,,88,Female,,https://download.neuroxiv.org/SEU-A1876/SEU-ALLEN_full_182725_4390_x5078_y18459_CCFv3.swc,https://neuroxiv.org/?id=SEU-ALLEN_full_182725_4390_x5078_y18459_CCFv3,4992.3,1574.97,7090.73
182725_5012_x5980_y10427,182725,mouse,NCBI:txid10090,Fezf2-CreER;Ai166,cell morphology,fMOST,SSp-ll,cells,1,SEU-Allen Joint Center,Hanchuan Peng,,zeng_fmost,BIL,/bil/data/2b/da/2bdaf9e66a246844/mouseID_405429-182725/,,,88,Female,,https://download.neuroxiv.org/SEU-A1876/SEU-ALLEN_full_182725_5012_x5980_y10427_CCFv3.swc,https://neuroxiv.org/?id=SEU-ALLEN_full_182725_5012_x5980_y10427_CCFv3,6067.58,1034.25,4196.95
182725_5094_x5532_y11642,182725,mouse,NCBI:txid10090,Fezf2-CreER;Ai166,cell morphology,fMOST,RSPagl,cells,1,SEU-Allen Joint Center,Hanchuan Peng,,zeng_fmost,BIL,/bil/data/2b/da/2bdaf9e66a246844/mouseID_405429-182725/,,,88,Female,,https://download.neuroxiv.org/SEU-A1876/SEU-ALLEN_full_182725_5094_x5532_y11642_CCFv3.swc,https://neuroxiv.org/?id=SEU-ALLEN_full_182725_5094_x5532_y11642_CCFv3,6068.2,965.9,4710.88
182725_6819_x6109_y7853,182725,mouse,NCBI:txid10090,Fezf2-CreER;Ai166,cell morphology,fMOST,VISp,cells,1,SEU-Allen Joint Center,Hanchuan Peng,,zeng_fmost,BIL,/bil/data/2b/da/2bdaf9e66a246844/mouseID_405429-182725/,,,88,Female,,https://download.neuroxiv.org/SEU-A1876/SEU-ALLEN_full_182725_6819_x6109_y7853_CCFv3.swc,https://neuroxiv.org/?id=SEU-ALLEN_full_182725_6819_x6109_y7853_CCFv3,8776.88,1112.28,3083.98
182725_7341_x4593_y22594,182725,mouse,NCBI:txid10090,Fezf2-CreER;Ai166,cell morphology,fMOST,VISli,cells,1,SEU-Allen Joint Center,Hanchuan Peng,,zeng_fmost,BIL,/bil/data/2b/da/2bdaf9e66a246844/mouseID_405429-182725/,,,88,Female,,https://download.neuroxiv.org/SEU-A1876/SEU-ALLEN_full_182725_7341_x4593_y22594_CCFv3.swc,https://neuroxiv.org/?id=SEU-ALLEN_full_182725_7341_x4593_y22594_CCFv3,8777.22,2010.93,9578.15
18452_3926_x14445_y21337,18452,mouse,NCBI:txid10090,Cux2-CreERT2;Ai166,cell morphology,fMOST,OT,cells,1,SEU-Allen Joint Center,Hanchuan Peng,,zeng_fmost,BIL,/bil/data/df/75/df75626840c76c15/mouseID_374707-18452,,,,,,https://download.neuroxiv.org/SEU-A1876/SEU-ALLEN_full_18452_3926_x14445_y21337_CCFv3.swc,https://neuroxiv.org/?id=SEU-ALLEN_full_18452_3926_x14445_y21337_CCFv3,4136.52,7319.58,7224.73
18452_4002_x10332_y17479,18452,mouse,NCBI:txid10090,Cux2-CreERT2;Ai166,cell morphology,fMOST,EPd,cells,1,SEU-Allen Joint Center,Hanchuan Peng,,zeng_fmost,BIL,/bil/data/df/75/df75626840c76c15/mouseID_374707-18452,,,,,,https://download.neuroxiv.org/SEU-A1876/SEU-ALLEN_full_18452_4002_x10332_y17479_CCFv3.swc,https://neuroxiv.org/?id=SEU-ALLEN_full_18452_4002_x10332_y17479_CCFv3,4640.83,5647.65,8546.35
18452_4126_x15225_y20986,18452,mouse,NCBI:txid10090,Cux2-CreERT2;Ai166,cell morphology,fMOST,OT,cells,1,SEU-Allen Joint Center,Hanchuan Peng,,zeng_fmost,BIL,/bil/data/df/75/df75626840c76c15/mouseID_374707-18452,,,,,,https://download.neuroxiv.org/SEU-A1876/SEU-ALLEN_full_18452_4126_x15225_y20986_CCFv3.swc,https://neuroxiv.org/?id=SEU-ALLEN_full_18452_4126_x15225_y20986_CCFv3,4442.48,7218.02,6891.5
18452_4272_x26686_y20064,18452,mouse,NCBI:txid10090,Cux2-CreERT2;Ai166,cell morphology,fMOST,PIR,cells,1,SEU-Allen Joint Center,Hanchuan Peng,,zeng_fmost,BIL,/bil/data/df/75/df75626840c76c15/mouseID_374707-18452,,,,,,https://download.neuroxiv.org/SEU-A1876/SEU-ALLEN_full_18452_4272_x26686_y20064_CCFv3.swc,https://neuroxiv.org/?id=SEU-ALLEN_full_18452_4272_x26686_y20064_CCFv3,4623.73,6839.25,3057.43
18452_4536_x11274_y21067,18452,mouse,NCBI:txid10090,Cux2-CreERT2;Ai166,cell morphology,fMOST,OT,cells,1,SEU-Allen Joint Center,Hanchuan Peng,,zeng_fmost,BIL,/bil/data/df/75/df75626840c76c15/mouseID_374707-18452,,,,,,https://download.neuroxiv.org/SEU-A1876/SEU-ALLEN_full_18452_4536_x11274_y21067_CCFv3.swc,https://neuroxiv.org/?id=SEU-ALLEN_full_18452_4536_x11274_y21067_CCFv3,5135.12,7166.2,8222.4
18452_5511_x26566_y3403,18452,mouse,NCBI:txid10090,Cux2-CreERT2;Ai166,cell morphology,fMOST,SSp-tr,cells,1,SEU-Allen Joint Center,Hanchuan Peng,,zeng_fmost,BIL,/bil/data/df/75/df75626840c76c15/mouseID_374707-18452,,,,,,https://download.neuroxiv.org/SEU-A1876/SEU-ALLEN_full_18452_5511_x26566_y3403_CCFv3.swc,https://neuroxiv.org/?id=SEU-ALLEN_full_18452_5511_x26566_y3403_CCFv3,6369.73,796.275,3254.27
18452_7249_x11408_y2071,18452,mouse,NCBI:txid10090,Cux2-CreERT2;Ai166,cell morphology,fMOST,VISp,cells,1,SEU-Allen Joint Center,Hanchuan Peng,,zeng_fmost,BIL,/bil/data/df/75/df75626840c76c15/mouseID_374707-18452,,,,,,https://download.neuroxiv.org/SEU-A1876/SEU-ALLEN_full_18452_7249_x11408_y2071_CCFv3.swc,https://neuroxiv.org/?id=SEU-ALLEN_full_18452_7249_x11408_y2071_CCFv3,9653.85,616.975,7781.17
18453_1641_x24165_y10580,18453,mouse,NCBI:txid10090,Cux2-CreERT2;Ai166,cell morphology,fMOST,MOs,cells,1,SEU-Allen Joint Center,Hanchuan Peng,,zeng_fmost,BIL,/bil/data/ee/01/ee01a74d90e26226/mouseID_374712-18453/,,,103,Female,,https://download.neuroxiv.org/SEU-A1876/SEU-ALLEN_full_18453_1641_x24165_y10580_CCFv3.swc,https://neuroxiv.org/?id=SEU-ALLEN_full_18453_1641_x24165_y10580_CCFv3,2220.18,2866.55,7787.35
18453_1643_x24077_y11694,18453,mouse,NCBI:txid10090,Cux2-CreERT2;Ai166,cell morphology,fMOST,MOs,cells,1,SEU-Allen Joint Center,Hanchuan Peng,,zeng_fmost,BIL,/bil/data/ee/01/ee01a74d90e26226/mouseID_374712-18453/,,,103,Female,,https://download.neuroxiv.org/SEU-A1876/SEU-ALLEN_full_18453_1643_x24077_y11694_CCFv3.swc,https://neuroxiv.org/?id=SEU-ALLEN_full_18453_1643_x24077_y11694_CCFv3,2198.48,3319.38,7801.55
18453_1674_x14446_y9719,18453,mouse,NCBI:txid10090,Cux2-CreERT2;Ai166,cell morphology,fMOST,FRP,cells,1,SEU-Allen Joint Center,Hanchuan Peng,,zeng_fmost,BIL,/bil/data/ee/01/ee01a74d90e26226/mouseID_374712-18453/,,,103,Female,,https://download.neuroxiv.org/SEU-A1876/SEU-ALLEN_full_18453_1674_x14446_y9719_CCFv3.swc,https://neuroxiv.org/?id=SEU-ALLEN_full_18453_1674_x14446_y9719_CCFv3,2090.9,2668.35,4384.05
18453_1924_x22284_y8069,18453,mouse,NCBI:txid10090,Cux2-CreERT2;Ai166,cell morphology,fMOST,MOs,cells,1,SEU-Allen Joint Center,Hanchuan Peng,,zeng_fmost,BIL,/bil/data/ee/01/ee01a74d90e26226/mouseID_374712-18453/,,,103,Female,,https://download.neuroxiv.org/SEU-A1876/SEU-ALLEN_full_18453_1924_x22284_y8069_CCFv3.swc,https://neuroxiv.org/?id=SEU-ALLEN_full_18453_1924_x22284_y8069_CCFv3,2635.48,1875.3,6970.52
18453_2190_x23739_y8507,18453,mouse,NCBI:txid10090,Cux2-CreERT2;Ai166,cell morphology,fMOST,MOs,cells,1,SEU-Allen Joint Center,Hanchuan Peng,,zeng_fmost,BIL,/bil/data/ee/01/ee01a74d90e26226/mouseID_374712-18453/,,,103,Female,,https://download.neuroxiv.org/SEU-A1876/SEU-ALLEN_full_18453_2190_x23739_y8507_CCFv3.swc,https://neuroxiv.org/?id=SEU-ALLEN_full_18453_2190_x23739_y8507_CCFv3,3089.95,2022.03,7421.8
18453_2400_x15836_y7243,18453,mouse,NCBI:txid10090,Cux2-CreERT2;Ai166,cell morphology,fMOST,MOs,cells,1,SEU-Allen Joint Center,Hanchuan Peng,,zeng_fmost,BIL,/bil/data/ee/01/ee01a74d90e26226/mouseID_374712-18453/,,,103,Female,,https://download.neuroxiv.org/SEU-A1876/SEU-ALLEN_full_18453_2400_x15836_y7243_CCFv3.swc,https://neuroxiv.org/?id=SEU-ALLEN_full_18453_2400_x15836_y7243_CCFv3,3201.77,1613.5,4762.67
18453_2428_x13810_y8197,18453,mouse,NCBI:txid10090,Cux2-CreERT2;Ai166,cell morphology,fMOST,MOs,cells,1,SEU-Allen Joint Center,Hanchuan Peng,,zeng_fmost,BIL,/bil/data/ee/01/ee01a74d90e26226/mouseID_374712-18453/,,,103,Female,,https://download.neuroxiv.org/SEU-A1876/SEU-ALLEN_full_18453_2428_x13810_y8197_CCFv3.swc,https://neuroxiv.org/?id=SEU-ALLEN_full_18453_2428_x13810_y8197_CCFv3,3240.6,2071.75,4155.55
18453_2632_x11687_y8383,18453,mouse,NCBI:txid10090,Cux2-CreERT2;Ai166,cell morphology,fMOST,MOs,cells,1,SEU-Allen Joint Center,Hanchuan Peng,,zeng_fmost,BIL,/bil/data/ee/01/ee01a74d90e26226/mouseID_374712-18453/,,,103,Female,,https://download.neuroxiv.org/SEU-A1876/SEU-ALLEN_full_18453_2632_x11687_y8383_CCFv3.swc,https://neuroxiv.org/?id=SEU-ALLEN_full_18453_2632_x11687_y8383_CCFv3,3363.27,2245.2,3424.52
18453_2645_x28684_y11703,18453,mouse,NCBI:txid10090,Cux2-CreERT2;Ai166,cell morphology,fMOST,MOp,cells,1,SEU-Allen Joint Center,Hanchuan Peng,,zeng_fmost,BIL,/bil/data/ee/01/ee01a74d90e26226/mouseID_374712-18453/,,,103,Female,,https://download.neuroxiv.org/SEU-A1876/SEU-ALLEN_full_18453_2645_x28684_y11703_CCFv3.swc,https://neuroxiv.org/?id=SEU-ALLEN_full_18453_2645_x28684_y11703_CCFv3,3628.73,3242.27,9204.7
18453_2713_x27713_y9899,18453,mouse,NCBI:txid10090,Cux2-CreERT2;Ai166,cell morphology,fMOST,MOp,cells,1,SEU-Allen Joint Center,Hanchuan Peng,,zeng_fmost,BIL,/bil/data/ee/01/ee01a74d90e26226/mouseID_374712-18453/,,,103,Female,,https://download.neuroxiv.org/SEU-A1876/SEU-ALLEN_full_18453_2713_x27713_y9899_CCFv3.swc,https://neuroxiv.org/?id=SEU-ALLEN_full_18453_2713_x27713_y9899_CCFv3,3821.38,2551.23,8732.95
18453_2884_x12998_y7285,18453,mouse,NCBI:txid10090,Cux2-CreERT2;Ai166,cell morphology,fMOST,MOs,cells,1,SEU-Allen Joint Center,Hanchuan Peng,,zeng_fmost,BIL,/bil/data/ee/01/ee01a74d90e26226/mouseID_374712-18453/,,,103,Female,,https://download.neuroxiv.org/SEU-A1876/SEU-ALLEN_full_18453_2884_x12998_y7285_CCFv3.swc,https://neuroxiv.org/?id=SEU-ALLEN_full_18453_2884_x12998_y7285_CCFv3,3791.82,1727.38,3838.75
18453_2991_x13607_y7348,18453,mouse,NCBI:txid10090,Cux2-CreERT2;Ai166,cell morphology,fMOST,MOs,cells,1,SEU-Allen Joint Center,Hanchuan Peng,,zeng_fmost,BIL,/bil/data/ee/01/ee01a74d90e26226/mouseID_374712-18453/,,,103,Female,,https://download.neuroxiv.org/SEU-A1876/SEU-ALLEN_full_18453_2991_x13607_y7348_CCFv3.swc,https://neuroxiv.org/?id=SEU-ALLEN_full_18453_2991_x13607_y7348_CCFv3,4022.18,1746.05,4068.43
18453_3021_x27493_y8943,18453,mouse,NCBI:txid10090,Cux2-CreERT2;Ai166,cell morphology,fMOST,MOp,cells,1,SEU-Allen Joint Center,Hanchuan Peng,,zeng_fmost,BIL,/bil/data/ee/01/ee01a74d90e26226/mouseID_374712-18453/,,,103,Female,,https://download.neuroxiv.org/SEU-A1876/SEU-ALLEN_full_18453_3021_x27493_y8943_CCFv3.swc,https://neuroxiv.org/?id=SEU-ALLEN_full_18453_3021_x27493_y8943_CCFv3,4313.85,2180.9,8513.05
18453_3186_x12745_y7108,18453,mouse,NCBI:txid10090,Cux2-CreERT2;Ai166,cell morphology,fMOST,MOp,cells,1,SEU-Allen Joint Center,Hanchuan Peng,,zeng_fmost,BIL,/bil/data/ee/01/ee01a74d90e26226/mouseID_374712-18453/,,,103,Female,,https://download.neuroxiv.org/SEU-A1876/SEU-ALLEN_full_18453_3186_x12745_y7108_CCFv3.swc,https://neuroxiv.org/?id=SEU-ALLEN_full_18453_3186_x12745_y7108_CCFv3,4206.65,1695.8,3762.5
18453_3225_x17398_y19713,18453,mouse,NCBI:txid10090,Cux2-CreERT2;Ai166,cell morphology,fMOST,OT,cells,1,SEU-Allen Joint Center,Hanchuan Peng,,zeng_fmost,BIL,/bil/data/ee/01/ee01a74d90e26226/mouseID_374712-18453/,,,103,Female,,https://download.neuroxiv.org/SEU-A1876/SEU-ALLEN_full_18453_3225_x17398_y19713_CCFv3.swc,https://neuroxiv.org/?id=SEU-ALLEN_full_18453_3225_x17398_y19713_CCFv3,4038.5,6597.7,5443.3
18453_3316_x8214_y11076,18453,mouse,NCBI:txid10090,Cux2-CreERT2;Ai166,cell morphology,fMOST,SSp-m,cells,1,SEU-Allen Joint Center,Hanchuan Peng,,zeng_fmost,BIL,/bil/data/ee/01/ee01a74d90e26226/mouseID_374712-18453/,,,103,Female,,https://download.neuroxiv.org/SEU-A1876/SEU-ALLEN_full_18453_3316_x8214_y11076_CCFv3.swc,https://neuroxiv.org/?id=SEU-ALLEN_full_18453_3316_x8214_y11076_CCFv3,4105.58,3540.4,2183.98
18453_3326_x29413_y10076,18453,mouse,NCBI:txid10090,Cux2-CreERT2;Ai166,cell morphology,fMOST,SSp-m,cells,1,SEU-Allen Joint Center,Hanchuan Peng,,zeng_fmost,BIL,/bil/data/ee/01/ee01a74d90e26226/mouseID_374712-18453/,,,103,Female,,https://download.neuroxiv.org/SEU-A1876/SEU-ALLEN_full_18453_3326_x29413_y10076_CCFv3.swc,https://neuroxiv.org/?id=SEU-ALLEN_full_18453_3326_x29413_y10076_CCFv3,4687.08,2607.88,9156.92
18453_3350_x8925_y9653,18453,mouse,NCBI:txid10090,Cux2-CreERT2;Ai166,cell morphology,fMOST,SSp-m,cells,1,SEU-Allen Joint Center,Hanchuan Peng,,zeng_fmost,BIL,/bil/data/ee/01/ee01a74d90e26226/mouseID_374712-18453/,,,103,Female,,https://download.neuroxiv.org/SEU-A1876/SEU-ALLEN_full_18453_3350_x8925_y9653_CCFv3.swc,https://neuroxiv.org/?id=SEU-ALLEN_full_18453_3350_x8925_y9653_CCFv3,4206.7,2940.73,2465.4
18453_3456_x24161_y6646,18453,mouse,NCBI:txid10090,Cux2-CreERT2;Ai166,cell morphology,fMOST,MOp,cells,1,SEU-Allen Joint Center,Hanchuan Peng,,zeng_fmost,BIL,/bil/data/ee/01/ee01a74d90e26226/mouseID_374712-18453/,,,103,Female,,https://download.neuroxiv.org/SEU-A1876/SEU-ALLEN_full_18453_3456_x24161_y6646_CCFv3.swc,https://neuroxiv.org/?id=SEU-ALLEN_full_18453_3456_x24161_y6646_CCFv3,4882.2,1345.1,7237.55
18453_3471_x28224_y8289,18453,mouse,NCBI:txid10090,Cux2-CreERT2;Ai166,cell morphology,fMOST,SSp-ul,cells,1,SEU-Allen Joint Center,Hanchuan Peng,,zeng_fmost,BIL,/bil/data/ee/01/ee01a74d90e26226/mouseID_374712-18453/,,,103,Female,,https://download.neuroxiv.org/SEU-A1876/SEU-ALLEN_full_18453_3471_x28224_y8289_CCFv3.swc,https://neuroxiv.org/?id=SEU-ALLEN_full_18453_3471_x28224_y8289_CCFv3,4943.67,1950.5,8643.1
18453_3492_x29357_y9198,18453,mouse,NCBI:txid10090,Cux2-CreERT2;Ai166,cell morphology,fMOST,SSp-m,cells,1,SEU-Allen Joint Center,Hanchuan Peng,,zeng_fmost,BIL,/bil/data/ee/01/ee01a74d90e26226/mouseID_374712-18453/,,,103,Female,,https://download.neuroxiv.org/SEU-A1876/SEU-ALLEN_full_18453_3492_x29357_y9198_CCFv3.swc,https://neuroxiv.org/?id=SEU-ALLEN_full_18453_3492_x29357_y9198_CCFv3,4931.2,2282.12,9069.88
18453_3516_x21006_y6048,18453,mouse,NCBI:txid10090,Cux2-CreERT2;Ai166,cell morphology,fMOST,MOs,cells,1,SEU-Allen Joint Center,Hanchuan Peng,,zeng_fmost,BIL,/bil/data/ee/01/ee01a74d90e26226/mouseID_374712-18453/,,,103,Female,,https://download.neuroxiv.org/SEU-A1876/SEU-ALLEN_full_18453_3516_x21006_y6048_CCFv3.swc,https://neuroxiv.org/?id=SEU-ALLEN_full_18453_3516_x21006_y6048_CCFv3,4817.12,1169.07,6247.23
18453_3564_x30226_y9677,18453,mouse,NCBI:txid10090,Cux2-CreERT2;Ai166,cell morphology,fMOST,SSp-m,cells,1,SEU-Allen Joint Center,Hanchuan Peng,,zeng_fmost,BIL,/bil/data/ee/01/ee01a74d90e26226/mouseID_374712-18453/,,,103,Female,,https://download.neuroxiv.org/SEU-A1876/SEU-ALLEN_full_18453_3564_x30226_y9677_CCFv3.swc,https://neuroxiv.org/?id=SEU-ALLEN_full_18453_3564_x30226_y9677_CCFv3,4967.48,2443.98,9386.67
18453_3579_x30397_y10103,18453,mouse,NCBI:txid10090,Cux2-CreERT2;Ai166,cell morphology,fMOST,SSp-m,cells,1,SEU-Allen Joint Center,Hanchuan Peng,,zeng_fmost,BIL,/bil/data/ee/01/ee01a74d90e26226/mouseID_374712-18453/,,,103,Female,,https://download.neuroxiv.org/SEU-A1876/SEU-ALLEN_full_18453_3579_x30397_y10103_CCFv3.swc,https://neuroxiv.org/?id=SEU-ALLEN_full_18453_3579_x30397_y10103_CCFv3,4971.45,2601.43,9453.65
18453_3678_x8938_y8684,18453,mouse,NCBI:txid10090,Cux2-CreERT2;Ai166,cell morphology,fMOST,SSp-m,cells,1,SEU-Allen Joint Center,Hanchuan Peng,,zeng_fmost,BIL,/bil/data/ee/01/ee01a74d90e26226/mouseID_374712-18453/,,,103,Female,,https://download.neuroxiv.org/SEU-A1876/SEU-ALLEN_full_18453_3678_x8938_y8684_CCFv3.swc,https://neuroxiv.org/?id=SEU-ALLEN_full_18453_3678_x8938_y8684_CCFv3,4638.38,2587.1,2452.73
18453_3690_x8282_y9898,18453,mouse,NCBI:txid10090,Cux2-CreERT2;Ai166,cell morphology,fMOST,SSp-m,cells,1,SEU-Allen Joint Center,Hanchuan Peng,,zeng_fmost,BIL,/bil/data/ee/01/ee01a74d90e26226/mouseID_374712-18453/,,,103,Female,,https://download.neuroxiv.org/SEU-A1876/SEU-ALLEN_full_18453_3690_x8282_y9898_CCFv3.swc,https://neuroxiv.org/?id=SEU-ALLEN_full_18453_3690_x8282_y9898_CCFv3,4645.1,3106.55,2250.57
18453_3704_x10450_y7387,18453,mouse,NCBI:txid10090,Cux2-CreERT2;Ai166,cell morphology,fMOST,SSp-m,cells,1,SEU-Allen Joint Center,Hanchuan Peng,,zeng_fmost,BIL,/bil/data/ee/01/ee01a74d90e26226/mouseID_374712-18453/,,,103,Female,,https://download.neuroxiv.org/SEU-A1876/SEU-ALLEN_full_18453_3704_x10450_y7387_CCFv3.swc,https://neuroxiv.org/?id=SEU-ALLEN_full_18453_3704_x10450_y7387_CCFv3,4762.65,1989.9,2977.38
18453_3766_x16118_y20931,18453,mouse,NCBI:txid10090,Cux2-CreERT2;Ai166,cell morphology,fMOST,OT,cells,1,SEU-Allen Joint Center,Hanchuan Peng,,zeng_fmost,BIL,/bil/data/ee/01/ee01a74d90e26226/mouseID_374712-18453/,,,103,Female,,https://download.neuroxiv.org/SEU-A1876/SEU-ALLEN_full_18453_3766_x16118_y20931_CCFv3.swc,https://neuroxiv.org/?id=SEU-ALLEN_full_18453_3766_x16118_y20931_CCFv3,4537.7,7205.58,4724.73
18453_3767_x22604_y5643,18453,mouse,NCBI:txid10090,Cux2-CreERT2;Ai166,cell morphology,fMOST,MOp,cells,1,SEU-Allen Joint Center,Hanchuan Peng,,zeng_fmost,BIL,/bil/data/ee/01/ee01a74d90e26226/mouseID_374712-18453/,,,103,Female,,https://download.neuroxiv.org/SEU-A1876/SEU-ALLEN_full_18453_3767_x22604_y5643_CCFv3.swc,https://neuroxiv.org/?id=SEU-ALLEN_full_18453_3767_x22604_y5643_CCFv3,5194.45,1034.32,6696.2
18453_3795_x13584_y5960,18453,mouse,NCBI:txid10090,Cux2-CreERT2;Ai166,cell morphology,fMOST,MOp,cells,1,SEU-Allen Joint Center,Hanchuan Peng,,zeng_fmost,BIL,/bil/data/ee/01/ee01a74d90e26226/mouseID_374712-18453/,,,103,Female,,https://download.neuroxiv.org/SEU-A1876/SEU-ALLEN_full_18453_3795_x13584_y5960_CCFv3.swc,https://neuroxiv.org/?id=SEU-ALLEN_full_18453_3795_x13584_y5960_CCFv3,4993.9,1278.15,3991.02
18453_3796_x16246_y20830,18453,mouse,NCBI:txid10090,Cux2-CreERT2;Ai166,cell morphology,fMOST,OT,cells,1,SEU-Allen Joint Center,Hanchuan Peng,,zeng_fmost,BIL,/bil/data/ee/01/ee01a74d90e26226/mouseID_374712-18453/,,,103,Female,,https://download.neuroxiv.org/SEU-A1876/SEU-ALLEN_full_18453_3796_x16246_y20830_CCFv3.swc,https://neuroxiv.org/?id=SEU-ALLEN_full_18453_3796_x16246_y20830_CCFv3,4588.23,7166.2,4785.23
18453_3810_x16082_y20891,18453,mouse,NCBI:txid10090,Cux2-CreERT2;Ai166,cell morphology,fMOST,OT,cells,1,SEU-Allen Joint Center,Hanchuan Peng,,zeng_fmost,BIL,/bil/data/ee/01/ee01a74d90e26226/mouseID_374712-18453/,,,103,Female,,https://download.neuroxiv.org/SEU-A1876/SEU-ALLEN_full_18453_3810_x16082_y20891_CCFv3.swc,https://neuroxiv.org/?id=SEU-ALLEN_full_18453_3810_x16082_y20891_CCFv3,4595.77,7195.42,4712.98
18453_3841_x9500_y7920,18453,mouse,NCBI:txid10090,Cux2-CreERT2;Ai166,cell morphology,fMOST,SSp-m,cells,1,SEU-Allen Joint Center,Hanchuan Peng,,zeng_fmost,BIL,/bil/data/ee/01/ee01a74d90e26226/mouseID_374712-18453/,,,103,Female,,https://download.neuroxiv.org/SEU-A1876/SEU-ALLEN_full_18453_3841_x9500_y7920_CCFv3.swc,https://neuroxiv.org/?id=SEU-ALLEN_full_18453_3841_x9500_y7920_CCFv3,4907.08,2266.9,2652.23
18453_3848_x19057_y7025,18453,mouse,NCBI:txid10090,Cux2-CreERT2;Ai166,cell morphology,fMOST,ACAv,cells,1,SEU-Allen Joint Center,Hanchuan Peng,,zeng_fmost,BIL,/bil/data/ee/01/ee01a74d90e26226/mouseID_374712-18453/,,,103,Female,,https://download.neuroxiv.org/SEU-A1876/SEU-ALLEN_full_18453_3848_x19057_y7025_CCFv3.swc,https://neuroxiv.org/?id=SEU-ALLEN_full_18453_3848_x19057_y7025_CCFv3,5334.55,1726.35,5658.27
18453_3935_x22928_y21885,18453,mouse,NCBI:txid10090,Cux2-CreERT2;Ai166,cell morphology,fMOST,OT,cells,1,SEU-Allen Joint Center,Hanchuan Peng,,zeng_fmost,BIL,/bil/data/ee/01/ee01a74d90e26226/mouseID_374712-18453/,,,103,Female,,https://download.neuroxiv.org/SEU-A1876/SEU-ALLEN_full_18453_3935_x22928_y21885_CCFv3.swc,https://neuroxiv.org/?id=SEU-ALLEN_full_18453_3935_x22928_y21885_CCFv3,4901.35,7335.35,7350.12
18453_3945_x11262_y6434,18453,mouse,NCBI:txid10090,Cux2-CreERT2;Ai166,cell morphology,fMOST,SSp-ul,cells,1,SEU-Allen Joint Center,Hanchuan Peng,,zeng_fmost,BIL,/bil/data/ee/01/ee01a74d90e26226/mouseID_374712-18453/,,,103,Female,,https://download.neuroxiv.org/SEU-A1876/SEU-ALLEN_full_18453_3945_x11262_y6434_CCFv3.swc,https://neuroxiv.org/?id=SEU-ALLEN_full_18453_3945_x11262_y6434_CCFv3,5084.67,1602.7,3221.75
18453_4067_x16924_y5288,18453,mouse,NCBI:txid10090,Cux2-CreERT2;Ai166,cell morphology,fMOST,MOp,cells,1,SEU-Allen Joint Center,Hanchuan Peng,,zeng_fmost,BIL,/bil/data/ee/01/ee01a74d90e26226/mouseID_374712-18453/,,,103,Female,,https://download.neuroxiv.org/SEU-A1876/SEU-ALLEN_full_18453_4067_x16924_y5288_CCFv3.swc,https://neuroxiv.org/?id=SEU-ALLEN_full_18453_4067_x16924_y5288_CCFv3,5420.05,1019.55,4995.08
18453_4186_x30783_y11697,18453,mouse,NCBI:txid10090,Cux2-CreERT2;Ai166,cell morphology,fMOST,SSs,cells,1,SEU-Allen Joint Center,Hanchuan Peng,,zeng_fmost,BIL,/bil/data/ee/01/ee01a74d90e26226/mouseID_374712-18453/,,,103,Female,,https://download.neuroxiv.org/SEU-A1876/SEU-ALLEN_full_18453_4186_x30783_y11697_CCFv3.swc,https://neuroxiv.org/?id=SEU-ALLEN_full_18453_4186_x30783_y11697_CCFv3,5821.23,3229.2,9420.53
18453_4221_x16935_y5165,18453,mouse,NCBI:txid10090,Cux2-CreERT2;Ai166,cell morphology,fMOST,MOp,cells,1,SEU-Allen Joint Center,Hanchuan Peng,,zeng_fmost,BIL,/bil/data/ee/01/ee01a74d90e26226/mouseID_374712-18453/,,,103,Female,,https://download.neuroxiv.org/SEU-A1876/SEU-ALLEN_full_18453_4221_x16935_y5165_CCFv3.swc,https://neuroxiv.org/?id=SEU-ALLEN_full_18453_4221_x16935_y5165_CCFv3,5629.42,1016.72,4995.58
18453_4231_x30739_y8470,18453,mouse,NCBI:txid10090,Cux2-CreERT2;Ai166,cell morphology,fMOST,SSp-n,cells,1,SEU-Allen Joint Center,Hanchuan Peng,,zeng_fmost,BIL,/bil/data/ee/01/ee01a74d90e26226/mouseID_374712-18453/,,,103,Female,,https://download.neuroxiv.org/SEU-A1876/SEU-ALLEN_full_18453_4231_x30739_y8470_CCFv3.swc,https://neuroxiv.org/?id=SEU-ALLEN_full_18453_4231_x30739_y8470_CCFv3,5902.05,2063.62,9388.97
18453_4283_x7543_y12923,18453,mouse,NCBI:txid10090,Cux2-CreERT2;Ai166,cell morphology,fMOST,VISC,cells,1,SEU-Allen Joint Center,Hanchuan Peng,,zeng_fmost,BIL,/bil/data/ee/01/ee01a74d90e26226/mouseID_374712-18453/,,,103,Female,,https://download.neuroxiv.org/SEU-A1876/SEU-ALLEN_full_18453_4283_x7543_y12923_CCFv3.swc,https://neuroxiv.org/?id=SEU-ALLEN_full_18453_4283_x7543_y12923_CCFv3,5373.45,4451.45,2074.15
18453_4283_x7739_y13735,18453,mouse,NCBI:txid10090,Cux2-CreERT2;Ai166,cell morphology,fMOST,VISC,cells,1,SEU-Allen Joint Center,Hanchuan Peng,,zeng_fmost,BIL,/bil/data/ee/01/ee01a74d90e26226/mouseID_374712-18453/,,,103,Female,,https://download.neuroxiv.org/SEU-A1876/SEU-ALLEN_full_18453_4283_x7739_y13735_CCFv3.swc,https://neuroxiv.org/?id=SEU-ALLEN_full_18453_4283_x7739_y13735_CCFv3,5389.95,4774.35,2158.55
18453_4345_x12044_y5189,18453,mouse,NCBI:txid10090,Cux2-CreERT2;Ai166,cell morphology,fMOST,SSp-ul,cells,1,SEU-Allen Joint Center,Hanchuan Peng,,zeng_fmost,BIL,/bil/data/ee/01/ee01a74d90e26226/mouseID_374712-18453/,,,103,Female,,https://download.neuroxiv.org/SEU-A1876/SEU-ALLEN_full_18453_4345_x12044_y5189_CCFv3.swc,https://neuroxiv.org/?id=SEU-ALLEN_full_18453_4345_x12044_y5189_CCFv3,5590.33,1142.15,3426.93
18453_4386_x31552_y9254,18453,mouse,NCBI:txid10090,Cux2-CreERT2;Ai166,cell morphology,fMOST,SSp-n,cells,1,SEU-Allen Joint Center,Hanchuan Peng,,zeng_fmost,BIL,/bil/data/ee/01/ee01a74d90e26226/mouseID_374712-18453/,,,103,Female,,https://download.neuroxiv.org/SEU-A1876/SEU-ALLEN_full_18453_4386_x31552_y9254_CCFv3.swc,https://neuroxiv.org/?id=SEU-ALLEN_full_18453_4386_x31552_y9254_CCFv3,6060.58,2332.9,9678.45
18453_4403_x30609_y7732,18453,mouse,NCBI:txid10090,Cux2-CreERT2;Ai166,cell morphology,fMOST,SSp-bfd,cells,1,SEU-Allen Joint Center,Hanchuan Peng,,zeng_fmost,BIL,/bil/data/ee/01/ee01a74d90e26226/mouseID_374712-18453/,,,103,Female,,https://download.neuroxiv.org/SEU-A1876/SEU-ALLEN_full_18453_4403_x30609_y7732_CCFv3.swc,https://neuroxiv.org/?id=SEU-ALLEN_full_18453_4403_x30609_y7732_CCFv3,6149.48,1836.65,9296.05
18453_4496_x31014_y8304,18453,mouse,NCBI:txid10090,Cux2-CreERT2;Ai166,cell morphology,fMOST,SSp-n,cells,1,SEU-Allen Joint Center,Hanchuan Peng,,zeng_fmost,BIL,/bil/data/ee/01/ee01a74d90e26226/mouseID_374712-18453/,,,103,Female,,https://download.neuroxiv.org/SEU-A1876/SEU-ALLEN_full_18453_4496_x31014_y8304_CCFv3.swc,https://neuroxiv.org/?id=SEU-ALLEN_full_18453_4496_x31014_y8304_CCFv3,6245.08,2040.38,9431.55
18453_4497_x29287_y7176,18453,mouse,NCBI:txid10090,Cux2-CreERT2;Ai166,cell morphology,fMOST,SSp-bfd,cells,1,SEU-Allen Joint Center,Hanchuan Peng,,zeng_fmost,BIL,/bil/data/ee/01/ee01a74d90e26226/mouseID_374712-18453/,,,103,Female,,https://download.neuroxiv.org/SEU-A1876/SEU-ALLEN_full_18453_4497_x29287_y7176_CCFv3.swc,https://neuroxiv.org/?id=SEU-ALLEN_full_18453_4497_x29287_y7176_CCFv3,6321.4,1718.03,8776.72
18453_4540_x32498_y9442,18453,mouse,NCBI:txid10090,Cux2-CreERT2;Ai166,cell morphology,fMOST,SSp-n,cells,1,SEU-Allen Joint Center,Hanchuan Peng,,zeng_fmost,BIL,/bil/data/ee/01/ee01a74d90e26226/mouseID_374712-18453/,,,103,Female,,https://download.neuroxiv.org/SEU-A1876/SEU-ALLEN_full_18453_4540_x32498_y9442_CCFv3.swc,https://neuroxiv.org/?id=SEU-ALLEN_full_18453_4540_x32498_y9442_CCFv3,6189.55,2372.73,10026.4
18453_4693_x33039_y11636,18453,mouse,NCBI:txid10090,Cux2-CreERT2;Ai166,cell morphology,fMOST,SSs,cells,1,SEU-Allen Joint Center,Hanchuan Peng,,zeng_fmost,BIL,/bil/data/ee/01/ee01a74d90e26226/mouseID_374712-18453/,,,103,Female,,https://download.neuroxiv.org/SEU-A1876/SEU-ALLEN_full_18453_4693_x33039_y11636_CCFv3.swc,https://neuroxiv.org/?id=SEU-ALLEN_full_18453_4693_x33039_y11636_CCFv3,6301.48,3161.6,10232.5
18453_4711_x14090_y3943,18453,mouse,NCBI:txid10090,Cux2-CreERT2;Ai166,cell morphology,fMOST,SSp-ll,cells,1,SEU-Allen Joint Center,Hanchuan Peng,,zeng_fmost,BIL,/bil/data/ee/01/ee01a74d90e26226/mouseID_374712-18453/,,,103,Female,,https://download.neuroxiv.org/SEU-A1876/SEU-ALLEN_full_18453_4711_x14090_y3943_CCFv3.swc,https://neuroxiv.org/?id=SEU-ALLEN_full_18453_4711_x14090_y3943_CCFv3,6132.77,654.15,4086.43
18453_4725_x30684_y6703,18453,mouse,NCBI:txid10090,Cux2-CreERT2;Ai166,cell morphology,fMOST,SSp-bfd,cells,1,SEU-Allen Joint Center,Hanchuan Peng,,zeng_fmost,BIL,/bil/data/ee/01/ee01a74d90e26226/mouseID_374712-18453/,,,103,Female,,https://download.neuroxiv.org/SEU-A1876/SEU-ALLEN_full_18453_4725_x30684_y6703_CCFv3.swc,https://neuroxiv.org/?id=SEU-ALLEN_full_18453_4725_x30684_y6703_CCFv3,6554.08,1504.32,9263.92
18453_4749_x31789_y8895,18453,mouse,NCBI:txid10090,Cux2-CreERT2;Ai166,cell morphology,fMOST,SSp-n,cells,1,SEU-Allen Joint Center,Hanchuan Peng,,zeng_fmost,BIL,/bil/data/ee/01/ee01a74d90e26226/mouseID_374712-18453/,,,103,Female,,https://download.neuroxiv.org/SEU-A1876/SEU-ALLEN_full_18453_4749_x31789_y8895_CCFv3.swc,https://neuroxiv.org/?id=SEU-ALLEN_full_18453_4749_x31789_y8895_CCFv3,6541.9,2256.98,9690.2
18453_4899_x10111_y5917,18453,mouse,NCBI:txid10090,Cux2-CreERT2;Ai166,cell morphology,fMOST,SSp-bfd,cells,1,SEU-Allen Joint Center,Hanchuan Peng,,zeng_fmost,BIL,/bil/data/ee/01/ee01a74d90e26226/mouseID_374712-18453/,,,103,Female,,https://download.neuroxiv.org/SEU-A1876/SEU-ALLEN_full_18453_4899_x10111_y5917_CCFv3.swc,https://neuroxiv.org/?id=SEU-ALLEN_full_18453_4899_x10111_y5917_CCFv3,6211.35,1671,2798.38
18453_5033_x32118_y8975,18453,mouse,NCBI:txid10090,Cux2-CreERT2;Ai166,cell morphology,fMOST,SSs,cells,1,SEU-Allen Joint Center,Hanchuan Peng,,zeng_fmost,BIL,/bil/data/ee/01/ee01a74d90e26226/mouseID_374712-18453/,,,103,Female,,https://download.neuroxiv.org/SEU-A1876/SEU-ALLEN_full_18453_5033_x32118_y8975_CCFv3.swc,https://neuroxiv.org/?id=SEU-ALLEN_full_18453_5033_x32118_y8975_CCFv3,6891.08,2324.8,9774.85
18453_5113_x9557_y5782,18453,mouse,NCBI:txid10090,Cux2-CreERT2;Ai166,cell morphology,fMOST,SSp-bfd,cells,1,SEU-Allen Joint Center,Hanchuan Peng,,zeng_fmost,BIL,/bil/data/ee/01/ee01a74d90e26226/mouseID_374712-18453/,,,103,Female,,https://download.neuroxiv.org/SEU-A1876/SEU-ALLEN_full_18453_5113_x9557_y5782_CCFv3.swc,https://neuroxiv.org/?id=SEU-ALLEN_full_18453_5113_x9557_y5782_CCFv3,6441.1,1675.53,2579.43
18453_5228_x9833_y5221,18453,mouse,NCBI:txid10090,Cux2-CreERT2;Ai166,cell morphology,fMOST,SSp-bfd,cells,1,SEU-Allen Joint Center,Hanchuan Peng,,zeng_fmost,BIL,/bil/data/ee/01/ee01a74d90e26226/mouseID_374712-18453/,,,103,Female,,https://download.neuroxiv.org/SEU-A1876/SEU-ALLEN_full_18453_5228_x9833_y5221_CCFv3.swc,https://neuroxiv.org/?id=SEU-ALLEN_full_18453_5228_x9833_y5221_CCFv3,6580.38,1454.07,2648.85
18453_5308_x10321_y5166,18453,mouse,NCBI:txid10090,Cux2-CreERT2;Ai166,cell morphology,fMOST,SSp-bfd,cells,1,SEU-Allen Joint Center,Hanchuan Peng,,zeng_fmost,BIL,/bil/data/ee/01/ee01a74d90e26226/mouseID_374712-18453/,,,103,Female,,https://download.neuroxiv.org/SEU-A1876/SEU-ALLEN_full_18453_5308_x10321_y5166_CCFv3.swc,https://neuroxiv.org/?id=SEU-ALLEN_full_18453_5308_x10321_y5166_CCFv3,6705.65,1446,2860.73
18453_5317_x24548_y3717,18453,mouse,NCBI:txid10090,Cux2-CreERT2;Ai166,cell morphology,fMOST,SSp-tr,cells,1,SEU-Allen Joint Center,Hanchuan Peng,,zeng_fmost,BIL,/bil/data/ee/01/ee01a74d90e26226/mouseID_374712-18453/,,,103,Female,,https://download.neuroxiv.org/SEU-A1876/SEU-ALLEN_full_18453_5317_x24548_y3717_CCFv3.swc,https://neuroxiv.org/?id=SEU-ALLEN_full_18453_5317_x24548_y3717_CCFv3,7276.85,560.375,7049.95
18453_5318_x33682_y14092,18453,mouse,NCBI:txid10090,Cux2-CreERT2;Ai166,cell morphology,fMOST,VISC,cells,1,SEU-Allen Joint Center,Hanchuan Peng,,zeng_fmost,BIL,/bil/data/ee/01/ee01a74d90e26226/mouseID_374712-18453/,,,103,Female,,https://download.neuroxiv.org/SEU-A1876/SEU-ALLEN_full_18453_5318_x33682_y14092_CCFv3.swc,https://neuroxiv.org/?id=SEU-ALLEN_full_18453_5318_x33682_y14092_CCFv3,7118.83,4146.77,10440.1
18453_5325_x32314_y8395,18453,mouse,NCBI:txid10090,Cux2-CreERT2;Ai166,cell morphology,fMOST,SSs,cells,1,SEU-Allen Joint Center,Hanchuan Peng,,zeng_fmost,BIL,/bil/data/ee/01/ee01a74d90e26226/mouseID_374712-18453/,,,103,Female,,https://download.neuroxiv.org/SEU-A1876/SEU-ALLEN_full_18453_5325_x32314_y8395_CCFv3.swc,https://neuroxiv.org/?id=SEU-ALLEN_full_18453_5325_x32314_y8395_CCFv3,7282.15,2170.18,9810.58
18453_5343_x23330_y3366,18453,mouse,NCBI:txid10090,Cux2-CreERT2;Ai166,cell morphology,fMOST,RSPagl,cells,1,SEU-Allen Joint Center,Hanchuan Peng,,zeng_fmost,BIL,/bil/data/ee/01/ee01a74d90e26226/mouseID_374712-18453/,,,103,Female,,https://download.neuroxiv.org/SEU-A1876/SEU-ALLEN_full_18453_5343_x23330_y3366_CCFv3.swc,https://neuroxiv.org/?id=SEU-ALLEN_full_18453_5343_x23330_y3366_CCFv3,7294.62,427.375,6695.2
18453_5436_x32746_y12751,18453,mouse,NCBI:txid10090,Cux2-CreERT2;Ai166,cell morphology,fMOST,SSs,cells,1,SEU-Allen Joint Center,Hanchuan Peng,,zeng_fmost,BIL,/bil/data/ee/01/ee01a74d90e26226/mouseID_374712-18453/,,,103,Female,,https://download.neuroxiv.org/SEU-A1876/SEU-ALLEN_full_18453_5436_x32746_y12751_CCFv3.swc,https://neuroxiv.org/?id=SEU-ALLEN_full_18453_5436_x32746_y12751_CCFv3,7326.75,3723.88,10019.8
18453_5459_x9646_y5477,18453,mouse,NCBI:txid10090,Cux2-CreERT2;Ai166,cell morphology,fMOST,SSp-bfd,cells,1,SEU-Allen Joint Center,Hanchuan Peng,,zeng_fmost,BIL,/bil/data/ee/01/ee01a74d90e26226/mouseID_374712-18453/,,,103,Female,,https://download.neuroxiv.org/SEU-A1876/SEU-ALLEN_full_18453_5459_x9646_y5477_CCFv3.swc,https://neuroxiv.org/?id=SEU-ALLEN_full_18453_5459_x9646_y5477_CCFv3,6850.08,1625.35,2631.88
18453_5535_x29214_y5045,18453,mouse,NCBI:txid10090,Cux2-CreERT2;Ai166,cell morphology,fMOST,SSp-bfd,cells,1,SEU-Allen Joint Center,Hanchuan Peng,,zeng_fmost,BIL,/bil/data/ee/01/ee01a74d90e26226/mouseID_374712-18453/,,,103,Female,,https://download.neuroxiv.org/SEU-A1876/SEU-ALLEN_full_18453_5535_x29214_y5045_CCFv3.swc,https://neuroxiv.org/?id=SEU-ALLEN_full_18453_5535_x29214_y5045_CCFv3,7600.35,1070.45,8559.97
18453_5578_x32997_y13060,18453,mouse,NCBI:txid10090,Cux2-CreERT2;Ai166,cell morphology,fMOST,AUDv,cells,1,SEU-Allen Joint Center,Hanchuan Peng,,zeng_fmost,BIL,/bil/data/ee/01/ee01a74d90e26226/mouseID_374712-18453/,,,103,Female,,https://download.neuroxiv.org/SEU-A1876/SEU-ALLEN_full_18453_5578_x32997_y13060_CCFv3.swc,https://neuroxiv.org/?id=SEU-ALLEN_full_18453_5578_x32997_y13060_CCFv3,7511.48,3866.25,10117.8
18453_5667_x25695_y3103,18453,mouse,NCBI:txid10090,Cux2-CreERT2;Ai166,cell morphology,fMOST,VISam,cells,1,SEU-Allen Joint Center,Hanchuan Peng,,zeng_fmost,BIL,/bil/data/ee/01/ee01a74d90e26226/mouseID_374712-18453/,,,103,Female,,https://download.neuroxiv.org/SEU-A1876/SEU-ALLEN_full_18453_5667_x25695_y3103_CCFv3.swc,https://neuroxiv.org/?id=SEU-ALLEN_full_18453_5667_x25695_y3103_CCFv3,7714.8,332.025,7331.38
18453_5766_x31719_y6139,18453,mouse,NCBI:txid10090,Cux2-CreERT2;Ai166,cell morphology,fMOST,SSs,cells,1,SEU-Allen Joint Center,Hanchuan Peng,,zeng_fmost,BIL,/bil/data/ee/01/ee01a74d90e26226/mouseID_374712-18453/,,,103,Female,,https://download.neuroxiv.org/SEU-A1876/SEU-ALLEN_full_18453_5766_x31719_y6139_CCFv3.swc,https://neuroxiv.org/?id=SEU-ALLEN_full_18453_5766_x31719_y6139_CCFv3,7884.02,1464.4,9503.07
18453_5841_x19468_y3419,18453,mouse,NCBI:txid10090,Cux2-CreERT2;Ai166,cell morphology,fMOST,RSPv,cells,1,SEU-Allen Joint Center,Hanchuan Peng,,zeng_fmost,BIL,/bil/data/ee/01/ee01a74d90e26226/mouseID_374712-18453/,,,103,Female,,https://download.neuroxiv.org/SEU-A1876/SEU-ALLEN_full_18453_5841_x19468_y3419_CCFv3.swc,https://neuroxiv.org/?id=SEU-ALLEN_full_18453_5841_x19468_y3419_CCFv3,7917.62,628.55,5585.67
18453_5862_x33046_y12305,18453,mouse,NCBI:txid10090,Cux2-CreERT2;Ai166,cell morphology,fMOST,AUDv,cells,1,SEU-Allen Joint Center,Hanchuan Peng,,zeng_fmost,BIL,/bil/data/ee/01/ee01a74d90e26226/mouseID_374712-18453/,,,103,Female,,https://download.neuroxiv.org/SEU-A1876/SEU-ALLEN_full_18453_5862_x33046_y12305_CCFv3.swc,https://neuroxiv.org/?id=SEU-ALLEN_full_18453_5862_x33046_y12305_CCFv3,7921.65,3673.02,10107.8
18453_5941_x24629_y3152,18453,mouse,NCBI:txid10090,Cux2-CreERT2;Ai166,cell morphology,fMOST,VISam,cells,1,SEU-Allen Joint Center,Hanchuan Peng,,zeng_fmost,BIL,/bil/data/ee/01/ee01a74d90e26226/mouseID_374712-18453/,,,103,Female,,https://download.neuroxiv.org/SEU-A1876/SEU-ALLEN_full_18453_5941_x24629_y3152_CCFv3.swc,https://neuroxiv.org/?id=SEU-ALLEN_full_18453_5941_x24629_y3152_CCFv3,8074.6,433.575,6996.48
18453_5995_x24812_y3143,18453,mouse,NCBI:txid10090,Cux2-CreERT2;Ai166,cell morphology,fMOST,VISam,cells,1,SEU-Allen Joint Center,Hanchuan Peng,,zeng_fmost,BIL,/bil/data/ee/01/ee01a74d90e26226/mouseID_374712-18453/,,,103,Female,,https://download.neuroxiv.org/SEU-A1876/SEU-ALLEN_full_18453_5995_x24812_y3143_CCFv3.swc,https://neuroxiv.org/?id=SEU-ALLEN_full_18453_5995_x24812_y3143_CCFv3,8149,441.95,7044.52
18453_6040_x24821_y3042,18453,mouse,NCBI:txid10090,Cux2-CreERT2;Ai166,cell morphology,fMOST,VISam,cells,1,SEU-Allen Joint Center,Hanchuan Peng,,zeng_fmost,BIL,/bil/data/ee/01/ee01a74d90e26226/mouseID_374712-18453/,,,103,Female,,https://download.neuroxiv.org/SEU-A1876/SEU-ALLEN_full_18453_6040_x24821_y3042_CCFv3.swc,https://neuroxiv.org/?id=SEU-ALLEN_full_18453_6040_x24821_y3042_CCFv3,8218.1,407.4,7040.95
18453_6053_x8032_y5933,18453,mouse,NCBI:txid10090,Cux2-CreERT2;Ai166,cell morphology,fMOST,VISrl,cells,1,SEU-Allen Joint Center,Hanchuan Peng,,zeng_fmost,BIL,/bil/data/ee/01/ee01a74d90e26226/mouseID_374712-18453/,,,103,Female,,https://download.neuroxiv.org/SEU-A1876/SEU-ALLEN_full_18453_6053_x8032_y5933_CCFv3.swc,https://neuroxiv.org/?id=SEU-ALLEN_full_18453_6053_x8032_y5933_CCFv3,7497.88,1910.22,2033.45
18453_6181_x10238_y3690,18453,mouse,NCBI:txid10090,Cux2-CreERT2;Ai166,cell morphology,fMOST,VISrl,cells,1,SEU-Allen Joint Center,Hanchuan Peng,,zeng_fmost,BIL,/bil/data/ee/01/ee01a74d90e26226/mouseID_374712-18453/,,,103,Female,,https://download.neuroxiv.org/SEU-A1876/SEU-ALLEN_full_18453_6181_x10238_y3690_CCFv3.swc,https://neuroxiv.org/?id=SEU-ALLEN_full_18453_6181_x10238_y3690_CCFv3,7793.9,989.275,2702.23
18453_6229_x34471_y10482,18453,mouse,NCBI:txid10090,Cux2-CreERT2;Ai166,cell morphology,fMOST,AUDv,cells,1,SEU-Allen Joint Center,Hanchuan Peng,,zeng_fmost,BIL,/bil/data/ee/01/ee01a74d90e26226/mouseID_374712-18453/,,,103,Female,,https://download.neuroxiv.org/SEU-A1876/SEU-ALLEN_full_18453_6229_x34471_y10482_CCFv3.swc,https://neuroxiv.org/?id=SEU-ALLEN_full_18453_6229_x34471_y10482_CCFv3,8423.25,2959.55,10635.9
18453_6316_x30559_y4743,18453,mouse,NCBI:txid10090,Cux2-CreERT2;Ai166,cell morphology,fMOST,VISrl,cells,1,SEU-Allen Joint Center,Hanchuan Peng,,zeng_fmost,BIL,/bil/data/ee/01/ee01a74d90e26226/mouseID_374712-18453/,,,103,Female,,https://download.neuroxiv.org/SEU-A1876/SEU-ALLEN_full_18453_6316_x30559_y4743_CCFv3.swc,https://neuroxiv.org/?id=SEU-ALLEN_full_18453_6316_x30559_y4743_CCFv3,8597.23,1049.38,8982.05
18453_6477_x30376_y5078,18453,mouse,NCBI:txid10090,Cux2-CreERT2;Ai166,cell morphology,fMOST,VISp,cells,1,SEU-Allen Joint Center,Hanchuan Peng,,zeng_fmost,BIL,/bil/data/ee/01/ee01a74d90e26226/mouseID_374712-18453/,,,103,Female,,https://download.neuroxiv.org/SEU-A1876/SEU-ALLEN_full_18453_6477_x30376_y5078_CCFv3.swc,https://neuroxiv.org/?id=SEU-ALLEN_full_18453_6477_x30376_y5078_CCFv3,8820.65,1242.65,8911.88
18453_6479_x9010_y4330,18453,mouse,NCBI:txid10090,Cux2-CreERT2;Ai166,cell morphology,fMOST,VISal,cells,1,SEU-Allen Joint Center,Hanchuan Peng,,zeng_fmost,BIL,/bil/data/ee/01/ee01a74d90e26226/mouseID_374712-18453/,,,103,Female,,https://download.neuroxiv.org/SEU-A1876/SEU-ALLEN_full_18453_6479_x9010_y4330_CCFv3.swc,https://neuroxiv.org/?id=SEU-ALLEN_full_18453_6479_x9010_y4330_CCFv3,8089.4,1323.03,2245.18
18453_6500_x34303_y12884,18453,mouse,NCBI:txid10090,Cux2-CreERT2;Ai166,cell morphology,fMOST,TEa,cells,1,SEU-Allen Joint Center,Hanchuan Peng,,zeng_fmost,BIL,/bil/data/ee/01/ee01a74d90e26226/mouseID_374712-18453/,,,103,Female,,https://download.neuroxiv.org/SEU-A1876/SEU-ALLEN_full_18453_6500_x34303_y12884_CCFv3.swc,https://neuroxiv.org/?id=SEU-ALLEN_full_18453_6500_x34303_y12884_CCFv3,8740.8,3874.23,10597.3
18453_6537_x8725_y4484,18453,mouse,NCBI:txid10090,Cux2-CreERT2;Ai166,cell morphology,fMOST,VISal,cells,1,SEU-Allen Joint Center,Hanchuan Peng,,zeng_fmost,BIL,/bil/data/ee/01/ee01a74d90e26226/mouseID_374712-18453/,,,103,Female,,https://download.neuroxiv.org/SEU-A1876/SEU-ALLEN_full_18453_6537_x8725_y4484_CCFv3.swc,https://neuroxiv.org/?id=SEU-ALLEN_full_18453_6537_x8725_y4484_CCFv3,8149.23,1400.5,2138.2
18453_6561_x9442_y3817,18453,mouse,NCBI:txid10090,Cux2-CreERT2;Ai166,cell morphology,fMOST,VISrl,cells,1,SEU-Allen Joint Center,Hanchuan Peng,,zeng_fmost,BIL,/bil/data/ee/01/ee01a74d90e26226/mouseID_374712-18453/,,,103,Female,,https://download.neuroxiv.org/SEU-A1876/SEU-ALLEN_full_18453_6561_x9442_y3817_CCFv3.swc,https://neuroxiv.org/?id=SEU-ALLEN_full_18453_6561_x9442_y3817_CCFv3,8244.12,1121.72,2364.23
18453_6576_x22528_y4353,18453,mouse,NCBI:txid10090,Cux2-CreERT2;Ai166,cell morphology,fMOST,RSPv,cells,1,SEU-Allen Joint Center,Hanchuan Peng,,zeng_fmost,BIL,/bil/data/ee/01/ee01a74d90e26226/mouseID_374712-18453/,,,103,Female,,https://download.neuroxiv.org/SEU-A1876/SEU-ALLEN_full_18453_6576_x22528_y4353_CCFv3.swc,https://neuroxiv.org/?id=SEU-ALLEN_full_18453_6576_x22528_y4353_CCFv3,8930.15,1084,6421.02
18453_6604_x9161_y4006,18453,mouse,NCBI:txid10090,Cux2-CreERT2;Ai166,cell morphology,fMOST,VISrl,cells,1,SEU-Allen Joint Center,Hanchuan Peng,,zeng_fmost,BIL,/bil/data/ee/01/ee01a74d90e26226/mouseID_374712-18453/,,,103,Female,,https://download.neuroxiv.org/SEU-A1876/SEU-ALLEN_full_18453_6604_x9161_y4006_CCFv3.swc,https://neuroxiv.org/?id=SEU-ALLEN_full_18453_6604_x9161_y4006_CCFv3,8278.03,1208.68,2261.73
18453_6675_x10576_y3102,18453,mouse,NCBI:txid10090,Cux2-CreERT2;Ai166,cell morphology,fMOST,VISp,cells,1,SEU-Allen Joint Center,Hanchuan Peng,,zeng_fmost,BIL,/bil/data/ee/01/ee01a74d90e26226/mouseID_374712-18453/,,,103,Female,,https://download.neuroxiv.org/SEU-A1876/SEU-ALLEN_full_18453_6675_x10576_y3102_CCFv3.swc,https://neuroxiv.org/?id=SEU-ALLEN_full_18453_6675_x10576_y3102_CCFv3,8486.08,822.6,2754.88
18453_6675_x8876_y4461,18453,mouse,NCBI:txid10090,Cux2-CreERT2;Ai166,cell morphology,fMOST,VISal,cells,1,SEU-Allen Joint Center,Hanchuan Peng,,zeng_fmost,BIL,/bil/data/ee/01/ee01a74d90e26226/mouseID_374712-18453/,,,103,Female,,https://download.neuroxiv.org/SEU-A1876/SEU-ALLEN_full_18453_6675_x8876_y4461_CCFv3.swc,https://neuroxiv.org/?id=SEU-ALLEN_full_18453_6675_x8876_y4461_CCFv3,8336.67,1410.72,2195.9
18453_6708_x6437_y7833,18453,mouse,NCBI:txid10090,Cux2-CreERT2;Ai166,cell morphology,fMOST,AUDp,cells,1,SEU-Allen Joint Center,Hanchuan Peng,,zeng_fmost,BIL,/bil/data/ee/01/ee01a74d90e26226/mouseID_374712-18453/,,,103,Female,,https://download.neuroxiv.org/SEU-A1876/SEU-ALLEN_full_18453_6708_x6437_y7833_CCFv3.swc,https://neuroxiv.org/?id=SEU-ALLEN_full_18453_6708_x6437_y7833_CCFv3,8297.9,2794.7,1550.53
18453_6746_x8555_y4741,18453,mouse,NCBI:txid10090,Cux2-CreERT2;Ai166,cell morphology,fMOST,VISl,cells,1,SEU-Allen Joint Center,Hanchuan Peng,,zeng_fmost,BIL,/bil/data/ee/01/ee01a74d90e26226/mouseID_374712-18453/,,,103,Female,,https://download.neuroxiv.org/SEU-A1876/SEU-ALLEN_full_18453_6746_x8555_y4741_CCFv3.swc,https://neuroxiv.org/?id=SEU-ALLEN_full_18453_6746_x8555_y4741_CCFv3,8415.9,1543.5,2093.55
18453_6748_x28152_y3578,18453,mouse,NCBI:txid10090,Cux2-CreERT2;Ai166,cell morphology,fMOST,VISp,cells,1,SEU-Allen Joint Center,Hanchuan Peng,,zeng_fmost,BIL,/bil/data/ee/01/ee01a74d90e26226/mouseID_374712-18453/,,,103,Female,,https://download.neuroxiv.org/SEU-A1876/SEU-ALLEN_full_18453_6748_x28152_y3578_CCFv3.swc,https://neuroxiv.org/?id=SEU-ALLEN_full_18453_6748_x28152_y3578_CCFv3,9129.53,721.675,8037
18453_6756_x7677_y5336,18453,mouse,NCBI:txid10090,Cux2-CreERT2;Ai166,cell morphology,fMOST,VISrl,cells,1,SEU-Allen Joint Center,Hanchuan Peng,,zeng_fmost,BIL,/bil/data/ee/01/ee01a74d90e26226/mouseID_374712-18453/,,,103,Female,,https://download.neuroxiv.org/SEU-A1876/SEU-ALLEN_full_18453_6756_x7677_y5336_CCFv3.swc,https://neuroxiv.org/?id=SEU-ALLEN_full_18453_6756_x7677_y5336_CCFv3,7806.52,801.375,8269.62
18453_6846_x11548_y2831,18453,mouse,NCBI:txid10090,Cux2-CreERT2;Ai166,cell morphology,fMOST,VISp,cells,1,SEU-Allen Joint Center,Hanchuan Peng,,zeng_fmost,BIL,/bil/data/ee/01/ee01a74d90e26226/mouseID_374712-18453/,,,103,Female,,https://download.neuroxiv.org/SEU-A1876/SEU-ALLEN_full_18453_6846_x11548_y2831_CCFv3.swc,https://neuroxiv.org/?id=SEU-ALLEN_full_18453_6846_x11548_y2831_CCFv3,8804.6,739.4,3076.18
18453_7007_x11486_y3611,18453,mouse,NCBI:txid10090,Cux2-CreERT2;Ai166,cell morphology,fMOST,VISp,cells,1,SEU-Allen Joint Center,Hanchuan Peng,,zeng_fmost,BIL,/bil/data/ee/01/ee01a74d90e26226/mouseID_374712-18453/,,,103,Female,,https://download.neuroxiv.org/SEU-A1876/SEU-ALLEN_full_18453_7007_x11486_y3611_CCFv3.swc,https://neuroxiv.org/?id=SEU-ALLEN_full_18453_7007_x11486_y3611_CCFv3,9010.08,1111,3104.52
18453_7010_x8769_y4509,18453,mouse,NCBI:txid10090,Cux2-CreERT2;Ai166,cell morphology,fMOST,VISp,cells,1,SEU-Allen Joint Center,Hanchuan Peng,,zeng_fmost,BIL,/bil/data/ee/01/ee01a74d90e26226/mouseID_374712-18453/,,,103,Female,,https://download.neuroxiv.org/SEU-A1876/SEU-ALLEN_full_18453_7010_x8769_y4509_CCFv3.swc,https://neuroxiv.org/?id=SEU-ALLEN_full_18453_7010_x8769_y4509_CCFv3,8800.95,1494.7,2132.12
18453_7024_x9012_y4138,18453,mouse,NCBI:txid10090,Cux2-CreERT2;Ai166,cell morphology,fMOST,VISp,cells,1,SEU-Allen Joint Center,Hanchuan Peng,,zeng_fmost,BIL,/bil/data/ee/01/ee01a74d90e26226/mouseID_374712-18453/,,,103,Female,,https://download.neuroxiv.org/SEU-A1876/SEU-ALLEN_full_18453_7024_x9012_y4138_CCFv3.swc,https://neuroxiv.org/?id=SEU-ALLEN_full_18453_7024_x9012_y4138_CCFv3,8853.88,1344.97,2193.7
18453_7112_x9089_y4667,18453,mouse,NCBI:txid10090,Cux2-CreERT2;Ai166,cell morphology,fMOST,VISp,cells,1,SEU-Allen Joint Center,Hanchuan Peng,,zeng_fmost,BIL,/bil/data/ee/01/ee01a74d90e26226/mouseID_374712-18453/,,,103,Female,,https://download.neuroxiv.org/SEU-A1876/SEU-ALLEN_full_18453_7112_x9089_y4667_CCFv3.swc,https://neuroxiv.org/?id=SEU-ALLEN_full_18453_7112_x9089_y4667_CCFv3,8974.28,1593.03,2287.57
18453_7132_x11495_y3152,18453,mouse,NCBI:txid10090,Cux2-CreERT2;Ai166,cell morphology,fMOST,VISp,cells,1,SEU-Allen Joint Center,Hanchuan Peng,,zeng_fmost,BIL,/bil/data/ee/01/ee01a74d90e26226/mouseID_374712-18453/,,,103,Female,,https://download.neuroxiv.org/SEU-A1876/SEU-ALLEN_full_18453_7132_x11495_y3152_CCFv3.swc,https://neuroxiv.org/?id=SEU-ALLEN_full_18453_7132_x11495_y3152_CCFv3,9183.98,926.25,3039.1
18453_7132_x31679_y7308,18453,mouse,NCBI:txid10090,Cux2-CreERT2;Ai166,cell morphology,fMOST,VISli,cells,1,SEU-Allen Joint Center,Hanchuan Peng,,zeng_fmost,BIL,/bil/data/ee/01/ee01a74d90e26226/mouseID_374712-18453/,,,103,Female,,https://download.neuroxiv.org/SEU-A1876/SEU-ALLEN_full_18453_7132_x31679_y7308_CCFv3.swc,https://neuroxiv.org/?id=SEU-ALLEN_full_18453_7132_x31679_y7308_CCFv3,9686.58,2172.98,9455.65
18453_7146_x8788_y4552,18453,mouse,NCBI:txid10090,Cux2-CreERT2;Ai166,cell morphology,fMOST,VISp,cells,1,SEU-Allen Joint Center,Hanchuan Peng,,zeng_fmost,BIL,/bil/data/ee/01/ee01a74d90e26226/mouseID_374712-18453/,,,103,Female,,https://download.neuroxiv.org/SEU-A1876/SEU-ALLEN_full_18453_7146_x8788_y4552_CCFv3.swc,https://neuroxiv.org/?id=SEU-ALLEN_full_18453_7146_x8788_y4552_CCFv3,9010.75,1547.57,2134.5
18453_7188_x11060_y3637,18453,mouse,NCBI:txid10090,Cux2-CreERT2;Ai166,cell morphology,fMOST,VISp,cells,1,SEU-Allen Joint Center,Hanchuan Peng,,zeng_fmost,BIL,/bil/data/ee/01/ee01a74d90e26226/mouseID_374712-18453/,,,103,Female,,https://download.neuroxiv.org/SEU-A1876/SEU-ALLEN_full_18453_7188_x11060_y3637_CCFv3.swc,https://neuroxiv.org/?id=SEU-ALLEN_full_18453_7188_x11060_y3637_CCFv3,9229.98,1149.57,2916.12
18453_7223_x30215_y5120,18453,mouse,NCBI:txid10090,Cux2-CreERT2;Ai166,cell morphology,fMOST,VISp,cells,1,SEU-Allen Joint Center,Hanchuan Peng,,zeng_fmost,BIL,/bil/data/ee/01/ee01a74d90e26226/mouseID_374712-18453/,,,103,Female,,https://download.neuroxiv.org/SEU-A1876/SEU-ALLEN_full_18453_7223_x30215_y5120_CCFv3.swc,https://neuroxiv.org/?id=SEU-ALLEN_full_18453_7223_x30215_y5120_CCFv3,9792.05,1378.12,8854.2
18453_7245_x12979_y2864,18453,mouse,NCBI:txid10090,Cux2-CreERT2;Ai166,cell morphology,fMOST,VISp,cells,1,SEU-Allen Joint Center,Hanchuan Peng,,zeng_fmost,BIL,/bil/data/ee/01/ee01a74d90e26226/mouseID_374712-18453/,,,103,Female,,https://download.neuroxiv.org/SEU-A1876/SEU-ALLEN_full_18453_7245_x12979_y2864_CCFv3.swc,https://neuroxiv.org/?id=SEU-ALLEN_full_18453_7245_x12979_y2864_CCFv3,9431.62,790.25,3514.23
18453_7304_x11719_y3749,18453,mouse,NCBI:txid10090,Cux2-CreERT2;Ai166,cell morphology,fMOST,VISp,cells,1,SEU-Allen Joint Center,Hanchuan Peng,,zeng_fmost,BIL,/bil/data/ee/01/ee01a74d90e26226/mouseID_374712-18453/,,,103,Female,,https://download.neuroxiv.org/SEU-A1876/SEU-ALLEN_full_18453_7304_x11719_y3749_CCFv3.swc,https://neuroxiv.org/?id=SEU-ALLEN_full_18453_7304_x11719_y3749_CCFv3,9422.6,1209.1,3149.93
18453_7309_x5442_y9199,18453,mouse,NCBI:txid10090,Cux2-CreERT2;Ai166,cell morphology,fMOST,TEa,cells,1,SEU-Allen Joint Center,Hanchuan Peng,,zeng_fmost,BIL,/bil/data/ee/01/ee01a74d90e26226/mouseID_374712-18453/,,,103,Female,,https://download.neuroxiv.org/SEU-A1876/SEU-ALLEN_full_18453_7309_x5442_y9199_CCFv3.swc,https://neuroxiv.org/?id=SEU-ALLEN_full_18453_7309_x5442_y9199_CCFv3,9073.05,3387.82,1095.6
18453_7455_x32866_y9412,18453,mouse,NCBI:txid10090,Cux2-CreERT2;Ai166,cell morphology,fMOST,VISpor,cells,1,SEU-Allen Joint Center,Hanchuan Peng,,zeng_fmost,BIL,/bil/data/ee/01/ee01a74d90e26226/mouseID_374712-18453/,,,103,Female,,https://download.neuroxiv.org/SEU-A1876/SEU-ALLEN_full_18453_7455_x32866_y9412_CCFv3.swc,https://neuroxiv.org/?id=SEU-ALLEN_full_18453_7455_x32866_y9412_CCFv3,10113.4,2890.32,9987.85
18453_7692_x10145_y15241,18453,mouse,NCBI:txid10090,Cux2-CreERT2;Ai166,cell morphology,fMOST,ENTm,cells,1,SEU-Allen Joint Center,Hanchuan Peng,,zeng_fmost,BIL,/bil/data/ee/01/ee01a74d90e26226/mouseID_374712-18453/,,,103,Female,,https://download.neuroxiv.org/SEU-A1876/SEU-ALLEN_full_18453_7692_x10145_y15241_CCFv3.swc,https://neuroxiv.org/?id=SEU-ALLEN_full_18453_7692_x10145_y15241_CCFv3,9565.2,5316.02,2695.27
18453_7813_x5799_y12199,18453,mouse,NCBI:txid10090,Cux2-CreERT2;Ai166,cell morphology,fMOST,ENTl,cells,1,SEU-Allen Joint Center,Hanchuan Peng,,zeng_fmost,BIL,/bil/data/ee/01/ee01a74d90e26226/mouseID_374712-18453/,,,103,Female,,https://download.neuroxiv.org/SEU-A1876/SEU-ALLEN_full_18453_7813_x5799_y12199_CCFv3.swc,https://neuroxiv.org/?id=SEU-ALLEN_full_18453_7813_x5799_y12199_CCFv3,9625.22,4471.88,1174.03
18454_00002,18454,mouse,NCBI:txid10090,Tnnt1-IRES2-CreERT2;Ai82;Ai140,cell morphology,fMOST,CP,cells,1,SEU-Allen Joint Center,Hanchuan Peng,,zeng_fmost,BIL,/bil/data/biccn/zeng/luo/fmost/mouseID_373367-18454,,,108,Female,,https://download.neuroxiv.org/SEU-A1876/SEU-ALLEN_full_18454_00002_CCFv3.swc,https://neuroxiv.org/?id=SEU-ALLEN_full_18454_00002_CCFv3,6150.7,3405.4,8646.15
18454_00003,18454,mouse,NCBI:txid10090,Tnnt1-IRES2-CreERT2;Ai82;Ai140,cell morphology,fMOST,CP,cells,1,SEU-Allen Joint Center,Hanchuan Peng,,zeng_fmost,BIL,/bil/data/biccn/zeng/luo/fmost/mouseID_373367-18454,,,108,Female,,https://download.neuroxiv.org/SEU-A1876/SEU-ALLEN_full_18454_00003_CCFv3.swc,https://neuroxiv.org/?id=SEU-ALLEN_full_18454_00003_CCFv3,4836.25,3821.8,8781.55
18454_00004,18454,mouse,NCBI:txid10090,Tnnt1-IRES2-CreERT2;Ai82;Ai140,cell morphology,fMOST,CP,cells,1,SEU-Allen Joint Center,Hanchuan Peng,,zeng_fmost,BIL,/bil/data/biccn/zeng/luo/fmost/mouseID_373367-18454,,,108,Female,,https://download.neuroxiv.org/SEU-A1876/SEU-ALLEN_full_18454_00004_CCFv3.swc,https://neuroxiv.org/?id=SEU-ALLEN_full_18454_00004_CCFv3,4879.88,3841.77,8799.78
18454_00009,18454,mouse,NCBI:txid10090,Tnnt1-IRES2-CreERT2;Ai82;Ai140,cell morphology,fMOST,CP,cells,1,SEU-Allen Joint Center,Hanchuan Peng,,zeng_fmost,BIL,/bil/data/biccn/zeng/luo/fmost/mouseID_373367-18454,,,108,Female,,https://download.neuroxiv.org/SEU-A1876/SEU-ALLEN_full_18454_00009_CCFv3.swc,https://neuroxiv.org/?id=SEU-ALLEN_full_18454_00009_CCFv3,4531.15,2894,7374.38
18454_00010,18454,mouse,NCBI:txid10090,Tnnt1-IRES2-CreERT2;Ai82;Ai140,cell morphology,fMOST,CP,cells,1,SEU-Allen Joint Center,Hanchuan Peng,,zeng_fmost,BIL,/bil/data/biccn/zeng/luo/fmost/mouseID_373367-18454,,,108,Female,,https://download.neuroxiv.org/SEU-A1876/SEU-ALLEN_full_18454_00010_CCFv3.swc,https://neuroxiv.org/?id=SEU-ALLEN_full_18454_00010_CCFv3,4548.58,3110.25,7202.83
18454_00011,18454,mouse,NCBI:txid10090,Tnnt1-IRES2-CreERT2;Ai82;Ai140,cell morphology,fMOST,CP,cells,1,SEU-Allen Joint Center,Hanchuan Peng,,zeng_fmost,BIL,/bil/data/biccn/zeng/luo/fmost/mouseID_373367-18454,,,108,Female,,https://download.neuroxiv.org/SEU-A1876/SEU-ALLEN_full_18454_00011_CCFv3.swc,https://neuroxiv.org/?id=SEU-ALLEN_full_18454_00011_CCFv3,4337.27,3388.68,7992.77
18454_00014,18454,mouse,NCBI:txid10090,Tnnt1-IRES2-CreERT2;Ai82;Ai140,cell morphology,fMOST,CP,cells,1,SEU-Allen Joint Center,Hanchuan Peng,,zeng_fmost,BIL,/bil/data/biccn/zeng/luo/fmost/mouseID_373367-18454,,,108,Female,,https://download.neuroxiv.org/SEU-A1876/SEU-ALLEN_full_18454_00014_CCFv3.swc,https://neuroxiv.org/?id=SEU-ALLEN_full_18454_00014_CCFv3,4448.98,3635.18,8485.28
18454_00015,18454,mouse,NCBI:txid10090,Tnnt1-IRES2-CreERT2;Ai82;Ai140,cell morphology,fMOST,CP,cells,1,SEU-Allen Joint Center,Hanchuan Peng,,zeng_fmost,BIL,/bil/data/biccn/zeng/luo/fmost/mouseID_373367-18454,,,108,Female,,https://download.neuroxiv.org/SEU-A1876/SEU-ALLEN_full_18454_00015_CCFv3.swc,https://neuroxiv.org/?id=SEU-ALLEN_full_18454_00015_CCFv3,4913.52,3793.68,8522.38
18454_00016,18454,mouse,NCBI:txid10090,Tnnt1-IRES2-CreERT2;Ai82;Ai140,cell morphology,fMOST,CP,cells,1,SEU-Allen Joint Center,Hanchuan Peng,,zeng_fmost,BIL,/bil/data/biccn/zeng/luo/fmost/mouseID_373367-18454,,,108,Female,,https://download.neuroxiv.org/SEU-A1876/SEU-ALLEN_full_18454_00016_CCFv3.swc,https://neuroxiv.org/?id=SEU-ALLEN_full_18454_00016_CCFv3,3701.27,4043.52,7785.9
18454_00017,18454,mouse,NCBI:txid10090,Tnnt1-IRES2-CreERT2;Ai82;Ai140,cell morphology,fMOST,CP,cells,1,SEU-Allen Joint Center,Hanchuan Peng,,zeng_fmost,BIL,/bil/data/biccn/zeng/luo/fmost/mouseID_373367-18454,,,108,Female,,https://download.neuroxiv.org/SEU-A1876/SEU-ALLEN_full_18454_00017_CCFv3.swc,https://neuroxiv.org/?id=SEU-ALLEN_full_18454_00017_CCFv3,3371.75,4031.82,7592.98
18454_00018,18454,mouse,NCBI:txid10090,Tnnt1-IRES2-CreERT2;Ai82;Ai140,cell morphology,fMOST,CP,cells,1,SEU-Allen Joint Center,Hanchuan Peng,,zeng_fmost,BIL,/bil/data/biccn/zeng/luo/fmost/mouseID_373367-18454,,,108,Female,,https://download.neuroxiv.org/SEU-A1876/SEU-ALLEN_full_18454_00018_CCFv3.swc,https://neuroxiv.org/?id=SEU-ALLEN_full_18454_00018_CCFv3,4184.42,3564.5,7640.33
18454_00020,18454,mouse,NCBI:txid10090,Tnnt1-IRES2-CreERT2;Ai82;Ai140,cell morphology,fMOST,CP,cells,1,SEU-Allen Joint Center,Hanchuan Peng,,zeng_fmost,BIL,/bil/data/biccn/zeng/luo/fmost/mouseID_373367-18454,,,108,Female,,https://download.neuroxiv.org/SEU-A1876/SEU-ALLEN_full_18454_00020_CCFv3.swc,https://neuroxiv.org/?id=SEU-ALLEN_full_18454_00020_CCFv3,4406.73,3604,7811.02
18454_00021,18454,mouse,NCBI:txid10090,Tnnt1-IRES2-CreERT2;Ai82;Ai140,cell morphology,fMOST,CP,cells,1,SEU-Allen Joint Center,Hanchuan Peng,,zeng_fmost,BIL,/bil/data/biccn/zeng/luo/fmost/mouseID_373367-18454,,,108,Female,,https://download.neuroxiv.org/SEU-A1876/SEU-ALLEN_full_18454_00021_CCFv3.swc,https://neuroxiv.org/?id=SEU-ALLEN_full_18454_00021_CCFv3,4914.83,3607.23,7715.6
18454_00022,18454,mouse,NCBI:txid10090,Tnnt1-IRES2-CreERT2;Ai82;Ai140,cell morphology,fMOST,CP,cells,1,SEU-Allen Joint Center,Hanchuan Peng,,zeng_fmost,BIL,/bil/data/biccn/zeng/luo/fmost/mouseID_373367-18454,,,108,Female,,https://download.neuroxiv.org/SEU-A1876/SEU-ALLEN_full_18454_00022_CCFv3.swc,https://neuroxiv.org/?id=SEU-ALLEN_full_18454_00022_CCFv3,4200.98,4017.88,7504.83
18454_00024,18454,mouse,NCBI:txid10090,Tnnt1-IRES2-CreERT2;Ai82;Ai140,cell morphology,fMOST,CP,cells,1,SEU-Allen Joint Center,Hanchuan Peng,,zeng_fmost,BIL,/bil/data/biccn/zeng/luo/fmost/mouseID_373367-18454,,,108,Female,,https://download.neuroxiv.org/SEU-A1876/SEU-ALLEN_full_18454_00024_CCFv3.swc,https://neuroxiv.org/?id=SEU-ALLEN_full_18454_00024_CCFv3,5716.25,2864.7,7709.25
18454_00027,18454,mouse,NCBI:txid10090,Tnnt1-IRES2-CreERT2;Ai82;Ai140,cell morphology,fMOST,CP,cells,1,SEU-Allen Joint Center,Hanchuan Peng,,zeng_fmost,BIL,/bil/data/biccn/zeng/luo/fmost/mouseID_373367-18454,,,108,Female,,https://download.neuroxiv.org/SEU-A1876/SEU-ALLEN_full_18454_00027_CCFv3.swc,https://neuroxiv.org/?id=SEU-ALLEN_full_18454_00027_CCFv3,5237.67,3504.25,7656.27
18454_00028,18454,mouse,NCBI:txid10090,Tnnt1-IRES2-CreERT2;Ai82;Ai140,cell morphology,fMOST,CP,cells,1,SEU-Allen Joint Center,Hanchuan Peng,,zeng_fmost,BIL,/bil/data/biccn/zeng/luo/fmost/mouseID_373367-18454,,,108,Female,,https://download.neuroxiv.org/SEU-A1876/SEU-ALLEN_full_18454_00028_CCFv3.swc,https://neuroxiv.org/?id=SEU-ALLEN_full_18454_00028_CCFv3,3268.32,3952.7,7084.73
18454_00029,18454,mouse,NCBI:txid10090,Tnnt1-IRES2-CreERT2;Ai82;Ai140,cell morphology,fMOST,CP,cells,1,SEU-Allen Joint Center,Hanchuan Peng,,zeng_fmost,BIL,/bil/data/biccn/zeng/luo/fmost/mouseID_373367-18454,,,108,Female,,https://download.neuroxiv.org/SEU-A1876/SEU-ALLEN_full_18454_00029_CCFv3.swc,https://neuroxiv.org/?id=SEU-ALLEN_full_18454_00029_CCFv3,3839.45,4026.68,8317.45
18454_00039,18454,mouse,NCBI:txid10090,Tnnt1-IRES2-CreERT2;Ai82;Ai140,cell morphology,fMOST,CP,cells,1,SEU-Allen Joint Center,Hanchuan Peng,,zeng_fmost,BIL,/bil/data/biccn/zeng/luo/fmost/mouseID_373367-18454,,,108,Female,,https://download.neuroxiv.org/SEU-A1876/SEU-ALLEN_full_18454_00039_CCFv3.swc,https://neuroxiv.org/?id=SEU-ALLEN_full_18454_00039_CCFv3,4408.1,4296,7902.23
18454_00046,18454,mouse,NCBI:txid10090,Tnnt1-IRES2-CreERT2;Ai82;Ai140,cell morphology,fMOST,VPM,cells,1,SEU-Allen Joint Center,Hanchuan Peng,,zeng_fmost,BIL,/bil/data/biccn/zeng/luo/fmost/mouseID_373367-18454,,,108,Female,,https://download.neuroxiv.org/SEU-A1876/SEU-ALLEN_full_18454_00046_CCFv3.swc,https://neuroxiv.org/?id=SEU-ALLEN_full_18454_00046_CCFv3,6602.88,3900.65,7483.35
18454_00048,18454,mouse,NCBI:txid10090,Tnnt1-IRES2-CreERT2;Ai82;Ai140,cell morphology,fMOST,VPM,cells,1,SEU-Allen Joint Center,Hanchuan Peng,,zeng_fmost,BIL,/bil/data/biccn/zeng/luo/fmost/mouseID_373367-18454,,,108,Female,,https://download.neuroxiv.org/SEU-A1876/SEU-ALLEN_full_18454_00048_CCFv3.swc,https://neuroxiv.org/?id=SEU-ALLEN_full_18454_00048_CCFv3,6655.83,4112.05,7073.62
18454_00049,18454,mouse,NCBI:txid10090,Tnnt1-IRES2-CreERT2;Ai82;Ai140,cell morphology,fMOST,CP,cells,1,SEU-Allen Joint Center,Hanchuan Peng,,zeng_fmost,BIL,/bil/data/biccn/zeng/luo/fmost/mouseID_373367-18454,,,108,Female,,https://download.neuroxiv.org/SEU-A1876/SEU-ALLEN_full_18454_00049_CCFv3.swc,https://neuroxiv.org/?id=SEU-ALLEN_full_18454_00049_CCFv3,3547.68,4527.7,6990.88
18454_00050,18454,mouse,NCBI:txid10090,Tnnt1-IRES2-CreERT2;Ai82;Ai140,cell morphology,fMOST,MD,cells,1,SEU-Allen Joint Center,Hanchuan Peng,,zeng_fmost,BIL,/bil/data/biccn/zeng/luo/fmost/mouseID_373367-18454,,,108,Female,,https://download.neuroxiv.org/SEU-A1876/SEU-ALLEN_full_18454_00050_CCFv3.swc,https://neuroxiv.org/?id=SEU-ALLEN_full_18454_00050_CCFv3,6002.17,4274.83,5706.77
18454_00051,18454,mouse,NCBI:txid10090,Tnnt1-IRES2-CreERT2;Ai82;Ai140,cell morphology,fMOST,VAL,cells,1,SEU-Allen Joint Center,Hanchuan Peng,,zeng_fmost,BIL,/bil/data/biccn/zeng/luo/fmost/mouseID_373367-18454,,,108,Female,,https://download.neuroxiv.org/SEU-A1876/SEU-ALLEN_full_18454_00051_CCFv3.swc,https://neuroxiv.org/?id=SEU-ALLEN_full_18454_00051_CCFv3,6533.62,4345.6,6859.15
18454_00052,18454,mouse,NCBI:txid10090,Tnnt1-IRES2-CreERT2;Ai82;Ai140,cell morphology,fMOST,VPM,cells,1,SEU-Allen Joint Center,Hanchuan Peng,,zeng_fmost,BIL,/bil/data/biccn/zeng/luo/fmost/mouseID_373367-18454,,,108,Female,,https://download.neuroxiv.org/SEU-A1876/SEU-ALLEN_full_18454_00052_CCFv3.swc,https://neuroxiv.org/?id=SEU-ALLEN_full_18454_00052_CCFv3,6755.77,4312.75,6952.1
18454_00053,18454,mouse,NCBI:txid10090,Tnnt1-IRES2-CreERT2;Ai82;Ai140,cell morphology,fMOST,MD,cells,1,SEU-Allen Joint Center,Hanchuan Peng,,zeng_fmost,BIL,/bil/data/biccn/zeng/luo/fmost/mouseID_373367-18454,,,108,Female,,https://download.neuroxiv.org/SEU-A1876/SEU-ALLEN_full_18454_00053_CCFv3.swc,https://neuroxiv.org/?id=SEU-ALLEN_full_18454_00053_CCFv3,6021.92,4261.65,5808.17
18454_00054,18454,mouse,NCBI:txid10090,Tnnt1-IRES2-CreERT2;Ai82;Ai140,cell morphology,fMOST,SMT,cells,1,SEU-Allen Joint Center,Hanchuan Peng,,zeng_fmost,BIL,/bil/data/biccn/zeng/luo/fmost/mouseID_373367-18454,,,108,Female,,https://download.neuroxiv.org/SEU-A1876/SEU-ALLEN_full_18454_00054_CCFv3.swc,https://neuroxiv.org/?id=SEU-ALLEN_full_18454_00054_CCFv3,6591.58,4786.38,6141.85
18454_00055,18454,mouse,NCBI:txid10090,Tnnt1-IRES2-CreERT2;Ai82;Ai140,cell morphology,fMOST,RE,cells,1,SEU-Allen Joint Center,Hanchuan Peng,,zeng_fmost,BIL,/bil/data/biccn/zeng/luo/fmost/mouseID_373367-18454,,,108,Female,,https://download.neuroxiv.org/SEU-A1876/SEU-ALLEN_full_18454_00055_CCFv3.swc,https://neuroxiv.org/?id=SEU-ALLEN_full_18454_00055_CCFv3,6266.92,4886.17,5919.6
18454_00056,18454,mouse,NCBI:txid10090,Tnnt1-IRES2-CreERT2;Ai82;Ai140,cell morphology,fMOST,RE,cells,1,SEU-Allen Joint Center,Hanchuan Peng,,zeng_fmost,BIL,/bil/data/biccn/zeng/luo/fmost/mouseID_373367-18454,,,108,Female,,https://download.neuroxiv.org/SEU-A1876/SEU-ALLEN_full_18454_00056_CCFv3.swc,https://neuroxiv.org/?id=SEU-ALLEN_full_18454_00056_CCFv3,6234.2,4775.1,5813.75
18454_00057,18454,mouse,NCBI:txid10090,Tnnt1-IRES2-CreERT2;Ai82;Ai140,cell morphology,fMOST,RE,cells,1,SEU-Allen Joint Center,Hanchuan Peng,,zeng_fmost,BIL,/bil/data/biccn/zeng/luo/fmost/mouseID_373367-18454,,,108,Female,,https://download.neuroxiv.org/SEU-A1876/SEU-ALLEN_full_18454_00057_CCFv3.swc,https://neuroxiv.org/?id=SEU-ALLEN_full_18454_00057_CCFv3,6483.52,4745.45,5772.8
18454_00058,18454,mouse,NCBI:txid10090,Tnnt1-IRES2-CreERT2;Ai82;Ai140,cell morphology,fMOST,RE,cells,1,SEU-Allen Joint Center,Hanchuan Peng,,zeng_fmost,BIL,/bil/data/biccn/zeng/luo/fmost/mouseID_373367-18454,,,108,Female,,https://download.neuroxiv.org/SEU-A1876/SEU-ALLEN_full_18454_00058_CCFv3.swc,https://neuroxiv.org/?id=SEU-ALLEN_full_18454_00058_CCFv3,6474.33,4805.02,5736.67
18454_00059,18454,mouse,NCBI:txid10090,Tnnt1-IRES2-CreERT2;Ai82;Ai140,cell morphology,fMOST,LGd,cells,1,SEU-Allen Joint Center,Hanchuan Peng,,zeng_fmost,BIL,/bil/data/biccn/zeng/luo/fmost/mouseID_373367-18454,,,108,Female,,https://download.neuroxiv.org/SEU-A1876/SEU-ALLEN_full_18454_00059_CCFv3.swc,https://neuroxiv.org/?id=SEU-ALLEN_full_18454_00059_CCFv3,7602.88,3112.95,7927.12
18454_00060,18454,mouse,NCBI:txid10090,Tnnt1-IRES2-CreERT2;Ai82;Ai140,cell morphology,fMOST,VPM,cells,1,SEU-Allen Joint Center,Hanchuan Peng,,zeng_fmost,BIL,/bil/data/biccn/zeng/luo/fmost/mouseID_373367-18454,,,108,Female,,https://download.neuroxiv.org/SEU-A1876/SEU-ALLEN_full_18454_00060_CCFv3.swc,https://neuroxiv.org/?id=SEU-ALLEN_full_18454_00060_CCFv3,6917.23,3372.85,7815.77
18454_00061,18454,mouse,NCBI:txid10090,Tnnt1-IRES2-CreERT2;Ai82;Ai140,cell morphology,fMOST,VPM,cells,1,SEU-Allen Joint Center,Hanchuan Peng,,zeng_fmost,BIL,/bil/data/biccn/zeng/luo/fmost/mouseID_373367-18454,,,108,Female,,https://download.neuroxiv.org/SEU-A1876/SEU-ALLEN_full_18454_00061_CCFv3.swc,https://neuroxiv.org/?id=SEU-ALLEN_full_18454_00061_CCFv3,7000.62,3381.4,7791.6
18454_00062,18454,mouse,NCBI:txid10090,Tnnt1-IRES2-CreERT2;Ai82;Ai140,cell morphology,fMOST,MG,cells,1,SEU-Allen Joint Center,Hanchuan Peng,,zeng_fmost,BIL,/bil/data/biccn/zeng/luo/fmost/mouseID_373367-18454,,,108,Female,,https://download.neuroxiv.org/SEU-A1876/SEU-ALLEN_full_18454_00062_CCFv3.swc,https://neuroxiv.org/?id=SEU-ALLEN_full_18454_00062_CCFv3,7798.08,3682.62,7849.7
18454_00063,18454,mouse,NCBI:txid10090,Tnnt1-IRES2-CreERT2;Ai82;Ai140,cell morphology,fMOST,MG,cells,1,SEU-Allen Joint Center,Hanchuan Peng,,zeng_fmost,BIL,/bil/data/biccn/zeng/luo/fmost/mouseID_373367-18454,,,108,Female,,https://download.neuroxiv.org/SEU-A1876/SEU-ALLEN_full_18454_00063_CCFv3.swc,https://neuroxiv.org/?id=SEU-ALLEN_full_18454_00063_CCFv3,8229.12,3550.23,7845.12
18454_00064,18454,mouse,NCBI:txid10090,Tnnt1-IRES2-CreERT2;Ai82;Ai140,cell morphology,fMOST,VPM,cells,1,SEU-Allen Joint Center,Hanchuan Peng,,zeng_fmost,BIL,/bil/data/biccn/zeng/luo/fmost/mouseID_373367-18454,,,108,Female,,https://download.neuroxiv.org/SEU-A1876/SEU-ALLEN_full_18454_00064_CCFv3.swc,https://neuroxiv.org/?id=SEU-ALLEN_full_18454_00064_CCFv3,6838.73,3554.12,7583.77
18454_00065,18454,mouse,NCBI:txid10090,Tnnt1-IRES2-CreERT2;Ai82;Ai140,cell morphology,fMOST,PO,cells,1,SEU-Allen Joint Center,Hanchuan Peng,,zeng_fmost,BIL,/bil/data/biccn/zeng/luo/fmost/mouseID_373367-18454,,,108,Female,,https://download.neuroxiv.org/SEU-A1876/SEU-ALLEN_full_18454_00065_CCFv3.swc,https://neuroxiv.org/?id=SEU-ALLEN_full_18454_00065_CCFv3,6678.08,3650.12,7201.5
18454_00066,18454,mouse,NCBI:txid10090,Tnnt1-IRES2-CreERT2;Ai82;Ai140,cell morphology,fMOST,VPM,cells,1,SEU-Allen Joint Center,Hanchuan Peng,,zeng_fmost,BIL,/bil/data/biccn/zeng/luo/fmost/mouseID_373367-18454,,,108,Female,,https://download.neuroxiv.org/SEU-A1876/SEU-ALLEN_full_18454_00066_CCFv3.swc,https://neuroxiv.org/?id=SEU-ALLEN_full_18454_00066_CCFv3,6795.33,3944.15,7334.1
18454_00067,18454,mouse,NCBI:txid10090,Tnnt1-IRES2-CreERT2;Ai82;Ai140,cell morphology,fMOST,VPM,cells,1,SEU-Allen Joint Center,Hanchuan Peng,,zeng_fmost,BIL,/bil/data/biccn/zeng/luo/fmost/mouseID_373367-18454,,,108,Female,,https://download.neuroxiv.org/SEU-A1876/SEU-ALLEN_full_18454_00067_CCFv3.swc,https://neuroxiv.org/?id=SEU-ALLEN_full_18454_00067_CCFv3,7495.38,3634.2,7678.83
18454_00068,18454,mouse,NCBI:txid10090,Tnnt1-IRES2-CreERT2;Ai82;Ai140,cell morphology,fMOST,VPL,cells,1,SEU-Allen Joint Center,Hanchuan Peng,,zeng_fmost,BIL,/bil/data/biccn/zeng/luo/fmost/mouseID_373367-18454,,,108,Female,,https://download.neuroxiv.org/SEU-A1876/SEU-ALLEN_full_18454_00068_CCFv3.swc,https://neuroxiv.org/?id=SEU-ALLEN_full_18454_00068_CCFv3,6821.15,4256.42,7874.5
18454_00069,18454,mouse,NCBI:txid10090,Tnnt1-IRES2-CreERT2;Ai82;Ai140,cell morphology,fMOST,MG,cells,1,SEU-Allen Joint Center,Hanchuan Peng,,zeng_fmost,BIL,/bil/data/biccn/zeng/luo/fmost/mouseID_373367-18454,,,108,Female,,https://download.neuroxiv.org/SEU-A1876/SEU-ALLEN_full_18454_00069_CCFv3.swc,https://neuroxiv.org/?id=SEU-ALLEN_full_18454_00069_CCFv3,8368.9,3835.3,7994.67
18454_00070,18454,mouse,NCBI:txid10090,Tnnt1-IRES2-CreERT2;Ai82;Ai140,cell morphology,fMOST,VPM,cells,1,SEU-Allen Joint Center,Hanchuan Peng,,zeng_fmost,BIL,/bil/data/biccn/zeng/luo/fmost/mouseID_373367-18454,,,108,Female,,https://download.neuroxiv.org/SEU-A1876/SEU-ALLEN_full_18454_00070_CCFv3.swc,https://neuroxiv.org/?id=SEU-ALLEN_full_18454_00070_CCFv3,7194.48,4072.02,7364.3
18454_00071,18454,mouse,NCBI:txid10090,Tnnt1-IRES2-CreERT2;Ai82;Ai140,cell morphology,fMOST,VPM,cells,1,SEU-Allen Joint Center,Hanchuan Peng,,zeng_fmost,BIL,/bil/data/biccn/zeng/luo/fmost/mouseID_373367-18454,,,108,Female,,https://download.neuroxiv.org/SEU-A1876/SEU-ALLEN_full_18454_00071_CCFv3.swc,https://neuroxiv.org/?id=SEU-ALLEN_full_18454_00071_CCFv3,6847.08,4201.7,7185.67
18454_00072,18454,mouse,NCBI:txid10090,Tnnt1-IRES2-CreERT2;Ai82;Ai140,cell morphology,fMOST,VPM,cells,1,SEU-Allen Joint Center,Hanchuan Peng,,zeng_fmost,BIL,/bil/data/biccn/zeng/luo/fmost/mouseID_373367-18454,,,108,Female,,https://download.neuroxiv.org/SEU-A1876/SEU-ALLEN_full_18454_00072_CCFv3.swc,https://neuroxiv.org/?id=SEU-ALLEN_full_18454_00072_CCFv3,7055.35,4106.15,7113.42
18454_00073,18454,mouse,NCBI:txid10090,Tnnt1-IRES2-CreERT2;Ai82;Ai140,cell morphology,fMOST,VPLpc,cells,1,SEU-Allen Joint Center,Hanchuan Peng,,zeng_fmost,BIL,/bil/data/biccn/zeng/luo/fmost/mouseID_373367-18454,,,108,Female,,https://download.neuroxiv.org/SEU-A1876/SEU-ALLEN_full_18454_00073_CCFv3.swc,https://neuroxiv.org/?id=SEU-ALLEN_full_18454_00073_CCFv3,7557.38,4103.65,7352.5
18454_00074,18454,mouse,NCBI:txid10090,Tnnt1-IRES2-CreERT2;Ai82;Ai140,cell morphology,fMOST,MD,cells,1,SEU-Allen Joint Center,Hanchuan Peng,,zeng_fmost,BIL,/bil/data/biccn/zeng/luo/fmost/mouseID_373367-18454,,,108,Female,,https://download.neuroxiv.org/SEU-A1876/SEU-ALLEN_full_18454_00074_CCFv3.swc,https://neuroxiv.org/?id=SEU-ALLEN_full_18454_00074_CCFv3,6782.2,3805.9,5886.2
18454_00075,18454,mouse,NCBI:txid10090,Tnnt1-IRES2-CreERT2;Ai82;Ai140,cell morphology,fMOST,VAL,cells,1,SEU-Allen Joint Center,Hanchuan Peng,,zeng_fmost,BIL,/bil/data/biccn/zeng/luo/fmost/mouseID_373367-18454,,,108,Female,,https://download.neuroxiv.org/SEU-A1876/SEU-ALLEN_full_18454_00075_CCFv3.swc,https://neuroxiv.org/?id=SEU-ALLEN_full_18454_00075_CCFv3,7027.08,4395.02,6667.67
18454_00080,18454,mouse,NCBI:txid10090,Tnnt1-IRES2-CreERT2;Ai82;Ai140,cell morphology,fMOST,CP,cells,1,SEU-Allen Joint Center,Hanchuan Peng,,zeng_fmost,BIL,/bil/data/biccn/zeng/luo/fmost/mouseID_373367-18454,,,108,Female,,https://download.neuroxiv.org/SEU-A1876/SEU-ALLEN_full_18454_00080_CCFv3.swc,https://neuroxiv.org/?id=SEU-ALLEN_full_18454_00080_CCFv3,4511.75,3113,4328.17
18454_00086,18454,mouse,NCBI:txid10090,Tnnt1-IRES2-CreERT2;Ai82;Ai140,cell morphology,fMOST,CP,cells,1,SEU-Allen Joint Center,Hanchuan Peng,,zeng_fmost,BIL,/bil/data/biccn/zeng/luo/fmost/mouseID_373367-18454,,,108,Female,,https://download.neuroxiv.org/SEU-A1876/SEU-ALLEN_full_18454_00086_CCFv3.swc,https://neuroxiv.org/?id=SEU-ALLEN_full_18454_00086_CCFv3,4600.3,3496.38,3659.25
18454_00090,18454,mouse,NCBI:txid10090,Tnnt1-IRES2-CreERT2;Ai82;Ai140,cell morphology,fMOST,CLA,cells,1,SEU-Allen Joint Center,Hanchuan Peng,,zeng_fmost,BIL,/bil/data/biccn/zeng/luo/fmost/mouseID_373367-18454,,,108,Female,,https://download.neuroxiv.org/SEU-A1876/SEU-ALLEN_full_18454_00090_CCFv3.swc,https://neuroxiv.org/?id=SEU-ALLEN_full_18454_00090_CCFv3,3883.27,4302.95,3236.52
18454_00092,18454,mouse,NCBI:txid10090,Tnnt1-IRES2-CreERT2;Ai82;Ai140,cell morphology,fMOST,CP,cells,1,SEU-Allen Joint Center,Hanchuan Peng,,zeng_fmost,BIL,/bil/data/biccn/zeng/luo/fmost/mouseID_373367-18454,,,108,Female,,https://download.neuroxiv.org/SEU-A1876/SEU-ALLEN_full_18454_00092_CCFv3.swc,https://neuroxiv.org/?id=SEU-ALLEN_full_18454_00092_CCFv3,5025.65,3403.32,3754
18454_00093,18454,mouse,NCBI:txid10090,Tnnt1-IRES2-CreERT2;Ai82;Ai140,cell morphology,fMOST,CP,cells,1,SEU-Allen Joint Center,Hanchuan Peng,,zeng_fmost,BIL,/bil/data/biccn/zeng/luo/fmost/mouseID_373367-18454,,,108,Female,,https://download.neuroxiv.org/SEU-A1876/SEU-ALLEN_full_18454_00093_CCFv3.swc,https://neuroxiv.org/?id=SEU-ALLEN_full_18454_00093_CCFv3,5373.85,3442.48,3253.88
18454_00095,18454,mouse,NCBI:txid10090,Tnnt1-IRES2-CreERT2;Ai82;Ai140,cell morphology,fMOST,CM,cells,1,SEU-Allen Joint Center,Hanchuan Peng,,zeng_fmost,BIL,/bil/data/biccn/zeng/luo/fmost/mouseID_373367-18454,,,108,Female,,https://download.neuroxiv.org/SEU-A1876/SEU-ALLEN_full_18454_00095_CCFv3.swc,https://neuroxiv.org/?id=SEU-ALLEN_full_18454_00095_CCFv3,6042.23,4267.35,5491.45
18454_00096,18454,mouse,NCBI:txid10090,Tnnt1-IRES2-CreERT2;Ai82;Ai140,cell morphology,fMOST,MD,cells,1,SEU-Allen Joint Center,Hanchuan Peng,,zeng_fmost,BIL,/bil/data/biccn/zeng/luo/fmost/mouseID_373367-18454,,,108,Female,,https://download.neuroxiv.org/SEU-A1876/SEU-ALLEN_full_18454_00096_CCFv3.swc,https://neuroxiv.org/?id=SEU-ALLEN_full_18454_00096_CCFv3,5954.27,4250.23,5327.27
18454_00097,18454,mouse,NCBI:txid10090,Tnnt1-IRES2-CreERT2;Ai82;Ai140,cell morphology,fMOST,CM,cells,1,SEU-Allen Joint Center,Hanchuan Peng,,zeng_fmost,BIL,/bil/data/biccn/zeng/luo/fmost/mouseID_373367-18454,,,108,Female,,https://download.neuroxiv.org/SEU-A1876/SEU-ALLEN_full_18454_00097_CCFv3.swc,https://neuroxiv.org/?id=SEU-ALLEN_full_18454_00097_CCFv3,6119.23,4177.9,5344.73
18454_00098,18454,mouse,NCBI:txid10090,Tnnt1-IRES2-CreERT2;Ai82;Ai140,cell morphology,fMOST,IAD,cells,1,SEU-Allen Joint Center,Hanchuan Peng,,zeng_fmost,BIL,/bil/data/biccn/zeng/luo/fmost/mouseID_373367-18454,,,108,Female,,https://download.neuroxiv.org/SEU-A1876/SEU-ALLEN_full_18454_00098_CCFv3.swc,https://neuroxiv.org/?id=SEU-ALLEN_full_18454_00098_CCFv3,6023.55,4165.08,5182.65
18454_00099,18454,mouse,NCBI:txid10090,Tnnt1-IRES2-CreERT2;Ai82;Ai140,cell morphology,fMOST,AM,cells,1,SEU-Allen Joint Center,Hanchuan Peng,,zeng_fmost,BIL,/bil/data/biccn/zeng/luo/fmost/mouseID_373367-18454,,,108,Female,,https://download.neuroxiv.org/SEU-A1876/SEU-ALLEN_full_18454_00099_CCFv3.swc,https://neuroxiv.org/?id=SEU-ALLEN_full_18454_00099_CCFv3,6277.85,4666.3,5182.6
18454_00100,18454,mouse,NCBI:txid10090,Tnnt1-IRES2-CreERT2;Ai82;Ai140,cell morphology,fMOST,SMT,cells,1,SEU-Allen Joint Center,Hanchuan Peng,,zeng_fmost,BIL,/bil/data/biccn/zeng/luo/fmost/mouseID_373367-18454,,,108,Female,,https://download.neuroxiv.org/SEU-A1876/SEU-ALLEN_full_18454_00100_CCFv3.swc,https://neuroxiv.org/?id=SEU-ALLEN_full_18454_00100_CCFv3,6413.55,4661.1,5154.8
18454_00101,18454,mouse,NCBI:txid10090,Tnnt1-IRES2-CreERT2;Ai82;Ai140,cell morphology,fMOST,SMT,cells,1,SEU-Allen Joint Center,Hanchuan Peng,,zeng_fmost,BIL,/bil/data/biccn/zeng/luo/fmost/mouseID_373367-18454,,,108,Female,,https://download.neuroxiv.org/SEU-A1876/SEU-ALLEN_full_18454_00101_CCFv3.swc,https://neuroxiv.org/?id=SEU-ALLEN_full_18454_00101_CCFv3,6384.83,4685.38,5135.2
18454_00105,18454,mouse,NCBI:txid10090,Tnnt1-IRES2-CreERT2;Ai82;Ai140,cell morphology,fMOST,VPM,cells,1,SEU-Allen Joint Center,Hanchuan Peng,,zeng_fmost,BIL,/bil/data/biccn/zeng/luo/fmost/mouseID_373367-18454,,,108,Female,,https://download.neuroxiv.org/SEU-A1876/SEU-ALLEN_full_18454_00105_CCFv3.swc,https://neuroxiv.org/?id=SEU-ALLEN_full_18454_00105_CCFv3,6636.15,4242.58,3922.7
18454_00106,18454,mouse,NCBI:txid10090,Tnnt1-IRES2-CreERT2;Ai82;Ai140,cell morphology,fMOST,VPM,cells,1,SEU-Allen Joint Center,Hanchuan Peng,,zeng_fmost,BIL,/bil/data/biccn/zeng/luo/fmost/mouseID_373367-18454,,,108,Female,,https://download.neuroxiv.org/SEU-A1876/SEU-ALLEN_full_18454_00106_CCFv3.swc,https://neuroxiv.org/?id=SEU-ALLEN_full_18454_00106_CCFv3,6567.73,4526.35,4000.45
18454_00107,18454,mouse,NCBI:txid10090,Tnnt1-IRES2-CreERT2;Ai82;Ai140,cell morphology,fMOST,VPM,cells,1,SEU-Allen Joint Center,Hanchuan Peng,,zeng_fmost,BIL,/bil/data/biccn/zeng/luo/fmost/mouseID_373367-18454,,,108,Female,,https://download.neuroxiv.org/SEU-A1876/SEU-ALLEN_full_18454_00107_CCFv3.swc,https://neuroxiv.org/?id=SEU-ALLEN_full_18454_00107_CCFv3,6591.6,4644.25,4090.05
18454_00109,18454,mouse,NCBI:txid10090,Tnnt1-IRES2-CreERT2;Ai82;Ai140,cell morphology,fMOST,VPL,cells,1,SEU-Allen Joint Center,Hanchuan Peng,,zeng_fmost,BIL,/bil/data/biccn/zeng/luo/fmost/mouseID_373367-18454,,,108,Female,,https://download.neuroxiv.org/SEU-A1876/SEU-ALLEN_full_18454_00109_CCFv3.swc,https://neuroxiv.org/?id=SEU-ALLEN_full_18454_00109_CCFv3,6653.52,4495.27,3701.62
18454_00111,18454,mouse,NCBI:txid10090,Tnnt1-IRES2-CreERT2;Ai82;Ai140,cell morphology,fMOST,CP,cells,1,SEU-Allen Joint Center,Hanchuan Peng,,zeng_fmost,BIL,/bil/data/biccn/zeng/luo/fmost/mouseID_373367-18454,,,108,Female,,https://download.neuroxiv.org/SEU-A1876/SEU-ALLEN_full_18454_00111_CCFv3.swc,https://neuroxiv.org/?id=SEU-ALLEN_full_18454_00111_CCFv3,4366.3,4174.5,2661.02
18454_00126,18454,mouse,NCBI:txid10090,Tnnt1-IRES2-CreERT2;Ai82;Ai140,cell morphology,fMOST,LP,cells,1,SEU-Allen Joint Center,Hanchuan Peng,,zeng_fmost,BIL,/bil/data/biccn/zeng/luo/fmost/mouseID_373367-18454,,,108,Female,,https://download.neuroxiv.org/SEU-A1876/SEU-ALLEN_full_18454_00126_CCFv3.swc,https://neuroxiv.org/?id=SEU-ALLEN_full_18454_00126_CCFv3,7272.23,3280.4,3663.05
18454_00127,18454,mouse,NCBI:txid10090,Tnnt1-IRES2-CreERT2;Ai82;Ai140,cell morphology,fMOST,VPM,cells,1,SEU-Allen Joint Center,Hanchuan Peng,,zeng_fmost,BIL,/bil/data/biccn/zeng/luo/fmost/mouseID_373367-18454,,,108,Female,,https://download.neuroxiv.org/SEU-A1876/SEU-ALLEN_full_18454_00127_CCFv3.swc,https://neuroxiv.org/?id=SEU-ALLEN_full_18454_00127_CCFv3,7010.45,3481.93,3752.12
18454_00128,18454,mouse,NCBI:txid10090,Tnnt1-IRES2-CreERT2;Ai82;Ai140,cell morphology,fMOST,LD,cells,1,SEU-Allen Joint Center,Hanchuan Peng,,zeng_fmost,BIL,/bil/data/biccn/zeng/luo/fmost/mouseID_373367-18454,,,108,Female,,https://download.neuroxiv.org/SEU-A1876/SEU-ALLEN_full_18454_00128_CCFv3.swc,https://neuroxiv.org/?id=SEU-ALLEN_full_18454_00128_CCFv3,7001.4,3438.3,3576.48
18454_00129,18454,mouse,NCBI:txid10090,Tnnt1-IRES2-CreERT2;Ai82;Ai140,cell morphology,fMOST,VPM,cells,1,SEU-Allen Joint Center,Hanchuan Peng,,zeng_fmost,BIL,/bil/data/biccn/zeng/luo/fmost/mouseID_373367-18454,,,108,Female,,https://download.neuroxiv.org/SEU-A1876/SEU-ALLEN_full_18454_00129_CCFv3.swc,https://neuroxiv.org/?id=SEU-ALLEN_full_18454_00129_CCFv3,7370.5,3390.43,3317.38
18454_00130,18454,mouse,NCBI:txid10090,Tnnt1-IRES2-CreERT2;Ai82;Ai140,cell morphology,fMOST,MD,cells,1,SEU-Allen Joint Center,Hanchuan Peng,,zeng_fmost,BIL,/bil/data/biccn/zeng/luo/fmost/mouseID_373367-18454,,,108,Female,,https://download.neuroxiv.org/SEU-A1876/SEU-ALLEN_full_18454_00130_CCFv3.swc,https://neuroxiv.org/?id=SEU-ALLEN_full_18454_00130_CCFv3,6675.8,3843.85,5266.7
18454_00131,18454,mouse,NCBI:txid10090,Tnnt1-IRES2-CreERT2;Ai82;Ai140,cell morphology,fMOST,VPM,cells,1,SEU-Allen Joint Center,Hanchuan Peng,,zeng_fmost,BIL,/bil/data/biccn/zeng/luo/fmost/mouseID_373367-18454,,,108,Female,,https://download.neuroxiv.org/SEU-A1876/SEU-ALLEN_full_18454_00131_CCFv3.swc,https://neuroxiv.org/?id=SEU-ALLEN_full_18454_00131_CCFv3,7037.8,4624.62,4539.67
18454_00132,18454,mouse,NCBI:txid10090,Tnnt1-IRES2-CreERT2;Ai82;Ai140,cell morphology,fMOST,VPMpc,cells,1,SEU-Allen Joint Center,Hanchuan Peng,,zeng_fmost,BIL,/bil/data/biccn/zeng/luo/fmost/mouseID_373367-18454,,,108,Female,,https://download.neuroxiv.org/SEU-A1876/SEU-ALLEN_full_18454_00132_CCFv3.swc,https://neuroxiv.org/?id=SEU-ALLEN_full_18454_00132_CCFv3,7324.23,4578.38,4462.67
18454_00133,18454,mouse,NCBI:txid10090,Tnnt1-IRES2-CreERT2;Ai82;Ai140,cell morphology,fMOST,VPM,cells,1,SEU-Allen Joint Center,Hanchuan Peng,,zeng_fmost,BIL,/bil/data/biccn/zeng/luo/fmost/mouseID_373367-18454,,,108,Female,,https://download.neuroxiv.org/SEU-A1876/SEU-ALLEN_full_18454_00133_CCFv3.swc,https://neuroxiv.org/?id=SEU-ALLEN_full_18454_00133_CCFv3,6869.48,3809.32,3822.5
18454_00134,18454,mouse,NCBI:txid10090,Tnnt1-IRES2-CreERT2;Ai82;Ai140,cell morphology,fMOST,VPM,cells,1,SEU-Allen Joint Center,Hanchuan Peng,,zeng_fmost,BIL,/bil/data/biccn/zeng/luo/fmost/mouseID_373367-18454,,,108,Female,,https://download.neuroxiv.org/SEU-A1876/SEU-ALLEN_full_18454_00134_CCFv3.swc,https://neuroxiv.org/?id=SEU-ALLEN_full_18454_00134_CCFv3,6952.2,3989.7,3688.18
18454_00135,18454,mouse,NCBI:txid10090,Tnnt1-IRES2-CreERT2;Ai82;Ai140,cell morphology,fMOST,VPM,cells,1,SEU-Allen Joint Center,Hanchuan Peng,,zeng_fmost,BIL,/bil/data/biccn/zeng/luo/fmost/mouseID_373367-18454,,,108,Female,,https://download.neuroxiv.org/SEU-A1876/SEU-ALLEN_full_18454_00135_CCFv3.swc,https://neuroxiv.org/?id=SEU-ALLEN_full_18454_00135_CCFv3,6817.27,4280.75,4075.23
18454_00136,18454,mouse,NCBI:txid10090,Tnnt1-IRES2-CreERT2;Ai82;Ai140,cell morphology,fMOST,VPM,cells,1,SEU-Allen Joint Center,Hanchuan Peng,,zeng_fmost,BIL,/bil/data/biccn/zeng/luo/fmost/mouseID_373367-18454,,,108,Female,,https://download.neuroxiv.org/SEU-A1876/SEU-ALLEN_full_18454_00136_CCFv3.swc,https://neuroxiv.org/?id=SEU-ALLEN_full_18454_00136_CCFv3,7071.62,4269.42,4237.05
18454_00137,18454,mouse,NCBI:txid10090,Tnnt1-IRES2-CreERT2;Ai82;Ai140,cell morphology,fMOST,VPM,cells,1,SEU-Allen Joint Center,Hanchuan Peng,,zeng_fmost,BIL,/bil/data/biccn/zeng/luo/fmost/mouseID_373367-18454,,,108,Female,,https://download.neuroxiv.org/SEU-A1876/SEU-ALLEN_full_18454_00137_CCFv3.swc,https://neuroxiv.org/?id=SEU-ALLEN_full_18454_00137_CCFv3,6786.52,4075.02,3875.4
18454_00138,18454,mouse,NCBI:txid10090,Tnnt1-IRES2-CreERT2;Ai82;Ai140,cell morphology,fMOST,VPM,cells,1,SEU-Allen Joint Center,Hanchuan Peng,,zeng_fmost,BIL,/bil/data/biccn/zeng/luo/fmost/mouseID_373367-18454,,,108,Female,,https://download.neuroxiv.org/SEU-A1876/SEU-ALLEN_full_18454_00138_CCFv3.swc,https://neuroxiv.org/?id=SEU-ALLEN_full_18454_00138_CCFv3,7095.3,4065.18,3890.5
18454_00139,18454,mouse,NCBI:txid10090,Tnnt1-IRES2-CreERT2;Ai82;Ai140,cell morphology,fMOST,VPM,cells,1,SEU-Allen Joint Center,Hanchuan Peng,,zeng_fmost,BIL,/bil/data/biccn/zeng/luo/fmost/mouseID_373367-18454,,,108,Female,,https://download.neuroxiv.org/SEU-A1876/SEU-ALLEN_full_18454_00139_CCFv3.swc,https://neuroxiv.org/?id=SEU-ALLEN_full_18454_00139_CCFv3,7236.38,4027.7,3706.5
18454_00140,18454,mouse,NCBI:txid10090,Tnnt1-IRES2-CreERT2;Ai82;Ai140,cell morphology,fMOST,VPM,cells,1,SEU-Allen Joint Center,Hanchuan Peng,,zeng_fmost,BIL,/bil/data/biccn/zeng/luo/fmost/mouseID_373367-18454,,,108,Female,,https://download.neuroxiv.org/SEU-A1876/SEU-ALLEN_full_18454_00140_CCFv3.swc,https://neuroxiv.org/?id=SEU-ALLEN_full_18454_00140_CCFv3,7047.92,4256.27,3897.82
18454_00141,18454,mouse,NCBI:txid10090,Tnnt1-IRES2-CreERT2;Ai82;Ai140,cell morphology,fMOST,VPLpc,cells,1,SEU-Allen Joint Center,Hanchuan Peng,,zeng_fmost,BIL,/bil/data/biccn/zeng/luo/fmost/mouseID_373367-18454,,,108,Female,,https://download.neuroxiv.org/SEU-A1876/SEU-ALLEN_full_18454_00141_CCFv3.swc,https://neuroxiv.org/?id=SEU-ALLEN_full_18454_00141_CCFv3,7358.42,4295.42,3898.93
18454_00142,18454,mouse,NCBI:txid10090,Tnnt1-IRES2-CreERT2;Ai82;Ai140,cell morphology,fMOST,VPLpc,cells,1,SEU-Allen Joint Center,Hanchuan Peng,,zeng_fmost,BIL,/bil/data/biccn/zeng/luo/fmost/mouseID_373367-18454,,,108,Female,,https://download.neuroxiv.org/SEU-A1876/SEU-ALLEN_full_18454_00142_CCFv3.swc,https://neuroxiv.org/?id=SEU-ALLEN_full_18454_00142_CCFv3,7587.62,4091.95,3666.57
18454_00143,18454,mouse,NCBI:txid10090,Tnnt1-IRES2-CreERT2;Ai82;Ai140,cell morphology,fMOST,VPLpc,cells,1,SEU-Allen Joint Center,Hanchuan Peng,,zeng_fmost,BIL,/bil/data/biccn/zeng/luo/fmost/mouseID_373367-18454,,,108,Female,,https://download.neuroxiv.org/SEU-A1876/SEU-ALLEN_full_18454_00143_CCFv3.swc,https://neuroxiv.org/?id=SEU-ALLEN_full_18454_00143_CCFv3,7726.05,4188.17,3835.62
18454_00144,18454,mouse,NCBI:txid10090,Tnnt1-IRES2-CreERT2;Ai82;Ai140,cell morphology,fMOST,VPLpc,cells,1,SEU-Allen Joint Center,Hanchuan Peng,,zeng_fmost,BIL,/bil/data/biccn/zeng/luo/fmost/mouseID_373367-18454,,,108,Female,,https://download.neuroxiv.org/SEU-A1876/SEU-ALLEN_full_18454_00144_CCFv3.swc,https://neuroxiv.org/?id=SEU-ALLEN_full_18454_00144_CCFv3,8033.95,4155.67,3659.25
18454_00145,18454,mouse,NCBI:txid10090,Tnnt1-IRES2-CreERT2;Ai82;Ai140,cell morphology,fMOST,VPM,cells,1,SEU-Allen Joint Center,Hanchuan Peng,,zeng_fmost,BIL,/bil/data/biccn/zeng/luo/fmost/mouseID_373367-18454,,,108,Female,,https://download.neuroxiv.org/SEU-A1876/SEU-ALLEN_full_18454_00145_CCFv3.swc,https://neuroxiv.org/?id=SEU-ALLEN_full_18454_00145_CCFv3,6957.02,4192.05,3534.82
18454_00146,18454,mouse,NCBI:txid10090,Tnnt1-IRES2-CreERT2;Ai82;Ai140,cell morphology,fMOST,VPM,cells,1,SEU-Allen Joint Center,Hanchuan Peng,,zeng_fmost,BIL,/bil/data/biccn/zeng/luo/fmost/mouseID_373367-18454,,,108,Female,,https://download.neuroxiv.org/SEU-A1876/SEU-ALLEN_full_18454_00146_CCFv3.swc,https://neuroxiv.org/?id=SEU-ALLEN_full_18454_00146_CCFv3,7172.08,4256.52,3534.6
18454_00147,18454,mouse,NCBI:txid10090,Tnnt1-IRES2-CreERT2;Ai82;Ai140,cell morphology,fMOST,VPM,cells,1,SEU-Allen Joint Center,Hanchuan Peng,,zeng_fmost,BIL,/bil/data/biccn/zeng/luo/fmost/mouseID_373367-18454,,,108,Female,,https://download.neuroxiv.org/SEU-A1876/SEU-ALLEN_full_18454_00147_CCFv3.swc,https://neuroxiv.org/?id=SEU-ALLEN_full_18454_00147_CCFv3,7399.08,4233.55,3462.07
18454_00148,18454,mouse,NCBI:txid10090,Tnnt1-IRES2-CreERT2;Ai82;Ai140,cell morphology,fMOST,VPL,cells,1,SEU-Allen Joint Center,Hanchuan Peng,,zeng_fmost,BIL,/bil/data/biccn/zeng/luo/fmost/mouseID_373367-18454,,,108,Female,,https://download.neuroxiv.org/SEU-A1876/SEU-ALLEN_full_18454_00148_CCFv3.swc,https://neuroxiv.org/?id=SEU-ALLEN_full_18454_00148_CCFv3,6786.55,4357.77,3404.43
18454_00149,18454,mouse,NCBI:txid10090,Tnnt1-IRES2-CreERT2;Ai82;Ai140,cell morphology,fMOST,MG,cells,1,SEU-Allen Joint Center,Hanchuan Peng,,zeng_fmost,BIL,/bil/data/biccn/zeng/luo/fmost/mouseID_373367-18454,,,108,Female,,https://download.neuroxiv.org/SEU-A1876/SEU-ALLEN_full_18454_00149_CCFv3.swc,https://neuroxiv.org/?id=SEU-ALLEN_full_18454_00149_CCFv3,7926.42,3824.2,3499.2
18454_00150,18454,mouse,NCBI:txid10090,Tnnt1-IRES2-CreERT2;Ai82;Ai140,cell morphology,fMOST,MG,cells,1,SEU-Allen Joint Center,Hanchuan Peng,,zeng_fmost,BIL,/bil/data/biccn/zeng/luo/fmost/mouseID_373367-18454,,,108,Female,,https://download.neuroxiv.org/SEU-A1876/SEU-ALLEN_full_18454_00150_CCFv3.swc,https://neuroxiv.org/?id=SEU-ALLEN_full_18454_00150_CCFv3,8115.35,3775.25,3443.62
18454_00151,18454,mouse,NCBI:txid10090,Tnnt1-IRES2-CreERT2;Ai82;Ai140,cell morphology,fMOST,VPLpc,cells,1,SEU-Allen Joint Center,Hanchuan Peng,,zeng_fmost,BIL,/bil/data/biccn/zeng/luo/fmost/mouseID_373367-18454,,,108,Female,,https://download.neuroxiv.org/SEU-A1876/SEU-ALLEN_full_18454_00151_CCFv3.swc,https://neuroxiv.org/?id=SEU-ALLEN_full_18454_00151_CCFv3,7908.62,4036.8,3596.15
18454_00152,18454,mouse,NCBI:txid10090,Tnnt1-IRES2-CreERT2;Ai82;Ai140,cell morphology,fMOST,VPM,cells,1,SEU-Allen Joint Center,Hanchuan Peng,,zeng_fmost,BIL,/bil/data/biccn/zeng/luo/fmost/mouseID_373367-18454,,,108,Female,,https://download.neuroxiv.org/SEU-A1876/SEU-ALLEN_full_18454_00152_CCFv3.swc,https://neuroxiv.org/?id=SEU-ALLEN_full_18454_00152_CCFv3,8064.48,4109.7,3421.8
18454_00153,18454,mouse,NCBI:txid10090,Tnnt1-IRES2-CreERT2;Ai82;Ai140,cell morphology,fMOST,VPM,cells,1,SEU-Allen Joint Center,Hanchuan Peng,,zeng_fmost,BIL,/bil/data/biccn/zeng/luo/fmost/mouseID_373367-18454,,,108,Female,,https://download.neuroxiv.org/SEU-A1876/SEU-ALLEN_full_18454_00153_CCFv3.swc,https://neuroxiv.org/?id=SEU-ALLEN_full_18454_00153_CCFv3,7022.27,4354.45,4148.77
18454_00154,18454,mouse,NCBI:txid10090,Tnnt1-IRES2-CreERT2;Ai82;Ai140,cell morphology,fMOST,VPM,cells,1,SEU-Allen Joint Center,Hanchuan Peng,,zeng_fmost,BIL,/bil/data/biccn/zeng/luo/fmost/mouseID_373367-18454,,,108,Female,,https://download.neuroxiv.org/SEU-A1876/SEU-ALLEN_full_18454_00154_CCFv3.swc,https://neuroxiv.org/?id=SEU-ALLEN_full_18454_00154_CCFv3,6810.85,4554.92,4207.6
18454_00155,18454,mouse,NCBI:txid10090,Tnnt1-IRES2-CreERT2;Ai82;Ai140,cell morphology,fMOST,VPM,cells,1,SEU-Allen Joint Center,Hanchuan Peng,,zeng_fmost,BIL,/bil/data/biccn/zeng/luo/fmost/mouseID_373367-18454,,,108,Female,,https://download.neuroxiv.org/SEU-A1876/SEU-ALLEN_full_18454_00155_CCFv3.swc,https://neuroxiv.org/?id=SEU-ALLEN_full_18454_00155_CCFv3,6934.9,4514.92,4186.75
18454_00156,18454,mouse,NCBI:txid10090,Tnnt1-IRES2-CreERT2;Ai82;Ai140,cell morphology,fMOST,VPLpc,cells,1,SEU-Allen Joint Center,Hanchuan Peng,,zeng_fmost,BIL,/bil/data/biccn/zeng/luo/fmost/mouseID_373367-18454,,,108,Female,,https://download.neuroxiv.org/SEU-A1876/SEU-ALLEN_full_18454_00156_CCFv3.swc,https://neuroxiv.org/?id=SEU-ALLEN_full_18454_00156_CCFv3,7307.4,4462.5,4062.38
18454_00157,18454,mouse,NCBI:txid10090,Tnnt1-IRES2-CreERT2;Ai82;Ai140,cell morphology,fMOST,VPM,cells,1,SEU-Allen Joint Center,Hanchuan Peng,,zeng_fmost,BIL,/bil/data/biccn/zeng/luo/fmost/mouseID_373367-18454,,,108,Female,,https://download.neuroxiv.org/SEU-A1876/SEU-ALLEN_full_18454_00157_CCFv3.swc,https://neuroxiv.org/?id=SEU-ALLEN_full_18454_00157_CCFv3,7029.42,4458,3795.27
18454_00158,18454,mouse,NCBI:txid10090,Tnnt1-IRES2-CreERT2;Ai82;Ai140,cell morphology,fMOST,VPM,cells,1,SEU-Allen Joint Center,Hanchuan Peng,,zeng_fmost,BIL,/bil/data/biccn/zeng/luo/fmost/mouseID_373367-18454,,,108,Female,,https://download.neuroxiv.org/SEU-A1876/SEU-ALLEN_full_18454_00158_CCFv3.swc,https://neuroxiv.org/?id=SEU-ALLEN_full_18454_00158_CCFv3,6770.5,4570.2,3954.73
18454_00159,18454,mouse,NCBI:txid10090,Tnnt1-IRES2-CreERT2;Ai82;Ai140,cell morphology,fMOST,VPM,cells,1,SEU-Allen Joint Center,Hanchuan Peng,,zeng_fmost,BIL,/bil/data/biccn/zeng/luo/fmost/mouseID_373367-18454,,,108,Female,,https://download.neuroxiv.org/SEU-A1876/SEU-ALLEN_full_18454_00159_CCFv3.swc,https://neuroxiv.org/?id=SEU-ALLEN_full_18454_00159_CCFv3,7107.02,4654.85,3788.23
18454_00160,18454,mouse,NCBI:txid10090,Tnnt1-IRES2-CreERT2;Ai82;Ai140,cell morphology,fMOST,VPM,cells,1,SEU-Allen Joint Center,Hanchuan Peng,,zeng_fmost,BIL,/bil/data/biccn/zeng/luo/fmost/mouseID_373367-18454,,,108,Female,,https://download.neuroxiv.org/SEU-A1876/SEU-ALLEN_full_18454_00160_CCFv3.swc,https://neuroxiv.org/?id=SEU-ALLEN_full_18454_00160_CCFv3,7055,4858.62,4316
18454_00161,18454,mouse,NCBI:txid10090,Tnnt1-IRES2-CreERT2;Ai82;Ai140,cell morphology,fMOST,VPM,cells,1,SEU-Allen Joint Center,Hanchuan Peng,,zeng_fmost,BIL,/bil/data/biccn/zeng/luo/fmost/mouseID_373367-18454,,,108,Female,,https://download.neuroxiv.org/SEU-A1876/SEU-ALLEN_full_18454_00161_CCFv3.swc,https://neuroxiv.org/?id=SEU-ALLEN_full_18454_00161_CCFv3,7104.12,4791.3,4392.23
18454_00162,18454,mouse,NCBI:txid10090,Tnnt1-IRES2-CreERT2;Ai82;Ai140,cell morphology,fMOST,VPM,cells,1,SEU-Allen Joint Center,Hanchuan Peng,,zeng_fmost,BIL,/bil/data/biccn/zeng/luo/fmost/mouseID_373367-18454,,,108,Female,,https://download.neuroxiv.org/SEU-A1876/SEU-ALLEN_full_18454_00162_CCFv3.swc,https://neuroxiv.org/?id=SEU-ALLEN_full_18454_00162_CCFv3,6858.17,4436.25,3704.52
18454_00163,18454,mouse,NCBI:txid10090,Tnnt1-IRES2-CreERT2;Ai82;Ai140,cell morphology,fMOST,VPL,cells,1,SEU-Allen Joint Center,Hanchuan Peng,,zeng_fmost,BIL,/bil/data/biccn/zeng/luo/fmost/mouseID_373367-18454,,,108,Female,,https://download.neuroxiv.org/SEU-A1876/SEU-ALLEN_full_18454_00163_CCFv3.swc,https://neuroxiv.org/?id=SEU-ALLEN_full_18454_00163_CCFv3,6734.27,4459.23,3561.85
18454_00164,18454,mouse,NCBI:txid10090,Tnnt1-IRES2-CreERT2;Ai82;Ai140,cell morphology,fMOST,VPM,cells,1,SEU-Allen Joint Center,Hanchuan Peng,,zeng_fmost,BIL,/bil/data/biccn/zeng/luo/fmost/mouseID_373367-18454,,,108,Female,,https://download.neuroxiv.org/SEU-A1876/SEU-ALLEN_full_18454_00164_CCFv3.swc,https://neuroxiv.org/?id=SEU-ALLEN_full_18454_00164_CCFv3,7038.12,4528.88,3746.5
18454_00165,18454,mouse,NCBI:txid10090,Tnnt1-IRES2-CreERT2;Ai82;Ai140,cell morphology,fMOST,VPM,cells,1,SEU-Allen Joint Center,Hanchuan Peng,,zeng_fmost,BIL,/bil/data/biccn/zeng/luo/fmost/mouseID_373367-18454,,,108,Female,,https://download.neuroxiv.org/SEU-A1876/SEU-ALLEN_full_18454_00165_CCFv3.swc,https://neuroxiv.org/?id=SEU-ALLEN_full_18454_00165_CCFv3,7089.55,4332.25,3713.07
18454_00166,18454,mouse,NCBI:txid10090,Tnnt1-IRES2-CreERT2;Ai82;Ai140,cell morphology,fMOST,VPL,cells,1,SEU-Allen Joint Center,Hanchuan Peng,,zeng_fmost,BIL,/bil/data/biccn/zeng/luo/fmost/mouseID_373367-18454,,,108,Female,,https://download.neuroxiv.org/SEU-A1876/SEU-ALLEN_full_18454_00166_CCFv3.swc,https://neuroxiv.org/?id=SEU-ALLEN_full_18454_00166_CCFv3,6752.45,4747.9,3720.15
18454_00167,18454,mouse,NCBI:txid10090,Tnnt1-IRES2-CreERT2;Ai82;Ai140,cell morphology,fMOST,VPL,cells,1,SEU-Allen Joint Center,Hanchuan Peng,,zeng_fmost,BIL,/bil/data/biccn/zeng/luo/fmost/mouseID_373367-18454,,,108,Female,,https://download.neuroxiv.org/SEU-A1876/SEU-ALLEN_full_18454_00167_CCFv3.swc,https://neuroxiv.org/?id=SEU-ALLEN_full_18454_00167_CCFv3,6861.48,4743.85,3594.35
18454_00168,18454,mouse,NCBI:txid10090,Tnnt1-IRES2-CreERT2;Ai82;Ai140,cell morphology,fMOST,VPL,cells,1,SEU-Allen Joint Center,Hanchuan Peng,,zeng_fmost,BIL,/bil/data/biccn/zeng/luo/fmost/mouseID_373367-18454,,,108,Female,,https://download.neuroxiv.org/SEU-A1876/SEU-ALLEN_full_18454_00168_CCFv3.swc,https://neuroxiv.org/?id=SEU-ALLEN_full_18454_00168_CCFv3,6775.65,4776.67,3643.48
18454_00169,18454,mouse,NCBI:txid10090,Tnnt1-IRES2-CreERT2;Ai82;Ai140,cell morphology,fMOST,VPL,cells,1,SEU-Allen Joint Center,Hanchuan Peng,,zeng_fmost,BIL,/bil/data/biccn/zeng/luo/fmost/mouseID_373367-18454,,,108,Female,,https://download.neuroxiv.org/SEU-A1876/SEU-ALLEN_full_18454_00169_CCFv3.swc,https://neuroxiv.org/?id=SEU-ALLEN_full_18454_00169_CCFv3,6681.8,4934.48,3751.05
18454_00170,18454,mouse,NCBI:txid10090,Tnnt1-IRES2-CreERT2;Ai82;Ai140,cell morphology,fMOST,MG,cells,1,SEU-Allen Joint Center,Hanchuan Peng,,zeng_fmost,BIL,/bil/data/biccn/zeng/luo/fmost/mouseID_373367-18454,,,108,Female,,https://download.neuroxiv.org/SEU-A1876/SEU-ALLEN_full_18454_00170_CCFv3.swc,https://neuroxiv.org/?id=SEU-ALLEN_full_18454_00170_CCFv3,8677.5,3988.12,3154.82
18454_00171,18454,mouse,NCBI:txid10090,Tnnt1-IRES2-CreERT2;Ai82;Ai140,cell morphology,fMOST,MG,cells,1,SEU-Allen Joint Center,Hanchuan Peng,,zeng_fmost,BIL,/bil/data/biccn/zeng/luo/fmost/mouseID_373367-18454,,,108,Female,,https://download.neuroxiv.org/SEU-A1876/SEU-ALLEN_full_18454_00171_CCFv3.swc,https://neuroxiv.org/?id=SEU-ALLEN_full_18454_00171_CCFv3,8432.22,4178.85,3272.18
18454_00174,18454,mouse,NCBI:txid10090,Tnnt1-IRES2-CreERT2;Ai82;Ai140,cell morphology,fMOST,CP,cells,1,SEU-Allen Joint Center,Hanchuan Peng,,zeng_fmost,BIL,/bil/data/biccn/zeng/luo/fmost/mouseID_373367-18454,,,108,Female,,https://download.neuroxiv.org/SEU-A1876/SEU-ALLEN_full_18454_00174_CCFv3.swc,https://neuroxiv.org/?id=SEU-ALLEN_full_18454_00174_CCFv3,4918.48,5324.7,9040.68
18454_00176,18454,mouse,NCBI:txid10090,Tnnt1-IRES2-CreERT2;Ai82;Ai140,cell morphology,fMOST,SMT,cells,1,SEU-Allen Joint Center,Hanchuan Peng,,zeng_fmost,BIL,/bil/data/biccn/zeng/luo/fmost/mouseID_373367-18454,,,108,Female,,https://download.neuroxiv.org/SEU-A1876/SEU-ALLEN_full_18454_00176_CCFv3.swc,https://neuroxiv.org/?id=SEU-ALLEN_full_18454_00176_CCFv3,6530.65,4925.62,6010.08
18454_00177,18454,mouse,NCBI:txid10090,Tnnt1-IRES2-CreERT2;Ai82;Ai140,cell morphology,fMOST,SMT,cells,1,SEU-Allen Joint Center,Hanchuan Peng,,zeng_fmost,BIL,/bil/data/biccn/zeng/luo/fmost/mouseID_373367-18454,,,108,Female,,https://download.neuroxiv.org/SEU-A1876/SEU-ALLEN_full_18454_00177_CCFv3.swc,https://neuroxiv.org/?id=SEU-ALLEN_full_18454_00177_CCFv3,6502.95,4996.92,5949.12
18454_01000,18454,mouse,NCBI:txid10090,Tnnt1-IRES2-CreERT2;Ai82;Ai140,cell morphology,fMOST,VPL,cells,1,SEU-Allen Joint Center,Hanchuan Peng,,zeng_fmost,BIL,/bil/data/biccn/zeng/luo/fmost/mouseID_373367-18454,,,108,Female,,https://download.neuroxiv.org/SEU-A1876/SEU-ALLEN_full_18454_01000_CCFv3.swc,https://neuroxiv.org/?id=SEU-ALLEN_full_18454_01000_CCFv3,6607.85,3641.8,7992.23
18454_01001,18454,mouse,NCBI:txid10090,Tnnt1-IRES2-CreERT2;Ai82;Ai140,cell morphology,fMOST,VPM,cells,1,SEU-Allen Joint Center,Hanchuan Peng,,zeng_fmost,BIL,/bil/data/biccn/zeng/luo/fmost/mouseID_373367-18454,,,108,Female,,https://download.neuroxiv.org/SEU-A1876/SEU-ALLEN_full_18454_01001_CCFv3.swc,https://neuroxiv.org/?id=SEU-ALLEN_full_18454_01001_CCFv3,6681.55,3923.5,7703.25
18454_01004,18454,mouse,NCBI:txid10090,Tnnt1-IRES2-CreERT2;Ai82;Ai140,cell morphology,fMOST,VPL,cells,1,SEU-Allen Joint Center,Hanchuan Peng,,zeng_fmost,BIL,/bil/data/biccn/zeng/luo/fmost/mouseID_373367-18454,,,108,Female,,https://download.neuroxiv.org/SEU-A1876/SEU-ALLEN_full_18454_01004_CCFv3.swc,https://neuroxiv.org/?id=SEU-ALLEN_full_18454_01004_CCFv3,6479.6,3824.02,7580.48
18454_01005,18454,mouse,NCBI:txid10090,Tnnt1-IRES2-CreERT2;Ai82;Ai140,cell morphology,fMOST,VPM,cells,1,SEU-Allen Joint Center,Hanchuan Peng,,zeng_fmost,BIL,/bil/data/biccn/zeng/luo/fmost/mouseID_373367-18454,,,108,Female,,https://download.neuroxiv.org/SEU-A1876/SEU-ALLEN_full_18454_01005_CCFv3.swc,https://neuroxiv.org/?id=SEU-ALLEN_full_18454_01005_CCFv3,6616.58,3842.73,7641.75
18454_01006,18454,mouse,NCBI:txid10090,Tnnt1-IRES2-CreERT2;Ai82;Ai140,cell morphology,fMOST,VPL,cells,1,SEU-Allen Joint Center,Hanchuan Peng,,zeng_fmost,BIL,/bil/data/biccn/zeng/luo/fmost/mouseID_373367-18454,,,108,Female,,https://download.neuroxiv.org/SEU-A1876/SEU-ALLEN_full_18454_01006_CCFv3.swc,https://neuroxiv.org/?id=SEU-ALLEN_full_18454_01006_CCFv3,6712.1,4258.77,8021.95
18454_01007,18454,mouse,NCBI:txid10090,Tnnt1-IRES2-CreERT2;Ai82;Ai140,cell morphology,fMOST,VPL,cells,1,SEU-Allen Joint Center,Hanchuan Peng,,zeng_fmost,BIL,/bil/data/biccn/zeng/luo/fmost/mouseID_373367-18454,,,108,Female,,https://download.neuroxiv.org/SEU-A1876/SEU-ALLEN_full_18454_01007_CCFv3.swc,https://neuroxiv.org/?id=SEU-ALLEN_full_18454_01007_CCFv3,6630.33,4384.38,7897.62
18454_01009,18454,mouse,NCBI:txid10090,Tnnt1-IRES2-CreERT2;Ai82;Ai140,cell morphology,fMOST,VPM,cells,1,SEU-Allen Joint Center,Hanchuan Peng,,zeng_fmost,BIL,/bil/data/biccn/zeng/luo/fmost/mouseID_373367-18454,,,108,Female,,https://download.neuroxiv.org/SEU-A1876/SEU-ALLEN_full_18454_01009_CCFv3.swc,https://neuroxiv.org/?id=SEU-ALLEN_full_18454_01009_CCFv3,6679.65,4023.95,7636.85
18454_01010,18454,mouse,NCBI:txid10090,Tnnt1-IRES2-CreERT2;Ai82;Ai140,cell morphology,fMOST,VPM,cells,1,SEU-Allen Joint Center,Hanchuan Peng,,zeng_fmost,BIL,/bil/data/biccn/zeng/luo/fmost/mouseID_373367-18454,,,108,Female,,https://download.neuroxiv.org/SEU-A1876/SEU-ALLEN_full_18454_01010_CCFv3.swc,https://neuroxiv.org/?id=SEU-ALLEN_full_18454_01010_CCFv3,6664.55,3973.23,7552.52
18454_01011,18454,mouse,NCBI:txid10090,Tnnt1-IRES2-CreERT2;Ai82;Ai140,cell morphology,fMOST,VPM,cells,1,SEU-Allen Joint Center,Hanchuan Peng,,zeng_fmost,BIL,/bil/data/biccn/zeng/luo/fmost/mouseID_373367-18454,,,108,Female,,https://download.neuroxiv.org/SEU-A1876/SEU-ALLEN_full_18454_01011_CCFv3.swc,https://neuroxiv.org/?id=SEU-ALLEN_full_18454_01011_CCFv3,6717.65,4090.82,7620.95
18454_01012,18454,mouse,NCBI:txid10090,Tnnt1-IRES2-CreERT2;Ai82;Ai140,cell morphology,fMOST,VPL,cells,1,SEU-Allen Joint Center,Hanchuan Peng,,zeng_fmost,BIL,/bil/data/biccn/zeng/luo/fmost/mouseID_373367-18454,,,108,Female,,https://download.neuroxiv.org/SEU-A1876/SEU-ALLEN_full_18454_01012_CCFv3.swc,https://neuroxiv.org/?id=SEU-ALLEN_full_18454_01012_CCFv3,6541.77,4126.4,7565.23
18454_01013,18454,mouse,NCBI:txid10090,Tnnt1-IRES2-CreERT2;Ai82;Ai140,cell morphology,fMOST,VPM,cells,1,SEU-Allen Joint Center,Hanchuan Peng,,zeng_fmost,BIL,/bil/data/biccn/zeng/luo/fmost/mouseID_373367-18454,,,108,Female,,https://download.neuroxiv.org/SEU-A1876/SEU-ALLEN_full_18454_01013_CCFv3.swc,https://neuroxiv.org/?id=SEU-ALLEN_full_18454_01013_CCFv3,6685.77,4082.23,7284.35
18454_01014,18454,mouse,NCBI:txid10090,Tnnt1-IRES2-CreERT2;Ai82;Ai140,cell morphology,fMOST,VPM,cells,1,SEU-Allen Joint Center,Hanchuan Peng,,zeng_fmost,BIL,/bil/data/biccn/zeng/luo/fmost/mouseID_373367-18454,,,108,Female,,https://download.neuroxiv.org/SEU-A1876/SEU-ALLEN_full_18454_01014_CCFv3.swc,https://neuroxiv.org/?id=SEU-ALLEN_full_18454_01014_CCFv3,6564.38,4201,7199.52
18454_01015,18454,mouse,NCBI:txid10090,Tnnt1-IRES2-CreERT2;Ai82;Ai140,cell morphology,fMOST,VPM,cells,1,SEU-Allen Joint Center,Hanchuan Peng,,zeng_fmost,BIL,/bil/data/biccn/zeng/luo/fmost/mouseID_373367-18454,,,108,Female,,https://download.neuroxiv.org/SEU-A1876/SEU-ALLEN_full_18454_01015_CCFv3.swc,https://neuroxiv.org/?id=SEU-ALLEN_full_18454_01015_CCFv3,6638.38,4341.2,7429.17
18454_01018,18454,mouse,NCBI:txid10090,Tnnt1-IRES2-CreERT2;Ai82;Ai140,cell morphology,fMOST,VPM,cells,1,SEU-Allen Joint Center,Hanchuan Peng,,zeng_fmost,BIL,/bil/data/biccn/zeng/luo/fmost/mouseID_373367-18454,,,108,Female,,https://download.neuroxiv.org/SEU-A1876/SEU-ALLEN_full_18454_01018_CCFv3.swc,https://neuroxiv.org/?id=SEU-ALLEN_full_18454_01018_CCFv3,6747.5,4386.45,7115.8
18454_01021,18454,mouse,NCBI:txid10090,Tnnt1-IRES2-CreERT2;Ai82;Ai140,cell morphology,fMOST,LGd,cells,1,SEU-Allen Joint Center,Hanchuan Peng,,zeng_fmost,BIL,/bil/data/biccn/zeng/luo/fmost/mouseID_373367-18454,,,108,Female,,https://download.neuroxiv.org/SEU-A1876/SEU-ALLEN_full_18454_01021_CCFv3.swc,https://neuroxiv.org/?id=SEU-ALLEN_full_18454_01021_CCFv3,7025.27,2682.57,7698.4
18454_01022,18454,mouse,NCBI:txid10090,Tnnt1-IRES2-CreERT2;Ai82;Ai140,cell morphology,fMOST,LD,cells,1,SEU-Allen Joint Center,Hanchuan Peng,,zeng_fmost,BIL,/bil/data/biccn/zeng/luo/fmost/mouseID_373367-18454,,,108,Female,,https://download.neuroxiv.org/SEU-A1876/SEU-ALLEN_full_18454_01022_CCFv3.swc,https://neuroxiv.org/?id=SEU-ALLEN_full_18454_01022_CCFv3,6785.2,3223.9,7804.25
18454_01023,18454,mouse,NCBI:txid10090,Tnnt1-IRES2-CreERT2;Ai82;Ai140,cell morphology,fMOST,VPM,cells,1,SEU-Allen Joint Center,Hanchuan Peng,,zeng_fmost,BIL,/bil/data/biccn/zeng/luo/fmost/mouseID_373367-18454,,,108,Female,,https://download.neuroxiv.org/SEU-A1876/SEU-ALLEN_full_18454_01023_CCFv3.swc,https://neuroxiv.org/?id=SEU-ALLEN_full_18454_01023_CCFv3,6944.98,3629.2,8056.2
18454_01027,18454,mouse,NCBI:txid10090,Tnnt1-IRES2-CreERT2;Ai82;Ai140,cell morphology,fMOST,VPM,cells,1,SEU-Allen Joint Center,Hanchuan Peng,,zeng_fmost,BIL,/bil/data/biccn/zeng/luo/fmost/mouseID_373367-18454,,,108,Female,,https://download.neuroxiv.org/SEU-A1876/SEU-ALLEN_full_18454_01027_CCFv3.swc,https://neuroxiv.org/?id=SEU-ALLEN_full_18454_01027_CCFv3,7248.6,3412.15,7906.98
18454_01030,18454,mouse,NCBI:txid10090,Tnnt1-IRES2-CreERT2;Ai82;Ai140,cell morphology,fMOST,VPM,cells,1,SEU-Allen Joint Center,Hanchuan Peng,,zeng_fmost,BIL,/bil/data/biccn/zeng/luo/fmost/mouseID_373367-18454,,,108,Female,,https://download.neuroxiv.org/SEU-A1876/SEU-ALLEN_full_18454_01030_CCFv3.swc,https://neuroxiv.org/?id=SEU-ALLEN_full_18454_01030_CCFv3,6964.6,3820.35,8130.92
18454_01031,18454,mouse,NCBI:txid10090,Tnnt1-IRES2-CreERT2;Ai82;Ai140,cell morphology,fMOST,VPM,cells,1,SEU-Allen Joint Center,Hanchuan Peng,,zeng_fmost,BIL,/bil/data/biccn/zeng/luo/fmost/mouseID_373367-18454,,,108,Female,,https://download.neuroxiv.org/SEU-A1876/SEU-ALLEN_full_18454_01031_CCFv3.swc,https://neuroxiv.org/?id=SEU-ALLEN_full_18454_01031_CCFv3,7022.38,3786.3,8139.85
18454_01032,18454,mouse,NCBI:txid10090,Tnnt1-IRES2-CreERT2;Ai82;Ai140,cell morphology,fMOST,VPM,cells,1,SEU-Allen Joint Center,Hanchuan Peng,,zeng_fmost,BIL,/bil/data/biccn/zeng/luo/fmost/mouseID_373367-18454,,,108,Female,,https://download.neuroxiv.org/SEU-A1876/SEU-ALLEN_full_18454_01032_CCFv3.swc,https://neuroxiv.org/?id=SEU-ALLEN_full_18454_01032_CCFv3,7074.62,3924.95,8148.73
18454_01033,18454,mouse,NCBI:txid10090,Tnnt1-IRES2-CreERT2;Ai82;Ai140,cell morphology,fMOST,VPL,cells,1,SEU-Allen Joint Center,Hanchuan Peng,,zeng_fmost,BIL,/bil/data/biccn/zeng/luo/fmost/mouseID_373367-18454,,,108,Female,,https://download.neuroxiv.org/SEU-A1876/SEU-ALLEN_full_18454_01033_CCFv3.swc,https://neuroxiv.org/?id=SEU-ALLEN_full_18454_01033_CCFv3,7015.17,3920.12,8089.08
18454_01034,18454,mouse,NCBI:txid10090,Tnnt1-IRES2-CreERT2;Ai82;Ai140,cell morphology,fMOST,VPM,cells,1,SEU-Allen Joint Center,Hanchuan Peng,,zeng_fmost,BIL,/bil/data/biccn/zeng/luo/fmost/mouseID_373367-18454,,,108,Female,,https://download.neuroxiv.org/SEU-A1876/SEU-ALLEN_full_18454_01034_CCFv3.swc,https://neuroxiv.org/?id=SEU-ALLEN_full_18454_01034_CCFv3,7237.3,3687.1,8128.75
18454_01035,18454,mouse,NCBI:txid10090,Tnnt1-IRES2-CreERT2;Ai82;Ai140,cell morphology,fMOST,VPM,cells,1,SEU-Allen Joint Center,Hanchuan Peng,,zeng_fmost,BIL,/bil/data/biccn/zeng/luo/fmost/mouseID_373367-18454,,,108,Female,,https://download.neuroxiv.org/SEU-A1876/SEU-ALLEN_full_18454_01035_CCFv3.swc,https://neuroxiv.org/?id=SEU-ALLEN_full_18454_01035_CCFv3,7106.62,3800.88,8076.25
18454_01038,18454,mouse,NCBI:txid10090,Tnnt1-IRES2-CreERT2;Ai82;Ai140,cell morphology,fMOST,VPL,cells,1,SEU-Allen Joint Center,Hanchuan Peng,,zeng_fmost,BIL,/bil/data/biccn/zeng/luo/fmost/mouseID_373367-18454,,,108,Female,,https://download.neuroxiv.org/SEU-A1876/SEU-ALLEN_full_18454_01038_CCFv3.swc,https://neuroxiv.org/?id=SEU-ALLEN_full_18454_01038_CCFv3,6733.92,3750.15,7961.83
18454_01039,18454,mouse,NCBI:txid10090,Tnnt1-IRES2-CreERT2;Ai82;Ai140,cell morphology,fMOST,VPM,cells,1,SEU-Allen Joint Center,Hanchuan Peng,,zeng_fmost,BIL,/bil/data/biccn/zeng/luo/fmost/mouseID_373367-18454,,,108,Female,,https://download.neuroxiv.org/SEU-A1876/SEU-ALLEN_full_18454_01039_CCFv3.swc,https://neuroxiv.org/?id=SEU-ALLEN_full_18454_01039_CCFv3,6992.52,3726.85,7926.33
18454_01040,18454,mouse,NCBI:txid10090,Tnnt1-IRES2-CreERT2;Ai82;Ai140,cell morphology,fMOST,VPM,cells,1,SEU-Allen Joint Center,Hanchuan Peng,,zeng_fmost,BIL,/bil/data/biccn/zeng/luo/fmost/mouseID_373367-18454,,,108,Female,,https://download.neuroxiv.org/SEU-A1876/SEU-ALLEN_full_18454_01040_CCFv3.swc,https://neuroxiv.org/?id=SEU-ALLEN_full_18454_01040_CCFv3,6707.6,3754.05,7825.95
18454_01041,18454,mouse,NCBI:txid10090,Tnnt1-IRES2-CreERT2;Ai82;Ai140,cell morphology,fMOST,VPM,cells,1,SEU-Allen Joint Center,Hanchuan Peng,,zeng_fmost,BIL,/bil/data/biccn/zeng/luo/fmost/mouseID_373367-18454,,,108,Female,,https://download.neuroxiv.org/SEU-A1876/SEU-ALLEN_full_18454_01041_CCFv3.swc,https://neuroxiv.org/?id=SEU-ALLEN_full_18454_01041_CCFv3,6913.27,3667.62,7862.85
18454_01042,18454,mouse,NCBI:txid10090,Tnnt1-IRES2-CreERT2;Ai82;Ai140,cell morphology,fMOST,VPM,cells,1,SEU-Allen Joint Center,Hanchuan Peng,,zeng_fmost,BIL,/bil/data/biccn/zeng/luo/fmost/mouseID_373367-18454,,,108,Female,,https://download.neuroxiv.org/SEU-A1876/SEU-ALLEN_full_18454_01042_CCFv3.swc,https://neuroxiv.org/?id=SEU-ALLEN_full_18454_01042_CCFv3,6917.67,3767.5,7868.55
18454_01043,18454,mouse,NCBI:txid10090,Tnnt1-IRES2-CreERT2;Ai82;Ai140,cell morphology,fMOST,VPM,cells,1,SEU-Allen Joint Center,Hanchuan Peng,,zeng_fmost,BIL,/bil/data/biccn/zeng/luo/fmost/mouseID_373367-18454,,,108,Female,,https://download.neuroxiv.org/SEU-A1876/SEU-ALLEN_full_18454_01043_CCFv3.swc,https://neuroxiv.org/?id=SEU-ALLEN_full_18454_01043_CCFv3,6874.77,3713.93,7709.88
18454_01044,18454,mouse,NCBI:txid10090,Tnnt1-IRES2-CreERT2;Ai82;Ai140,cell morphology,fMOST,VPM,cells,1,SEU-Allen Joint Center,Hanchuan Peng,,zeng_fmost,BIL,/bil/data/biccn/zeng/luo/fmost/mouseID_373367-18454,,,108,Female,,https://download.neuroxiv.org/SEU-A1876/SEU-ALLEN_full_18454_01044_CCFv3.swc,https://neuroxiv.org/?id=SEU-ALLEN_full_18454_01044_CCFv3,6864.5,3876.32,7906.55
18454_01045,18454,mouse,NCBI:txid10090,Tnnt1-IRES2-CreERT2;Ai82;Ai140,cell morphology,fMOST,VPM,cells,1,SEU-Allen Joint Center,Hanchuan Peng,,zeng_fmost,BIL,/bil/data/biccn/zeng/luo/fmost/mouseID_373367-18454,,,108,Female,,https://download.neuroxiv.org/SEU-A1876/SEU-ALLEN_full_18454_01045_CCFv3.swc,https://neuroxiv.org/?id=SEU-ALLEN_full_18454_01045_CCFv3,6922.38,3812.73,8017.6
18454_01047,18454,mouse,NCBI:txid10090,Tnnt1-IRES2-CreERT2;Ai82;Ai140,cell morphology,fMOST,VPM,cells,1,SEU-Allen Joint Center,Hanchuan Peng,,zeng_fmost,BIL,/bil/data/biccn/zeng/luo/fmost/mouseID_373367-18454,,,108,Female,,https://download.neuroxiv.org/SEU-A1876/SEU-ALLEN_full_18454_01047_CCFv3.swc,https://neuroxiv.org/?id=SEU-ALLEN_full_18454_01047_CCFv3,6950.3,3836.8,7763.42
18454_01048,18454,mouse,NCBI:txid10090,Tnnt1-IRES2-CreERT2;Ai82;Ai140,cell morphology,fMOST,VPM,cells,1,SEU-Allen Joint Center,Hanchuan Peng,,zeng_fmost,BIL,/bil/data/biccn/zeng/luo/fmost/mouseID_373367-18454,,,108,Female,,https://download.neuroxiv.org/SEU-A1876/SEU-ALLEN_full_18454_01048_CCFv3.swc,https://neuroxiv.org/?id=SEU-ALLEN_full_18454_01048_CCFv3,7205.85,3772.77,7850.12
18454_01049,18454,mouse,NCBI:txid10090,Tnnt1-IRES2-CreERT2;Ai82;Ai140,cell morphology,fMOST,VPM,cells,1,SEU-Allen Joint Center,Hanchuan Peng,,zeng_fmost,BIL,/bil/data/biccn/zeng/luo/fmost/mouseID_373367-18454,,,108,Female,,https://download.neuroxiv.org/SEU-A1876/SEU-ALLEN_full_18454_01049_CCFv3.swc,https://neuroxiv.org/?id=SEU-ALLEN_full_18454_01049_CCFv3,7247.23,3844.7,7822.67
18454_01050,18454,mouse,NCBI:txid10090,Tnnt1-IRES2-CreERT2;Ai82;Ai140,cell morphology,fMOST,LGd,cells,1,SEU-Allen Joint Center,Hanchuan Peng,,zeng_fmost,BIL,/bil/data/biccn/zeng/luo/fmost/mouseID_373367-18454,,,108,Female,,https://download.neuroxiv.org/SEU-A1876/SEU-ALLEN_full_18454_01050_CCFv3.swc,https://neuroxiv.org/?id=SEU-ALLEN_full_18454_01050_CCFv3,7759.52,3549.3,8374.47
18454_01051,18454,mouse,NCBI:txid10090,Tnnt1-IRES2-CreERT2;Ai82;Ai140,cell morphology,fMOST,VPM,cells,1,SEU-Allen Joint Center,Hanchuan Peng,,zeng_fmost,BIL,/bil/data/biccn/zeng/luo/fmost/mouseID_373367-18454,,,108,Female,,https://download.neuroxiv.org/SEU-A1876/SEU-ALLEN_full_18454_01051_CCFv3.swc,https://neuroxiv.org/?id=SEU-ALLEN_full_18454_01051_CCFv3,6663.4,3673.23,7681.12
18454_01052,18454,mouse,NCBI:txid10090,Tnnt1-IRES2-CreERT2;Ai82;Ai140,cell morphology,fMOST,VPM,cells,1,SEU-Allen Joint Center,Hanchuan Peng,,zeng_fmost,BIL,/bil/data/biccn/zeng/luo/fmost/mouseID_373367-18454,,,108,Female,,https://download.neuroxiv.org/SEU-A1876/SEU-ALLEN_full_18454_01052_CCFv3.swc,https://neuroxiv.org/?id=SEU-ALLEN_full_18454_01052_CCFv3,6693.27,3722.5,7453.85
18454_01053,18454,mouse,NCBI:txid10090,Tnnt1-IRES2-CreERT2;Ai82;Ai140,cell morphology,fMOST,VPM,cells,1,SEU-Allen Joint Center,Hanchuan Peng,,zeng_fmost,BIL,/bil/data/biccn/zeng/luo/fmost/mouseID_373367-18454,,,108,Female,,https://download.neuroxiv.org/SEU-A1876/SEU-ALLEN_full_18454_01053_CCFv3.swc,https://neuroxiv.org/?id=SEU-ALLEN_full_18454_01053_CCFv3,6853.92,3663.45,7526.92
18454_01054,18454,mouse,NCBI:txid10090,Tnnt1-IRES2-CreERT2;Ai82;Ai140,cell morphology,fMOST,VPM,cells,1,SEU-Allen Joint Center,Hanchuan Peng,,zeng_fmost,BIL,/bil/data/biccn/zeng/luo/fmost/mouseID_373367-18454,,,108,Female,,https://download.neuroxiv.org/SEU-A1876/SEU-ALLEN_full_18454_01054_CCFv3.swc,https://neuroxiv.org/?id=SEU-ALLEN_full_18454_01054_CCFv3,7078.67,3717.32,7624.27
18454_01055,18454,mouse,NCBI:txid10090,Tnnt1-IRES2-CreERT2;Ai82;Ai140,cell morphology,fMOST,VPM,cells,1,SEU-Allen Joint Center,Hanchuan Peng,,zeng_fmost,BIL,/bil/data/biccn/zeng/luo/fmost/mouseID_373367-18454,,,108,Female,,https://download.neuroxiv.org/SEU-A1876/SEU-ALLEN_full_18454_01055_CCFv3.swc,https://neuroxiv.org/?id=SEU-ALLEN_full_18454_01055_CCFv3,6955.98,3939.98,8020.62
18454_01056,18454,mouse,NCBI:txid10090,Tnnt1-IRES2-CreERT2;Ai82;Ai140,cell morphology,fMOST,VPM,cells,1,SEU-Allen Joint Center,Hanchuan Peng,,zeng_fmost,BIL,/bil/data/biccn/zeng/luo/fmost/mouseID_373367-18454,,,108,Female,,https://download.neuroxiv.org/SEU-A1876/SEU-ALLEN_full_18454_01056_CCFv3.swc,https://neuroxiv.org/?id=SEU-ALLEN_full_18454_01056_CCFv3,6722.2,4069.2,7722.12
18454_01059,18454,mouse,NCBI:txid10090,Tnnt1-IRES2-CreERT2;Ai82;Ai140,cell morphology,fMOST,VPM,cells,1,SEU-Allen Joint Center,Hanchuan Peng,,zeng_fmost,BIL,/bil/data/biccn/zeng/luo/fmost/mouseID_373367-18454,,,108,Female,,https://download.neuroxiv.org/SEU-A1876/SEU-ALLEN_full_18454_01059_CCFv3.swc,https://neuroxiv.org/?id=SEU-ALLEN_full_18454_01059_CCFv3,6795.6,4038.15,7595.1
18454_01060,18454,mouse,NCBI:txid10090,Tnnt1-IRES2-CreERT2;Ai82;Ai140,cell morphology,fMOST,VPM,cells,1,SEU-Allen Joint Center,Hanchuan Peng,,zeng_fmost,BIL,/bil/data/biccn/zeng/luo/fmost/mouseID_373367-18454,,,108,Female,,https://download.neuroxiv.org/SEU-A1876/SEU-ALLEN_full_18454_01060_CCFv3.swc,https://neuroxiv.org/?id=SEU-ALLEN_full_18454_01060_CCFv3,7095.25,3963.85,7559.3
18454_01061,18454,mouse,NCBI:txid10090,Tnnt1-IRES2-CreERT2;Ai82;Ai140,cell morphology,fMOST,VPM,cells,1,SEU-Allen Joint Center,Hanchuan Peng,,zeng_fmost,BIL,/bil/data/biccn/zeng/luo/fmost/mouseID_373367-18454,,,108,Female,,https://download.neuroxiv.org/SEU-A1876/SEU-ALLEN_full_18454_01061_CCFv3.swc,https://neuroxiv.org/?id=SEU-ALLEN_full_18454_01061_CCFv3,7029.4,3999.52,7589.12
18454_01062,18454,mouse,NCBI:txid10090,Tnnt1-IRES2-CreERT2;Ai82;Ai140,cell morphology,fMOST,VPM,cells,1,SEU-Allen Joint Center,Hanchuan Peng,,zeng_fmost,BIL,/bil/data/biccn/zeng/luo/fmost/mouseID_373367-18454,,,108,Female,,https://download.neuroxiv.org/SEU-A1876/SEU-ALLEN_full_18454_01062_CCFv3.swc,https://neuroxiv.org/?id=SEU-ALLEN_full_18454_01062_CCFv3,6741.92,4076.62,7404.45
18454_01063,18454,mouse,NCBI:txid10090,Tnnt1-IRES2-CreERT2;Ai82;Ai140,cell morphology,fMOST,VPM,cells,1,SEU-Allen Joint Center,Hanchuan Peng,,zeng_fmost,BIL,/bil/data/biccn/zeng/luo/fmost/mouseID_373367-18454,,,108,Female,,https://download.neuroxiv.org/SEU-A1876/SEU-ALLEN_full_18454_01063_CCFv3.swc,https://neuroxiv.org/?id=SEU-ALLEN_full_18454_01063_CCFv3,6966.58,3977.55,7497.62
18454_01064,18454,mouse,NCBI:txid10090,Tnnt1-IRES2-CreERT2;Ai82;Ai140,cell morphology,fMOST,VPM,cells,1,SEU-Allen Joint Center,Hanchuan Peng,,zeng_fmost,BIL,/bil/data/biccn/zeng/luo/fmost/mouseID_373367-18454,,,108,Female,,https://download.neuroxiv.org/SEU-A1876/SEU-ALLEN_full_18454_01064_CCFv3.swc,https://neuroxiv.org/?id=SEU-ALLEN_full_18454_01064_CCFv3,6950.33,4225.33,7453.38
18454_01066,18454,mouse,NCBI:txid10090,Tnnt1-IRES2-CreERT2;Ai82;Ai140,cell morphology,fMOST,VPM,cells,1,SEU-Allen Joint Center,Hanchuan Peng,,zeng_fmost,BIL,/bil/data/biccn/zeng/luo/fmost/mouseID_373367-18454,,,108,Female,,https://download.neuroxiv.org/SEU-A1876/SEU-ALLEN_full_18454_01066_CCFv3.swc,https://neuroxiv.org/?id=SEU-ALLEN_full_18454_01066_CCFv3,6901.4,4364.15,7189.98
18454_01067,18454,mouse,NCBI:txid10090,Tnnt1-IRES2-CreERT2;Ai82;Ai140,cell morphology,fMOST,VPM,cells,1,SEU-Allen Joint Center,Hanchuan Peng,,zeng_fmost,BIL,/bil/data/biccn/zeng/luo/fmost/mouseID_373367-18454,,,108,Female,,https://download.neuroxiv.org/SEU-A1876/SEU-ALLEN_full_18454_01067_CCFv3.swc,https://neuroxiv.org/?id=SEU-ALLEN_full_18454_01067_CCFv3,7049.75,4256.8,7107
18454_01069,18454,mouse,NCBI:txid10090,Tnnt1-IRES2-CreERT2;Ai82;Ai140,cell morphology,fMOST,VPM,cells,1,SEU-Allen Joint Center,Hanchuan Peng,,zeng_fmost,BIL,/bil/data/biccn/zeng/luo/fmost/mouseID_373367-18454,,,108,Female,,https://download.neuroxiv.org/SEU-A1876/SEU-ALLEN_full_18454_01069_CCFv3.swc,https://neuroxiv.org/?id=SEU-ALLEN_full_18454_01069_CCFv3,6880,4471.55,7317.73
18454_01072,18454,mouse,NCBI:txid10090,Tnnt1-IRES2-CreERT2;Ai82;Ai140,cell morphology,fMOST,VPM,cells,1,SEU-Allen Joint Center,Hanchuan Peng,,zeng_fmost,BIL,/bil/data/biccn/zeng/luo/fmost/mouseID_373367-18454,,,108,Female,,https://download.neuroxiv.org/SEU-A1876/SEU-ALLEN_full_18454_01072_CCFv3.swc,https://neuroxiv.org/?id=SEU-ALLEN_full_18454_01072_CCFv3,7058.1,4497.77,7189.85
18454_01073,18454,mouse,NCBI:txid10090,Tnnt1-IRES2-CreERT2;Ai82;Ai140,cell morphology,fMOST,VPM,cells,1,SEU-Allen Joint Center,Hanchuan Peng,,zeng_fmost,BIL,/bil/data/biccn/zeng/luo/fmost/mouseID_373367-18454,,,108,Female,,https://download.neuroxiv.org/SEU-A1876/SEU-ALLEN_full_18454_01073_CCFv3.swc,https://neuroxiv.org/?id=SEU-ALLEN_full_18454_01073_CCFv3,7225.67,4431.3,7088.7
18454_01074,18454,mouse,NCBI:txid10090,Tnnt1-IRES2-CreERT2;Ai82;Ai140,cell morphology,fMOST,VPM,cells,1,SEU-Allen Joint Center,Hanchuan Peng,,zeng_fmost,BIL,/bil/data/biccn/zeng/luo/fmost/mouseID_373367-18454,,,108,Female,,https://download.neuroxiv.org/SEU-A1876/SEU-ALLEN_full_18454_01074_CCFv3.swc,https://neuroxiv.org/?id=SEU-ALLEN_full_18454_01074_CCFv3,7245.65,4360.85,7224.02
18454_01075,18454,mouse,NCBI:txid10090,Tnnt1-IRES2-CreERT2;Ai82;Ai140,cell morphology,fMOST,PO,cells,1,SEU-Allen Joint Center,Hanchuan Peng,,zeng_fmost,BIL,/bil/data/biccn/zeng/luo/fmost/mouseID_373367-18454,,,108,Female,,https://download.neuroxiv.org/SEU-A1876/SEU-ALLEN_full_18454_01075_CCFv3.swc,https://neuroxiv.org/?id=SEU-ALLEN_full_18454_01075_CCFv3,6991.4,4350.33,6894.25
18454_01078,18454,mouse,NCBI:txid10090,Tnnt1-IRES2-CreERT2;Ai82;Ai140,cell morphology,fMOST,CP,cells,1,SEU-Allen Joint Center,Hanchuan Peng,,zeng_fmost,BIL,/bil/data/biccn/zeng/luo/fmost/mouseID_373367-18454,,,108,Female,,https://download.neuroxiv.org/SEU-A1876/SEU-ALLEN_full_18454_01078_CCFv3.swc,https://neuroxiv.org/?id=SEU-ALLEN_full_18454_01078_CCFv3,5347.8,3749.62,3463.65
18454_01079,18454,mouse,NCBI:txid10090,Tnnt1-IRES2-CreERT2;Ai82;Ai140,cell morphology,fMOST,VPM,cells,1,SEU-Allen Joint Center,Hanchuan Peng,,zeng_fmost,BIL,/bil/data/biccn/zeng/luo/fmost/mouseID_373367-18454,,,108,Female,,https://download.neuroxiv.org/SEU-A1876/SEU-ALLEN_full_18454_01079_CCFv3.swc,https://neuroxiv.org/?id=SEU-ALLEN_full_18454_01079_CCFv3,7027.48,3559.4,3704.7
18454_01080,18454,mouse,NCBI:txid10090,Tnnt1-IRES2-CreERT2;Ai82;Ai140,cell morphology,fMOST,VPM,cells,1,SEU-Allen Joint Center,Hanchuan Peng,,zeng_fmost,BIL,/bil/data/biccn/zeng/luo/fmost/mouseID_373367-18454,,,108,Female,,https://download.neuroxiv.org/SEU-A1876/SEU-ALLEN_full_18454_01080_CCFv3.swc,https://neuroxiv.org/?id=SEU-ALLEN_full_18454_01080_CCFv3,7005.7,3654.77,3674.43
18454_01081,18454,mouse,NCBI:txid10090,Tnnt1-IRES2-CreERT2;Ai82;Ai140,cell morphology,fMOST,VPM,cells,1,SEU-Allen Joint Center,Hanchuan Peng,,zeng_fmost,BIL,/bil/data/biccn/zeng/luo/fmost/mouseID_373367-18454,,,108,Female,,https://download.neuroxiv.org/SEU-A1876/SEU-ALLEN_full_18454_01081_CCFv3.swc,https://neuroxiv.org/?id=SEU-ALLEN_full_18454_01081_CCFv3,7223.17,3667.25,3640.85
18454_01082,18454,mouse,NCBI:txid10090,Tnnt1-IRES2-CreERT2;Ai82;Ai140,cell morphology,fMOST,VPM,cells,1,SEU-Allen Joint Center,Hanchuan Peng,,zeng_fmost,BIL,/bil/data/biccn/zeng/luo/fmost/mouseID_373367-18454,,,108,Female,,https://download.neuroxiv.org/SEU-A1876/SEU-ALLEN_full_18454_01082_CCFv3.swc,https://neuroxiv.org/?id=SEU-ALLEN_full_18454_01082_CCFv3,6936.9,3691.95,3638.32
18454_01085,18454,mouse,NCBI:txid10090,Tnnt1-IRES2-CreERT2;Ai82;Ai140,cell morphology,fMOST,VPM,cells,1,SEU-Allen Joint Center,Hanchuan Peng,,zeng_fmost,BIL,/bil/data/biccn/zeng/luo/fmost/mouseID_373367-18454,,,108,Female,,https://download.neuroxiv.org/SEU-A1876/SEU-ALLEN_full_18454_01085_CCFv3.swc,https://neuroxiv.org/?id=SEU-ALLEN_full_18454_01085_CCFv3,7172.83,3693.9,3570.57
18454_01086,18454,mouse,NCBI:txid10090,Tnnt1-IRES2-CreERT2;Ai82;Ai140,cell morphology,fMOST,VPM,cells,1,SEU-Allen Joint Center,Hanchuan Peng,,zeng_fmost,BIL,/bil/data/biccn/zeng/luo/fmost/mouseID_373367-18454,,,108,Female,,https://download.neuroxiv.org/SEU-A1876/SEU-ALLEN_full_18454_01086_CCFv3.swc,https://neuroxiv.org/?id=SEU-ALLEN_full_18454_01086_CCFv3,7076.42,3727.52,3459.02
18454_01089,18454,mouse,NCBI:txid10090,Tnnt1-IRES2-CreERT2;Ai82;Ai140,cell morphology,fMOST,VPM,cells,1,SEU-Allen Joint Center,Hanchuan Peng,,zeng_fmost,BIL,/bil/data/biccn/zeng/luo/fmost/mouseID_373367-18454,,,108,Female,,https://download.neuroxiv.org/SEU-A1876/SEU-ALLEN_full_18454_01089_CCFv3.swc,https://neuroxiv.org/?id=SEU-ALLEN_full_18454_01089_CCFv3,7350.12,3750.9,3311.62
18454_01090,18454,mouse,NCBI:txid10090,Tnnt1-IRES2-CreERT2;Ai82;Ai140,cell morphology,fMOST,VPM,cells,1,SEU-Allen Joint Center,Hanchuan Peng,,zeng_fmost,BIL,/bil/data/biccn/zeng/luo/fmost/mouseID_373367-18454,,,108,Female,,https://download.neuroxiv.org/SEU-A1876/SEU-ALLEN_full_18454_01090_CCFv3.swc,https://neuroxiv.org/?id=SEU-ALLEN_full_18454_01090_CCFv3,6903.85,3777.8,3281.95
18454_01091,18454,mouse,NCBI:txid10090,Tnnt1-IRES2-CreERT2;Ai82;Ai140,cell morphology,fMOST,VPM,cells,1,SEU-Allen Joint Center,Hanchuan Peng,,zeng_fmost,BIL,/bil/data/biccn/zeng/luo/fmost/mouseID_373367-18454,,,108,Female,,https://download.neuroxiv.org/SEU-A1876/SEU-ALLEN_full_18454_01091_CCFv3.swc,https://neuroxiv.org/?id=SEU-ALLEN_full_18454_01091_CCFv3,7014.8,3621.05,3274.38
18454_01092,18454,mouse,NCBI:txid10090,Tnnt1-IRES2-CreERT2;Ai82;Ai140,cell morphology,fMOST,MG,cells,1,SEU-Allen Joint Center,Hanchuan Peng,,zeng_fmost,BIL,/bil/data/biccn/zeng/luo/fmost/mouseID_373367-18454,,,108,Female,,https://download.neuroxiv.org/SEU-A1876/SEU-ALLEN_full_18454_01092_CCFv3.swc,https://neuroxiv.org/?id=SEU-ALLEN_full_18454_01092_CCFv3,7455.25,3637.2,3396.35
18454_01093,18454,mouse,NCBI:txid10090,Tnnt1-IRES2-CreERT2;Ai82;Ai140,cell morphology,fMOST,MG,cells,1,SEU-Allen Joint Center,Hanchuan Peng,,zeng_fmost,BIL,/bil/data/biccn/zeng/luo/fmost/mouseID_373367-18454,,,108,Female,,https://download.neuroxiv.org/SEU-A1876/SEU-ALLEN_full_18454_01093_CCFv3.swc,https://neuroxiv.org/?id=SEU-ALLEN_full_18454_01093_CCFv3,7527.4,3680.57,3402.2
18454_01094,18454,mouse,NCBI:txid10090,Tnnt1-IRES2-CreERT2;Ai82;Ai140,cell morphology,fMOST,VPM,cells,1,SEU-Allen Joint Center,Hanchuan Peng,,zeng_fmost,BIL,/bil/data/biccn/zeng/luo/fmost/mouseID_373367-18454,,,108,Female,,https://download.neuroxiv.org/SEU-A1876/SEU-ALLEN_full_18454_01094_CCFv3.swc,https://neuroxiv.org/?id=SEU-ALLEN_full_18454_01094_CCFv3,6966.95,3871.65,3750.07
18454_01095,18454,mouse,NCBI:txid10090,Tnnt1-IRES2-CreERT2;Ai82;Ai140,cell morphology,fMOST,VPM,cells,1,SEU-Allen Joint Center,Hanchuan Peng,,zeng_fmost,BIL,/bil/data/biccn/zeng/luo/fmost/mouseID_373367-18454,,,108,Female,,https://download.neuroxiv.org/SEU-A1876/SEU-ALLEN_full_18454_01095_CCFv3.swc,https://neuroxiv.org/?id=SEU-ALLEN_full_18454_01095_CCFv3,7108.52,3778.05,3676
18454_01096,18454,mouse,NCBI:txid10090,Tnnt1-IRES2-CreERT2;Ai82;Ai140,cell morphology,fMOST,VPM,cells,1,SEU-Allen Joint Center,Hanchuan Peng,,zeng_fmost,BIL,/bil/data/biccn/zeng/luo/fmost/mouseID_373367-18454,,,108,Female,,https://download.neuroxiv.org/SEU-A1876/SEU-ALLEN_full_18454_01096_CCFv3.swc,https://neuroxiv.org/?id=SEU-ALLEN_full_18454_01096_CCFv3,7242.58,3846.12,3644.45
18454_01097,18454,mouse,NCBI:txid10090,Tnnt1-IRES2-CreERT2;Ai82;Ai140,cell morphology,fMOST,VPM,cells,1,SEU-Allen Joint Center,Hanchuan Peng,,zeng_fmost,BIL,/bil/data/biccn/zeng/luo/fmost/mouseID_373367-18454,,,108,Female,,https://download.neuroxiv.org/SEU-A1876/SEU-ALLEN_full_18454_01097_CCFv3.swc,https://neuroxiv.org/?id=SEU-ALLEN_full_18454_01097_CCFv3,7158.23,3869.4,3650.52
18454_01098,18454,mouse,NCBI:txid10090,Tnnt1-IRES2-CreERT2;Ai82;Ai140,cell morphology,fMOST,VPM,cells,1,SEU-Allen Joint Center,Hanchuan Peng,,zeng_fmost,BIL,/bil/data/biccn/zeng/luo/fmost/mouseID_373367-18454,,,108,Female,,https://download.neuroxiv.org/SEU-A1876/SEU-ALLEN_full_18454_01098_CCFv3.swc,https://neuroxiv.org/?id=SEU-ALLEN_full_18454_01098_CCFv3,6984.38,3842.88,3665.23
18454_01099,18454,mouse,NCBI:txid10090,Tnnt1-IRES2-CreERT2;Ai82;Ai140,cell morphology,fMOST,VPM,cells,1,SEU-Allen Joint Center,Hanchuan Peng,,zeng_fmost,BIL,/bil/data/biccn/zeng/luo/fmost/mouseID_373367-18454,,,108,Female,,https://download.neuroxiv.org/SEU-A1876/SEU-ALLEN_full_18454_01099_CCFv3.swc,https://neuroxiv.org/?id=SEU-ALLEN_full_18454_01099_CCFv3,6762.88,3977.98,3552.15
18454_01100,18454,mouse,NCBI:txid10090,Tnnt1-IRES2-CreERT2;Ai82;Ai140,cell morphology,fMOST,VPM,cells,1,SEU-Allen Joint Center,Hanchuan Peng,,zeng_fmost,BIL,/bil/data/biccn/zeng/luo/fmost/mouseID_373367-18454,,,108,Female,,https://download.neuroxiv.org/SEU-A1876/SEU-ALLEN_full_18454_01100_CCFv3.swc,https://neuroxiv.org/?id=SEU-ALLEN_full_18454_01100_CCFv3,6771.65,3992.6,3485.77
18454_01101,18454,mouse,NCBI:txid10090,Tnnt1-IRES2-CreERT2;Ai82;Ai140,cell morphology,fMOST,VPM,cells,1,SEU-Allen Joint Center,Hanchuan Peng,,zeng_fmost,BIL,/bil/data/biccn/zeng/luo/fmost/mouseID_373367-18454,,,108,Female,,https://download.neuroxiv.org/SEU-A1876/SEU-ALLEN_full_18454_01101_CCFv3.swc,https://neuroxiv.org/?id=SEU-ALLEN_full_18454_01101_CCFv3,6966.83,3947.82,3485.2
18454_01103,18454,mouse,NCBI:txid10090,Tnnt1-IRES2-CreERT2;Ai82;Ai140,cell morphology,fMOST,VPM,cells,1,SEU-Allen Joint Center,Hanchuan Peng,,zeng_fmost,BIL,/bil/data/biccn/zeng/luo/fmost/mouseID_373367-18454,,,108,Female,,https://download.neuroxiv.org/SEU-A1876/SEU-ALLEN_full_18454_01103_CCFv3.swc,https://neuroxiv.org/?id=SEU-ALLEN_full_18454_01103_CCFv3,7034.6,3856.88,3571
18454_01104,18454,mouse,NCBI:txid10090,Tnnt1-IRES2-CreERT2;Ai82;Ai140,cell morphology,fMOST,VPM,cells,1,SEU-Allen Joint Center,Hanchuan Peng,,zeng_fmost,BIL,/bil/data/biccn/zeng/luo/fmost/mouseID_373367-18454,,,108,Female,,https://download.neuroxiv.org/SEU-A1876/SEU-ALLEN_full_18454_01104_CCFv3.swc,https://neuroxiv.org/?id=SEU-ALLEN_full_18454_01104_CCFv3,7337.17,3791.88,3530
18454_01105,18454,mouse,NCBI:txid10090,Tnnt1-IRES2-CreERT2;Ai82;Ai140,cell morphology,fMOST,VPM,cells,1,SEU-Allen Joint Center,Hanchuan Peng,,zeng_fmost,BIL,/bil/data/biccn/zeng/luo/fmost/mouseID_373367-18454,,,108,Female,,https://download.neuroxiv.org/SEU-A1876/SEU-ALLEN_full_18454_01105_CCFv3.swc,https://neuroxiv.org/?id=SEU-ALLEN_full_18454_01105_CCFv3,7166.38,3877.15,3452.45
18454_01106,18454,mouse,NCBI:txid10090,Tnnt1-IRES2-CreERT2;Ai82;Ai140,cell morphology,fMOST,VPM,cells,1,SEU-Allen Joint Center,Hanchuan Peng,,zeng_fmost,BIL,/bil/data/biccn/zeng/luo/fmost/mouseID_373367-18454,,,108,Female,,https://download.neuroxiv.org/SEU-A1876/SEU-ALLEN_full_18454_01106_CCFv3.swc,https://neuroxiv.org/?id=SEU-ALLEN_full_18454_01106_CCFv3,7080.9,3901.18,3392.62
18454_01107,18454,mouse,NCBI:txid10090,Tnnt1-IRES2-CreERT2;Ai82;Ai140,cell morphology,fMOST,VPM,cells,1,SEU-Allen Joint Center,Hanchuan Peng,,zeng_fmost,BIL,/bil/data/biccn/zeng/luo/fmost/mouseID_373367-18454,,,108,Female,,https://download.neuroxiv.org/SEU-A1876/SEU-ALLEN_full_18454_01107_CCFv3.swc,https://neuroxiv.org/?id=SEU-ALLEN_full_18454_01107_CCFv3,7325.83,3905.7,3598.48
18454_01108,18454,mouse,NCBI:txid10090,Tnnt1-IRES2-CreERT2;Ai82;Ai140,cell morphology,fMOST,VPM,cells,1,SEU-Allen Joint Center,Hanchuan Peng,,zeng_fmost,BIL,/bil/data/biccn/zeng/luo/fmost/mouseID_373367-18454,,,108,Female,,https://download.neuroxiv.org/SEU-A1876/SEU-ALLEN_full_18454_01108_CCFv3.swc,https://neuroxiv.org/?id=SEU-ALLEN_full_18454_01108_CCFv3,7336.9,4005.65,3476.57
18454_01109,18454,mouse,NCBI:txid10090,Tnnt1-IRES2-CreERT2;Ai82;Ai140,cell morphology,fMOST,VPM,cells,1,SEU-Allen Joint Center,Hanchuan Peng,,zeng_fmost,BIL,/bil/data/biccn/zeng/luo/fmost/mouseID_373367-18454,,,108,Female,,https://download.neuroxiv.org/SEU-A1876/SEU-ALLEN_full_18454_01109_CCFv3.swc,https://neuroxiv.org/?id=SEU-ALLEN_full_18454_01109_CCFv3,6833.85,3890.95,3273.18
18454_01110,18454,mouse,NCBI:txid10090,Tnnt1-IRES2-CreERT2;Ai82;Ai140,cell morphology,fMOST,VPM,cells,1,SEU-Allen Joint Center,Hanchuan Peng,,zeng_fmost,BIL,/bil/data/biccn/zeng/luo/fmost/mouseID_373367-18454,,,108,Female,,https://download.neuroxiv.org/SEU-A1876/SEU-ALLEN_full_18454_01110_CCFv3.swc,https://neuroxiv.org/?id=SEU-ALLEN_full_18454_01110_CCFv3,6982.12,3949.85,3247.68
18454_01111,18454,mouse,NCBI:txid10090,Tnnt1-IRES2-CreERT2;Ai82;Ai140,cell morphology,fMOST,VPM,cells,1,SEU-Allen Joint Center,Hanchuan Peng,,zeng_fmost,BIL,/bil/data/biccn/zeng/luo/fmost/mouseID_373367-18454,,,108,Female,,https://download.neuroxiv.org/SEU-A1876/SEU-ALLEN_full_18454_01111_CCFv3.swc,https://neuroxiv.org/?id=SEU-ALLEN_full_18454_01111_CCFv3,6894.15,3980.15,3288.65
18454_01112,18454,mouse,NCBI:txid10090,Tnnt1-IRES2-CreERT2;Ai82;Ai140,cell morphology,fMOST,VPM,cells,1,SEU-Allen Joint Center,Hanchuan Peng,,zeng_fmost,BIL,/bil/data/biccn/zeng/luo/fmost/mouseID_373367-18454,,,108,Female,,https://download.neuroxiv.org/SEU-A1876/SEU-ALLEN_full_18454_01112_CCFv3.swc,https://neuroxiv.org/?id=SEU-ALLEN_full_18454_01112_CCFv3,7051.15,3825.95,3262.4
18454_01113,18454,mouse,NCBI:txid10090,Tnnt1-IRES2-CreERT2;Ai82;Ai140,cell morphology,fMOST,VPM,cells,1,SEU-Allen Joint Center,Hanchuan Peng,,zeng_fmost,BIL,/bil/data/biccn/zeng/luo/fmost/mouseID_373367-18454,,,108,Female,,https://download.neuroxiv.org/SEU-A1876/SEU-ALLEN_full_18454_01113_CCFv3.swc,https://neuroxiv.org/?id=SEU-ALLEN_full_18454_01113_CCFv3,7346.83,3808.9,3271.88
18454_01114,18454,mouse,NCBI:txid10090,Tnnt1-IRES2-CreERT2;Ai82;Ai140,cell morphology,fMOST,VPM,cells,1,SEU-Allen Joint Center,Hanchuan Peng,,zeng_fmost,BIL,/bil/data/biccn/zeng/luo/fmost/mouseID_373367-18454,,,108,Female,,https://download.neuroxiv.org/SEU-A1876/SEU-ALLEN_full_18454_01114_CCFv3.swc,https://neuroxiv.org/?id=SEU-ALLEN_full_18454_01114_CCFv3,7233.67,3911.3,3265.02
18454_01115,18454,mouse,NCBI:txid10090,Tnnt1-IRES2-CreERT2;Ai82;Ai140,cell morphology,fMOST,VPM,cells,1,SEU-Allen Joint Center,Hanchuan Peng,,zeng_fmost,BIL,/bil/data/biccn/zeng/luo/fmost/mouseID_373367-18454,,,108,Female,,https://download.neuroxiv.org/SEU-A1876/SEU-ALLEN_full_18454_01115_CCFv3.swc,https://neuroxiv.org/?id=SEU-ALLEN_full_18454_01115_CCFv3,7022.85,3941.4,3346.9
18454_01116,18454,mouse,NCBI:txid10090,Tnnt1-IRES2-CreERT2;Ai82;Ai140,cell morphology,fMOST,VPM,cells,1,SEU-Allen Joint Center,Hanchuan Peng,,zeng_fmost,BIL,/bil/data/biccn/zeng/luo/fmost/mouseID_373367-18454,,,108,Female,,https://download.neuroxiv.org/SEU-A1876/SEU-ALLEN_full_18454_01116_CCFv3.swc,https://neuroxiv.org/?id=SEU-ALLEN_full_18454_01116_CCFv3,7018.05,3991.1,3218.23
18454_01117,18454,mouse,NCBI:txid10090,Tnnt1-IRES2-CreERT2;Ai82;Ai140,cell morphology,fMOST,VPM,cells,1,SEU-Allen Joint Center,Hanchuan Peng,,zeng_fmost,BIL,/bil/data/biccn/zeng/luo/fmost/mouseID_373367-18454,,,108,Female,,https://download.neuroxiv.org/SEU-A1876/SEU-ALLEN_full_18454_01117_CCFv3.swc,https://neuroxiv.org/?id=SEU-ALLEN_full_18454_01117_CCFv3,7281.45,3993.62,3248.27
18454_01118,18454,mouse,NCBI:txid10090,Tnnt1-IRES2-CreERT2;Ai82;Ai140,cell morphology,fMOST,VPM,cells,1,SEU-Allen Joint Center,Hanchuan Peng,,zeng_fmost,BIL,/bil/data/biccn/zeng/luo/fmost/mouseID_373367-18454,,,108,Female,,https://download.neuroxiv.org/SEU-A1876/SEU-ALLEN_full_18454_01118_CCFv3.swc,https://neuroxiv.org/?id=SEU-ALLEN_full_18454_01118_CCFv3,7106.65,4049.9,3158.88
18454_01119,18454,mouse,NCBI:txid10090,Tnnt1-IRES2-CreERT2;Ai82;Ai140,cell morphology,fMOST,VPM,cells,1,SEU-Allen Joint Center,Hanchuan Peng,,zeng_fmost,BIL,/bil/data/biccn/zeng/luo/fmost/mouseID_373367-18454,,,108,Female,,https://download.neuroxiv.org/SEU-A1876/SEU-ALLEN_full_18454_01119_CCFv3.swc,https://neuroxiv.org/?id=SEU-ALLEN_full_18454_01119_CCFv3,6992.12,4029.25,3613.62
18454_01120,18454,mouse,NCBI:txid10090,Tnnt1-IRES2-CreERT2;Ai82;Ai140,cell morphology,fMOST,VPM,cells,1,SEU-Allen Joint Center,Hanchuan Peng,,zeng_fmost,BIL,/bil/data/biccn/zeng/luo/fmost/mouseID_373367-18454,,,108,Female,,https://download.neuroxiv.org/SEU-A1876/SEU-ALLEN_full_18454_01120_CCFv3.swc,https://neuroxiv.org/?id=SEU-ALLEN_full_18454_01120_CCFv3,6691.8,4128.2,3531.48
18454_01121,18454,mouse,NCBI:txid10090,Tnnt1-IRES2-CreERT2;Ai82;Ai140,cell morphology,fMOST,VPL,cells,1,SEU-Allen Joint Center,Hanchuan Peng,,zeng_fmost,BIL,/bil/data/biccn/zeng/luo/fmost/mouseID_373367-18454,,,108,Female,,https://download.neuroxiv.org/SEU-A1876/SEU-ALLEN_full_18454_01121_CCFv3.swc,https://neuroxiv.org/?id=SEU-ALLEN_full_18454_01121_CCFv3,6666.45,4133.62,3478.43
18454_01122,18454,mouse,NCBI:txid10090,Tnnt1-IRES2-CreERT2;Ai82;Ai140,cell morphology,fMOST,VPM,cells,1,SEU-Allen Joint Center,Hanchuan Peng,,zeng_fmost,BIL,/bil/data/biccn/zeng/luo/fmost/mouseID_373367-18454,,,108,Female,,https://download.neuroxiv.org/SEU-A1876/SEU-ALLEN_full_18454_01122_CCFv3.swc,https://neuroxiv.org/?id=SEU-ALLEN_full_18454_01122_CCFv3,6871.4,4225.65,3581.45
18454_01123,18454,mouse,NCBI:txid10090,Tnnt1-IRES2-CreERT2;Ai82;Ai140,cell morphology,fMOST,VPM,cells,1,SEU-Allen Joint Center,Hanchuan Peng,,zeng_fmost,BIL,/bil/data/biccn/zeng/luo/fmost/mouseID_373367-18454,,,108,Female,,https://download.neuroxiv.org/SEU-A1876/SEU-ALLEN_full_18454_01123_CCFv3.swc,https://neuroxiv.org/?id=SEU-ALLEN_full_18454_01123_CCFv3,7204.62,4110.77,3192.55
18454_01124,18454,mouse,NCBI:txid10090,Tnnt1-IRES2-CreERT2;Ai82;Ai140,cell morphology,fMOST,VPM,cells,1,SEU-Allen Joint Center,Hanchuan Peng,,zeng_fmost,BIL,/bil/data/biccn/zeng/luo/fmost/mouseID_373367-18454,,,108,Female,,https://download.neuroxiv.org/SEU-A1876/SEU-ALLEN_full_18454_01124_CCFv3.swc,https://neuroxiv.org/?id=SEU-ALLEN_full_18454_01124_CCFv3,7050.7,4175.1,3231.23
18454_01125,18454,mouse,NCBI:txid10090,Tnnt1-IRES2-CreERT2;Ai82;Ai140,cell morphology,fMOST,VPM,cells,1,SEU-Allen Joint Center,Hanchuan Peng,,zeng_fmost,BIL,/bil/data/biccn/zeng/luo/fmost/mouseID_373367-18454,,,108,Female,,https://download.neuroxiv.org/SEU-A1876/SEU-ALLEN_full_18454_01125_CCFv3.swc,https://neuroxiv.org/?id=SEU-ALLEN_full_18454_01125_CCFv3,7462.52,3804.27,3422.73
18454_01126,18454,mouse,NCBI:txid10090,Tnnt1-IRES2-CreERT2;Ai82;Ai140,cell morphology,fMOST,VPM,cells,1,SEU-Allen Joint Center,Hanchuan Peng,,zeng_fmost,BIL,/bil/data/biccn/zeng/luo/fmost/mouseID_373367-18454,,,108,Female,,https://download.neuroxiv.org/SEU-A1876/SEU-ALLEN_full_18454_01126_CCFv3.swc,https://neuroxiv.org/?id=SEU-ALLEN_full_18454_01126_CCFv3,7416.83,3772.4,3355.3
18454_01127,18454,mouse,NCBI:txid10090,Tnnt1-IRES2-CreERT2;Ai82;Ai140,cell morphology,fMOST,LGd,cells,1,SEU-Allen Joint Center,Hanchuan Peng,,zeng_fmost,BIL,/bil/data/biccn/zeng/luo/fmost/mouseID_373367-18454,,,108,Female,,https://download.neuroxiv.org/SEU-A1876/SEU-ALLEN_full_18454_01127_CCFv3.swc,https://neuroxiv.org/?id=SEU-ALLEN_full_18454_01127_CCFv3,7401.85,3835.95,3291.3
18454_01130,18454,mouse,NCBI:txid10090,Tnnt1-IRES2-CreERT2;Ai82;Ai140,cell morphology,fMOST,VPL,cells,1,SEU-Allen Joint Center,Hanchuan Peng,,zeng_fmost,BIL,/bil/data/biccn/zeng/luo/fmost/mouseID_373367-18454,,,108,Female,,https://download.neuroxiv.org/SEU-A1876/SEU-ALLEN_full_18454_01130_CCFv3.swc,https://neuroxiv.org/?id=SEU-ALLEN_full_18454_01130_CCFv3,6695.9,4588.23,7583.12
18454_01131,18454,mouse,NCBI:txid10090,Tnnt1-IRES2-CreERT2;Ai82;Ai140,cell morphology,fMOST,RE,cells,1,SEU-Allen Joint Center,Hanchuan Peng,,zeng_fmost,BIL,/bil/data/biccn/zeng/luo/fmost/mouseID_373367-18454,,,108,Female,,https://download.neuroxiv.org/SEU-A1876/SEU-ALLEN_full_18454_01131_CCFv3.swc,https://neuroxiv.org/?id=SEU-ALLEN_full_18454_01131_CCFv3,6219.88,4931.45,6048
18454_01132,18454,mouse,NCBI:txid10090,Tnnt1-IRES2-CreERT2;Ai82;Ai140,cell morphology,fMOST,VPL,cells,1,SEU-Allen Joint Center,Hanchuan Peng,,zeng_fmost,BIL,/bil/data/biccn/zeng/luo/fmost/mouseID_373367-18454,,,108,Female,,https://download.neuroxiv.org/SEU-A1876/SEU-ALLEN_full_18454_01132_CCFv3.swc,https://neuroxiv.org/?id=SEU-ALLEN_full_18454_01132_CCFv3,6976.58,4546.42,7712.33
18454_01133,18454,mouse,NCBI:txid10090,Tnnt1-IRES2-CreERT2;Ai82;Ai140,cell morphology,fMOST,VPL,cells,1,SEU-Allen Joint Center,Hanchuan Peng,,zeng_fmost,BIL,/bil/data/biccn/zeng/luo/fmost/mouseID_373367-18454,,,108,Female,,https://download.neuroxiv.org/SEU-A1876/SEU-ALLEN_full_18454_01133_CCFv3.swc,https://neuroxiv.org/?id=SEU-ALLEN_full_18454_01133_CCFv3,7078.58,4493.02,7679.5
18454_01134,18454,mouse,NCBI:txid10090,Tnnt1-IRES2-CreERT2;Ai82;Ai140,cell morphology,fMOST,VPL,cells,1,SEU-Allen Joint Center,Hanchuan Peng,,zeng_fmost,BIL,/bil/data/biccn/zeng/luo/fmost/mouseID_373367-18454,,,108,Female,,https://download.neuroxiv.org/SEU-A1876/SEU-ALLEN_full_18454_01134_CCFv3.swc,https://neuroxiv.org/?id=SEU-ALLEN_full_18454_01134_CCFv3,6917.48,4657.55,7576.73
18455_00002,18455,mouse,NCBI:txid10090,Tnnt1-IRES2-CreERT2;Ai82;Ai140,cell morphology,fMOST,CP,cells,1,SEU-Allen Joint Center,Hanchuan Peng,,zeng_fmost,BIL,/bil/data/biccn/zeng/luo/fmost/mouseID_373368-18455,,,108,Female,,https://download.neuroxiv.org/SEU-A1876/SEU-ALLEN_full_18455_00002_CCFv3.swc,https://neuroxiv.org/?id=SEU-ALLEN_full_18455_00002_CCFv3,6644.42,3566.73,8953.72
18455_00004,18455,mouse,NCBI:txid10090,Tnnt1-IRES2-CreERT2;Ai82;Ai140,cell morphology,fMOST,CP,cells,1,SEU-Allen Joint Center,Hanchuan Peng,,zeng_fmost,BIL,/bil/data/biccn/zeng/luo/fmost/mouseID_373368-18455,,,108,Female,,https://download.neuroxiv.org/SEU-A1876/SEU-ALLEN_full_18455_00004_CCFv3.swc,https://neuroxiv.org/?id=SEU-ALLEN_full_18455_00004_CCFv3,4667.98,3117.48,7119.25
18455_00005,18455,mouse,NCBI:txid10090,Tnnt1-IRES2-CreERT2;Ai82;Ai140,cell morphology,fMOST,CP,cells,1,SEU-Allen Joint Center,Hanchuan Peng,,zeng_fmost,BIL,/bil/data/biccn/zeng/luo/fmost/mouseID_373368-18455,,,108,Female,,https://download.neuroxiv.org/SEU-A1876/SEU-ALLEN_full_18455_00005_CCFv3.swc,https://neuroxiv.org/?id=SEU-ALLEN_full_18455_00005_CCFv3,4506.1,3322.6,7990.12
18455_00007,18455,mouse,NCBI:txid10090,Tnnt1-IRES2-CreERT2;Ai82;Ai140,cell morphology,fMOST,CP,cells,1,SEU-Allen Joint Center,Hanchuan Peng,,zeng_fmost,BIL,/bil/data/biccn/zeng/luo/fmost/mouseID_373368-18455,,,108,Female,,https://download.neuroxiv.org/SEU-A1876/SEU-ALLEN_full_18455_00007_CCFv3.swc,https://neuroxiv.org/?id=SEU-ALLEN_full_18455_00007_CCFv3,4443.25,3413.38,8045.08
18455_00008,18455,mouse,NCBI:txid10090,Tnnt1-IRES2-CreERT2;Ai82;Ai140,cell morphology,fMOST,CP,cells,1,SEU-Allen Joint Center,Hanchuan Peng,,zeng_fmost,BIL,/bil/data/biccn/zeng/luo/fmost/mouseID_373368-18455,,,108,Female,,https://download.neuroxiv.org/SEU-A1876/SEU-ALLEN_full_18455_00008_CCFv3.swc,https://neuroxiv.org/?id=SEU-ALLEN_full_18455_00008_CCFv3,4926.88,3399.1,8027.58
18455_00009,18455,mouse,NCBI:txid10090,Tnnt1-IRES2-CreERT2;Ai82;Ai140,cell morphology,fMOST,CP,cells,1,SEU-Allen Joint Center,Hanchuan Peng,,zeng_fmost,BIL,/bil/data/biccn/zeng/luo/fmost/mouseID_373368-18455,,,108,Female,,https://download.neuroxiv.org/SEU-A1876/SEU-ALLEN_full_18455_00009_CCFv3.swc,https://neuroxiv.org/?id=SEU-ALLEN_full_18455_00009_CCFv3,4927.75,3485.23,8203.38
18455_00011,18455,mouse,NCBI:txid10090,Tnnt1-IRES2-CreERT2;Ai82;Ai140,cell morphology,fMOST,CP,cells,1,SEU-Allen Joint Center,Hanchuan Peng,,zeng_fmost,BIL,/bil/data/biccn/zeng/luo/fmost/mouseID_373368-18455,,,108,Female,,https://download.neuroxiv.org/SEU-A1876/SEU-ALLEN_full_18455_00011_CCFv3.swc,https://neuroxiv.org/?id=SEU-ALLEN_full_18455_00011_CCFv3,4617.12,3676.6,7943.25
18455_00012,18455,mouse,NCBI:txid10090,Tnnt1-IRES2-CreERT2;Ai82;Ai140,cell morphology,fMOST,CP,cells,1,SEU-Allen Joint Center,Hanchuan Peng,,zeng_fmost,BIL,/bil/data/biccn/zeng/luo/fmost/mouseID_373368-18455,,,108,Female,,https://download.neuroxiv.org/SEU-A1876/SEU-ALLEN_full_18455_00012_CCFv3.swc,https://neuroxiv.org/?id=SEU-ALLEN_full_18455_00012_CCFv3,3994.1,3559.1,7873.33
18455_00013,18455,mouse,NCBI:txid10090,Tnnt1-IRES2-CreERT2;Ai82;Ai140,cell morphology,fMOST,CP,cells,1,SEU-Allen Joint Center,Hanchuan Peng,,zeng_fmost,BIL,/bil/data/biccn/zeng/luo/fmost/mouseID_373368-18455,,,108,Female,,https://download.neuroxiv.org/SEU-A1876/SEU-ALLEN_full_18455_00013_CCFv3.swc,https://neuroxiv.org/?id=SEU-ALLEN_full_18455_00013_CCFv3,4341.65,3610.93,7601.73
18455_00014,18455,mouse,NCBI:txid10090,Tnnt1-IRES2-CreERT2;Ai82;Ai140,cell morphology,fMOST,CP,cells,1,SEU-Allen Joint Center,Hanchuan Peng,,zeng_fmost,BIL,/bil/data/biccn/zeng/luo/fmost/mouseID_373368-18455,,,108,Female,,https://download.neuroxiv.org/SEU-A1876/SEU-ALLEN_full_18455_00014_CCFv3.swc,https://neuroxiv.org/?id=SEU-ALLEN_full_18455_00014_CCFv3,5164.77,3584.48,7513.5
18455_00015,18455,mouse,NCBI:txid10090,Tnnt1-IRES2-CreERT2;Ai82;Ai140,cell morphology,fMOST,VPM,cells,1,SEU-Allen Joint Center,Hanchuan Peng,,zeng_fmost,BIL,/bil/data/biccn/zeng/luo/fmost/mouseID_373368-18455,,,108,Female,,https://download.neuroxiv.org/SEU-A1876/SEU-ALLEN_full_18455_00015_CCFv3.swc,https://neuroxiv.org/?id=SEU-ALLEN_full_18455_00015_CCFv3,6573.95,3525.77,7577.5
18455_00016,18455,mouse,NCBI:txid10090,Tnnt1-IRES2-CreERT2;Ai82;Ai140,cell morphology,fMOST,CP,cells,1,SEU-Allen Joint Center,Hanchuan Peng,,zeng_fmost,BIL,/bil/data/biccn/zeng/luo/fmost/mouseID_373368-18455,,,108,Female,,https://download.neuroxiv.org/SEU-A1876/SEU-ALLEN_full_18455_00016_CCFv3.swc,https://neuroxiv.org/?id=SEU-ALLEN_full_18455_00016_CCFv3,3978.48,3196.27,7165.05
18455_00017,18455,mouse,NCBI:txid10090,Tnnt1-IRES2-CreERT2;Ai82;Ai140,cell morphology,fMOST,LGd,cells,1,SEU-Allen Joint Center,Hanchuan Peng,,zeng_fmost,BIL,/bil/data/biccn/zeng/luo/fmost/mouseID_373368-18455,,,108,Female,,https://download.neuroxiv.org/SEU-A1876/SEU-ALLEN_full_18455_00017_CCFv3.swc,https://neuroxiv.org/?id=SEU-ALLEN_full_18455_00017_CCFv3,8060.92,3420.25,8007.5
18455_00018,18455,mouse,NCBI:txid10090,Tnnt1-IRES2-CreERT2;Ai82;Ai140,cell morphology,fMOST,LGd,cells,1,SEU-Allen Joint Center,Hanchuan Peng,,zeng_fmost,BIL,/bil/data/biccn/zeng/luo/fmost/mouseID_373368-18455,,,108,Female,,https://download.neuroxiv.org/SEU-A1876/SEU-ALLEN_full_18455_00018_CCFv3.swc,https://neuroxiv.org/?id=SEU-ALLEN_full_18455_00018_CCFv3,7286.12,2977.43,7786.25
18455_00019,18455,mouse,NCBI:txid10090,Tnnt1-IRES2-CreERT2;Ai82;Ai140,cell morphology,fMOST,VPL,cells,1,SEU-Allen Joint Center,Hanchuan Peng,,zeng_fmost,BIL,/bil/data/biccn/zeng/luo/fmost/mouseID_373368-18455,,,108,Female,,https://download.neuroxiv.org/SEU-A1876/SEU-ALLEN_full_18455_00019_CCFv3.swc,https://neuroxiv.org/?id=SEU-ALLEN_full_18455_00019_CCFv3,6692.48,3641.55,8027.52
18455_00020,18455,mouse,NCBI:txid10090,Tnnt1-IRES2-CreERT2;Ai82;Ai140,cell morphology,fMOST,VPM,cells,1,SEU-Allen Joint Center,Hanchuan Peng,,zeng_fmost,BIL,/bil/data/biccn/zeng/luo/fmost/mouseID_373368-18455,,,108,Female,,https://download.neuroxiv.org/SEU-A1876/SEU-ALLEN_full_18455_00020_CCFv3.swc,https://neuroxiv.org/?id=SEU-ALLEN_full_18455_00020_CCFv3,6919.08,3655.55,7959.85
18455_00021,18455,mouse,NCBI:txid10090,Tnnt1-IRES2-CreERT2;Ai82;Ai140,cell morphology,fMOST,VPM,cells,1,SEU-Allen Joint Center,Hanchuan Peng,,zeng_fmost,BIL,/bil/data/biccn/zeng/luo/fmost/mouseID_373368-18455,,,108,Female,,https://download.neuroxiv.org/SEU-A1876/SEU-ALLEN_full_18455_00021_CCFv3.swc,https://neuroxiv.org/?id=SEU-ALLEN_full_18455_00021_CCFv3,6936.27,3659.45,7929.62
18455_00022,18455,mouse,NCBI:txid10090,Tnnt1-IRES2-CreERT2;Ai82;Ai140,cell morphology,fMOST,VPM,cells,1,SEU-Allen Joint Center,Hanchuan Peng,,zeng_fmost,BIL,/bil/data/biccn/zeng/luo/fmost/mouseID_373368-18455,,,108,Female,,https://download.neuroxiv.org/SEU-A1876/SEU-ALLEN_full_18455_00022_CCFv3.swc,https://neuroxiv.org/?id=SEU-ALLEN_full_18455_00022_CCFv3,6786.95,3589.35,7629.5
18455_00023,18455,mouse,NCBI:txid10090,Tnnt1-IRES2-CreERT2;Ai82;Ai140,cell morphology,fMOST,PO,cells,1,SEU-Allen Joint Center,Hanchuan Peng,,zeng_fmost,BIL,/bil/data/biccn/zeng/luo/fmost/mouseID_373368-18455,,,108,Female,,https://download.neuroxiv.org/SEU-A1876/SEU-ALLEN_full_18455_00023_CCFv3.swc,https://neuroxiv.org/?id=SEU-ALLEN_full_18455_00023_CCFv3,6734.62,3443.95,7081.33
18455_00026,18455,mouse,NCBI:txid10090,Tnnt1-IRES2-CreERT2;Ai82;Ai140,cell morphology,fMOST,CP,cells,1,SEU-Allen Joint Center,Hanchuan Peng,,zeng_fmost,BIL,/bil/data/biccn/zeng/luo/fmost/mouseID_373368-18455,,,108,Female,,https://download.neuroxiv.org/SEU-A1876/SEU-ALLEN_full_18455_00026_CCFv3.swc,https://neuroxiv.org/?id=SEU-ALLEN_full_18455_00026_CCFv3,5347.88,2712.75,3597.73
18455_00028,18455,mouse,NCBI:txid10090,Tnnt1-IRES2-CreERT2;Ai82;Ai140,cell morphology,fMOST,CP,cells,1,SEU-Allen Joint Center,Hanchuan Peng,,zeng_fmost,BIL,/bil/data/biccn/zeng/luo/fmost/mouseID_373368-18455,,,108,Female,,https://download.neuroxiv.org/SEU-A1876/SEU-ALLEN_full_18455_00028_CCFv3.swc,https://neuroxiv.org/?id=SEU-ALLEN_full_18455_00028_CCFv3,5066.67,2904.6,3150.7
18455_00030,18455,mouse,NCBI:txid10090,Tnnt1-IRES2-CreERT2;Ai82;Ai140,cell morphology,fMOST,CP,cells,1,SEU-Allen Joint Center,Hanchuan Peng,,zeng_fmost,BIL,/bil/data/biccn/zeng/luo/fmost/mouseID_373368-18455,,,108,Female,,https://download.neuroxiv.org/SEU-A1876/SEU-ALLEN_full_18455_00030_CCFv3.swc,https://neuroxiv.org/?id=SEU-ALLEN_full_18455_00030_CCFv3,3729.73,3617.48,3866.25
18455_00031,18455,mouse,NCBI:txid10090,Tnnt1-IRES2-CreERT2;Ai82;Ai140,cell morphology,fMOST,CP,cells,1,SEU-Allen Joint Center,Hanchuan Peng,,zeng_fmost,BIL,/bil/data/biccn/zeng/luo/fmost/mouseID_373368-18455,,,108,Female,,https://download.neuroxiv.org/SEU-A1876/SEU-ALLEN_full_18455_00031_CCFv3.swc,https://neuroxiv.org/?id=SEU-ALLEN_full_18455_00031_CCFv3,4826.5,3258.98,3605.5
18455_00032,18455,mouse,NCBI:txid10090,Tnnt1-IRES2-CreERT2;Ai82;Ai140,cell morphology,fMOST,CP,cells,1,SEU-Allen Joint Center,Hanchuan Peng,,zeng_fmost,BIL,/bil/data/biccn/zeng/luo/fmost/mouseID_373368-18455,,,108,Female,,https://download.neuroxiv.org/SEU-A1876/SEU-ALLEN_full_18455_00032_CCFv3.swc,https://neuroxiv.org/?id=SEU-ALLEN_full_18455_00032_CCFv3,5047.48,3291.75,3433.55
18455_00033,18455,mouse,NCBI:txid10090,Tnnt1-IRES2-CreERT2;Ai82;Ai140,cell morphology,fMOST,CP,cells,1,SEU-Allen Joint Center,Hanchuan Peng,,zeng_fmost,BIL,/bil/data/biccn/zeng/luo/fmost/mouseID_373368-18455,,,108,Female,,https://download.neuroxiv.org/SEU-A1876/SEU-ALLEN_full_18455_00033_CCFv3.swc,https://neuroxiv.org/?id=SEU-ALLEN_full_18455_00033_CCFv3,4475.85,3291.93,3022.23
18455_00036,18455,mouse,NCBI:txid10090,Tnnt1-IRES2-CreERT2;Ai82;Ai140,cell morphology,fMOST,CP,cells,1,SEU-Allen Joint Center,Hanchuan Peng,,zeng_fmost,BIL,/bil/data/biccn/zeng/luo/fmost/mouseID_373368-18455,,,108,Female,,https://download.neuroxiv.org/SEU-A1876/SEU-ALLEN_full_18455_00036_CCFv3.swc,https://neuroxiv.org/?id=SEU-ALLEN_full_18455_00036_CCFv3,4555.73,3707.2,3161.65
18455_00037,18455,mouse,NCBI:txid10090,Tnnt1-IRES2-CreERT2;Ai82;Ai140,cell morphology,fMOST,CP,cells,1,SEU-Allen Joint Center,Hanchuan Peng,,zeng_fmost,BIL,/bil/data/biccn/zeng/luo/fmost/mouseID_373368-18455,,,108,Female,,https://download.neuroxiv.org/SEU-A1876/SEU-ALLEN_full_18455_00037_CCFv3.swc,https://neuroxiv.org/?id=SEU-ALLEN_full_18455_00037_CCFv3,4865.1,3642.45,2637.73
18455_00040,18455,mouse,NCBI:txid10090,Tnnt1-IRES2-CreERT2;Ai82;Ai140,cell morphology,fMOST,CP,cells,1,SEU-Allen Joint Center,Hanchuan Peng,,zeng_fmost,BIL,/bil/data/biccn/zeng/luo/fmost/mouseID_373368-18455,,,108,Female,,https://download.neuroxiv.org/SEU-A1876/SEU-ALLEN_full_18455_00040_CCFv3.swc,https://neuroxiv.org/?id=SEU-ALLEN_full_18455_00040_CCFv3,5886,3090.35,3050.8
18455_00041,18455,mouse,NCBI:txid10090,Tnnt1-IRES2-CreERT2;Ai82;Ai140,cell morphology,fMOST,CP,cells,1,SEU-Allen Joint Center,Hanchuan Peng,,zeng_fmost,BIL,/bil/data/biccn/zeng/luo/fmost/mouseID_373368-18455,,,108,Female,,https://download.neuroxiv.org/SEU-A1876/SEU-ALLEN_full_18455_00041_CCFv3.swc,https://neuroxiv.org/?id=SEU-ALLEN_full_18455_00041_CCFv3,6511.98,3516.95,2294.45
18455_00042,18455,mouse,NCBI:txid10090,Tnnt1-IRES2-CreERT2;Ai82;Ai140,cell morphology,fMOST,LGd,cells,1,SEU-Allen Joint Center,Hanchuan Peng,,zeng_fmost,BIL,/bil/data/biccn/zeng/luo/fmost/mouseID_373368-18455,,,108,Female,,https://download.neuroxiv.org/SEU-A1876/SEU-ALLEN_full_18455_00042_CCFv3.swc,https://neuroxiv.org/?id=SEU-ALLEN_full_18455_00042_CCFv3,7208.62,3035.12,3412.12
18455_00043,18455,mouse,NCBI:txid10090,Tnnt1-IRES2-CreERT2;Ai82;Ai140,cell morphology,fMOST,LGd,cells,1,SEU-Allen Joint Center,Hanchuan Peng,,zeng_fmost,BIL,/bil/data/biccn/zeng/luo/fmost/mouseID_373368-18455,,,108,Female,,https://download.neuroxiv.org/SEU-A1876/SEU-ALLEN_full_18455_00043_CCFv3.swc,https://neuroxiv.org/?id=SEU-ALLEN_full_18455_00043_CCFv3,7757.88,3147.3,3132.73
18455_00044,18455,mouse,NCBI:txid10090,Tnnt1-IRES2-CreERT2;Ai82;Ai140,cell morphology,fMOST,LGd,cells,1,SEU-Allen Joint Center,Hanchuan Peng,,zeng_fmost,BIL,/bil/data/biccn/zeng/luo/fmost/mouseID_373368-18455,,,108,Female,,https://download.neuroxiv.org/SEU-A1876/SEU-ALLEN_full_18455_00044_CCFv3.swc,https://neuroxiv.org/?id=SEU-ALLEN_full_18455_00044_CCFv3,7786.15,3135.02,3374.55
18455_00045,18455,mouse,NCBI:txid10090,Tnnt1-IRES2-CreERT2;Ai82;Ai140,cell morphology,fMOST,LGd,cells,1,SEU-Allen Joint Center,Hanchuan Peng,,zeng_fmost,BIL,/bil/data/biccn/zeng/luo/fmost/mouseID_373368-18455,,,108,Female,,https://download.neuroxiv.org/SEU-A1876/SEU-ALLEN_full_18455_00045_CCFv3.swc,https://neuroxiv.org/?id=SEU-ALLEN_full_18455_00045_CCFv3,7821.12,3314.73,3338.23
18455_00046,18455,mouse,NCBI:txid10090,Tnnt1-IRES2-CreERT2;Ai82;Ai140,cell morphology,fMOST,LGd,cells,1,SEU-Allen Joint Center,Hanchuan Peng,,zeng_fmost,BIL,/bil/data/biccn/zeng/luo/fmost/mouseID_373368-18455,,,108,Female,,https://download.neuroxiv.org/SEU-A1876/SEU-ALLEN_full_18455_00046_CCFv3.swc,https://neuroxiv.org/?id=SEU-ALLEN_full_18455_00046_CCFv3,7698.12,3455.32,3014.98
18455_00047,18455,mouse,NCBI:txid10090,Tnnt1-IRES2-CreERT2;Ai82;Ai140,cell morphology,fMOST,VPM,cells,1,SEU-Allen Joint Center,Hanchuan Peng,,zeng_fmost,BIL,/bil/data/biccn/zeng/luo/fmost/mouseID_373368-18455,,,108,Female,,https://download.neuroxiv.org/SEU-A1876/SEU-ALLEN_full_18455_00047_CCFv3.swc,https://neuroxiv.org/?id=SEU-ALLEN_full_18455_00047_CCFv3,6997.45,3559.77,3716.6
18455_00048,18455,mouse,NCBI:txid10090,Tnnt1-IRES2-CreERT2;Ai82;Ai140,cell morphology,fMOST,VPM,cells,1,SEU-Allen Joint Center,Hanchuan Peng,,zeng_fmost,BIL,/bil/data/biccn/zeng/luo/fmost/mouseID_373368-18455,,,108,Female,,https://download.neuroxiv.org/SEU-A1876/SEU-ALLEN_full_18455_00048_CCFv3.swc,https://neuroxiv.org/?id=SEU-ALLEN_full_18455_00048_CCFv3,7438.7,3614.12,3745.05
18455_00049,18455,mouse,NCBI:txid10090,Tnnt1-IRES2-CreERT2;Ai82;Ai140,cell morphology,fMOST,VPM,cells,1,SEU-Allen Joint Center,Hanchuan Peng,,zeng_fmost,BIL,/bil/data/biccn/zeng/luo/fmost/mouseID_373368-18455,,,108,Female,,https://download.neuroxiv.org/SEU-A1876/SEU-ALLEN_full_18455_00049_CCFv3.swc,https://neuroxiv.org/?id=SEU-ALLEN_full_18455_00049_CCFv3,7078.77,3749.07,3273.2
18455_00050,18455,mouse,NCBI:txid10090,Tnnt1-IRES2-CreERT2;Ai82;Ai140,cell morphology,fMOST,MG,cells,1,SEU-Allen Joint Center,Hanchuan Peng,,zeng_fmost,BIL,/bil/data/biccn/zeng/luo/fmost/mouseID_373368-18455,,,108,Female,,https://download.neuroxiv.org/SEU-A1876/SEU-ALLEN_full_18455_00050_CCFv3.swc,https://neuroxiv.org/?id=SEU-ALLEN_full_18455_00050_CCFv3,8241.65,3540.25,3357.45
18455_00106,18455,mouse,NCBI:txid10090,Tnnt1-IRES2-CreERT2;Ai82;Ai140,cell morphology,fMOST,CP,cells,1,SEU-Allen Joint Center,Hanchuan Peng,,zeng_fmost,BIL,/bil/data/biccn/zeng/luo/fmost/mouseID_373368-18455,,,108,Female,,https://download.neuroxiv.org/SEU-A1876/SEU-ALLEN_full_18455_00106_CCFv3.swc,https://neuroxiv.org/?id=SEU-ALLEN_full_18455_00106_CCFv3,4503.42,3720.3,8396.12
18455_00110,18455,mouse,NCBI:txid10090,Tnnt1-IRES2-CreERT2;Ai82;Ai140,cell morphology,fMOST,CP,cells,1,SEU-Allen Joint Center,Hanchuan Peng,,zeng_fmost,BIL,/bil/data/biccn/zeng/luo/fmost/mouseID_373368-18455,,,108,Female,,https://download.neuroxiv.org/SEU-A1876/SEU-ALLEN_full_18455_00110_CCFv3.swc,https://neuroxiv.org/?id=SEU-ALLEN_full_18455_00110_CCFv3,4436.73,4146.05,8784.67
18455_00119,18455,mouse,NCBI:txid10090,Tnnt1-IRES2-CreERT2;Ai82;Ai140,cell morphology,fMOST,CP,cells,1,SEU-Allen Joint Center,Hanchuan Peng,,zeng_fmost,BIL,/bil/data/biccn/zeng/luo/fmost/mouseID_373368-18455,,,108,Female,,https://download.neuroxiv.org/SEU-A1876/SEU-ALLEN_full_18455_00119_CCFv3.swc,https://neuroxiv.org/?id=SEU-ALLEN_full_18455_00119_CCFv3,5389.65,4191.75,8469.45
18455_00120,18455,mouse,NCBI:txid10090,Tnnt1-IRES2-CreERT2;Ai82;Ai140,cell morphology,fMOST,VPL,cells,1,SEU-Allen Joint Center,Hanchuan Peng,,zeng_fmost,BIL,/bil/data/biccn/zeng/luo/fmost/mouseID_373368-18455,,,108,Female,,https://download.neuroxiv.org/SEU-A1876/SEU-ALLEN_full_18455_00120_CCFv3.swc,https://neuroxiv.org/?id=SEU-ALLEN_full_18455_00120_CCFv3,6624.05,3862.75,7955.65
18455_00121,18455,mouse,NCBI:txid10090,Tnnt1-IRES2-CreERT2;Ai82;Ai140,cell morphology,fMOST,VPM,cells,1,SEU-Allen Joint Center,Hanchuan Peng,,zeng_fmost,BIL,/bil/data/biccn/zeng/luo/fmost/mouseID_373368-18455,,,108,Female,,https://download.neuroxiv.org/SEU-A1876/SEU-ALLEN_full_18455_00121_CCFv3.swc,https://neuroxiv.org/?id=SEU-ALLEN_full_18455_00121_CCFv3,6571.95,3922.62,7896.27
18455_00122,18455,mouse,NCBI:txid10090,Tnnt1-IRES2-CreERT2;Ai82;Ai140,cell morphology,fMOST,VPM,cells,1,SEU-Allen Joint Center,Hanchuan Peng,,zeng_fmost,BIL,/bil/data/biccn/zeng/luo/fmost/mouseID_373368-18455,,,108,Female,,https://download.neuroxiv.org/SEU-A1876/SEU-ALLEN_full_18455_00122_CCFv3.swc,https://neuroxiv.org/?id=SEU-ALLEN_full_18455_00122_CCFv3,6596.23,3761.2,7525.75
18455_00123,18455,mouse,NCBI:txid10090,Tnnt1-IRES2-CreERT2;Ai82;Ai140,cell morphology,fMOST,PO,cells,1,SEU-Allen Joint Center,Hanchuan Peng,,zeng_fmost,BIL,/bil/data/biccn/zeng/luo/fmost/mouseID_373368-18455,,,108,Female,,https://download.neuroxiv.org/SEU-A1876/SEU-ALLEN_full_18455_00123_CCFv3.swc,https://neuroxiv.org/?id=SEU-ALLEN_full_18455_00123_CCFv3,6532.92,3771.02,7281.58
18455_00124,18455,mouse,NCBI:txid10090,Tnnt1-IRES2-CreERT2;Ai82;Ai140,cell morphology,fMOST,PO,cells,1,SEU-Allen Joint Center,Hanchuan Peng,,zeng_fmost,BIL,/bil/data/biccn/zeng/luo/fmost/mouseID_373368-18455,,,108,Female,,https://download.neuroxiv.org/SEU-A1876/SEU-ALLEN_full_18455_00124_CCFv3.swc,https://neuroxiv.org/?id=SEU-ALLEN_full_18455_00124_CCFv3,6360.62,4096.2,7235.12
18455_00125,18455,mouse,NCBI:txid10090,Tnnt1-IRES2-CreERT2;Ai82;Ai140,cell morphology,fMOST,VPL,cells,1,SEU-Allen Joint Center,Hanchuan Peng,,zeng_fmost,BIL,/bil/data/biccn/zeng/luo/fmost/mouseID_373368-18455,,,108,Female,,https://download.neuroxiv.org/SEU-A1876/SEU-ALLEN_full_18455_00125_CCFv3.swc,https://neuroxiv.org/?id=SEU-ALLEN_full_18455_00125_CCFv3,6599.83,4615.12,7466.95
18455_00126,18455,mouse,NCBI:txid10090,Tnnt1-IRES2-CreERT2;Ai82;Ai140,cell morphology,fMOST,PVT,cells,1,SEU-Allen Joint Center,Hanchuan Peng,,zeng_fmost,BIL,/bil/data/biccn/zeng/luo/fmost/mouseID_373368-18455,,,108,Female,,https://download.neuroxiv.org/SEU-A1876/SEU-ALLEN_full_18455_00126_CCFv3.swc,https://neuroxiv.org/?id=SEU-ALLEN_full_18455_00126_CCFv3,5897.33,4241.62,5578.7
18455_00127,18455,mouse,NCBI:txid10090,Tnnt1-IRES2-CreERT2;Ai82;Ai140,cell morphology,fMOST,CM,cells,1,SEU-Allen Joint Center,Hanchuan Peng,,zeng_fmost,BIL,/bil/data/biccn/zeng/luo/fmost/mouseID_373368-18455,,,108,Female,,https://download.neuroxiv.org/SEU-A1876/SEU-ALLEN_full_18455_00127_CCFv3.swc,https://neuroxiv.org/?id=SEU-ALLEN_full_18455_00127_CCFv3,5986.42,4492.65,5590.7
18455_00132,18455,mouse,NCBI:txid10090,Tnnt1-IRES2-CreERT2;Ai82;Ai140,cell morphology,fMOST,SMT,cells,1,SEU-Allen Joint Center,Hanchuan Peng,,zeng_fmost,BIL,/bil/data/biccn/zeng/luo/fmost/mouseID_373368-18455,,,108,Female,,https://download.neuroxiv.org/SEU-A1876/SEU-ALLEN_full_18455_00132_CCFv3.swc,https://neuroxiv.org/?id=SEU-ALLEN_full_18455_00132_CCFv3,6245.92,4864.15,5992.83
18455_00133,18455,mouse,NCBI:txid10090,Tnnt1-IRES2-CreERT2;Ai82;Ai140,cell morphology,fMOST,SMT,cells,1,SEU-Allen Joint Center,Hanchuan Peng,,zeng_fmost,BIL,/bil/data/biccn/zeng/luo/fmost/mouseID_373368-18455,,,108,Female,,https://download.neuroxiv.org/SEU-A1876/SEU-ALLEN_full_18455_00133_CCFv3.swc,https://neuroxiv.org/?id=SEU-ALLEN_full_18455_00133_CCFv3,6431.2,4863.3,5873
18455_00134,18455,mouse,NCBI:txid10090,Tnnt1-IRES2-CreERT2;Ai82;Ai140,cell morphology,fMOST,RE,cells,1,SEU-Allen Joint Center,Hanchuan Peng,,zeng_fmost,BIL,/bil/data/biccn/zeng/luo/fmost/mouseID_373368-18455,,,108,Female,,https://download.neuroxiv.org/SEU-A1876/SEU-ALLEN_full_18455_00134_CCFv3.swc,https://neuroxiv.org/?id=SEU-ALLEN_full_18455_00134_CCFv3,6376.17,4804,5763.83
18455_00135,18455,mouse,NCBI:txid10090,Tnnt1-IRES2-CreERT2;Ai82;Ai140,cell morphology,fMOST,CP,cells,1,SEU-Allen Joint Center,Hanchuan Peng,,zeng_fmost,BIL,/bil/data/biccn/zeng/luo/fmost/mouseID_373368-18455,,,108,Female,,https://download.neuroxiv.org/SEU-A1876/SEU-ALLEN_full_18455_00135_CCFv3.swc,https://neuroxiv.org/?id=SEU-ALLEN_full_18455_00135_CCFv3,6856.48,4310.67,9269.65
18455_00136,18455,mouse,NCBI:txid10090,Tnnt1-IRES2-CreERT2;Ai82;Ai140,cell morphology,fMOST,VPM,cells,1,SEU-Allen Joint Center,Hanchuan Peng,,zeng_fmost,BIL,/bil/data/biccn/zeng/luo/fmost/mouseID_373368-18455,,,108,Female,,https://download.neuroxiv.org/SEU-A1876/SEU-ALLEN_full_18455_00136_CCFv3.swc,https://neuroxiv.org/?id=SEU-ALLEN_full_18455_00136_CCFv3,6933.77,3788.27,7960.2
18455_00137,18455,mouse,NCBI:txid10090,Tnnt1-IRES2-CreERT2;Ai82;Ai140,cell morphology,fMOST,VPM,cells,1,SEU-Allen Joint Center,Hanchuan Peng,,zeng_fmost,BIL,/bil/data/biccn/zeng/luo/fmost/mouseID_373368-18455,,,108,Female,,https://download.neuroxiv.org/SEU-A1876/SEU-ALLEN_full_18455_00137_CCFv3.swc,https://neuroxiv.org/?id=SEU-ALLEN_full_18455_00137_CCFv3,6683.6,3875.55,7939
18455_00138,18455,mouse,NCBI:txid10090,Tnnt1-IRES2-CreERT2;Ai82;Ai140,cell morphology,fMOST,VPM,cells,1,SEU-Allen Joint Center,Hanchuan Peng,,zeng_fmost,BIL,/bil/data/biccn/zeng/luo/fmost/mouseID_373368-18455,,,108,Female,,https://download.neuroxiv.org/SEU-A1876/SEU-ALLEN_full_18455_00138_CCFv3.swc,https://neuroxiv.org/?id=SEU-ALLEN_full_18455_00138_CCFv3,6976.3,3756.12,8069.9
18455_00139,18455,mouse,NCBI:txid10090,Tnnt1-IRES2-CreERT2;Ai82;Ai140,cell morphology,fMOST,VPM,cells,1,SEU-Allen Joint Center,Hanchuan Peng,,zeng_fmost,BIL,/bil/data/biccn/zeng/luo/fmost/mouseID_373368-18455,,,108,Female,,https://download.neuroxiv.org/SEU-A1876/SEU-ALLEN_full_18455_00139_CCFv3.swc,https://neuroxiv.org/?id=SEU-ALLEN_full_18455_00139_CCFv3,6732.73,3963.9,7859.75
18455_00140,18455,mouse,NCBI:txid10090,Tnnt1-IRES2-CreERT2;Ai82;Ai140,cell morphology,fMOST,VPM,cells,1,SEU-Allen Joint Center,Hanchuan Peng,,zeng_fmost,BIL,/bil/data/biccn/zeng/luo/fmost/mouseID_373368-18455,,,108,Female,,https://download.neuroxiv.org/SEU-A1876/SEU-ALLEN_full_18455_00140_CCFv3.swc,https://neuroxiv.org/?id=SEU-ALLEN_full_18455_00140_CCFv3,6645.23,3731.2,7854.1
18455_00142,18455,mouse,NCBI:txid10090,Tnnt1-IRES2-CreERT2;Ai82;Ai140,cell morphology,fMOST,VPM,cells,1,SEU-Allen Joint Center,Hanchuan Peng,,zeng_fmost,BIL,/bil/data/biccn/zeng/luo/fmost/mouseID_373368-18455,,,108,Female,,https://download.neuroxiv.org/SEU-A1876/SEU-ALLEN_full_18455_00142_CCFv3.swc,https://neuroxiv.org/?id=SEU-ALLEN_full_18455_00142_CCFv3,6827.27,3867.43,7632.62
18455_00143,18455,mouse,NCBI:txid10090,Tnnt1-IRES2-CreERT2;Ai82;Ai140,cell morphology,fMOST,VPM,cells,1,SEU-Allen Joint Center,Hanchuan Peng,,zeng_fmost,BIL,/bil/data/biccn/zeng/luo/fmost/mouseID_373368-18455,,,108,Female,,https://download.neuroxiv.org/SEU-A1876/SEU-ALLEN_full_18455_00143_CCFv3.swc,https://neuroxiv.org/?id=SEU-ALLEN_full_18455_00143_CCFv3,7042.67,3786.65,7756.38
18455_00144,18455,mouse,NCBI:txid10090,Tnnt1-IRES2-CreERT2;Ai82;Ai140,cell morphology,fMOST,VPM,cells,1,SEU-Allen Joint Center,Hanchuan Peng,,zeng_fmost,BIL,/bil/data/biccn/zeng/luo/fmost/mouseID_373368-18455,,,108,Female,,https://download.neuroxiv.org/SEU-A1876/SEU-ALLEN_full_18455_00144_CCFv3.swc,https://neuroxiv.org/?id=SEU-ALLEN_full_18455_00144_CCFv3,7090.85,3855.57,7617.62
18455_00145,18455,mouse,NCBI:txid10090,Tnnt1-IRES2-CreERT2;Ai82;Ai140,cell morphology,fMOST,VPM,cells,1,SEU-Allen Joint Center,Hanchuan Peng,,zeng_fmost,BIL,/bil/data/biccn/zeng/luo/fmost/mouseID_373368-18455,,,108,Female,,https://download.neuroxiv.org/SEU-A1876/SEU-ALLEN_full_18455_00145_CCFv3.swc,https://neuroxiv.org/?id=SEU-ALLEN_full_18455_00145_CCFv3,6717,4181.98,7666.02
18455_00146,18455,mouse,NCBI:txid10090,Tnnt1-IRES2-CreERT2;Ai82;Ai140,cell morphology,fMOST,VPM,cells,1,SEU-Allen Joint Center,Hanchuan Peng,,zeng_fmost,BIL,/bil/data/biccn/zeng/luo/fmost/mouseID_373368-18455,,,108,Female,,https://download.neuroxiv.org/SEU-A1876/SEU-ALLEN_full_18455_00146_CCFv3.swc,https://neuroxiv.org/?id=SEU-ALLEN_full_18455_00146_CCFv3,6740.58,4109.62,7517.73
18455_00147,18455,mouse,NCBI:txid10090,Tnnt1-IRES2-CreERT2;Ai82;Ai140,cell morphology,fMOST,VPM,cells,1,SEU-Allen Joint Center,Hanchuan Peng,,zeng_fmost,BIL,/bil/data/biccn/zeng/luo/fmost/mouseID_373368-18455,,,108,Female,,https://download.neuroxiv.org/SEU-A1876/SEU-ALLEN_full_18455_00147_CCFv3.swc,https://neuroxiv.org/?id=SEU-ALLEN_full_18455_00147_CCFv3,6642.62,4156.85,7526.62
18455_00148,18455,mouse,NCBI:txid10090,Tnnt1-IRES2-CreERT2;Ai82;Ai140,cell morphology,fMOST,VPM,cells,1,SEU-Allen Joint Center,Hanchuan Peng,,zeng_fmost,BIL,/bil/data/biccn/zeng/luo/fmost/mouseID_373368-18455,,,108,Female,,https://download.neuroxiv.org/SEU-A1876/SEU-ALLEN_full_18455_00148_CCFv3.swc,https://neuroxiv.org/?id=SEU-ALLEN_full_18455_00148_CCFv3,6668.92,4133.55,7433.6
18455_00150,18455,mouse,NCBI:txid10090,Tnnt1-IRES2-CreERT2;Ai82;Ai140,cell morphology,fMOST,VPM,cells,1,SEU-Allen Joint Center,Hanchuan Peng,,zeng_fmost,BIL,/bil/data/biccn/zeng/luo/fmost/mouseID_373368-18455,,,108,Female,,https://download.neuroxiv.org/SEU-A1876/SEU-ALLEN_full_18455_00150_CCFv3.swc,https://neuroxiv.org/?id=SEU-ALLEN_full_18455_00150_CCFv3,6938.27,4456.7,7102.62
18455_00152,18455,mouse,NCBI:txid10090,Tnnt1-IRES2-CreERT2;Ai82;Ai140,cell morphology,fMOST,VPL,cells,1,SEU-Allen Joint Center,Hanchuan Peng,,zeng_fmost,BIL,/bil/data/biccn/zeng/luo/fmost/mouseID_373368-18455,,,108,Female,,https://download.neuroxiv.org/SEU-A1876/SEU-ALLEN_full_18455_00152_CCFv3.swc,https://neuroxiv.org/?id=SEU-ALLEN_full_18455_00152_CCFv3,6774.15,4499.6,7749.62
18455_00153,18455,mouse,NCBI:txid10090,Tnnt1-IRES2-CreERT2;Ai82;Ai140,cell morphology,fMOST,VPL,cells,1,SEU-Allen Joint Center,Hanchuan Peng,,zeng_fmost,BIL,/bil/data/biccn/zeng/luo/fmost/mouseID_373368-18455,,,108,Female,,https://download.neuroxiv.org/SEU-A1876/SEU-ALLEN_full_18455_00153_CCFv3.swc,https://neuroxiv.org/?id=SEU-ALLEN_full_18455_00153_CCFv3,6730.65,4540.08,7611
18455_00154,18455,mouse,NCBI:txid10090,Tnnt1-IRES2-CreERT2;Ai82;Ai140,cell morphology,fMOST,VPM,cells,1,SEU-Allen Joint Center,Hanchuan Peng,,zeng_fmost,BIL,/bil/data/biccn/zeng/luo/fmost/mouseID_373368-18455,,,108,Female,,https://download.neuroxiv.org/SEU-A1876/SEU-ALLEN_full_18455_00154_CCFv3.swc,https://neuroxiv.org/?id=SEU-ALLEN_full_18455_00154_CCFv3,6844,4508.67,7299.23
18455_00158,18455,mouse,NCBI:txid10090,Tnnt1-IRES2-CreERT2;Ai82;Ai140,cell morphology,fMOST,VPMpc,cells,1,SEU-Allen Joint Center,Hanchuan Peng,,zeng_fmost,BIL,/bil/data/biccn/zeng/luo/fmost/mouseID_373368-18455,,,108,Female,,https://download.neuroxiv.org/SEU-A1876/SEU-ALLEN_full_18455_00158_CCFv3.swc,https://neuroxiv.org/?id=SEU-ALLEN_full_18455_00158_CCFv3,7315.1,4272.58,6930.12
18455_00159,18455,mouse,NCBI:txid10090,Tnnt1-IRES2-CreERT2;Ai82;Ai140,cell morphology,fMOST,VPM,cells,1,SEU-Allen Joint Center,Hanchuan Peng,,zeng_fmost,BIL,/bil/data/biccn/zeng/luo/fmost/mouseID_373368-18455,,,108,Female,,https://download.neuroxiv.org/SEU-A1876/SEU-ALLEN_full_18455_00159_CCFv3.swc,https://neuroxiv.org/?id=SEU-ALLEN_full_18455_00159_CCFv3,6839.15,4485.58,6910.1
18455_00163,18455,mouse,NCBI:txid10090,Tnnt1-IRES2-CreERT2;Ai82;Ai140,cell morphology,fMOST,MD,cells,1,SEU-Allen Joint Center,Hanchuan Peng,,zeng_fmost,BIL,/bil/data/biccn/zeng/luo/fmost/mouseID_373368-18455,,,108,Female,,https://download.neuroxiv.org/SEU-A1876/SEU-ALLEN_full_18455_00163_CCFv3.swc,https://neuroxiv.org/?id=SEU-ALLEN_full_18455_00163_CCFv3,6606.17,3804.4,5269.1
18455_00165,18455,mouse,NCBI:txid10090,Tnnt1-IRES2-CreERT2;Ai82;Ai140,cell morphology,fMOST,MD,cells,1,SEU-Allen Joint Center,Hanchuan Peng,,zeng_fmost,BIL,/bil/data/biccn/zeng/luo/fmost/mouseID_373368-18455,,,108,Female,,https://download.neuroxiv.org/SEU-A1876/SEU-ALLEN_full_18455_00165_CCFv3.swc,https://neuroxiv.org/?id=SEU-ALLEN_full_18455_00165_CCFv3,5965.3,4221.58,5413.15
18455_00172,18455,mouse,NCBI:txid10090,Tnnt1-IRES2-CreERT2;Ai82;Ai140,cell morphology,fMOST,CP,cells,1,SEU-Allen Joint Center,Hanchuan Peng,,zeng_fmost,BIL,/bil/data/biccn/zeng/luo/fmost/mouseID_373368-18455,,,108,Female,,https://download.neuroxiv.org/SEU-A1876/SEU-ALLEN_full_18455_00172_CCFv3.swc,https://neuroxiv.org/?id=SEU-ALLEN_full_18455_00172_CCFv3,4771.08,4162.9,4124.83
18455_00180,18455,mouse,NCBI:txid10090,Tnnt1-IRES2-CreERT2;Ai82;Ai140,cell morphology,fMOST,CP,cells,1,SEU-Allen Joint Center,Hanchuan Peng,,zeng_fmost,BIL,/bil/data/biccn/zeng/luo/fmost/mouseID_373368-18455,,,108,Female,,https://download.neuroxiv.org/SEU-A1876/SEU-ALLEN_full_18455_00180_CCFv3.swc,https://neuroxiv.org/?id=SEU-ALLEN_full_18455_00180_CCFv3,3879.98,4354.27,2868.82
18455_00181,18455,mouse,NCBI:txid10090,Tnnt1-IRES2-CreERT2;Ai82;Ai140,cell morphology,fMOST,CP,cells,1,SEU-Allen Joint Center,Hanchuan Peng,,zeng_fmost,BIL,/bil/data/biccn/zeng/luo/fmost/mouseID_373368-18455,,,108,Female,,https://download.neuroxiv.org/SEU-A1876/SEU-ALLEN_full_18455_00181_CCFv3.swc,https://neuroxiv.org/?id=SEU-ALLEN_full_18455_00181_CCFv3,3800.38,4531.85,3066.12
18455_00182,18455,mouse,NCBI:txid10090,Tnnt1-IRES2-CreERT2;Ai82;Ai140,cell morphology,fMOST,CP,cells,1,SEU-Allen Joint Center,Hanchuan Peng,,zeng_fmost,BIL,/bil/data/biccn/zeng/luo/fmost/mouseID_373368-18455,,,108,Female,,https://download.neuroxiv.org/SEU-A1876/SEU-ALLEN_full_18455_00182_CCFv3.swc,https://neuroxiv.org/?id=SEU-ALLEN_full_18455_00182_CCFv3,4790.45,4264.45,2858.52
18455_00199,18455,mouse,NCBI:txid10090,Tnnt1-IRES2-CreERT2;Ai82;Ai140,cell morphology,fMOST,VPM,cells,1,SEU-Allen Joint Center,Hanchuan Peng,,zeng_fmost,BIL,/bil/data/biccn/zeng/luo/fmost/mouseID_373368-18455,,,108,Female,,https://download.neuroxiv.org/SEU-A1876/SEU-ALLEN_full_18455_00199_CCFv3.swc,https://neuroxiv.org/?id=SEU-ALLEN_full_18455_00199_CCFv3,6762.52,3970.45,4298.77
18455_00200,18455,mouse,NCBI:txid10090,Tnnt1-IRES2-CreERT2;Ai82;Ai140,cell morphology,fMOST,VPM,cells,1,SEU-Allen Joint Center,Hanchuan Peng,,zeng_fmost,BIL,/bil/data/biccn/zeng/luo/fmost/mouseID_373368-18455,,,108,Female,,https://download.neuroxiv.org/SEU-A1876/SEU-ALLEN_full_18455_00200_CCFv3.swc,https://neuroxiv.org/?id=SEU-ALLEN_full_18455_00200_CCFv3,6604.7,4053.35,3906.25
18455_00201,18455,mouse,NCBI:txid10090,Tnnt1-IRES2-CreERT2;Ai82;Ai140,cell morphology,fMOST,VPM,cells,1,SEU-Allen Joint Center,Hanchuan Peng,,zeng_fmost,BIL,/bil/data/biccn/zeng/luo/fmost/mouseID_373368-18455,,,108,Female,,https://download.neuroxiv.org/SEU-A1876/SEU-ALLEN_full_18455_00201_CCFv3.swc,https://neuroxiv.org/?id=SEU-ALLEN_full_18455_00201_CCFv3,6686.98,4030.25,3945.07
18455_00202,18455,mouse,NCBI:txid10090,Tnnt1-IRES2-CreERT2;Ai82;Ai140,cell morphology,fMOST,VPM,cells,1,SEU-Allen Joint Center,Hanchuan Peng,,zeng_fmost,BIL,/bil/data/biccn/zeng/luo/fmost/mouseID_373368-18455,,,108,Female,,https://download.neuroxiv.org/SEU-A1876/SEU-ALLEN_full_18455_00202_CCFv3.swc,https://neuroxiv.org/?id=SEU-ALLEN_full_18455_00202_CCFv3,6584.88,3837,3865.05
18455_00203,18455,mouse,NCBI:txid10090,Tnnt1-IRES2-CreERT2;Ai82;Ai140,cell morphology,fMOST,VPM,cells,1,SEU-Allen Joint Center,Hanchuan Peng,,zeng_fmost,BIL,/bil/data/biccn/zeng/luo/fmost/mouseID_373368-18455,,,108,Female,,https://download.neuroxiv.org/SEU-A1876/SEU-ALLEN_full_18455_00203_CCFv3.swc,https://neuroxiv.org/?id=SEU-ALLEN_full_18455_00203_CCFv3,6678.4,3893.4,3815.12
18455_00204,18455,mouse,NCBI:txid10090,Tnnt1-IRES2-CreERT2;Ai82;Ai140,cell morphology,fMOST,VPM,cells,1,SEU-Allen Joint Center,Hanchuan Peng,,zeng_fmost,BIL,/bil/data/biccn/zeng/luo/fmost/mouseID_373368-18455,,,108,Female,,https://download.neuroxiv.org/SEU-A1876/SEU-ALLEN_full_18455_00204_CCFv3.swc,https://neuroxiv.org/?id=SEU-ALLEN_full_18455_00204_CCFv3,6794.48,3774.62,3397.12
18455_00205,18455,mouse,NCBI:txid10090,Tnnt1-IRES2-CreERT2;Ai82;Ai140,cell morphology,fMOST,VPL,cells,1,SEU-Allen Joint Center,Hanchuan Peng,,zeng_fmost,BIL,/bil/data/biccn/zeng/luo/fmost/mouseID_373368-18455,,,108,Female,,https://download.neuroxiv.org/SEU-A1876/SEU-ALLEN_full_18455_00205_CCFv3.swc,https://neuroxiv.org/?id=SEU-ALLEN_full_18455_00205_CCFv3,6600.67,3798.8,3427.25
18455_00206,18455,mouse,NCBI:txid10090,Tnnt1-IRES2-CreERT2;Ai82;Ai140,cell morphology,fMOST,VPM,cells,1,SEU-Allen Joint Center,Hanchuan Peng,,zeng_fmost,BIL,/bil/data/biccn/zeng/luo/fmost/mouseID_373368-18455,,,108,Female,,https://download.neuroxiv.org/SEU-A1876/SEU-ALLEN_full_18455_00206_CCFv3.swc,https://neuroxiv.org/?id=SEU-ALLEN_full_18455_00206_CCFv3,6796.38,3997.07,3434.4
18455_00208,18455,mouse,NCBI:txid10090,Tnnt1-IRES2-CreERT2;Ai82;Ai140,cell morphology,fMOST,VPM,cells,1,SEU-Allen Joint Center,Hanchuan Peng,,zeng_fmost,BIL,/bil/data/biccn/zeng/luo/fmost/mouseID_373368-18455,,,108,Female,,https://download.neuroxiv.org/SEU-A1876/SEU-ALLEN_full_18455_00208_CCFv3.swc,https://neuroxiv.org/?id=SEU-ALLEN_full_18455_00208_CCFv3,6569.77,4217.08,3948.77
18455_00210,18455,mouse,NCBI:txid10090,Tnnt1-IRES2-CreERT2;Ai82;Ai140,cell morphology,fMOST,VPM,cells,1,SEU-Allen Joint Center,Hanchuan Peng,,zeng_fmost,BIL,/bil/data/biccn/zeng/luo/fmost/mouseID_373368-18455,,,108,Female,,https://download.neuroxiv.org/SEU-A1876/SEU-ALLEN_full_18455_00210_CCFv3.swc,https://neuroxiv.org/?id=SEU-ALLEN_full_18455_00210_CCFv3,6640.38,4539,4122.45
18455_00220,18455,mouse,NCBI:txid10090,Tnnt1-IRES2-CreERT2;Ai82;Ai140,cell morphology,fMOST,CP,cells,1,SEU-Allen Joint Center,Hanchuan Peng,,zeng_fmost,BIL,/bil/data/biccn/zeng/luo/fmost/mouseID_373368-18455,,,108,Female,,https://download.neuroxiv.org/SEU-A1876/SEU-ALLEN_full_18455_00220_CCFv3.swc,https://neuroxiv.org/?id=SEU-ALLEN_full_18455_00220_CCFv3,5320.85,5098.42,2689.6
18455_00224,18455,mouse,NCBI:txid10090,Tnnt1-IRES2-CreERT2;Ai82;Ai140,cell morphology,fMOST,CP,cells,1,SEU-Allen Joint Center,Hanchuan Peng,,zeng_fmost,BIL,/bil/data/biccn/zeng/luo/fmost/mouseID_373368-18455,,,108,Female,,https://download.neuroxiv.org/SEU-A1876/SEU-ALLEN_full_18455_00224_CCFv3.swc,https://neuroxiv.org/?id=SEU-ALLEN_full_18455_00224_CCFv3,4922.58,4330.75,2309.55
18455_00240,18455,mouse,NCBI:txid10090,Tnnt1-IRES2-CreERT2;Ai82;Ai140,cell morphology,fMOST,CP,cells,1,SEU-Allen Joint Center,Hanchuan Peng,,zeng_fmost,BIL,/bil/data/biccn/zeng/luo/fmost/mouseID_373368-18455,,,108,Female,,https://download.neuroxiv.org/SEU-A1876/SEU-ALLEN_full_18455_00240_CCFv3.swc,https://neuroxiv.org/?id=SEU-ALLEN_full_18455_00240_CCFv3,5540.27,3948.43,2629.4
18455_00252,18455,mouse,NCBI:txid10090,Tnnt1-IRES2-CreERT2;Ai82;Ai140,cell morphology,fMOST,VPM,cells,1,SEU-Allen Joint Center,Hanchuan Peng,,zeng_fmost,BIL,/bil/data/biccn/zeng/luo/fmost/mouseID_373368-18455,,,108,Female,,https://download.neuroxiv.org/SEU-A1876/SEU-ALLEN_full_18455_00252_CCFv3.swc,https://neuroxiv.org/?id=SEU-ALLEN_full_18455_00252_CCFv3,7082.48,3774.55,4032.2
18455_00253,18455,mouse,NCBI:txid10090,Tnnt1-IRES2-CreERT2;Ai82;Ai140,cell morphology,fMOST,VPM,cells,1,SEU-Allen Joint Center,Hanchuan Peng,,zeng_fmost,BIL,/bil/data/biccn/zeng/luo/fmost/mouseID_373368-18455,,,108,Female,,https://download.neuroxiv.org/SEU-A1876/SEU-ALLEN_full_18455_00253_CCFv3.swc,https://neuroxiv.org/?id=SEU-ALLEN_full_18455_00253_CCFv3,7174.73,3835.35,4045.05
18455_00254,18455,mouse,NCBI:txid10090,Tnnt1-IRES2-CreERT2;Ai82;Ai140,cell morphology,fMOST,VPM,cells,1,SEU-Allen Joint Center,Hanchuan Peng,,zeng_fmost,BIL,/bil/data/biccn/zeng/luo/fmost/mouseID_373368-18455,,,108,Female,,https://download.neuroxiv.org/SEU-A1876/SEU-ALLEN_full_18455_00254_CCFv3.swc,https://neuroxiv.org/?id=SEU-ALLEN_full_18455_00254_CCFv3,6950.25,3719.25,3845.68
18455_00255,18455,mouse,NCBI:txid10090,Tnnt1-IRES2-CreERT2;Ai82;Ai140,cell morphology,fMOST,VPM,cells,1,SEU-Allen Joint Center,Hanchuan Peng,,zeng_fmost,BIL,/bil/data/biccn/zeng/luo/fmost/mouseID_373368-18455,,,108,Female,,https://download.neuroxiv.org/SEU-A1876/SEU-ALLEN_full_18455_00255_CCFv3.swc,https://neuroxiv.org/?id=SEU-ALLEN_full_18455_00255_CCFv3,7094.42,3669.32,3892
18455_00256,18455,mouse,NCBI:txid10090,Tnnt1-IRES2-CreERT2;Ai82;Ai140,cell morphology,fMOST,VPM,cells,1,SEU-Allen Joint Center,Hanchuan Peng,,zeng_fmost,BIL,/bil/data/biccn/zeng/luo/fmost/mouseID_373368-18455,,,108,Female,,https://download.neuroxiv.org/SEU-A1876/SEU-ALLEN_full_18455_00256_CCFv3.swc,https://neuroxiv.org/?id=SEU-ALLEN_full_18455_00256_CCFv3,7487.23,4087.55,4005.27
18455_00257,18455,mouse,NCBI:txid10090,Tnnt1-IRES2-CreERT2;Ai82;Ai140,cell morphology,fMOST,VPM,cells,1,SEU-Allen Joint Center,Hanchuan Peng,,zeng_fmost,BIL,/bil/data/biccn/zeng/luo/fmost/mouseID_373368-18455,,,108,Female,,https://download.neuroxiv.org/SEU-A1876/SEU-ALLEN_full_18455_00257_CCFv3.swc,https://neuroxiv.org/?id=SEU-ALLEN_full_18455_00257_CCFv3,7717.12,4028.88,3930.02
18455_00258,18455,mouse,NCBI:txid10090,Tnnt1-IRES2-CreERT2;Ai82;Ai140,cell morphology,fMOST,VPM,cells,1,SEU-Allen Joint Center,Hanchuan Peng,,zeng_fmost,BIL,/bil/data/biccn/zeng/luo/fmost/mouseID_373368-18455,,,108,Female,,https://download.neuroxiv.org/SEU-A1876/SEU-ALLEN_full_18455_00258_CCFv3.swc,https://neuroxiv.org/?id=SEU-ALLEN_full_18455_00258_CCFv3,7005.83,3800.73,3491.8
18455_00259,18455,mouse,NCBI:txid10090,Tnnt1-IRES2-CreERT2;Ai82;Ai140,cell morphology,fMOST,VPM,cells,1,SEU-Allen Joint Center,Hanchuan Peng,,zeng_fmost,BIL,/bil/data/biccn/zeng/luo/fmost/mouseID_373368-18455,,,108,Female,,https://download.neuroxiv.org/SEU-A1876/SEU-ALLEN_full_18455_00259_CCFv3.swc,https://neuroxiv.org/?id=SEU-ALLEN_full_18455_00259_CCFv3,7085.58,3765.6,3474.73
18455_00260,18455,mouse,NCBI:txid10090,Tnnt1-IRES2-CreERT2;Ai82;Ai140,cell morphology,fMOST,VPM,cells,1,SEU-Allen Joint Center,Hanchuan Peng,,zeng_fmost,BIL,/bil/data/biccn/zeng/luo/fmost/mouseID_373368-18455,,,108,Female,,https://download.neuroxiv.org/SEU-A1876/SEU-ALLEN_full_18455_00260_CCFv3.swc,https://neuroxiv.org/?id=SEU-ALLEN_full_18455_00260_CCFv3,7198.9,3787.52,3425.43
18455_00261,18455,mouse,NCBI:txid10090,Tnnt1-IRES2-CreERT2;Ai82;Ai140,cell morphology,fMOST,VPM,cells,1,SEU-Allen Joint Center,Hanchuan Peng,,zeng_fmost,BIL,/bil/data/biccn/zeng/luo/fmost/mouseID_373368-18455,,,108,Female,,https://download.neuroxiv.org/SEU-A1876/SEU-ALLEN_full_18455_00261_CCFv3.swc,https://neuroxiv.org/?id=SEU-ALLEN_full_18455_00261_CCFv3,7161.67,3868.6,3444.18
18455_00262,18455,mouse,NCBI:txid10090,Tnnt1-IRES2-CreERT2;Ai82;Ai140,cell morphology,fMOST,VPM,cells,1,SEU-Allen Joint Center,Hanchuan Peng,,zeng_fmost,BIL,/bil/data/biccn/zeng/luo/fmost/mouseID_373368-18455,,,108,Female,,https://download.neuroxiv.org/SEU-A1876/SEU-ALLEN_full_18455_00262_CCFv3.swc,https://neuroxiv.org/?id=SEU-ALLEN_full_18455_00262_CCFv3,6904.25,3965.2,3287.62
18455_00263,18455,mouse,NCBI:txid10090,Tnnt1-IRES2-CreERT2;Ai82;Ai140,cell morphology,fMOST,VPM,cells,1,SEU-Allen Joint Center,Hanchuan Peng,,zeng_fmost,BIL,/bil/data/biccn/zeng/luo/fmost/mouseID_373368-18455,,,108,Female,,https://download.neuroxiv.org/SEU-A1876/SEU-ALLEN_full_18455_00263_CCFv3.swc,https://neuroxiv.org/?id=SEU-ALLEN_full_18455_00263_CCFv3,6944.98,4209.4,4268.92
18455_00264,18455,mouse,NCBI:txid10090,Tnnt1-IRES2-CreERT2;Ai82;Ai140,cell morphology,fMOST,VPM,cells,1,SEU-Allen Joint Center,Hanchuan Peng,,zeng_fmost,BIL,/bil/data/biccn/zeng/luo/fmost/mouseID_373368-18455,,,108,Female,,https://download.neuroxiv.org/SEU-A1876/SEU-ALLEN_full_18455_00264_CCFv3.swc,https://neuroxiv.org/?id=SEU-ALLEN_full_18455_00264_CCFv3,6896.3,4644.45,4115.65
18455_3718_x10944_y12140,18455,mouse,NCBI:txid10090,Tnnt1-IRES2-CreERT2;Ai82;Ai140,cell morphology,fMOST,CP,cells,1,SEU-Allen Joint Center,Hanchuan Peng,,zeng_fmost,BIL,/bil/data/biccn/zeng/luo/fmost/mouseID_373368-18455,,,108,Female,,https://download.neuroxiv.org/SEU-A1876/SEU-ALLEN_full_18455_3718_x10944_y12140_CCFv3.swc,https://neuroxiv.org/?id=SEU-ALLEN_full_18455_3718_x10944_y12140_CCFv3,4599,3878.75,8466.08
18455_4619_x10185_y12182,18455,mouse,NCBI:txid10090,Tnnt1-IRES2-CreERT2;Ai82;Ai140,cell morphology,fMOST,CP,cells,1,SEU-Allen Joint Center,Hanchuan Peng,,zeng_fmost,BIL,/bil/data/biccn/zeng/luo/fmost/mouseID_373368-18455,,,108,Female,,https://download.neuroxiv.org/SEU-A1876/SEU-ALLEN_full_18455_4619_x10185_y12182_CCFv3.swc,https://neuroxiv.org/?id=SEU-ALLEN_full_18455_4619_x10185_y12182_CCFv3,5855.25,3928.85,8634.73
18455_4709_x21225_y13716,18455,mouse,NCBI:txid10090,Tnnt1-IRES2-CreERT2;Ai82;Ai140,cell morphology,fMOST,IAD,cells,1,SEU-Allen Joint Center,Hanchuan Peng,,zeng_fmost,BIL,/bil/data/biccn/zeng/luo/fmost/mouseID_373368-18455,,,108,Female,,https://download.neuroxiv.org/SEU-A1876/SEU-ALLEN_full_18455_4709_x21225_y13716_CCFv3.swc,https://neuroxiv.org/?id=SEU-ALLEN_full_18455_4709_x21225_y13716_CCFv3,5874.67,4279.88,5350.2
18455_4982_x21552_y14337,18455,mouse,NCBI:txid10090,Tnnt1-IRES2-CreERT2;Ai82;Ai140,cell morphology,fMOST,AM,cells,1,SEU-Allen Joint Center,Hanchuan Peng,,zeng_fmost,BIL,/bil/data/biccn/zeng/luo/fmost/mouseID_373368-18455,,,108,Female,,https://download.neuroxiv.org/SEU-A1876/SEU-ALLEN_full_18455_4982_x21552_y14337_CCFv3.swc,https://neuroxiv.org/?id=SEU-ALLEN_full_18455_4982_x21552_y14337_CCFv3,6168.55,4581.75,5274.85
18455_5253_x25617_y13881,18455,mouse,NCBI:txid10090,Tnnt1-IRES2-CreERT2;Ai82;Ai140,cell morphology,fMOST,VPM,cells,1,SEU-Allen Joint Center,Hanchuan Peng,,zeng_fmost,BIL,/bil/data/biccn/zeng/luo/fmost/mouseID_373368-18455,,,108,Female,,https://download.neuroxiv.org/SEU-A1876/SEU-ALLEN_full_18455_5253_x25617_y13881_CCFv3.swc,https://neuroxiv.org/?id=SEU-ALLEN_full_18455_5253_x25617_y13881_CCFv3,6569.67,4355.2,4172.17
18455_5316_x26308_y13288,18455,mouse,NCBI:txid10090,Tnnt1-IRES2-CreERT2;Ai82;Ai140,cell morphology,fMOST,VPM,cells,1,SEU-Allen Joint Center,Hanchuan Peng,,zeng_fmost,BIL,/bil/data/biccn/zeng/luo/fmost/mouseID_373368-18455,,,108,Female,,https://download.neuroxiv.org/SEU-A1876/SEU-ALLEN_full_18455_5316_x26308_y13288_CCFv3.swc,https://neuroxiv.org/?id=SEU-ALLEN_full_18455_5316_x26308_y13288_CCFv3,6671.38,4137.5,3989.48
18455_5404_x24949_y14106,18455,mouse,NCBI:txid10090,Tnnt1-IRES2-CreERT2;Ai82;Ai140,cell morphology,fMOST,VPM,cells,1,SEU-Allen Joint Center,Hanchuan Peng,,zeng_fmost,BIL,/bil/data/biccn/zeng/luo/fmost/mouseID_373368-18455,,,108,Female,,https://download.neuroxiv.org/SEU-A1876/SEU-ALLEN_full_18455_5404_x24949_y14106_CCFv3.swc,https://neuroxiv.org/?id=SEU-ALLEN_full_18455_5404_x24949_y14106_CCFv3,6749.62,4508.7,4383.7
18455_5472_x13482_y11733,18455,mouse,NCBI:txid10090,Tnnt1-IRES2-CreERT2;Ai82;Ai140,cell morphology,fMOST,VPM,cells,1,SEU-Allen Joint Center,Hanchuan Peng,,zeng_fmost,BIL,/bil/data/biccn/zeng/luo/fmost/mouseID_373368-18455,,,108,Female,,https://download.neuroxiv.org/SEU-A1876/SEU-ALLEN_full_18455_5472_x13482_y11733_CCFv3.swc,https://neuroxiv.org/?id=SEU-ALLEN_full_18455_5472_x13482_y11733_CCFv3,6649.95,3694.48,7618.25
18455_5474_x14981_y13279,18455,mouse,NCBI:txid10090,Tnnt1-IRES2-CreERT2;Ai82;Ai140,cell morphology,fMOST,VPM,cells,1,SEU-Allen Joint Center,Hanchuan Peng,,zeng_fmost,BIL,/bil/data/biccn/zeng/luo/fmost/mouseID_373368-18455,,,108,Female,,https://download.neuroxiv.org/SEU-A1876/SEU-ALLEN_full_18455_5474_x14981_y13279_CCFv3.swc,https://neuroxiv.org/?id=SEU-ALLEN_full_18455_5474_x14981_y13279_CCFv3,6666.4,4229.2,7139.88
18455_5507_x14812_y14221,18455,mouse,NCBI:txid10090,Tnnt1-IRES2-CreERT2;Ai82;Ai140,cell morphology,fMOST,VPM,cells,1,SEU-Allen Joint Center,Hanchuan Peng,,zeng_fmost,BIL,/bil/data/biccn/zeng/luo/fmost/mouseID_373368-18455,,,108,Female,,https://download.neuroxiv.org/SEU-A1876/SEU-ALLEN_full_18455_5507_x14812_y14221_CCFv3.swc,https://neuroxiv.org/?id=SEU-ALLEN_full_18455_5507_x14812_y14221_CCFv3,6717.9,4566.48,7202.5
18455_5517_x15391_y12702,18455,mouse,NCBI:txid10090,Tnnt1-IRES2-CreERT2;Ai82;Ai140,cell morphology,fMOST,PO,cells,1,SEU-Allen Joint Center,Hanchuan Peng,,zeng_fmost,BIL,/bil/data/biccn/zeng/luo/fmost/mouseID_373368-18455,,,108,Female,,https://download.neuroxiv.org/SEU-A1876/SEU-ALLEN_full_18455_5517_x15391_y12702_CCFv3.swc,https://neuroxiv.org/?id=SEU-ALLEN_full_18455_5517_x15391_y12702_CCFv3,6714.5,3994.07,7012.5
18455_5730_x15780_y13638,18455,mouse,NCBI:txid10090,Tnnt1-IRES2-CreERT2;Ai82;Ai140,cell morphology,fMOST,VPM,cells,1,SEU-Allen Joint Center,Hanchuan Peng,,zeng_fmost,BIL,/bil/data/biccn/zeng/luo/fmost/mouseID_373368-18455,,,108,Female,,https://download.neuroxiv.org/SEU-A1876/SEU-ALLEN_full_18455_5730_x15780_y13638_CCFv3.swc,https://neuroxiv.org/?id=SEU-ALLEN_full_18455_5730_x15780_y13638_CCFv3,6993.7,4360.83,6925.45
18455_5898_x14920_y13352,18455,mouse,NCBI:txid10090,Tnnt1-IRES2-CreERT2;Ai82;Ai140,cell morphology,fMOST,VPLpc,cells,1,SEU-Allen Joint Center,Hanchuan Peng,,zeng_fmost,BIL,/bil/data/biccn/zeng/luo/fmost/mouseID_373368-18455,,,108,Female,,https://download.neuroxiv.org/SEU-A1876/SEU-ALLEN_full_18455_5898_x14920_y13352_CCFv3.swc,https://neuroxiv.org/?id=SEU-ALLEN_full_18455_5898_x14920_y13352_CCFv3,7164.83,4273.65,7203.1
18457_00001,18457,mouse,NCBI:txid10090,Vipr2-IRES2-Cre-neo;Ai166,cell morphology,fMOST,CP,cells,1,SEU-Allen Joint Center,Hanchuan Peng,,zeng_fmost,BIL,/bil/data/biccn/zeng/luo/fmost/mouseID_381484-18457,,,60,Male,,https://download.neuroxiv.org/SEU-A1876/SEU-ALLEN_full_18457_00001_CCFv3.swc,https://neuroxiv.org/?id=SEU-ALLEN_full_18457_00001_CCFv3,4230.85,3238.65,7629.4
18457_00002,18457,mouse,NCBI:txid10090,Vipr2-IRES2-Cre-neo;Ai166,cell morphology,fMOST,CP,cells,1,SEU-Allen Joint Center,Hanchuan Peng,,zeng_fmost,BIL,/bil/data/biccn/zeng/luo/fmost/mouseID_381484-18457,,,60,Male,,https://download.neuroxiv.org/SEU-A1876/SEU-ALLEN_full_18457_00002_CCFv3.swc,https://neuroxiv.org/?id=SEU-ALLEN_full_18457_00002_CCFv3,4967.5,2912.02,7495.75
18457_00003,18457,mouse,NCBI:txid10090,Vipr2-IRES2-Cre-neo;Ai166,cell morphology,fMOST,CP,cells,1,SEU-Allen Joint Center,Hanchuan Peng,,zeng_fmost,BIL,/bil/data/biccn/zeng/luo/fmost/mouseID_381484-18457,,,60,Male,,https://download.neuroxiv.org/SEU-A1876/SEU-ALLEN_full_18457_00003_CCFv3.swc,https://neuroxiv.org/?id=SEU-ALLEN_full_18457_00003_CCFv3,5060.85,3064.52,7405.2
18457_00004,18457,mouse,NCBI:txid10090,Vipr2-IRES2-Cre-neo;Ai166,cell morphology,fMOST,CP,cells,1,SEU-Allen Joint Center,Hanchuan Peng,,zeng_fmost,BIL,/bil/data/biccn/zeng/luo/fmost/mouseID_381484-18457,,,60,Male,,https://download.neuroxiv.org/SEU-A1876/SEU-ALLEN_full_18457_00004_CCFv3.swc,https://neuroxiv.org/?id=SEU-ALLEN_full_18457_00004_CCFv3,3185.07,3750.35,7513.6
18457_00005,18457,mouse,NCBI:txid10090,Vipr2-IRES2-Cre-neo;Ai166,cell morphology,fMOST,CP,cells,1,SEU-Allen Joint Center,Hanchuan Peng,,zeng_fmost,BIL,/bil/data/biccn/zeng/luo/fmost/mouseID_381484-18457,,,60,Male,,https://download.neuroxiv.org/SEU-A1876/SEU-ALLEN_full_18457_00005_CCFv3.swc,https://neuroxiv.org/?id=SEU-ALLEN_full_18457_00005_CCFv3,3339.88,4011.43,7513.33
18457_00006,18457,mouse,NCBI:txid10090,Vipr2-IRES2-Cre-neo;Ai166,cell morphology,fMOST,CP,cells,1,SEU-Allen Joint Center,Hanchuan Peng,,zeng_fmost,BIL,/bil/data/biccn/zeng/luo/fmost/mouseID_381484-18457,,,60,Male,,https://download.neuroxiv.org/SEU-A1876/SEU-ALLEN_full_18457_00006_CCFv3.swc,https://neuroxiv.org/?id=SEU-ALLEN_full_18457_00006_CCFv3,4656.52,3889.55,7397.35
18457_00007,18457,mouse,NCBI:txid10090,Vipr2-IRES2-Cre-neo;Ai166,cell morphology,fMOST,CP,cells,1,SEU-Allen Joint Center,Hanchuan Peng,,zeng_fmost,BIL,/bil/data/biccn/zeng/luo/fmost/mouseID_381484-18457,,,60,Male,,https://download.neuroxiv.org/SEU-A1876/SEU-ALLEN_full_18457_00007_CCFv3.swc,https://neuroxiv.org/?id=SEU-ALLEN_full_18457_00007_CCFv3,4026.95,3686.02,7280.45
18457_00008,18457,mouse,NCBI:txid10090,Vipr2-IRES2-Cre-neo;Ai166,cell morphology,fMOST,CP,cells,1,SEU-Allen Joint Center,Hanchuan Peng,,zeng_fmost,BIL,/bil/data/biccn/zeng/luo/fmost/mouseID_381484-18457,,,60,Male,,https://download.neuroxiv.org/SEU-A1876/SEU-ALLEN_full_18457_00008_CCFv3.swc,https://neuroxiv.org/?id=SEU-ALLEN_full_18457_00008_CCFv3,4028.15,3877.75,7370.42
18457_00009,18457,mouse,NCBI:txid10090,Vipr2-IRES2-Cre-neo;Ai166,cell morphology,fMOST,LD,cells,1,SEU-Allen Joint Center,Hanchuan Peng,,zeng_fmost,BIL,/bil/data/biccn/zeng/luo/fmost/mouseID_381484-18457,,,60,Male,,https://download.neuroxiv.org/SEU-A1876/SEU-ALLEN_full_18457_00009_CCFv3.swc,https://neuroxiv.org/?id=SEU-ALLEN_full_18457_00009_CCFv3,6543.8,3199.45,7728.85
18457_00010,18457,mouse,NCBI:txid10090,Vipr2-IRES2-Cre-neo;Ai166,cell morphology,fMOST,VPM,cells,1,SEU-Allen Joint Center,Hanchuan Peng,,zeng_fmost,BIL,/bil/data/biccn/zeng/luo/fmost/mouseID_381484-18457,,,60,Male,,https://download.neuroxiv.org/SEU-A1876/SEU-ALLEN_full_18457_00010_CCFv3.swc,https://neuroxiv.org/?id=SEU-ALLEN_full_18457_00010_CCFv3,6658.83,3669.75,7821.62
18457_00012,18457,mouse,NCBI:txid10090,Vipr2-IRES2-Cre-neo;Ai166,cell morphology,fMOST,VPM,cells,1,SEU-Allen Joint Center,Hanchuan Peng,,zeng_fmost,BIL,/bil/data/biccn/zeng/luo/fmost/mouseID_381484-18457,,,60,Male,,https://download.neuroxiv.org/SEU-A1876/SEU-ALLEN_full_18457_00012_CCFv3.swc,https://neuroxiv.org/?id=SEU-ALLEN_full_18457_00012_CCFv3,6715.08,3816.9,7906.88
18457_00013,18457,mouse,NCBI:txid10090,Vipr2-IRES2-Cre-neo;Ai166,cell morphology,fMOST,VPM,cells,1,SEU-Allen Joint Center,Hanchuan Peng,,zeng_fmost,BIL,/bil/data/biccn/zeng/luo/fmost/mouseID_381484-18457,,,60,Male,,https://download.neuroxiv.org/SEU-A1876/SEU-ALLEN_full_18457_00013_CCFv3.swc,https://neuroxiv.org/?id=SEU-ALLEN_full_18457_00013_CCFv3,6591.9,3748.2,7788.6
18457_00014,18457,mouse,NCBI:txid10090,Vipr2-IRES2-Cre-neo;Ai166,cell morphology,fMOST,CP,cells,1,SEU-Allen Joint Center,Hanchuan Peng,,zeng_fmost,BIL,/bil/data/biccn/zeng/luo/fmost/mouseID_381484-18457,,,60,Male,,https://download.neuroxiv.org/SEU-A1876/SEU-ALLEN_full_18457_00014_CCFv3.swc,https://neuroxiv.org/?id=SEU-ALLEN_full_18457_00014_CCFv3,3722.8,3673.95,7039.8
18457_00015,18457,mouse,NCBI:txid10090,Vipr2-IRES2-Cre-neo;Ai166,cell morphology,fMOST,CP,cells,1,SEU-Allen Joint Center,Hanchuan Peng,,zeng_fmost,BIL,/bil/data/biccn/zeng/luo/fmost/mouseID_381484-18457,,,60,Male,,https://download.neuroxiv.org/SEU-A1876/SEU-ALLEN_full_18457_00015_CCFv3.swc,https://neuroxiv.org/?id=SEU-ALLEN_full_18457_00015_CCFv3,3552.88,3907.32,7092.1
18457_00017,18457,mouse,NCBI:txid10090,Vipr2-IRES2-Cre-neo;Ai166,cell morphology,fMOST,VPM,cells,1,SEU-Allen Joint Center,Hanchuan Peng,,zeng_fmost,BIL,/bil/data/biccn/zeng/luo/fmost/mouseID_381484-18457,,,60,Male,,https://download.neuroxiv.org/SEU-A1876/SEU-ALLEN_full_18457_00017_CCFv3.swc,https://neuroxiv.org/?id=SEU-ALLEN_full_18457_00017_CCFv3,7128.5,3529.77,8065.8
18457_00018,18457,mouse,NCBI:txid10090,Vipr2-IRES2-Cre-neo;Ai166,cell morphology,fMOST,VPM,cells,1,SEU-Allen Joint Center,Hanchuan Peng,,zeng_fmost,BIL,/bil/data/biccn/zeng/luo/fmost/mouseID_381484-18457,,,60,Male,,https://download.neuroxiv.org/SEU-A1876/SEU-ALLEN_full_18457_00018_CCFv3.swc,https://neuroxiv.org/?id=SEU-ALLEN_full_18457_00018_CCFv3,6989.25,3443.05,7907.65
18457_00019,18457,mouse,NCBI:txid10090,Vipr2-IRES2-Cre-neo;Ai166,cell morphology,fMOST,VPM,cells,1,SEU-Allen Joint Center,Hanchuan Peng,,zeng_fmost,BIL,/bil/data/biccn/zeng/luo/fmost/mouseID_381484-18457,,,60,Male,,https://download.neuroxiv.org/SEU-A1876/SEU-ALLEN_full_18457_00019_CCFv3.swc,https://neuroxiv.org/?id=SEU-ALLEN_full_18457_00019_CCFv3,7262.62,3334.75,7970.88
18457_00023,18457,mouse,NCBI:txid10090,Vipr2-IRES2-Cre-neo;Ai166,cell morphology,fMOST,VPM,cells,1,SEU-Allen Joint Center,Hanchuan Peng,,zeng_fmost,BIL,/bil/data/biccn/zeng/luo/fmost/mouseID_381484-18457,,,60,Male,,https://download.neuroxiv.org/SEU-A1876/SEU-ALLEN_full_18457_00023_CCFv3.swc,https://neuroxiv.org/?id=SEU-ALLEN_full_18457_00023_CCFv3,7124.27,3610.4,7894.15
18457_00024,18457,mouse,NCBI:txid10090,Vipr2-IRES2-Cre-neo;Ai166,cell morphology,fMOST,VPM,cells,1,SEU-Allen Joint Center,Hanchuan Peng,,zeng_fmost,BIL,/bil/data/biccn/zeng/luo/fmost/mouseID_381484-18457,,,60,Male,,https://download.neuroxiv.org/SEU-A1876/SEU-ALLEN_full_18457_00024_CCFv3.swc,https://neuroxiv.org/?id=SEU-ALLEN_full_18457_00024_CCFv3,7196.33,3645.75,8030.88
18457_00025,18457,mouse,NCBI:txid10090,Vipr2-IRES2-Cre-neo;Ai166,cell morphology,fMOST,VPM,cells,1,SEU-Allen Joint Center,Hanchuan Peng,,zeng_fmost,BIL,/bil/data/biccn/zeng/luo/fmost/mouseID_381484-18457,,,60,Male,,https://download.neuroxiv.org/SEU-A1876/SEU-ALLEN_full_18457_00025_CCFv3.swc,https://neuroxiv.org/?id=SEU-ALLEN_full_18457_00025_CCFv3,7198.42,3528.75,7984.02
18457_00026,18457,mouse,NCBI:txid10090,Vipr2-IRES2-Cre-neo;Ai166,cell morphology,fMOST,VPM,cells,1,SEU-Allen Joint Center,Hanchuan Peng,,zeng_fmost,BIL,/bil/data/biccn/zeng/luo/fmost/mouseID_381484-18457,,,60,Male,,https://download.neuroxiv.org/SEU-A1876/SEU-ALLEN_full_18457_00026_CCFv3.swc,https://neuroxiv.org/?id=SEU-ALLEN_full_18457_00026_CCFv3,6826.73,3444.85,7783.08
18457_00027,18457,mouse,NCBI:txid10090,Vipr2-IRES2-Cre-neo;Ai166,cell morphology,fMOST,VPM,cells,1,SEU-Allen Joint Center,Hanchuan Peng,,zeng_fmost,BIL,/bil/data/biccn/zeng/luo/fmost/mouseID_381484-18457,,,60,Male,,https://download.neuroxiv.org/SEU-A1876/SEU-ALLEN_full_18457_00027_CCFv3.swc,https://neuroxiv.org/?id=SEU-ALLEN_full_18457_00027_CCFv3,7000.5,3419.55,7815.62
18457_00028,18457,mouse,NCBI:txid10090,Vipr2-IRES2-Cre-neo;Ai166,cell morphology,fMOST,VPM,cells,1,SEU-Allen Joint Center,Hanchuan Peng,,zeng_fmost,BIL,/bil/data/biccn/zeng/luo/fmost/mouseID_381484-18457,,,60,Male,,https://download.neuroxiv.org/SEU-A1876/SEU-ALLEN_full_18457_00028_CCFv3.swc,https://neuroxiv.org/?id=SEU-ALLEN_full_18457_00028_CCFv3,7092.62,3526.55,7536
18457_00029,18457,mouse,NCBI:txid10090,Vipr2-IRES2-Cre-neo;Ai166,cell morphology,fMOST,VPM,cells,1,SEU-Allen Joint Center,Hanchuan Peng,,zeng_fmost,BIL,/bil/data/biccn/zeng/luo/fmost/mouseID_381484-18457,,,60,Male,,https://download.neuroxiv.org/SEU-A1876/SEU-ALLEN_full_18457_00029_CCFv3.swc,https://neuroxiv.org/?id=SEU-ALLEN_full_18457_00029_CCFv3,6803.85,3701.4,7364.55
18457_00030,18457,mouse,NCBI:txid10090,Vipr2-IRES2-Cre-neo;Ai166,cell morphology,fMOST,CP,cells,1,SEU-Allen Joint Center,Hanchuan Peng,,zeng_fmost,BIL,/bil/data/biccn/zeng/luo/fmost/mouseID_381484-18457,,,60,Male,,https://download.neuroxiv.org/SEU-A1876/SEU-ALLEN_full_18457_00030_CCFv3.swc,https://neuroxiv.org/?id=SEU-ALLEN_full_18457_00030_CCFv3,4503.98,3211.05,4091.88
18457_00031,18457,mouse,NCBI:txid10090,Vipr2-IRES2-Cre-neo;Ai166,cell morphology,fMOST,CP,cells,1,SEU-Allen Joint Center,Hanchuan Peng,,zeng_fmost,BIL,/bil/data/biccn/zeng/luo/fmost/mouseID_381484-18457,,,60,Male,,https://download.neuroxiv.org/SEU-A1876/SEU-ALLEN_full_18457_00031_CCFv3.swc,https://neuroxiv.org/?id=SEU-ALLEN_full_18457_00031_CCFv3,4386.77,3198.6,4337.95
18457_00032,18457,mouse,NCBI:txid10090,Vipr2-IRES2-Cre-neo;Ai166,cell morphology,fMOST,CP,cells,1,SEU-Allen Joint Center,Hanchuan Peng,,zeng_fmost,BIL,/bil/data/biccn/zeng/luo/fmost/mouseID_381484-18457,,,60,Male,,https://download.neuroxiv.org/SEU-A1876/SEU-ALLEN_full_18457_00032_CCFv3.swc,https://neuroxiv.org/?id=SEU-ALLEN_full_18457_00032_CCFv3,3999.85,3164.07,3915.85
18457_00033,18457,mouse,NCBI:txid10090,Vipr2-IRES2-Cre-neo;Ai166,cell morphology,fMOST,CP,cells,1,SEU-Allen Joint Center,Hanchuan Peng,,zeng_fmost,BIL,/bil/data/biccn/zeng/luo/fmost/mouseID_381484-18457,,,60,Male,,https://download.neuroxiv.org/SEU-A1876/SEU-ALLEN_full_18457_00033_CCFv3.swc,https://neuroxiv.org/?id=SEU-ALLEN_full_18457_00033_CCFv3,3923.23,3142.38,3659.45
18457_00034,18457,mouse,NCBI:txid10090,Vipr2-IRES2-Cre-neo;Ai166,cell morphology,fMOST,CP,cells,1,SEU-Allen Joint Center,Hanchuan Peng,,zeng_fmost,BIL,/bil/data/biccn/zeng/luo/fmost/mouseID_381484-18457,,,60,Male,,https://download.neuroxiv.org/SEU-A1876/SEU-ALLEN_full_18457_00034_CCFv3.swc,https://neuroxiv.org/?id=SEU-ALLEN_full_18457_00034_CCFv3,3670.52,3507.88,3403.2
18457_00035,18457,mouse,NCBI:txid10090,Vipr2-IRES2-Cre-neo;Ai166,cell morphology,fMOST,CP,cells,1,SEU-Allen Joint Center,Hanchuan Peng,,zeng_fmost,BIL,/bil/data/biccn/zeng/luo/fmost/mouseID_381484-18457,,,60,Male,,https://download.neuroxiv.org/SEU-A1876/SEU-ALLEN_full_18457_00035_CCFv3.swc,https://neuroxiv.org/?id=SEU-ALLEN_full_18457_00035_CCFv3,3081.88,3739,3897.43
18457_00036,18457,mouse,NCBI:txid10090,Vipr2-IRES2-Cre-neo;Ai166,cell morphology,fMOST,CP,cells,1,SEU-Allen Joint Center,Hanchuan Peng,,zeng_fmost,BIL,/bil/data/biccn/zeng/luo/fmost/mouseID_381484-18457,,,60,Male,,https://download.neuroxiv.org/SEU-A1876/SEU-ALLEN_full_18457_00036_CCFv3.swc,https://neuroxiv.org/?id=SEU-ALLEN_full_18457_00036_CCFv3,3264.98,3576.35,3714.62
18457_00037,18457,mouse,NCBI:txid10090,Vipr2-IRES2-Cre-neo;Ai166,cell morphology,fMOST,CP,cells,1,SEU-Allen Joint Center,Hanchuan Peng,,zeng_fmost,BIL,/bil/data/biccn/zeng/luo/fmost/mouseID_381484-18457,,,60,Male,,https://download.neuroxiv.org/SEU-A1876/SEU-ALLEN_full_18457_00037_CCFv3.swc,https://neuroxiv.org/?id=SEU-ALLEN_full_18457_00037_CCFv3,3740.8,3805.7,4154.48
18457_00038,18457,mouse,NCBI:txid10090,Vipr2-IRES2-Cre-neo;Ai166,cell morphology,fMOST,CP,cells,1,SEU-Allen Joint Center,Hanchuan Peng,,zeng_fmost,BIL,/bil/data/biccn/zeng/luo/fmost/mouseID_381484-18457,,,60,Male,,https://download.neuroxiv.org/SEU-A1876/SEU-ALLEN_full_18457_00038_CCFv3.swc,https://neuroxiv.org/?id=SEU-ALLEN_full_18457_00038_CCFv3,4640.08,3785.27,4440.45
18457_00039,18457,mouse,NCBI:txid10090,Vipr2-IRES2-Cre-neo;Ai166,cell morphology,fMOST,CP,cells,1,SEU-Allen Joint Center,Hanchuan Peng,,zeng_fmost,BIL,/bil/data/biccn/zeng/luo/fmost/mouseID_381484-18457,,,60,Male,,https://download.neuroxiv.org/SEU-A1876/SEU-ALLEN_full_18457_00039_CCFv3.swc,https://neuroxiv.org/?id=SEU-ALLEN_full_18457_00039_CCFv3,3982.12,4068,3720.18
18457_00040,18457,mouse,NCBI:txid10090,Vipr2-IRES2-Cre-neo;Ai166,cell morphology,fMOST,CP,cells,1,SEU-Allen Joint Center,Hanchuan Peng,,zeng_fmost,BIL,/bil/data/biccn/zeng/luo/fmost/mouseID_381484-18457,,,60,Male,,https://download.neuroxiv.org/SEU-A1876/SEU-ALLEN_full_18457_00040_CCFv3.swc,https://neuroxiv.org/?id=SEU-ALLEN_full_18457_00040_CCFv3,3749.25,3966.15,3521.6
18457_00041,18457,mouse,NCBI:txid10090,Vipr2-IRES2-Cre-neo;Ai166,cell morphology,fMOST,CP,cells,1,SEU-Allen Joint Center,Hanchuan Peng,,zeng_fmost,BIL,/bil/data/biccn/zeng/luo/fmost/mouseID_381484-18457,,,60,Male,,https://download.neuroxiv.org/SEU-A1876/SEU-ALLEN_full_18457_00041_CCFv3.swc,https://neuroxiv.org/?id=SEU-ALLEN_full_18457_00041_CCFv3,5006.08,3244.95,4111.77
18457_00043,18457,mouse,NCBI:txid10090,Vipr2-IRES2-Cre-neo;Ai166,cell morphology,fMOST,CP,cells,1,SEU-Allen Joint Center,Hanchuan Peng,,zeng_fmost,BIL,/bil/data/biccn/zeng/luo/fmost/mouseID_381484-18457,,,60,Male,,https://download.neuroxiv.org/SEU-A1876/SEU-ALLEN_full_18457_00043_CCFv3.swc,https://neuroxiv.org/?id=SEU-ALLEN_full_18457_00043_CCFv3,5089.42,3396.3,3633.8
18457_00044,18457,mouse,NCBI:txid10090,Vipr2-IRES2-Cre-neo;Ai166,cell morphology,fMOST,CP,cells,1,SEU-Allen Joint Center,Hanchuan Peng,,zeng_fmost,BIL,/bil/data/biccn/zeng/luo/fmost/mouseID_381484-18457,,,60,Male,,https://download.neuroxiv.org/SEU-A1876/SEU-ALLEN_full_18457_00044_CCFv3.swc,https://neuroxiv.org/?id=SEU-ALLEN_full_18457_00044_CCFv3,5161.4,3450.75,3715.15
18457_00045,18457,mouse,NCBI:txid10090,Vipr2-IRES2-Cre-neo;Ai166,cell morphology,fMOST,VPM,cells,1,SEU-Allen Joint Center,Hanchuan Peng,,zeng_fmost,BIL,/bil/data/biccn/zeng/luo/fmost/mouseID_381484-18457,,,60,Male,,https://download.neuroxiv.org/SEU-A1876/SEU-ALLEN_full_18457_00045_CCFv3.swc,https://neuroxiv.org/?id=SEU-ALLEN_full_18457_00045_CCFv3,6675.95,3745.35,3712.05
18457_00046,18457,mouse,NCBI:txid10090,Vipr2-IRES2-Cre-neo;Ai166,cell morphology,fMOST,VPM,cells,1,SEU-Allen Joint Center,Hanchuan Peng,,zeng_fmost,BIL,/bil/data/biccn/zeng/luo/fmost/mouseID_381484-18457,,,60,Male,,https://download.neuroxiv.org/SEU-A1876/SEU-ALLEN_full_18457_00046_CCFv3.swc,https://neuroxiv.org/?id=SEU-ALLEN_full_18457_00046_CCFv3,6643.83,3696.75,3625
18457_00047,18457,mouse,NCBI:txid10090,Vipr2-IRES2-Cre-neo;Ai166,cell morphology,fMOST,VPM,cells,1,SEU-Allen Joint Center,Hanchuan Peng,,zeng_fmost,BIL,/bil/data/biccn/zeng/luo/fmost/mouseID_381484-18457,,,60,Male,,https://download.neuroxiv.org/SEU-A1876/SEU-ALLEN_full_18457_00047_CCFv3.swc,https://neuroxiv.org/?id=SEU-ALLEN_full_18457_00047_CCFv3,6639.67,3718.55,3485.98
18457_00048,18457,mouse,NCBI:txid10090,Vipr2-IRES2-Cre-neo;Ai166,cell morphology,fMOST,VPM,cells,1,SEU-Allen Joint Center,Hanchuan Peng,,zeng_fmost,BIL,/bil/data/biccn/zeng/luo/fmost/mouseID_381484-18457,,,60,Male,,https://download.neuroxiv.org/SEU-A1876/SEU-ALLEN_full_18457_00048_CCFv3.swc,https://neuroxiv.org/?id=SEU-ALLEN_full_18457_00048_CCFv3,6600.45,3815.23,3264.15
18457_00049,18457,mouse,NCBI:txid10090,Vipr2-IRES2-Cre-neo;Ai166,cell morphology,fMOST,VPM,cells,1,SEU-Allen Joint Center,Hanchuan Peng,,zeng_fmost,BIL,/bil/data/biccn/zeng/luo/fmost/mouseID_381484-18457,,,60,Male,,https://download.neuroxiv.org/SEU-A1876/SEU-ALLEN_full_18457_00049_CCFv3.swc,https://neuroxiv.org/?id=SEU-ALLEN_full_18457_00049_CCFv3,6847.42,3471.8,3777.02
18457_00051,18457,mouse,NCBI:txid10090,Vipr2-IRES2-Cre-neo;Ai166,cell morphology,fMOST,VPM,cells,1,SEU-Allen Joint Center,Hanchuan Peng,,zeng_fmost,BIL,/bil/data/biccn/zeng/luo/fmost/mouseID_381484-18457,,,60,Male,,https://download.neuroxiv.org/SEU-A1876/SEU-ALLEN_full_18457_00051_CCFv3.swc,https://neuroxiv.org/?id=SEU-ALLEN_full_18457_00051_CCFv3,7103.23,3609.38,3719.48
18457_00052,18457,mouse,NCBI:txid10090,Vipr2-IRES2-Cre-neo;Ai166,cell morphology,fMOST,VPM,cells,1,SEU-Allen Joint Center,Hanchuan Peng,,zeng_fmost,BIL,/bil/data/biccn/zeng/luo/fmost/mouseID_381484-18457,,,60,Male,,https://download.neuroxiv.org/SEU-A1876/SEU-ALLEN_full_18457_00052_CCFv3.swc,https://neuroxiv.org/?id=SEU-ALLEN_full_18457_00052_CCFv3,6756.17,3724.93,3806.82
18457_00053,18457,mouse,NCBI:txid10090,Vipr2-IRES2-Cre-neo;Ai166,cell morphology,fMOST,VPM,cells,1,SEU-Allen Joint Center,Hanchuan Peng,,zeng_fmost,BIL,/bil/data/biccn/zeng/luo/fmost/mouseID_381484-18457,,,60,Male,,https://download.neuroxiv.org/SEU-A1876/SEU-ALLEN_full_18457_00053_CCFv3.swc,https://neuroxiv.org/?id=SEU-ALLEN_full_18457_00053_CCFv3,6735.83,3765.45,3836.95
18457_00054,18457,mouse,NCBI:txid10090,Vipr2-IRES2-Cre-neo;Ai166,cell morphology,fMOST,VPM,cells,1,SEU-Allen Joint Center,Hanchuan Peng,,zeng_fmost,BIL,/bil/data/biccn/zeng/luo/fmost/mouseID_381484-18457,,,60,Male,,https://download.neuroxiv.org/SEU-A1876/SEU-ALLEN_full_18457_00054_CCFv3.swc,https://neuroxiv.org/?id=SEU-ALLEN_full_18457_00054_CCFv3,7045.05,3692.55,3842.85
18457_00055,18457,mouse,NCBI:txid10090,Vipr2-IRES2-Cre-neo;Ai166,cell morphology,fMOST,VPM,cells,1,SEU-Allen Joint Center,Hanchuan Peng,,zeng_fmost,BIL,/bil/data/biccn/zeng/luo/fmost/mouseID_381484-18457,,,60,Male,,https://download.neuroxiv.org/SEU-A1876/SEU-ALLEN_full_18457_00055_CCFv3.swc,https://neuroxiv.org/?id=SEU-ALLEN_full_18457_00055_CCFv3,6874.35,3410.77,3626.98
18457_00056,18457,mouse,NCBI:txid10090,Vipr2-IRES2-Cre-neo;Ai166,cell morphology,fMOST,VPM,cells,1,SEU-Allen Joint Center,Hanchuan Peng,,zeng_fmost,BIL,/bil/data/biccn/zeng/luo/fmost/mouseID_381484-18457,,,60,Male,,https://download.neuroxiv.org/SEU-A1876/SEU-ALLEN_full_18457_00056_CCFv3.swc,https://neuroxiv.org/?id=SEU-ALLEN_full_18457_00056_CCFv3,6884.17,3481.8,3584.68
18457_00057,18457,mouse,NCBI:txid10090,Vipr2-IRES2-Cre-neo;Ai166,cell morphology,fMOST,VPM,cells,1,SEU-Allen Joint Center,Hanchuan Peng,,zeng_fmost,BIL,/bil/data/biccn/zeng/luo/fmost/mouseID_381484-18457,,,60,Male,,https://download.neuroxiv.org/SEU-A1876/SEU-ALLEN_full_18457_00057_CCFv3.swc,https://neuroxiv.org/?id=SEU-ALLEN_full_18457_00057_CCFv3,6943.85,3481.98,3623.95
18457_00058,18457,mouse,NCBI:txid10090,Vipr2-IRES2-Cre-neo;Ai166,cell morphology,fMOST,VPM,cells,1,SEU-Allen Joint Center,Hanchuan Peng,,zeng_fmost,BIL,/bil/data/biccn/zeng/luo/fmost/mouseID_381484-18457,,,60,Male,,https://download.neuroxiv.org/SEU-A1876/SEU-ALLEN_full_18457_00058_CCFv3.swc,https://neuroxiv.org/?id=SEU-ALLEN_full_18457_00058_CCFv3,6864.42,3577.62,3464.7
18457_00059,18457,mouse,NCBI:txid10090,Vipr2-IRES2-Cre-neo;Ai166,cell morphology,fMOST,VPM,cells,1,SEU-Allen Joint Center,Hanchuan Peng,,zeng_fmost,BIL,/bil/data/biccn/zeng/luo/fmost/mouseID_381484-18457,,,60,Male,,https://download.neuroxiv.org/SEU-A1876/SEU-ALLEN_full_18457_00059_CCFv3.swc,https://neuroxiv.org/?id=SEU-ALLEN_full_18457_00059_CCFv3,7033.45,3604.6,3337.3
18457_00061,18457,mouse,NCBI:txid10090,Vipr2-IRES2-Cre-neo;Ai166,cell morphology,fMOST,VPM,cells,1,SEU-Allen Joint Center,Hanchuan Peng,,zeng_fmost,BIL,/bil/data/biccn/zeng/luo/fmost/mouseID_381484-18457,,,60,Male,,https://download.neuroxiv.org/SEU-A1876/SEU-ALLEN_full_18457_00061_CCFv3.swc,https://neuroxiv.org/?id=SEU-ALLEN_full_18457_00061_CCFv3,7254.55,3433.77,3449.35
18457_00062,18457,mouse,NCBI:txid10090,Vipr2-IRES2-Cre-neo;Ai166,cell morphology,fMOST,VPM,cells,1,SEU-Allen Joint Center,Hanchuan Peng,,zeng_fmost,BIL,/bil/data/biccn/zeng/luo/fmost/mouseID_381484-18457,,,60,Male,,https://download.neuroxiv.org/SEU-A1876/SEU-ALLEN_full_18457_00062_CCFv3.swc,https://neuroxiv.org/?id=SEU-ALLEN_full_18457_00062_CCFv3,7271.02,3536.48,3385.75
18457_00063,18457,mouse,NCBI:txid10090,Vipr2-IRES2-Cre-neo;Ai166,cell morphology,fMOST,VPM,cells,1,SEU-Allen Joint Center,Hanchuan Peng,,zeng_fmost,BIL,/bil/data/biccn/zeng/luo/fmost/mouseID_381484-18457,,,60,Male,,https://download.neuroxiv.org/SEU-A1876/SEU-ALLEN_full_18457_00063_CCFv3.swc,https://neuroxiv.org/?id=SEU-ALLEN_full_18457_00063_CCFv3,7037.23,3550,3281.62
18457_00064,18457,mouse,NCBI:txid10090,Vipr2-IRES2-Cre-neo;Ai166,cell morphology,fMOST,VPM,cells,1,SEU-Allen Joint Center,Hanchuan Peng,,zeng_fmost,BIL,/bil/data/biccn/zeng/luo/fmost/mouseID_381484-18457,,,60,Male,,https://download.neuroxiv.org/SEU-A1876/SEU-ALLEN_full_18457_00064_CCFv3.swc,https://neuroxiv.org/?id=SEU-ALLEN_full_18457_00064_CCFv3,6822.88,3596.52,3645.6
18457_00065,18457,mouse,NCBI:txid10090,Vipr2-IRES2-Cre-neo;Ai166,cell morphology,fMOST,VPM,cells,1,SEU-Allen Joint Center,Hanchuan Peng,,zeng_fmost,BIL,/bil/data/biccn/zeng/luo/fmost/mouseID_381484-18457,,,60,Male,,https://download.neuroxiv.org/SEU-A1876/SEU-ALLEN_full_18457_00065_CCFv3.swc,https://neuroxiv.org/?id=SEU-ALLEN_full_18457_00065_CCFv3,6907.27,3726.07,3352.15
18457_00066,18457,mouse,NCBI:txid10090,Vipr2-IRES2-Cre-neo;Ai166,cell morphology,fMOST,VPM,cells,1,SEU-Allen Joint Center,Hanchuan Peng,,zeng_fmost,BIL,/bil/data/biccn/zeng/luo/fmost/mouseID_381484-18457,,,60,Male,,https://download.neuroxiv.org/SEU-A1876/SEU-ALLEN_full_18457_00066_CCFv3.swc,https://neuroxiv.org/?id=SEU-ALLEN_full_18457_00066_CCFv3,7009.45,3660.88,3392.75
18457_00068,18457,mouse,NCBI:txid10090,Vipr2-IRES2-Cre-neo;Ai166,cell morphology,fMOST,VPM,cells,1,SEU-Allen Joint Center,Hanchuan Peng,,zeng_fmost,BIL,/bil/data/biccn/zeng/luo/fmost/mouseID_381484-18457,,,60,Male,,https://download.neuroxiv.org/SEU-A1876/SEU-ALLEN_full_18457_00068_CCFv3.swc,https://neuroxiv.org/?id=SEU-ALLEN_full_18457_00068_CCFv3,6774.92,3804.9,3462.57
18457_00069,18457,mouse,NCBI:txid10090,Vipr2-IRES2-Cre-neo;Ai166,cell morphology,fMOST,MG,cells,1,SEU-Allen Joint Center,Hanchuan Peng,,zeng_fmost,BIL,/bil/data/biccn/zeng/luo/fmost/mouseID_381484-18457,,,60,Male,,https://download.neuroxiv.org/SEU-A1876/SEU-ALLEN_full_18457_00069_CCFv3.swc,https://neuroxiv.org/?id=SEU-ALLEN_full_18457_00069_CCFv3,7341.02,3828.05,3384.95
18457_00072,18457,mouse,NCBI:txid10090,Vipr2-IRES2-Cre-neo;Ai166,cell morphology,fMOST,VPM,cells,1,SEU-Allen Joint Center,Hanchuan Peng,,zeng_fmost,BIL,/bil/data/biccn/zeng/luo/fmost/mouseID_381484-18457,,,60,Male,,https://download.neuroxiv.org/SEU-A1876/SEU-ALLEN_full_18457_00072_CCFv3.swc,https://neuroxiv.org/?id=SEU-ALLEN_full_18457_00072_CCFv3,6891.2,3849.88,3333.98
18457_00073,18457,mouse,NCBI:txid10090,Vipr2-IRES2-Cre-neo;Ai166,cell morphology,fMOST,VPM,cells,1,SEU-Allen Joint Center,Hanchuan Peng,,zeng_fmost,BIL,/bil/data/biccn/zeng/luo/fmost/mouseID_381484-18457,,,60,Male,,https://download.neuroxiv.org/SEU-A1876/SEU-ALLEN_full_18457_00073_CCFv3.swc,https://neuroxiv.org/?id=SEU-ALLEN_full_18457_00073_CCFv3,7153.98,3792.68,3334.05
18457_00074,18457,mouse,NCBI:txid10090,Vipr2-IRES2-Cre-neo;Ai166,cell morphology,fMOST,MG,cells,1,SEU-Allen Joint Center,Hanchuan Peng,,zeng_fmost,BIL,/bil/data/biccn/zeng/luo/fmost/mouseID_381484-18457,,,60,Male,,https://download.neuroxiv.org/SEU-A1876/SEU-ALLEN_full_18457_00074_CCFv3.swc,https://neuroxiv.org/?id=SEU-ALLEN_full_18457_00074_CCFv3,7842.4,3660.6,3326.8
18457_00075,18457,mouse,NCBI:txid10090,Vipr2-IRES2-Cre-neo;Ai166,cell morphology,fMOST,MG,cells,1,SEU-Allen Joint Center,Hanchuan Peng,,zeng_fmost,BIL,/bil/data/biccn/zeng/luo/fmost/mouseID_381484-18457,,,60,Male,,https://download.neuroxiv.org/SEU-A1876/SEU-ALLEN_full_18457_00075_CCFv3.swc,https://neuroxiv.org/?id=SEU-ALLEN_full_18457_00075_CCFv3,7799.2,3812.07,3228.32
18457_00076,18457,mouse,NCBI:txid10090,Vipr2-IRES2-Cre-neo;Ai166,cell morphology,fMOST,CP,cells,1,SEU-Allen Joint Center,Hanchuan Peng,,zeng_fmost,BIL,/bil/data/biccn/zeng/luo/fmost/mouseID_381484-18457,,,60,Male,,https://download.neuroxiv.org/SEU-A1876/SEU-ALLEN_full_18457_00076_CCFv3.swc,https://neuroxiv.org/?id=SEU-ALLEN_full_18457_00076_CCFv3,5241.3,4778.55,9006.08
18457_00077,18457,mouse,NCBI:txid10090,Vipr2-IRES2-Cre-neo;Ai166,cell morphology,fMOST,CP,cells,1,SEU-Allen Joint Center,Hanchuan Peng,,zeng_fmost,BIL,/bil/data/biccn/zeng/luo/fmost/mouseID_381484-18457,,,60,Male,,https://download.neuroxiv.org/SEU-A1876/SEU-ALLEN_full_18457_00077_CCFv3.swc,https://neuroxiv.org/?id=SEU-ALLEN_full_18457_00077_CCFv3,5615.45,4894.1,8686.97
18457_00078,18457,mouse,NCBI:txid10090,Vipr2-IRES2-Cre-neo;Ai166,cell morphology,fMOST,CP,cells,1,SEU-Allen Joint Center,Hanchuan Peng,,zeng_fmost,BIL,/bil/data/biccn/zeng/luo/fmost/mouseID_381484-18457,,,60,Male,,https://download.neuroxiv.org/SEU-A1876/SEU-ALLEN_full_18457_00078_CCFv3.swc,https://neuroxiv.org/?id=SEU-ALLEN_full_18457_00078_CCFv3,5468.55,5077.85,8650.05
18457_00079,18457,mouse,NCBI:txid10090,Vipr2-IRES2-Cre-neo;Ai166,cell morphology,fMOST,CP,cells,1,SEU-Allen Joint Center,Hanchuan Peng,,zeng_fmost,BIL,/bil/data/biccn/zeng/luo/fmost/mouseID_381484-18457,,,60,Male,,https://download.neuroxiv.org/SEU-A1876/SEU-ALLEN_full_18457_00079_CCFv3.swc,https://neuroxiv.org/?id=SEU-ALLEN_full_18457_00079_CCFv3,5543.27,5240.42,8924.88
18457_00080,18457,mouse,NCBI:txid10090,Vipr2-IRES2-Cre-neo;Ai166,cell morphology,fMOST,CP,cells,1,SEU-Allen Joint Center,Hanchuan Peng,,zeng_fmost,BIL,/bil/data/biccn/zeng/luo/fmost/mouseID_381484-18457,,,60,Male,,https://download.neuroxiv.org/SEU-A1876/SEU-ALLEN_full_18457_00080_CCFv3.swc,https://neuroxiv.org/?id=SEU-ALLEN_full_18457_00080_CCFv3,6188.45,5294.5,8934.38
18457_00081,18457,mouse,NCBI:txid10090,Vipr2-IRES2-Cre-neo;Ai166,cell morphology,fMOST,AON,cells,1,SEU-Allen Joint Center,Hanchuan Peng,,zeng_fmost,BIL,/bil/data/biccn/zeng/luo/fmost/mouseID_381484-18457,,,60,Male,,https://download.neuroxiv.org/SEU-A1876/SEU-ALLEN_full_18457_00081_CCFv3.swc,https://neuroxiv.org/?id=SEU-ALLEN_full_18457_00081_CCFv3,2015.18,4337.55,7130.95
18457_00082,18457,mouse,NCBI:txid10090,Vipr2-IRES2-Cre-neo;Ai166,cell morphology,fMOST,CP,cells,1,SEU-Allen Joint Center,Hanchuan Peng,,zeng_fmost,BIL,/bil/data/biccn/zeng/luo/fmost/mouseID_381484-18457,,,60,Male,,https://download.neuroxiv.org/SEU-A1876/SEU-ALLEN_full_18457_00082_CCFv3.swc,https://neuroxiv.org/?id=SEU-ALLEN_full_18457_00082_CCFv3,3990.75,4429.25,7575.83
18457_00083,18457,mouse,NCBI:txid10090,Vipr2-IRES2-Cre-neo;Ai166,cell morphology,fMOST,VPM,cells,1,SEU-Allen Joint Center,Hanchuan Peng,,zeng_fmost,BIL,/bil/data/biccn/zeng/luo/fmost/mouseID_381484-18457,,,60,Male,,https://download.neuroxiv.org/SEU-A1876/SEU-ALLEN_full_18457_00083_CCFv3.swc,https://neuroxiv.org/?id=SEU-ALLEN_full_18457_00083_CCFv3,6542.35,3865.8,7821.75
18457_00087,18457,mouse,NCBI:txid10090,Vipr2-IRES2-Cre-neo;Ai166,cell morphology,fMOST,CP,cells,1,SEU-Allen Joint Center,Hanchuan Peng,,zeng_fmost,BIL,/bil/data/biccn/zeng/luo/fmost/mouseID_381484-18457,,,60,Male,,https://download.neuroxiv.org/SEU-A1876/SEU-ALLEN_full_18457_00087_CCFv3.swc,https://neuroxiv.org/?id=SEU-ALLEN_full_18457_00087_CCFv3,5183.52,4425.27,7105.67
18457_00088,18457,mouse,NCBI:txid10090,Vipr2-IRES2-Cre-neo;Ai166,cell morphology,fMOST,VPM,cells,1,SEU-Allen Joint Center,Hanchuan Peng,,zeng_fmost,BIL,/bil/data/biccn/zeng/luo/fmost/mouseID_381484-18457,,,60,Male,,https://download.neuroxiv.org/SEU-A1876/SEU-ALLEN_full_18457_00088_CCFv3.swc,https://neuroxiv.org/?id=SEU-ALLEN_full_18457_00088_CCFv3,6617.05,3781.55,7515.85
18457_00089,18457,mouse,NCBI:txid10090,Vipr2-IRES2-Cre-neo;Ai166,cell morphology,fMOST,VPM,cells,1,SEU-Allen Joint Center,Hanchuan Peng,,zeng_fmost,BIL,/bil/data/biccn/zeng/luo/fmost/mouseID_381484-18457,,,60,Male,,https://download.neuroxiv.org/SEU-A1876/SEU-ALLEN_full_18457_00089_CCFv3.swc,https://neuroxiv.org/?id=SEU-ALLEN_full_18457_00089_CCFv3,6760.27,3991.98,7798.6
18457_00090,18457,mouse,NCBI:txid10090,Vipr2-IRES2-Cre-neo;Ai166,cell morphology,fMOST,VPM,cells,1,SEU-Allen Joint Center,Hanchuan Peng,,zeng_fmost,BIL,/bil/data/biccn/zeng/luo/fmost/mouseID_381484-18457,,,60,Male,,https://download.neuroxiv.org/SEU-A1876/SEU-ALLEN_full_18457_00090_CCFv3.swc,https://neuroxiv.org/?id=SEU-ALLEN_full_18457_00090_CCFv3,6717.62,3974.43,7468.42
18457_00091,18457,mouse,NCBI:txid10090,Vipr2-IRES2-Cre-neo;Ai166,cell morphology,fMOST,VPM,cells,1,SEU-Allen Joint Center,Hanchuan Peng,,zeng_fmost,BIL,/bil/data/biccn/zeng/luo/fmost/mouseID_381484-18457,,,60,Male,,https://download.neuroxiv.org/SEU-A1876/SEU-ALLEN_full_18457_00091_CCFv3.swc,https://neuroxiv.org/?id=SEU-ALLEN_full_18457_00091_CCFv3,6555.23,3921.8,7426.45
18457_00095,18457,mouse,NCBI:txid10090,Vipr2-IRES2-Cre-neo;Ai166,cell morphology,fMOST,VPM,cells,1,SEU-Allen Joint Center,Hanchuan Peng,,zeng_fmost,BIL,/bil/data/biccn/zeng/luo/fmost/mouseID_381484-18457,,,60,Male,,https://download.neuroxiv.org/SEU-A1876/SEU-ALLEN_full_18457_00095_CCFv3.swc,https://neuroxiv.org/?id=SEU-ALLEN_full_18457_00095_CCFv3,6482.75,4169.12,7678.58
18457_00096,18457,mouse,NCBI:txid10090,Vipr2-IRES2-Cre-neo;Ai166,cell morphology,fMOST,VPM,cells,1,SEU-Allen Joint Center,Hanchuan Peng,,zeng_fmost,BIL,/bil/data/biccn/zeng/luo/fmost/mouseID_381484-18457,,,60,Male,,https://download.neuroxiv.org/SEU-A1876/SEU-ALLEN_full_18457_00096_CCFv3.swc,https://neuroxiv.org/?id=SEU-ALLEN_full_18457_00096_CCFv3,6690.98,4031.12,7647.4
18457_00097,18457,mouse,NCBI:txid10090,Vipr2-IRES2-Cre-neo;Ai166,cell morphology,fMOST,VPL,cells,1,SEU-Allen Joint Center,Hanchuan Peng,,zeng_fmost,BIL,/bil/data/biccn/zeng/luo/fmost/mouseID_381484-18457,,,60,Male,,https://download.neuroxiv.org/SEU-A1876/SEU-ALLEN_full_18457_00097_CCFv3.swc,https://neuroxiv.org/?id=SEU-ALLEN_full_18457_00097_CCFv3,6674.75,4237.65,7739.95
18457_00098,18457,mouse,NCBI:txid10090,Vipr2-IRES2-Cre-neo;Ai166,cell morphology,fMOST,VPM,cells,1,SEU-Allen Joint Center,Hanchuan Peng,,zeng_fmost,BIL,/bil/data/biccn/zeng/luo/fmost/mouseID_381484-18457,,,60,Male,,https://download.neuroxiv.org/SEU-A1876/SEU-ALLEN_full_18457_00098_CCFv3.swc,https://neuroxiv.org/?id=SEU-ALLEN_full_18457_00098_CCFv3,6556.02,4209.83,7456.42
18457_00099,18457,mouse,NCBI:txid10090,Vipr2-IRES2-Cre-neo;Ai166,cell morphology,fMOST,VPL,cells,1,SEU-Allen Joint Center,Hanchuan Peng,,zeng_fmost,BIL,/bil/data/biccn/zeng/luo/fmost/mouseID_381484-18457,,,60,Male,,https://download.neuroxiv.org/SEU-A1876/SEU-ALLEN_full_18457_00099_CCFv3.swc,https://neuroxiv.org/?id=SEU-ALLEN_full_18457_00099_CCFv3,6439.15,4302.08,7568.85
18457_00101,18457,mouse,NCBI:txid10090,Vipr2-IRES2-Cre-neo;Ai166,cell morphology,fMOST,VPM,cells,1,SEU-Allen Joint Center,Hanchuan Peng,,zeng_fmost,BIL,/bil/data/biccn/zeng/luo/fmost/mouseID_381484-18457,,,60,Male,,https://download.neuroxiv.org/SEU-A1876/SEU-ALLEN_full_18457_00101_CCFv3.swc,https://neuroxiv.org/?id=SEU-ALLEN_full_18457_00101_CCFv3,6448.12,4140.85,7276.17
18457_00102,18457,mouse,NCBI:txid10090,Vipr2-IRES2-Cre-neo;Ai166,cell morphology,fMOST,VPL,cells,1,SEU-Allen Joint Center,Hanchuan Peng,,zeng_fmost,BIL,/bil/data/biccn/zeng/luo/fmost/mouseID_381484-18457,,,60,Male,,https://download.neuroxiv.org/SEU-A1876/SEU-ALLEN_full_18457_00102_CCFv3.swc,https://neuroxiv.org/?id=SEU-ALLEN_full_18457_00102_CCFv3,6727.83,4454.2,7854.45
18457_00103,18457,mouse,NCBI:txid10090,Vipr2-IRES2-Cre-neo;Ai166,cell morphology,fMOST,CP,cells,1,SEU-Allen Joint Center,Hanchuan Peng,,zeng_fmost,BIL,/bil/data/biccn/zeng/luo/fmost/mouseID_381484-18457,,,60,Male,,https://download.neuroxiv.org/SEU-A1876/SEU-ALLEN_full_18457_00103_CCFv3.swc,https://neuroxiv.org/?id=SEU-ALLEN_full_18457_00103_CCFv3,3674.2,4154.17,7172.17
18457_00106,18457,mouse,NCBI:txid10090,Vipr2-IRES2-Cre-neo;Ai166,cell morphology,fMOST,CP,cells,1,SEU-Allen Joint Center,Hanchuan Peng,,zeng_fmost,BIL,/bil/data/biccn/zeng/luo/fmost/mouseID_381484-18457,,,60,Male,,https://download.neuroxiv.org/SEU-A1876/SEU-ALLEN_full_18457_00106_CCFv3.swc,https://neuroxiv.org/?id=SEU-ALLEN_full_18457_00106_CCFv3,3834.2,4624.38,7181.38
18457_00108,18457,mouse,NCBI:txid10090,Vipr2-IRES2-Cre-neo;Ai166,cell morphology,fMOST,CP,cells,1,SEU-Allen Joint Center,Hanchuan Peng,,zeng_fmost,BIL,/bil/data/biccn/zeng/luo/fmost/mouseID_381484-18457,,,60,Male,,https://download.neuroxiv.org/SEU-A1876/SEU-ALLEN_full_18457_00108_CCFv3.swc,https://neuroxiv.org/?id=SEU-ALLEN_full_18457_00108_CCFv3,3518.8,5022.62,6821.75
18457_00109,18457,mouse,NCBI:txid10090,Vipr2-IRES2-Cre-neo;Ai166,cell morphology,fMOST,VPM,cells,1,SEU-Allen Joint Center,Hanchuan Peng,,zeng_fmost,BIL,/bil/data/biccn/zeng/luo/fmost/mouseID_381484-18457,,,60,Male,,https://download.neuroxiv.org/SEU-A1876/SEU-ALLEN_full_18457_00109_CCFv3.swc,https://neuroxiv.org/?id=SEU-ALLEN_full_18457_00109_CCFv3,6831,4209.95,7035.88
18457_00110,18457,mouse,NCBI:txid10090,Vipr2-IRES2-Cre-neo;Ai166,cell morphology,fMOST,VM,cells,1,SEU-Allen Joint Center,Hanchuan Peng,,zeng_fmost,BIL,/bil/data/biccn/zeng/luo/fmost/mouseID_381484-18457,,,60,Male,,https://download.neuroxiv.org/SEU-A1876/SEU-ALLEN_full_18457_00110_CCFv3.swc,https://neuroxiv.org/?id=SEU-ALLEN_full_18457_00110_CCFv3,6216.1,4390.65,6740.48
18457_00111,18457,mouse,NCBI:txid10090,Vipr2-IRES2-Cre-neo;Ai166,cell morphology,fMOST,VM,cells,1,SEU-Allen Joint Center,Hanchuan Peng,,zeng_fmost,BIL,/bil/data/biccn/zeng/luo/fmost/mouseID_381484-18457,,,60,Male,,https://download.neuroxiv.org/SEU-A1876/SEU-ALLEN_full_18457_00111_CCFv3.swc,https://neuroxiv.org/?id=SEU-ALLEN_full_18457_00111_CCFv3,6096.5,4655.17,6904.38
18457_00112,18457,mouse,NCBI:txid10090,Vipr2-IRES2-Cre-neo;Ai166,cell morphology,fMOST,VM,cells,1,SEU-Allen Joint Center,Hanchuan Peng,,zeng_fmost,BIL,/bil/data/biccn/zeng/luo/fmost/mouseID_381484-18457,,,60,Male,,https://download.neuroxiv.org/SEU-A1876/SEU-ALLEN_full_18457_00112_CCFv3.swc,https://neuroxiv.org/?id=SEU-ALLEN_full_18457_00112_CCFv3,6672.25,4652.62,6582.92
18457_00113,18457,mouse,NCBI:txid10090,Vipr2-IRES2-Cre-neo;Ai166,cell morphology,fMOST,CP,cells,1,SEU-Allen Joint Center,Hanchuan Peng,,zeng_fmost,BIL,/bil/data/biccn/zeng/luo/fmost/mouseID_381484-18457,,,60,Male,,https://download.neuroxiv.org/SEU-A1876/SEU-ALLEN_full_18457_00113_CCFv3.swc,https://neuroxiv.org/?id=SEU-ALLEN_full_18457_00113_CCFv3,4963.73,5372.08,8734.38
18457_00114,18457,mouse,NCBI:txid10090,Vipr2-IRES2-Cre-neo;Ai166,cell morphology,fMOST,CP,cells,1,SEU-Allen Joint Center,Hanchuan Peng,,zeng_fmost,BIL,/bil/data/biccn/zeng/luo/fmost/mouseID_381484-18457,,,60,Male,,https://download.neuroxiv.org/SEU-A1876/SEU-ALLEN_full_18457_00114_CCFv3.swc,https://neuroxiv.org/?id=SEU-ALLEN_full_18457_00114_CCFv3,5766.55,5062.5,8447.75
18457_00115,18457,mouse,NCBI:txid10090,Vipr2-IRES2-Cre-neo;Ai166,cell morphology,fMOST,ACB,cells,1,SEU-Allen Joint Center,Hanchuan Peng,,zeng_fmost,BIL,/bil/data/biccn/zeng/luo/fmost/mouseID_381484-18457,,,60,Male,,https://download.neuroxiv.org/SEU-A1876/SEU-ALLEN_full_18457_00115_CCFv3.swc,https://neuroxiv.org/?id=SEU-ALLEN_full_18457_00115_CCFv3,3684.38,5370.25,6377.83
18457_00116,18457,mouse,NCBI:txid10090,Vipr2-IRES2-Cre-neo;Ai166,cell morphology,fMOST,SI,cells,1,SEU-Allen Joint Center,Hanchuan Peng,,zeng_fmost,BIL,/bil/data/biccn/zeng/luo/fmost/mouseID_381484-18457,,,60,Male,,https://download.neuroxiv.org/SEU-A1876/SEU-ALLEN_full_18457_00116_CCFv3.swc,https://neuroxiv.org/?id=SEU-ALLEN_full_18457_00116_CCFv3,4604.75,6529.02,7872.15
18457_00117,18457,mouse,NCBI:txid10090,Vipr2-IRES2-Cre-neo;Ai166,cell morphology,fMOST,VPL,cells,1,SEU-Allen Joint Center,Hanchuan Peng,,zeng_fmost,BIL,/bil/data/biccn/zeng/luo/fmost/mouseID_381484-18457,,,60,Male,,https://download.neuroxiv.org/SEU-A1876/SEU-ALLEN_full_18457_00117_CCFv3.swc,https://neuroxiv.org/?id=SEU-ALLEN_full_18457_00117_CCFv3,7152.38,3935.68,8123.3
18457_00118,18457,mouse,NCBI:txid10090,Vipr2-IRES2-Cre-neo;Ai166,cell morphology,fMOST,VPM,cells,1,SEU-Allen Joint Center,Hanchuan Peng,,zeng_fmost,BIL,/bil/data/biccn/zeng/luo/fmost/mouseID_381484-18457,,,60,Male,,https://download.neuroxiv.org/SEU-A1876/SEU-ALLEN_full_18457_00118_CCFv3.swc,https://neuroxiv.org/?id=SEU-ALLEN_full_18457_00118_CCFv3,6866.4,3895.82,7856
18457_00119,18457,mouse,NCBI:txid10090,Vipr2-IRES2-Cre-neo;Ai166,cell morphology,fMOST,VPM,cells,1,SEU-Allen Joint Center,Hanchuan Peng,,zeng_fmost,BIL,/bil/data/biccn/zeng/luo/fmost/mouseID_381484-18457,,,60,Male,,https://download.neuroxiv.org/SEU-A1876/SEU-ALLEN_full_18457_00119_CCFv3.swc,https://neuroxiv.org/?id=SEU-ALLEN_full_18457_00119_CCFv3,6927.38,3880.55,7888.77
18457_00120,18457,mouse,NCBI:txid10090,Vipr2-IRES2-Cre-neo;Ai166,cell morphology,fMOST,VPL,cells,1,SEU-Allen Joint Center,Hanchuan Peng,,zeng_fmost,BIL,/bil/data/biccn/zeng/luo/fmost/mouseID_381484-18457,,,60,Male,,https://download.neuroxiv.org/SEU-A1876/SEU-ALLEN_full_18457_00120_CCFv3.swc,https://neuroxiv.org/?id=SEU-ALLEN_full_18457_00120_CCFv3,6781.6,4051.65,8121.48
18457_00121,18457,mouse,NCBI:txid10090,Vipr2-IRES2-Cre-neo;Ai166,cell morphology,fMOST,MG,cells,1,SEU-Allen Joint Center,Hanchuan Peng,,zeng_fmost,BIL,/bil/data/biccn/zeng/luo/fmost/mouseID_381484-18457,,,60,Male,,https://download.neuroxiv.org/SEU-A1876/SEU-ALLEN_full_18457_00121_CCFv3.swc,https://neuroxiv.org/?id=SEU-ALLEN_full_18457_00121_CCFv3,7131.8,3954.23,8103.12
18457_00122,18457,mouse,NCBI:txid10090,Vipr2-IRES2-Cre-neo;Ai166,cell morphology,fMOST,VPL,cells,1,SEU-Allen Joint Center,Hanchuan Peng,,zeng_fmost,BIL,/bil/data/biccn/zeng/luo/fmost/mouseID_381484-18457,,,60,Male,,https://download.neuroxiv.org/SEU-A1876/SEU-ALLEN_full_18457_00122_CCFv3.swc,https://neuroxiv.org/?id=SEU-ALLEN_full_18457_00122_CCFv3,6998.95,4048.85,8099.12
18457_00123,18457,mouse,NCBI:txid10090,Vipr2-IRES2-Cre-neo;Ai166,cell morphology,fMOST,VPL,cells,1,SEU-Allen Joint Center,Hanchuan Peng,,zeng_fmost,BIL,/bil/data/biccn/zeng/luo/fmost/mouseID_381484-18457,,,60,Male,,https://download.neuroxiv.org/SEU-A1876/SEU-ALLEN_full_18457_00123_CCFv3.swc,https://neuroxiv.org/?id=SEU-ALLEN_full_18457_00123_CCFv3,7222.62,4107.48,8192
18457_00125,18457,mouse,NCBI:txid10090,Vipr2-IRES2-Cre-neo;Ai166,cell morphology,fMOST,VPL,cells,1,SEU-Allen Joint Center,Hanchuan Peng,,zeng_fmost,BIL,/bil/data/biccn/zeng/luo/fmost/mouseID_381484-18457,,,60,Male,,https://download.neuroxiv.org/SEU-A1876/SEU-ALLEN_full_18457_00125_CCFv3.swc,https://neuroxiv.org/?id=SEU-ALLEN_full_18457_00125_CCFv3,6819.8,4201.42,8058.45
18457_00126,18457,mouse,NCBI:txid10090,Vipr2-IRES2-Cre-neo;Ai166,cell morphology,fMOST,VPM,cells,1,SEU-Allen Joint Center,Hanchuan Peng,,zeng_fmost,BIL,/bil/data/biccn/zeng/luo/fmost/mouseID_381484-18457,,,60,Male,,https://download.neuroxiv.org/SEU-A1876/SEU-ALLEN_full_18457_00126_CCFv3.swc,https://neuroxiv.org/?id=SEU-ALLEN_full_18457_00126_CCFv3,6983.05,4072.02,7945.15
18457_00127,18457,mouse,NCBI:txid10090,Vipr2-IRES2-Cre-neo;Ai166,cell morphology,fMOST,MG,cells,1,SEU-Allen Joint Center,Hanchuan Peng,,zeng_fmost,BIL,/bil/data/biccn/zeng/luo/fmost/mouseID_381484-18457,,,60,Male,,https://download.neuroxiv.org/SEU-A1876/SEU-ALLEN_full_18457_00127_CCFv3.swc,https://neuroxiv.org/?id=SEU-ALLEN_full_18457_00127_CCFv3,7996.6,3998.77,8182.15
18457_00128,18457,mouse,NCBI:txid10090,Vipr2-IRES2-Cre-neo;Ai166,cell morphology,fMOST,VPM,cells,1,SEU-Allen Joint Center,Hanchuan Peng,,zeng_fmost,BIL,/bil/data/biccn/zeng/luo/fmost/mouseID_381484-18457,,,60,Male,,https://download.neuroxiv.org/SEU-A1876/SEU-ALLEN_full_18457_00128_CCFv3.swc,https://neuroxiv.org/?id=SEU-ALLEN_full_18457_00128_CCFv3,6875.3,3767.8,7508.33
18457_00129,18457,mouse,NCBI:txid10090,Vipr2-IRES2-Cre-neo;Ai166,cell morphology,fMOST,VPM,cells,1,SEU-Allen Joint Center,Hanchuan Peng,,zeng_fmost,BIL,/bil/data/biccn/zeng/luo/fmost/mouseID_381484-18457,,,60,Male,,https://download.neuroxiv.org/SEU-A1876/SEU-ALLEN_full_18457_00129_CCFv3.swc,https://neuroxiv.org/?id=SEU-ALLEN_full_18457_00129_CCFv3,6803.27,3845.7,7636.52
18457_00133,18457,mouse,NCBI:txid10090,Vipr2-IRES2-Cre-neo;Ai166,cell morphology,fMOST,ACB,cells,1,SEU-Allen Joint Center,Hanchuan Peng,,zeng_fmost,BIL,/bil/data/biccn/zeng/luo/fmost/mouseID_381484-18457,,,60,Male,,https://download.neuroxiv.org/SEU-A1876/SEU-ALLEN_full_18457_00133_CCFv3.swc,https://neuroxiv.org/?id=SEU-ALLEN_full_18457_00133_CCFv3,3151.32,5103.05,4553.5
18457_00135,18457,mouse,NCBI:txid10090,Vipr2-IRES2-Cre-neo;Ai166,cell morphology,fMOST,SMT,cells,1,SEU-Allen Joint Center,Hanchuan Peng,,zeng_fmost,BIL,/bil/data/biccn/zeng/luo/fmost/mouseID_381484-18457,,,60,Male,,https://download.neuroxiv.org/SEU-A1876/SEU-ALLEN_full_18457_00135_CCFv3.swc,https://neuroxiv.org/?id=SEU-ALLEN_full_18457_00135_CCFv3,6339.27,4462.52,4932.73
18457_00136,18457,mouse,NCBI:txid10090,Vipr2-IRES2-Cre-neo;Ai166,cell morphology,fMOST,VM,cells,1,SEU-Allen Joint Center,Hanchuan Peng,,zeng_fmost,BIL,/bil/data/biccn/zeng/luo/fmost/mouseID_381484-18457,,,60,Male,,https://download.neuroxiv.org/SEU-A1876/SEU-ALLEN_full_18457_00136_CCFv3.swc,https://neuroxiv.org/?id=SEU-ALLEN_full_18457_00136_CCFv3,6693.23,4963.55,4802.25
18457_00139,18457,mouse,NCBI:txid10090,Vipr2-IRES2-Cre-neo;Ai166,cell morphology,fMOST,CP,cells,1,SEU-Allen Joint Center,Hanchuan Peng,,zeng_fmost,BIL,/bil/data/biccn/zeng/luo/fmost/mouseID_381484-18457,,,60,Male,,https://download.neuroxiv.org/SEU-A1876/SEU-ALLEN_full_18457_00139_CCFv3.swc,https://neuroxiv.org/?id=SEU-ALLEN_full_18457_00139_CCFv3,4638.77,4470.52,2983.62
18457_00140,18457,mouse,NCBI:txid10090,Vipr2-IRES2-Cre-neo;Ai166,cell morphology,fMOST,CP,cells,1,SEU-Allen Joint Center,Hanchuan Peng,,zeng_fmost,BIL,/bil/data/biccn/zeng/luo/fmost/mouseID_381484-18457,,,60,Male,,https://download.neuroxiv.org/SEU-A1876/SEU-ALLEN_full_18457_00140_CCFv3.swc,https://neuroxiv.org/?id=SEU-ALLEN_full_18457_00140_CCFv3,3780.45,4715.95,3969.12
18457_00141,18457,mouse,NCBI:txid10090,Vipr2-IRES2-Cre-neo;Ai166,cell morphology,fMOST,CP,cells,1,SEU-Allen Joint Center,Hanchuan Peng,,zeng_fmost,BIL,/bil/data/biccn/zeng/luo/fmost/mouseID_381484-18457,,,60,Male,,https://download.neuroxiv.org/SEU-A1876/SEU-ALLEN_full_18457_00141_CCFv3.swc,https://neuroxiv.org/?id=SEU-ALLEN_full_18457_00141_CCFv3,3529.1,4697.55,3054.25
18457_00142,18457,mouse,NCBI:txid10090,Vipr2-IRES2-Cre-neo;Ai166,cell morphology,fMOST,CP,cells,1,SEU-Allen Joint Center,Hanchuan Peng,,zeng_fmost,BIL,/bil/data/biccn/zeng/luo/fmost/mouseID_381484-18457,,,60,Male,,https://download.neuroxiv.org/SEU-A1876/SEU-ALLEN_full_18457_00142_CCFv3.swc,https://neuroxiv.org/?id=SEU-ALLEN_full_18457_00142_CCFv3,3932.65,4684.8,3451.65
18457_00143,18457,mouse,NCBI:txid10090,Vipr2-IRES2-Cre-neo;Ai166,cell morphology,fMOST,VPM,cells,1,SEU-Allen Joint Center,Hanchuan Peng,,zeng_fmost,BIL,/bil/data/biccn/zeng/luo/fmost/mouseID_381484-18457,,,60,Male,,https://download.neuroxiv.org/SEU-A1876/SEU-ALLEN_full_18457_00143_CCFv3.swc,https://neuroxiv.org/?id=SEU-ALLEN_full_18457_00143_CCFv3,6538.42,3862.23,3775.2
18457_00144,18457,mouse,NCBI:txid10090,Vipr2-IRES2-Cre-neo;Ai166,cell morphology,fMOST,VPM,cells,1,SEU-Allen Joint Center,Hanchuan Peng,,zeng_fmost,BIL,/bil/data/biccn/zeng/luo/fmost/mouseID_381484-18457,,,60,Male,,https://download.neuroxiv.org/SEU-A1876/SEU-ALLEN_full_18457_00144_CCFv3.swc,https://neuroxiv.org/?id=SEU-ALLEN_full_18457_00144_CCFv3,6447.35,4165.58,3860.27
18457_00145,18457,mouse,NCBI:txid10090,Vipr2-IRES2-Cre-neo;Ai166,cell morphology,fMOST,VPM,cells,1,SEU-Allen Joint Center,Hanchuan Peng,,zeng_fmost,BIL,/bil/data/biccn/zeng/luo/fmost/mouseID_381484-18457,,,60,Male,,https://download.neuroxiv.org/SEU-A1876/SEU-ALLEN_full_18457_00145_CCFv3.swc,https://neuroxiv.org/?id=SEU-ALLEN_full_18457_00145_CCFv3,6742.42,4264.2,3807.82
18457_00146,18457,mouse,NCBI:txid10090,Vipr2-IRES2-Cre-neo;Ai166,cell morphology,fMOST,VPM,cells,1,SEU-Allen Joint Center,Hanchuan Peng,,zeng_fmost,BIL,/bil/data/biccn/zeng/luo/fmost/mouseID_381484-18457,,,60,Male,,https://download.neuroxiv.org/SEU-A1876/SEU-ALLEN_full_18457_00146_CCFv3.swc,https://neuroxiv.org/?id=SEU-ALLEN_full_18457_00146_CCFv3,6547.08,3967.88,3579.3
18457_00148,18457,mouse,NCBI:txid10090,Vipr2-IRES2-Cre-neo;Ai166,cell morphology,fMOST,VPM,cells,1,SEU-Allen Joint Center,Hanchuan Peng,,zeng_fmost,BIL,/bil/data/biccn/zeng/luo/fmost/mouseID_381484-18457,,,60,Male,,https://download.neuroxiv.org/SEU-A1876/SEU-ALLEN_full_18457_00148_CCFv3.swc,https://neuroxiv.org/?id=SEU-ALLEN_full_18457_00148_CCFv3,6611.27,3948.82,3394.98
18457_00150,18457,mouse,NCBI:txid10090,Vipr2-IRES2-Cre-neo;Ai166,cell morphology,fMOST,VPM,cells,1,SEU-Allen Joint Center,Hanchuan Peng,,zeng_fmost,BIL,/bil/data/biccn/zeng/luo/fmost/mouseID_381484-18457,,,60,Male,,https://download.neuroxiv.org/SEU-A1876/SEU-ALLEN_full_18457_00150_CCFv3.swc,https://neuroxiv.org/?id=SEU-ALLEN_full_18457_00150_CCFv3,6683.08,4077.8,3517.45
18457_00152,18457,mouse,NCBI:txid10090,Vipr2-IRES2-Cre-neo;Ai166,cell morphology,fMOST,VPM,cells,1,SEU-Allen Joint Center,Hanchuan Peng,,zeng_fmost,BIL,/bil/data/biccn/zeng/luo/fmost/mouseID_381484-18457,,,60,Male,,https://download.neuroxiv.org/SEU-A1876/SEU-ALLEN_full_18457_00152_CCFv3.swc,https://neuroxiv.org/?id=SEU-ALLEN_full_18457_00152_CCFv3,6514.7,4181.62,3677.88
18457_00159,18457,mouse,NCBI:txid10090,Vipr2-IRES2-Cre-neo;Ai166,cell morphology,fMOST,VPM,cells,1,SEU-Allen Joint Center,Hanchuan Peng,,zeng_fmost,BIL,/bil/data/biccn/zeng/luo/fmost/mouseID_381484-18457,,,60,Male,,https://download.neuroxiv.org/SEU-A1876/SEU-ALLEN_full_18457_00159_CCFv3.swc,https://neuroxiv.org/?id=SEU-ALLEN_full_18457_00159_CCFv3,6573.92,4381.35,3988.68
18457_00162,18457,mouse,NCBI:txid10090,Vipr2-IRES2-Cre-neo;Ai166,cell morphology,fMOST,VPM,cells,1,SEU-Allen Joint Center,Hanchuan Peng,,zeng_fmost,BIL,/bil/data/biccn/zeng/luo/fmost/mouseID_381484-18457,,,60,Male,,https://download.neuroxiv.org/SEU-A1876/SEU-ALLEN_full_18457_00162_CCFv3.swc,https://neuroxiv.org/?id=SEU-ALLEN_full_18457_00162_CCFv3,6673.4,4348.9,3625.62
18457_00163,18457,mouse,NCBI:txid10090,Vipr2-IRES2-Cre-neo;Ai166,cell morphology,fMOST,VPM,cells,1,SEU-Allen Joint Center,Hanchuan Peng,,zeng_fmost,BIL,/bil/data/biccn/zeng/luo/fmost/mouseID_381484-18457,,,60,Male,,https://download.neuroxiv.org/SEU-A1876/SEU-ALLEN_full_18457_00163_CCFv3.swc,https://neuroxiv.org/?id=SEU-ALLEN_full_18457_00163_CCFv3,6727.25,4408.38,3592.1
18457_00164,18457,mouse,NCBI:txid10090,Vipr2-IRES2-Cre-neo;Ai166,cell morphology,fMOST,VPL,cells,1,SEU-Allen Joint Center,Hanchuan Peng,,zeng_fmost,BIL,/bil/data/biccn/zeng/luo/fmost/mouseID_381484-18457,,,60,Male,,https://download.neuroxiv.org/SEU-A1876/SEU-ALLEN_full_18457_00164_CCFv3.swc,https://neuroxiv.org/?id=SEU-ALLEN_full_18457_00164_CCFv3,6757.27,4359.52,3448.43
18457_00170,18457,mouse,NCBI:txid10090,Vipr2-IRES2-Cre-neo;Ai166,cell morphology,fMOST,ACB,cells,1,SEU-Allen Joint Center,Hanchuan Peng,,zeng_fmost,BIL,/bil/data/biccn/zeng/luo/fmost/mouseID_381484-18457,,,60,Male,,https://download.neuroxiv.org/SEU-A1876/SEU-ALLEN_full_18457_00170_CCFv3.swc,https://neuroxiv.org/?id=SEU-ALLEN_full_18457_00170_CCFv3,3339.1,5352.83,4598.4
18457_00184,18457,mouse,NCBI:txid10090,Vipr2-IRES2-Cre-neo;Ai166,cell morphology,fMOST,OT,cells,1,SEU-Allen Joint Center,Hanchuan Peng,,zeng_fmost,BIL,/bil/data/biccn/zeng/luo/fmost/mouseID_381484-18457,,,60,Male,,https://download.neuroxiv.org/SEU-A1876/SEU-ALLEN_full_18457_00184_CCFv3.swc,https://neuroxiv.org/?id=SEU-ALLEN_full_18457_00184_CCFv3,4420.85,7371.77,3960.75
18457_00188,18457,mouse,NCBI:txid10090,Vipr2-IRES2-Cre-neo;Ai166,cell morphology,fMOST,VM,cells,1,SEU-Allen Joint Center,Hanchuan Peng,,zeng_fmost,BIL,/bil/data/biccn/zeng/luo/fmost/mouseID_381484-18457,,,60,Male,,https://download.neuroxiv.org/SEU-A1876/SEU-ALLEN_full_18457_00188_CCFv3.swc,https://neuroxiv.org/?id=SEU-ALLEN_full_18457_00188_CCFv3,7107.3,4788.65,4600.83
18457_00190,18457,mouse,NCBI:txid10090,Vipr2-IRES2-Cre-neo;Ai166,cell morphology,fMOST,VPM,cells,1,SEU-Allen Joint Center,Hanchuan Peng,,zeng_fmost,BIL,/bil/data/biccn/zeng/luo/fmost/mouseID_381484-18457,,,60,Male,,https://download.neuroxiv.org/SEU-A1876/SEU-ALLEN_full_18457_00190_CCFv3.swc,https://neuroxiv.org/?id=SEU-ALLEN_full_18457_00190_CCFv3,6779.48,3907.12,3420.95
18457_00194,18457,mouse,NCBI:txid10090,Vipr2-IRES2-Cre-neo;Ai166,cell morphology,fMOST,VPM,cells,1,SEU-Allen Joint Center,Hanchuan Peng,,zeng_fmost,BIL,/bil/data/biccn/zeng/luo/fmost/mouseID_381484-18457,,,60,Male,,https://download.neuroxiv.org/SEU-A1876/SEU-ALLEN_full_18457_00194_CCFv3.swc,https://neuroxiv.org/?id=SEU-ALLEN_full_18457_00194_CCFv3,6980.62,4004.45,3331.93
18457_00197,18457,mouse,NCBI:txid10090,Vipr2-IRES2-Cre-neo;Ai166,cell morphology,fMOST,VPL,cells,1,SEU-Allen Joint Center,Hanchuan Peng,,zeng_fmost,BIL,/bil/data/biccn/zeng/luo/fmost/mouseID_381484-18457,,,60,Male,,https://download.neuroxiv.org/SEU-A1876/SEU-ALLEN_full_18457_00197_CCFv3.swc,https://neuroxiv.org/?id=SEU-ALLEN_full_18457_00197_CCFv3,6998.73,4087.52,3320.73
18457_00199,18457,mouse,NCBI:txid10090,Vipr2-IRES2-Cre-neo;Ai166,cell morphology,fMOST,MG,cells,1,SEU-Allen Joint Center,Hanchuan Peng,,zeng_fmost,BIL,/bil/data/biccn/zeng/luo/fmost/mouseID_381484-18457,,,60,Male,,https://download.neuroxiv.org/SEU-A1876/SEU-ALLEN_full_18457_00199_CCFv3.swc,https://neuroxiv.org/?id=SEU-ALLEN_full_18457_00199_CCFv3,7299.95,4041.43,3218.43
18457_00202,18457,mouse,NCBI:txid10090,Vipr2-IRES2-Cre-neo;Ai166,cell morphology,fMOST,VPL,cells,1,SEU-Allen Joint Center,Hanchuan Peng,,zeng_fmost,BIL,/bil/data/biccn/zeng/luo/fmost/mouseID_381484-18457,,,60,Male,,https://download.neuroxiv.org/SEU-A1876/SEU-ALLEN_full_18457_00202_CCFv3.swc,https://neuroxiv.org/?id=SEU-ALLEN_full_18457_00202_CCFv3,6950.65,4166.42,3287.82
18457_00203,18457,mouse,NCBI:txid10090,Vipr2-IRES2-Cre-neo;Ai166,cell morphology,fMOST,VPL,cells,1,SEU-Allen Joint Center,Hanchuan Peng,,zeng_fmost,BIL,/bil/data/biccn/zeng/luo/fmost/mouseID_381484-18457,,,60,Male,,https://download.neuroxiv.org/SEU-A1876/SEU-ALLEN_full_18457_00203_CCFv3.swc,https://neuroxiv.org/?id=SEU-ALLEN_full_18457_00203_CCFv3,6862.5,4178.2,3156.32
18457_00204,18457,mouse,NCBI:txid10090,Vipr2-IRES2-Cre-neo;Ai166,cell morphology,fMOST,VPM,cells,1,SEU-Allen Joint Center,Hanchuan Peng,,zeng_fmost,BIL,/bil/data/biccn/zeng/luo/fmost/mouseID_381484-18457,,,60,Male,,https://download.neuroxiv.org/SEU-A1876/SEU-ALLEN_full_18457_00204_CCFv3.swc,https://neuroxiv.org/?id=SEU-ALLEN_full_18457_00204_CCFv3,6910.45,4438.77,4129.65
18457_00205,18457,mouse,NCBI:txid10090,Vipr2-IRES2-Cre-neo;Ai166,cell morphology,fMOST,VPL,cells,1,SEU-Allen Joint Center,Hanchuan Peng,,zeng_fmost,BIL,/bil/data/biccn/zeng/luo/fmost/mouseID_381484-18457,,,60,Male,,https://download.neuroxiv.org/SEU-A1876/SEU-ALLEN_full_18457_00205_CCFv3.swc,https://neuroxiv.org/?id=SEU-ALLEN_full_18457_00205_CCFv3,6968.05,4599.92,3744.1
18457_00206,18457,mouse,NCBI:txid10090,Vipr2-IRES2-Cre-neo;Ai166,cell morphology,fMOST,VPL,cells,1,SEU-Allen Joint Center,Hanchuan Peng,,zeng_fmost,BIL,/bil/data/biccn/zeng/luo/fmost/mouseID_381484-18457,,,60,Male,,https://download.neuroxiv.org/SEU-A1876/SEU-ALLEN_full_18457_00206_CCFv3.swc,https://neuroxiv.org/?id=SEU-ALLEN_full_18457_00206_CCFv3,6949.05,4392.5,3351.68
18457_00209,18457,mouse,NCBI:txid10090,Vipr2-IRES2-Cre-neo;Ai166,cell morphology,fMOST,MD,cells,1,SEU-Allen Joint Center,Hanchuan Peng,,zeng_fmost,BIL,/bil/data/biccn/zeng/luo/fmost/mouseID_381484-18457,,,60,Male,,https://download.neuroxiv.org/SEU-A1876/SEU-ALLEN_full_18457_00209_CCFv3.swc,https://neuroxiv.org/?id=SEU-ALLEN_full_18457_00209_CCFv3,6808.83,4026.88,5382.3
18457_00241,18457,mouse,NCBI:txid10090,Vipr2-IRES2-Cre-neo;Ai166,cell morphology,fMOST,SGN,cells,1,SEU-Allen Joint Center,Hanchuan Peng,,zeng_fmost,BIL,/bil/data/biccn/zeng/luo/fmost/mouseID_381484-18457,,,60,Male,,https://download.neuroxiv.org/SEU-A1876/SEU-ALLEN_full_18457_00241_CCFv3.swc,https://neuroxiv.org/?id=SEU-ALLEN_full_18457_00241_CCFv3,7828.88,3401.25,7856.4
18458_00049,18458,mouse,NCBI:txid10090,Vipr2-IRES2-Cre-neo;Ai166,cell morphology,fMOST,LGd,cells,1,SEU-Allen Joint Center,Hanchuan Peng,,zeng_fmost,BIL,/bil/data/df/75/df75626840c76c15/mouseID_381487-18458,,,60,Male,,https://download.neuroxiv.org/SEU-A1876/SEU-ALLEN_full_18458_00049_CCFv3.swc,https://neuroxiv.org/?id=SEU-ALLEN_full_18458_00049_CCFv3,7364.38,2951.9,8071.8
18458_00050,18458,mouse,NCBI:txid10090,Vipr2-IRES2-Cre-neo;Ai166,cell morphology,fMOST,LGd,cells,1,SEU-Allen Joint Center,Hanchuan Peng,,zeng_fmost,BIL,/bil/data/df/75/df75626840c76c15/mouseID_381487-18458,,,60,Male,,https://download.neuroxiv.org/SEU-A1876/SEU-ALLEN_full_18458_00050_CCFv3.swc,https://neuroxiv.org/?id=SEU-ALLEN_full_18458_00050_CCFv3,7330.85,2959.07,8054.25
18458_00051,18458,mouse,NCBI:txid10090,Vipr2-IRES2-Cre-neo;Ai166,cell morphology,fMOST,LGd,cells,1,SEU-Allen Joint Center,Hanchuan Peng,,zeng_fmost,BIL,/bil/data/df/75/df75626840c76c15/mouseID_381487-18458,,,60,Male,,https://download.neuroxiv.org/SEU-A1876/SEU-ALLEN_full_18458_00051_CCFv3.swc,https://neuroxiv.org/?id=SEU-ALLEN_full_18458_00051_CCFv3,7531.4,2910.02,7924.38
18458_00053,18458,mouse,NCBI:txid10090,Vipr2-IRES2-Cre-neo;Ai166,cell morphology,fMOST,LGd,cells,1,SEU-Allen Joint Center,Hanchuan Peng,,zeng_fmost,BIL,/bil/data/df/75/df75626840c76c15/mouseID_381487-18458,,,60,Male,,https://download.neuroxiv.org/SEU-A1876/SEU-ALLEN_full_18458_00053_CCFv3.swc,https://neuroxiv.org/?id=SEU-ALLEN_full_18458_00053_CCFv3,7178.35,2849.55,7753.45
18458_00056,18458,mouse,NCBI:txid10090,Vipr2-IRES2-Cre-neo;Ai166,cell morphology,fMOST,LGd,cells,1,SEU-Allen Joint Center,Hanchuan Peng,,zeng_fmost,BIL,/bil/data/df/75/df75626840c76c15/mouseID_381487-18458,,,60,Male,,https://download.neuroxiv.org/SEU-A1876/SEU-ALLEN_full_18458_00056_CCFv3.swc,https://neuroxiv.org/?id=SEU-ALLEN_full_18458_00056_CCFv3,7644.73,3139.57,8215.65
18458_00057,18458,mouse,NCBI:txid10090,Vipr2-IRES2-Cre-neo;Ai166,cell morphology,fMOST,LGd,cells,1,SEU-Allen Joint Center,Hanchuan Peng,,zeng_fmost,BIL,/bil/data/df/75/df75626840c76c15/mouseID_381487-18458,,,60,Male,,https://download.neuroxiv.org/SEU-A1876/SEU-ALLEN_full_18458_00057_CCFv3.swc,https://neuroxiv.org/?id=SEU-ALLEN_full_18458_00057_CCFv3,7599.38,3159.77,8220.85
18458_00069,18458,mouse,NCBI:txid10090,Vipr2-IRES2-Cre-neo;Ai166,cell morphology,fMOST,LGd,cells,1,SEU-Allen Joint Center,Hanchuan Peng,,zeng_fmost,BIL,/bil/data/df/75/df75626840c76c15/mouseID_381487-18458,,,60,Male,,https://download.neuroxiv.org/SEU-A1876/SEU-ALLEN_full_18458_00069_CCFv3.swc,https://neuroxiv.org/?id=SEU-ALLEN_full_18458_00069_CCFv3,7916.92,3406.82,8282.17
18458_00075,18458,mouse,NCBI:txid10090,Vipr2-IRES2-Cre-neo;Ai166,cell morphology,fMOST,LD,cells,1,SEU-Allen Joint Center,Hanchuan Peng,,zeng_fmost,BIL,/bil/data/df/75/df75626840c76c15/mouseID_381487-18458,,,60,Male,,https://download.neuroxiv.org/SEU-A1876/SEU-ALLEN_full_18458_00075_CCFv3.swc,https://neuroxiv.org/?id=SEU-ALLEN_full_18458_00075_CCFv3,6915.02,3072.55,7424.75
18458_00077,18458,mouse,NCBI:txid10090,Vipr2-IRES2-Cre-neo;Ai166,cell morphology,fMOST,LD,cells,1,SEU-Allen Joint Center,Hanchuan Peng,,zeng_fmost,BIL,/bil/data/df/75/df75626840c76c15/mouseID_381487-18458,,,60,Male,,https://download.neuroxiv.org/SEU-A1876/SEU-ALLEN_full_18458_00077_CCFv3.swc,https://neuroxiv.org/?id=SEU-ALLEN_full_18458_00077_CCFv3,6662.88,3345,7579.4
18458_00083,18458,mouse,NCBI:txid10090,Vipr2-IRES2-Cre-neo;Ai166,cell morphology,fMOST,LP,cells,1,SEU-Allen Joint Center,Hanchuan Peng,,zeng_fmost,BIL,/bil/data/df/75/df75626840c76c15/mouseID_381487-18458,,,60,Male,,https://download.neuroxiv.org/SEU-A1876/SEU-ALLEN_full_18458_00083_CCFv3.swc,https://neuroxiv.org/?id=SEU-ALLEN_full_18458_00083_CCFv3,7841.8,3165.38,8194.17
18458_00086,18458,mouse,NCBI:txid10090,Vipr2-IRES2-Cre-neo;Ai166,cell morphology,fMOST,LGd,cells,1,SEU-Allen Joint Center,Hanchuan Peng,,zeng_fmost,BIL,/bil/data/df/75/df75626840c76c15/mouseID_381487-18458,,,60,Male,,https://download.neuroxiv.org/SEU-A1876/SEU-ALLEN_full_18458_00086_CCFv3.swc,https://neuroxiv.org/?id=SEU-ALLEN_full_18458_00086_CCFv3,7631.98,3223.65,7818.08
18458_00101,18458,mouse,NCBI:txid10090,Vipr2-IRES2-Cre-neo;Ai166,cell morphology,fMOST,LGd,cells,1,SEU-Allen Joint Center,Hanchuan Peng,,zeng_fmost,BIL,/bil/data/df/75/df75626840c76c15/mouseID_381487-18458,,,60,Male,,https://download.neuroxiv.org/SEU-A1876/SEU-ALLEN_full_18458_00101_CCFv3.swc,https://neuroxiv.org/?id=SEU-ALLEN_full_18458_00101_CCFv3,7851.45,3458.6,8310
18458_00102,18458,mouse,NCBI:txid10090,Vipr2-IRES2-Cre-neo;Ai166,cell morphology,fMOST,LGd,cells,1,SEU-Allen Joint Center,Hanchuan Peng,,zeng_fmost,BIL,/bil/data/df/75/df75626840c76c15/mouseID_381487-18458,,,60,Male,,https://download.neuroxiv.org/SEU-A1876/SEU-ALLEN_full_18458_00102_CCFv3.swc,https://neuroxiv.org/?id=SEU-ALLEN_full_18458_00102_CCFv3,7943.02,3456.27,8328.75
18458_00114,18458,mouse,NCBI:txid10090,Vipr2-IRES2-Cre-neo;Ai166,cell morphology,fMOST,VPM,cells,1,SEU-Allen Joint Center,Hanchuan Peng,,zeng_fmost,BIL,/bil/data/df/75/df75626840c76c15/mouseID_381487-18458,,,60,Male,,https://download.neuroxiv.org/SEU-A1876/SEU-ALLEN_full_18458_00114_CCFv3.swc,https://neuroxiv.org/?id=SEU-ALLEN_full_18458_00114_CCFv3,6602.77,3830.55,7854.55
18458_00119,18458,mouse,NCBI:txid10090,Vipr2-IRES2-Cre-neo;Ai166,cell morphology,fMOST,VPM,cells,1,SEU-Allen Joint Center,Hanchuan Peng,,zeng_fmost,BIL,/bil/data/df/75/df75626840c76c15/mouseID_381487-18458,,,60,Male,,https://download.neuroxiv.org/SEU-A1876/SEU-ALLEN_full_18458_00119_CCFv3.swc,https://neuroxiv.org/?id=SEU-ALLEN_full_18458_00119_CCFv3,7014.85,3830.55,7745.77
18458_00121,18458,mouse,NCBI:txid10090,Vipr2-IRES2-Cre-neo;Ai166,cell morphology,fMOST,VPM,cells,1,SEU-Allen Joint Center,Hanchuan Peng,,zeng_fmost,BIL,/bil/data/df/75/df75626840c76c15/mouseID_381487-18458,,,60,Male,,https://download.neuroxiv.org/SEU-A1876/SEU-ALLEN_full_18458_00121_CCFv3.swc,https://neuroxiv.org/?id=SEU-ALLEN_full_18458_00121_CCFv3,6729.05,3883.3,7264.12
18458_00122,18458,mouse,NCBI:txid10090,Vipr2-IRES2-Cre-neo;Ai166,cell morphology,fMOST,VPM,cells,1,SEU-Allen Joint Center,Hanchuan Peng,,zeng_fmost,BIL,/bil/data/df/75/df75626840c76c15/mouseID_381487-18458,,,60,Male,,https://download.neuroxiv.org/SEU-A1876/SEU-ALLEN_full_18458_00122_CCFv3.swc,https://neuroxiv.org/?id=SEU-ALLEN_full_18458_00122_CCFv3,6974.98,3730.73,7683.58
18458_00125,18458,mouse,NCBI:txid10090,Vipr2-IRES2-Cre-neo;Ai166,cell morphology,fMOST,VPM,cells,1,SEU-Allen Joint Center,Hanchuan Peng,,zeng_fmost,BIL,/bil/data/df/75/df75626840c76c15/mouseID_381487-18458,,,60,Male,,https://download.neuroxiv.org/SEU-A1876/SEU-ALLEN_full_18458_00125_CCFv3.swc,https://neuroxiv.org/?id=SEU-ALLEN_full_18458_00125_CCFv3,7195.15,3632.8,7887.12
18458_00148,18458,mouse,NCBI:txid10090,Vipr2-IRES2-Cre-neo;Ai166,cell morphology,fMOST,LP,cells,1,SEU-Allen Joint Center,Hanchuan Peng,,zeng_fmost,BIL,/bil/data/df/75/df75626840c76c15/mouseID_381487-18458,,,60,Male,,https://download.neuroxiv.org/SEU-A1876/SEU-ALLEN_full_18458_00148_CCFv3.swc,https://neuroxiv.org/?id=SEU-ALLEN_full_18458_00148_CCFv3,6827.62,3109,7090.9
18458_00150,18458,mouse,NCBI:txid10090,Vipr2-IRES2-Cre-neo;Ai166,cell morphology,fMOST,LP,cells,1,SEU-Allen Joint Center,Hanchuan Peng,,zeng_fmost,BIL,/bil/data/df/75/df75626840c76c15/mouseID_381487-18458,,,60,Male,,https://download.neuroxiv.org/SEU-A1876/SEU-ALLEN_full_18458_00150_CCFv3.swc,https://neuroxiv.org/?id=SEU-ALLEN_full_18458_00150_CCFv3,6936.5,3364.68,7168.92
18458_00185,18458,mouse,NCBI:txid10090,Vipr2-IRES2-Cre-neo;Ai166,cell morphology,fMOST,PO,cells,1,SEU-Allen Joint Center,Hanchuan Peng,,zeng_fmost,BIL,/bil/data/df/75/df75626840c76c15/mouseID_381487-18458,,,60,Male,,https://download.neuroxiv.org/SEU-A1876/SEU-ALLEN_full_18458_00185_CCFv3.swc,https://neuroxiv.org/?id=SEU-ALLEN_full_18458_00185_CCFv3,6427.48,3794.68,3778.77
18458_00236,18458,mouse,NCBI:txid10090,Vipr2-IRES2-Cre-neo;Ai166,cell morphology,fMOST,LGd,cells,1,SEU-Allen Joint Center,Hanchuan Peng,,zeng_fmost,BIL,/bil/data/df/75/df75626840c76c15/mouseID_381487-18458,,,60,Male,,https://download.neuroxiv.org/SEU-A1876/SEU-ALLEN_full_18458_00236_CCFv3.swc,https://neuroxiv.org/?id=SEU-ALLEN_full_18458_00236_CCFv3,7104.67,3103.1,3068.88
18458_00239,18458,mouse,NCBI:txid10090,Vipr2-IRES2-Cre-neo;Ai166,cell morphology,fMOST,LGd,cells,1,SEU-Allen Joint Center,Hanchuan Peng,,zeng_fmost,BIL,/bil/data/df/75/df75626840c76c15/mouseID_381487-18458,,,60,Male,,https://download.neuroxiv.org/SEU-A1876/SEU-ALLEN_full_18458_00239_CCFv3.swc,https://neuroxiv.org/?id=SEU-ALLEN_full_18458_00239_CCFv3,7246.02,3187.4,3422.25
18458_00241,18458,mouse,NCBI:txid10090,Vipr2-IRES2-Cre-neo;Ai166,cell morphology,fMOST,LGd,cells,1,SEU-Allen Joint Center,Hanchuan Peng,,zeng_fmost,BIL,/bil/data/df/75/df75626840c76c15/mouseID_381487-18458,,,60,Male,,https://download.neuroxiv.org/SEU-A1876/SEU-ALLEN_full_18458_00241_CCFv3.swc,https://neuroxiv.org/?id=SEU-ALLEN_full_18458_00241_CCFv3,7121.85,3192.1,2965.7
18458_00242,18458,mouse,NCBI:txid10090,Vipr2-IRES2-Cre-neo;Ai166,cell morphology,fMOST,LGd,cells,1,SEU-Allen Joint Center,Hanchuan Peng,,zeng_fmost,BIL,/bil/data/df/75/df75626840c76c15/mouseID_381487-18458,,,60,Male,,https://download.neuroxiv.org/SEU-A1876/SEU-ALLEN_full_18458_00242_CCFv3.swc,https://neuroxiv.org/?id=SEU-ALLEN_full_18458_00242_CCFv3,7303.33,3247.4,3058.2
18458_00244,18458,mouse,NCBI:txid10090,Vipr2-IRES2-Cre-neo;Ai166,cell morphology,fMOST,LGd,cells,1,SEU-Allen Joint Center,Hanchuan Peng,,zeng_fmost,BIL,/bil/data/df/75/df75626840c76c15/mouseID_381487-18458,,,60,Male,,https://download.neuroxiv.org/SEU-A1876/SEU-ALLEN_full_18458_00244_CCFv3.swc,https://neuroxiv.org/?id=SEU-ALLEN_full_18458_00244_CCFv3,7257.1,3353.05,2843.65
18458_00249,18458,mouse,NCBI:txid10090,Vipr2-IRES2-Cre-neo;Ai166,cell morphology,fMOST,LGd,cells,1,SEU-Allen Joint Center,Hanchuan Peng,,zeng_fmost,BIL,/bil/data/df/75/df75626840c76c15/mouseID_381487-18458,,,60,Male,,https://download.neuroxiv.org/SEU-A1876/SEU-ALLEN_full_18458_00249_CCFv3.swc,https://neuroxiv.org/?id=SEU-ALLEN_full_18458_00249_CCFv3,7480.2,3095.23,3009.6
18458_00250,18458,mouse,NCBI:txid10090,Vipr2-IRES2-Cre-neo;Ai166,cell morphology,fMOST,LGd,cells,1,SEU-Allen Joint Center,Hanchuan Peng,,zeng_fmost,BIL,/bil/data/df/75/df75626840c76c15/mouseID_381487-18458,,,60,Male,,https://download.neuroxiv.org/SEU-A1876/SEU-ALLEN_full_18458_00250_CCFv3.swc,https://neuroxiv.org/?id=SEU-ALLEN_full_18458_00250_CCFv3,8018.85,3151.68,3262.4
18458_00264,18458,mouse,NCBI:txid10090,Vipr2-IRES2-Cre-neo;Ai166,cell morphology,fMOST,LGd,cells,1,SEU-Allen Joint Center,Hanchuan Peng,,zeng_fmost,BIL,/bil/data/df/75/df75626840c76c15/mouseID_381487-18458,,,60,Male,,https://download.neuroxiv.org/SEU-A1876/SEU-ALLEN_full_18458_00264_CCFv3.swc,https://neuroxiv.org/?id=SEU-ALLEN_full_18458_00264_CCFv3,7850.55,3280.8,2971.48
18458_00267,18458,mouse,NCBI:txid10090,Vipr2-IRES2-Cre-neo;Ai166,cell morphology,fMOST,LGd,cells,1,SEU-Allen Joint Center,Hanchuan Peng,,zeng_fmost,BIL,/bil/data/df/75/df75626840c76c15/mouseID_381487-18458,,,60,Male,,https://download.neuroxiv.org/SEU-A1876/SEU-ALLEN_full_18458_00267_CCFv3.swc,https://neuroxiv.org/?id=SEU-ALLEN_full_18458_00267_CCFv3,8174.75,3252.48,3274.1
18458_00268,18458,mouse,NCBI:txid10090,Vipr2-IRES2-Cre-neo;Ai166,cell morphology,fMOST,VPM,cells,1,SEU-Allen Joint Center,Hanchuan Peng,,zeng_fmost,BIL,/bil/data/df/75/df75626840c76c15/mouseID_381487-18458,,,60,Male,,https://download.neuroxiv.org/SEU-A1876/SEU-ALLEN_full_18458_00268_CCFv3.swc,https://neuroxiv.org/?id=SEU-ALLEN_full_18458_00268_CCFv3,7038.83,3697.23,3669.57
18458_00269,18458,mouse,NCBI:txid10090,Vipr2-IRES2-Cre-neo;Ai166,cell morphology,fMOST,VPM,cells,1,SEU-Allen Joint Center,Hanchuan Peng,,zeng_fmost,BIL,/bil/data/df/75/df75626840c76c15/mouseID_381487-18458,,,60,Male,,https://download.neuroxiv.org/SEU-A1876/SEU-ALLEN_full_18458_00269_CCFv3.swc,https://neuroxiv.org/?id=SEU-ALLEN_full_18458_00269_CCFv3,7144.88,3708.57,3687.98
18458_00273,18458,mouse,NCBI:txid10090,Vipr2-IRES2-Cre-neo;Ai166,cell morphology,fMOST,VPM,cells,1,SEU-Allen Joint Center,Hanchuan Peng,,zeng_fmost,BIL,/bil/data/df/75/df75626840c76c15/mouseID_381487-18458,,,60,Male,,https://download.neuroxiv.org/SEU-A1876/SEU-ALLEN_full_18458_00273_CCFv3.swc,https://neuroxiv.org/?id=SEU-ALLEN_full_18458_00273_CCFv3,6928.17,3750.27,3613.88
18458_00277,18458,mouse,NCBI:txid10090,Vipr2-IRES2-Cre-neo;Ai166,cell morphology,fMOST,VPM,cells,1,SEU-Allen Joint Center,Hanchuan Peng,,zeng_fmost,BIL,/bil/data/df/75/df75626840c76c15/mouseID_381487-18458,,,60,Male,,https://download.neuroxiv.org/SEU-A1876/SEU-ALLEN_full_18458_00277_CCFv3.swc,https://neuroxiv.org/?id=SEU-ALLEN_full_18458_00277_CCFv3,7248.45,3655.62,3559.93
18458_00280,18458,mouse,NCBI:txid10090,Vipr2-IRES2-Cre-neo;Ai166,cell morphology,fMOST,VPM,cells,1,SEU-Allen Joint Center,Hanchuan Peng,,zeng_fmost,BIL,/bil/data/df/75/df75626840c76c15/mouseID_381487-18458,,,60,Male,,https://download.neuroxiv.org/SEU-A1876/SEU-ALLEN_full_18458_00280_CCFv3.swc,https://neuroxiv.org/?id=SEU-ALLEN_full_18458_00280_CCFv3,7243.62,3668.8,3460.62
18458_00281,18458,mouse,NCBI:txid10090,Vipr2-IRES2-Cre-neo;Ai166,cell morphology,fMOST,VPM,cells,1,SEU-Allen Joint Center,Hanchuan Peng,,zeng_fmost,BIL,/bil/data/df/75/df75626840c76c15/mouseID_381487-18458,,,60,Male,,https://download.neuroxiv.org/SEU-A1876/SEU-ALLEN_full_18458_00281_CCFv3.swc,https://neuroxiv.org/?id=SEU-ALLEN_full_18458_00281_CCFv3,7171.5,3775.85,3327.95
18458_00302,18458,mouse,NCBI:txid10090,Vipr2-IRES2-Cre-neo;Ai166,cell morphology,fMOST,LGd,cells,1,SEU-Allen Joint Center,Hanchuan Peng,,zeng_fmost,BIL,/bil/data/df/75/df75626840c76c15/mouseID_381487-18458,,,60,Male,,https://download.neuroxiv.org/SEU-A1876/SEU-ALLEN_full_18458_00302_CCFv3.swc,https://neuroxiv.org/?id=SEU-ALLEN_full_18458_00302_CCFv3,7986.17,3389.52,2958.93
18458_00306,18458,mouse,NCBI:txid10090,Vipr2-IRES2-Cre-neo;Ai166,cell morphology,fMOST,VPM,cells,1,SEU-Allen Joint Center,Hanchuan Peng,,zeng_fmost,BIL,/bil/data/df/75/df75626840c76c15/mouseID_381487-18458,,,60,Male,,https://download.neuroxiv.org/SEU-A1876/SEU-ALLEN_full_18458_00306_CCFv3.swc,https://neuroxiv.org/?id=SEU-ALLEN_full_18458_00306_CCFv3,7492.6,3712.23,3298
18458_00351,18458,mouse,NCBI:txid10090,Vipr2-IRES2-Cre-neo;Ai166,cell morphology,fMOST,CP,cells,1,SEU-Allen Joint Center,Hanchuan Peng,,zeng_fmost,BIL,/bil/data/df/75/df75626840c76c15/mouseID_381487-18458,,,60,Male,,https://download.neuroxiv.org/SEU-A1876/SEU-ALLEN_full_18458_00351_CCFv3.swc,https://neuroxiv.org/?id=SEU-ALLEN_full_18458_00351_CCFv3,5284.15,4596.85,8644.17
18458_00353,18458,mouse,NCBI:txid10090,Vipr2-IRES2-Cre-neo;Ai166,cell morphology,fMOST,CP,cells,1,SEU-Allen Joint Center,Hanchuan Peng,,zeng_fmost,BIL,/bil/data/df/75/df75626840c76c15/mouseID_381487-18458,,,60,Male,,https://download.neuroxiv.org/SEU-A1876/SEU-ALLEN_full_18458_00353_CCFv3.swc,https://neuroxiv.org/?id=SEU-ALLEN_full_18458_00353_CCFv3,5086.83,4930.83,8257.5
18458_00374,18458,mouse,NCBI:txid10090,Vipr2-IRES2-Cre-neo;Ai166,cell morphology,fMOST,VM,cells,1,SEU-Allen Joint Center,Hanchuan Peng,,zeng_fmost,BIL,/bil/data/df/75/df75626840c76c15/mouseID_381487-18458,,,60,Male,,https://download.neuroxiv.org/SEU-A1876/SEU-ALLEN_full_18458_00374_CCFv3.swc,https://neuroxiv.org/?id=SEU-ALLEN_full_18458_00374_CCFv3,6387.85,4935.05,6861.5
18458_00375,18458,mouse,NCBI:txid10090,Vipr2-IRES2-Cre-neo;Ai166,cell morphology,fMOST,AM,cells,1,SEU-Allen Joint Center,Hanchuan Peng,,zeng_fmost,BIL,/bil/data/df/75/df75626840c76c15/mouseID_381487-18458,,,60,Male,,https://download.neuroxiv.org/SEU-A1876/SEU-ALLEN_full_18458_00375_CCFv3.swc,https://neuroxiv.org/?id=SEU-ALLEN_full_18458_00375_CCFv3,6249.17,4643.4,6220.2
18458_00376,18458,mouse,NCBI:txid10090,Vipr2-IRES2-Cre-neo;Ai166,cell morphology,fMOST,AM,cells,1,SEU-Allen Joint Center,Hanchuan Peng,,zeng_fmost,BIL,/bil/data/df/75/df75626840c76c15/mouseID_381487-18458,,,60,Male,,https://download.neuroxiv.org/SEU-A1876/SEU-ALLEN_full_18458_00376_CCFv3.swc,https://neuroxiv.org/?id=SEU-ALLEN_full_18458_00376_CCFv3,6308.92,4779.15,5990.88
18458_00386,18458,mouse,NCBI:txid10090,Vipr2-IRES2-Cre-neo;Ai166,cell morphology,fMOST,CP,cells,1,SEU-Allen Joint Center,Hanchuan Peng,,zeng_fmost,BIL,/bil/data/df/75/df75626840c76c15/mouseID_381487-18458,,,60,Male,,https://download.neuroxiv.org/SEU-A1876/SEU-ALLEN_full_18458_00386_CCFv3.swc,https://neuroxiv.org/?id=SEU-ALLEN_full_18458_00386_CCFv3,4929.9,5215.48,8691.9
18458_00419,18458,mouse,NCBI:txid10090,Vipr2-IRES2-Cre-neo;Ai166,cell morphology,fMOST,VPL,cells,1,SEU-Allen Joint Center,Hanchuan Peng,,zeng_fmost,BIL,/bil/data/df/75/df75626840c76c15/mouseID_381487-18458,,,60,Male,,https://download.neuroxiv.org/SEU-A1876/SEU-ALLEN_full_18458_00419_CCFv3.swc,https://neuroxiv.org/?id=SEU-ALLEN_full_18458_00419_CCFv3,6659.8,4116.75,8024.9
18458_00424,18458,mouse,NCBI:txid10090,Vipr2-IRES2-Cre-neo;Ai166,cell morphology,fMOST,VPM,cells,1,SEU-Allen Joint Center,Hanchuan Peng,,zeng_fmost,BIL,/bil/data/df/75/df75626840c76c15/mouseID_381487-18458,,,60,Male,,https://download.neuroxiv.org/SEU-A1876/SEU-ALLEN_full_18458_00424_CCFv3.swc,https://neuroxiv.org/?id=SEU-ALLEN_full_18458_00424_CCFv3,6796.33,3997.6,7798.62
18458_00430,18458,mouse,NCBI:txid10090,Vipr2-IRES2-Cre-neo;Ai166,cell morphology,fMOST,VPM,cells,1,SEU-Allen Joint Center,Hanchuan Peng,,zeng_fmost,BIL,/bil/data/df/75/df75626840c76c15/mouseID_381487-18458,,,60,Male,,https://download.neuroxiv.org/SEU-A1876/SEU-ALLEN_full_18458_00430_CCFv3.swc,https://neuroxiv.org/?id=SEU-ALLEN_full_18458_00430_CCFv3,6904.23,3973.5,7308.83
18458_00437,18458,mouse,NCBI:txid10090,Vipr2-IRES2-Cre-neo;Ai166,cell morphology,fMOST,VPL,cells,1,SEU-Allen Joint Center,Hanchuan Peng,,zeng_fmost,BIL,/bil/data/df/75/df75626840c76c15/mouseID_381487-18458,,,60,Male,,https://download.neuroxiv.org/SEU-A1876/SEU-ALLEN_full_18458_00437_CCFv3.swc,https://neuroxiv.org/?id=SEU-ALLEN_full_18458_00437_CCFv3,6541.77,4390.83,7630.25
18458_00443,18458,mouse,NCBI:txid10090,Vipr2-IRES2-Cre-neo;Ai166,cell morphology,fMOST,VPM,cells,1,SEU-Allen Joint Center,Hanchuan Peng,,zeng_fmost,BIL,/bil/data/df/75/df75626840c76c15/mouseID_381487-18458,,,60,Male,,https://download.neuroxiv.org/SEU-A1876/SEU-ALLEN_full_18458_00443_CCFv3.swc,https://neuroxiv.org/?id=SEU-ALLEN_full_18458_00443_CCFv3,6592.05,4282.02,7477.73
18458_00444,18458,mouse,NCBI:txid10090,Vipr2-IRES2-Cre-neo;Ai166,cell morphology,fMOST,VPM,cells,1,SEU-Allen Joint Center,Hanchuan Peng,,zeng_fmost,BIL,/bil/data/df/75/df75626840c76c15/mouseID_381487-18458,,,60,Male,,https://download.neuroxiv.org/SEU-A1876/SEU-ALLEN_full_18458_00444_CCFv3.swc,https://neuroxiv.org/?id=SEU-ALLEN_full_18458_00444_CCFv3,6658.73,4302.05,7566.55
18458_00445,18458,mouse,NCBI:txid10090,Vipr2-IRES2-Cre-neo;Ai166,cell morphology,fMOST,VPM,cells,1,SEU-Allen Joint Center,Hanchuan Peng,,zeng_fmost,BIL,/bil/data/df/75/df75626840c76c15/mouseID_381487-18458,,,60,Male,,https://download.neuroxiv.org/SEU-A1876/SEU-ALLEN_full_18458_00445_CCFv3.swc,https://neuroxiv.org/?id=SEU-ALLEN_full_18458_00445_CCFv3,6790.3,4243.17,7381.73
18458_00450,18458,mouse,NCBI:txid10090,Vipr2-IRES2-Cre-neo;Ai166,cell morphology,fMOST,MG,cells,1,SEU-Allen Joint Center,Hanchuan Peng,,zeng_fmost,BIL,/bil/data/df/75/df75626840c76c15/mouseID_381487-18458,,,60,Male,,https://download.neuroxiv.org/SEU-A1876/SEU-ALLEN_full_18458_00450_CCFv3.swc,https://neuroxiv.org/?id=SEU-ALLEN_full_18458_00450_CCFv3,7843.4,4069.27,7935.3
18458_00456,18458,mouse,NCBI:txid10090,Vipr2-IRES2-Cre-neo;Ai166,cell morphology,fMOST,VPL,cells,1,SEU-Allen Joint Center,Hanchuan Peng,,zeng_fmost,BIL,/bil/data/df/75/df75626840c76c15/mouseID_381487-18458,,,60,Male,,https://download.neuroxiv.org/SEU-A1876/SEU-ALLEN_full_18458_00456_CCFv3.swc,https://neuroxiv.org/?id=SEU-ALLEN_full_18458_00456_CCFv3,6546.8,4524.2,7403.1
18458_00458,18458,mouse,NCBI:txid10090,Vipr2-IRES2-Cre-neo;Ai166,cell morphology,fMOST,MG,cells,1,SEU-Allen Joint Center,Hanchuan Peng,,zeng_fmost,BIL,/bil/data/df/75/df75626840c76c15/mouseID_381487-18458,,,60,Male,,https://download.neuroxiv.org/SEU-A1876/SEU-ALLEN_full_18458_00458_CCFv3.swc,https://neuroxiv.org/?id=SEU-ALLEN_full_18458_00458_CCFv3,8300.22,4051.85,8141.52
18458_00459,18458,mouse,NCBI:txid10090,Vipr2-IRES2-Cre-neo;Ai166,cell morphology,fMOST,MG,cells,1,SEU-Allen Joint Center,Hanchuan Peng,,zeng_fmost,BIL,/bil/data/df/75/df75626840c76c15/mouseID_381487-18458,,,60,Male,,https://download.neuroxiv.org/SEU-A1876/SEU-ALLEN_full_18458_00459_CCFv3.swc,https://neuroxiv.org/?id=SEU-ALLEN_full_18458_00459_CCFv3,8159.08,4186.08,8122.77
18458_00460,18458,mouse,NCBI:txid10090,Vipr2-IRES2-Cre-neo;Ai166,cell morphology,fMOST,VPM,cells,1,SEU-Allen Joint Center,Hanchuan Peng,,zeng_fmost,BIL,/bil/data/df/75/df75626840c76c15/mouseID_381487-18458,,,60,Male,,https://download.neuroxiv.org/SEU-A1876/SEU-ALLEN_full_18458_00460_CCFv3.swc,https://neuroxiv.org/?id=SEU-ALLEN_full_18458_00460_CCFv3,6641.5,4057.88,7172.52
18458_00461,18458,mouse,NCBI:txid10090,Vipr2-IRES2-Cre-neo;Ai166,cell morphology,fMOST,VPM,cells,1,SEU-Allen Joint Center,Hanchuan Peng,,zeng_fmost,BIL,/bil/data/df/75/df75626840c76c15/mouseID_381487-18458,,,60,Male,,https://download.neuroxiv.org/SEU-A1876/SEU-ALLEN_full_18458_00461_CCFv3.swc,https://neuroxiv.org/?id=SEU-ALLEN_full_18458_00461_CCFv3,6577.2,4390.1,7182.1
18458_00468,18458,mouse,NCBI:txid10090,Vipr2-IRES2-Cre-neo;Ai166,cell morphology,fMOST,VM,cells,1,SEU-Allen Joint Center,Hanchuan Peng,,zeng_fmost,BIL,/bil/data/df/75/df75626840c76c15/mouseID_381487-18458,,,60,Male,,https://download.neuroxiv.org/SEU-A1876/SEU-ALLEN_full_18458_00468_CCFv3.swc,https://neuroxiv.org/?id=SEU-ALLEN_full_18458_00468_CCFv3,6699.48,4746.88,6463.75
18458_00488,18458,mouse,NCBI:txid10090,Vipr2-IRES2-Cre-neo;Ai166,cell morphology,fMOST,CP,cells,1,SEU-Allen Joint Center,Hanchuan Peng,,zeng_fmost,BIL,/bil/data/df/75/df75626840c76c15/mouseID_381487-18458,,,60,Male,,https://download.neuroxiv.org/SEU-A1876/SEU-ALLEN_full_18458_00488_CCFv3.swc,https://neuroxiv.org/?id=SEU-ALLEN_full_18458_00488_CCFv3,4540.42,4924.52,3122.9
18458_00492,18458,mouse,NCBI:txid10090,Vipr2-IRES2-Cre-neo;Ai166,cell morphology,fMOST,VPL,cells,1,SEU-Allen Joint Center,Hanchuan Peng,,zeng_fmost,BIL,/bil/data/df/75/df75626840c76c15/mouseID_381487-18458,,,60,Male,,https://download.neuroxiv.org/SEU-A1876/SEU-ALLEN_full_18458_00492_CCFv3.swc,https://neuroxiv.org/?id=SEU-ALLEN_full_18458_00492_CCFv3,6635.38,3906.43,3599.98
18458_00496,18458,mouse,NCBI:txid10090,Vipr2-IRES2-Cre-neo;Ai166,cell morphology,fMOST,VPL,cells,1,SEU-Allen Joint Center,Hanchuan Peng,,zeng_fmost,BIL,/bil/data/df/75/df75626840c76c15/mouseID_381487-18458,,,60,Male,,https://download.neuroxiv.org/SEU-A1876/SEU-ALLEN_full_18458_00496_CCFv3.swc,https://neuroxiv.org/?id=SEU-ALLEN_full_18458_00496_CCFv3,6681.3,4685.27,3762.07
18458_00500,18458,mouse,NCBI:txid10090,Vipr2-IRES2-Cre-neo;Ai166,cell morphology,fMOST,ACB,cells,1,SEU-Allen Joint Center,Hanchuan Peng,,zeng_fmost,BIL,/bil/data/df/75/df75626840c76c15/mouseID_381487-18458,,,60,Male,,https://download.neuroxiv.org/SEU-A1876/SEU-ALLEN_full_18458_00500_CCFv3.swc,https://neuroxiv.org/?id=SEU-ALLEN_full_18458_00500_CCFv3,4405.92,5295.58,4467.8
18458_00502,18458,mouse,NCBI:txid10090,Vipr2-IRES2-Cre-neo;Ai166,cell morphology,fMOST,OT,cells,1,SEU-Allen Joint Center,Hanchuan Peng,,zeng_fmost,BIL,/bil/data/df/75/df75626840c76c15/mouseID_381487-18458,,,60,Male,,https://download.neuroxiv.org/SEU-A1876/SEU-ALLEN_full_18458_00502_CCFv3.swc,https://neuroxiv.org/?id=SEU-ALLEN_full_18458_00502_CCFv3,3484.35,6915.6,4889.02
18458_00505,18458,mouse,NCBI:txid10090,Vipr2-IRES2-Cre-neo;Ai166,cell morphology,fMOST,VM,cells,1,SEU-Allen Joint Center,Hanchuan Peng,,zeng_fmost,BIL,/bil/data/df/75/df75626840c76c15/mouseID_381487-18458,,,60,Male,,https://download.neuroxiv.org/SEU-A1876/SEU-ALLEN_full_18458_00505_CCFv3.swc,https://neuroxiv.org/?id=SEU-ALLEN_full_18458_00505_CCFv3,6593.02,5205.62,4446.35
18458_00540,18458,mouse,NCBI:txid10090,Vipr2-IRES2-Cre-neo;Ai166,cell morphology,fMOST,VPM,cells,1,SEU-Allen Joint Center,Hanchuan Peng,,zeng_fmost,BIL,/bil/data/df/75/df75626840c76c15/mouseID_381487-18458,,,60,Male,,https://download.neuroxiv.org/SEU-A1876/SEU-ALLEN_full_18458_00540_CCFv3.swc,https://neuroxiv.org/?id=SEU-ALLEN_full_18458_00540_CCFv3,6792.2,3976.02,3828.5
18458_00541,18458,mouse,NCBI:txid10090,Vipr2-IRES2-Cre-neo;Ai166,cell morphology,fMOST,VPM,cells,1,SEU-Allen Joint Center,Hanchuan Peng,,zeng_fmost,BIL,/bil/data/df/75/df75626840c76c15/mouseID_381487-18458,,,60,Male,,https://download.neuroxiv.org/SEU-A1876/SEU-ALLEN_full_18458_00541_CCFv3.swc,https://neuroxiv.org/?id=SEU-ALLEN_full_18458_00541_CCFv3,7029.73,3913.38,3840.12
18458_00542,18458,mouse,NCBI:txid10090,Vipr2-IRES2-Cre-neo;Ai166,cell morphology,fMOST,VPM,cells,1,SEU-Allen Joint Center,Hanchuan Peng,,zeng_fmost,BIL,/bil/data/df/75/df75626840c76c15/mouseID_381487-18458,,,60,Male,,https://download.neuroxiv.org/SEU-A1876/SEU-ALLEN_full_18458_00542_CCFv3.swc,https://neuroxiv.org/?id=SEU-ALLEN_full_18458_00542_CCFv3,6828.02,3943.5,3680.62
18458_00547,18458,mouse,NCBI:txid10090,Vipr2-IRES2-Cre-neo;Ai166,cell morphology,fMOST,VPM,cells,1,SEU-Allen Joint Center,Hanchuan Peng,,zeng_fmost,BIL,/bil/data/df/75/df75626840c76c15/mouseID_381487-18458,,,60,Male,,https://download.neuroxiv.org/SEU-A1876/SEU-ALLEN_full_18458_00547_CCFv3.swc,https://neuroxiv.org/?id=SEU-ALLEN_full_18458_00547_CCFv3,7025.12,4079.48,3863.07
18458_00548,18458,mouse,NCBI:txid10090,Vipr2-IRES2-Cre-neo;Ai166,cell morphology,fMOST,VPM,cells,1,SEU-Allen Joint Center,Hanchuan Peng,,zeng_fmost,BIL,/bil/data/df/75/df75626840c76c15/mouseID_381487-18458,,,60,Male,,https://download.neuroxiv.org/SEU-A1876/SEU-ALLEN_full_18458_00548_CCFv3.swc,https://neuroxiv.org/?id=SEU-ALLEN_full_18458_00548_CCFv3,6898.1,4267.08,3877.93
18458_00549,18458,mouse,NCBI:txid10090,Vipr2-IRES2-Cre-neo;Ai166,cell morphology,fMOST,VPL,cells,1,SEU-Allen Joint Center,Hanchuan Peng,,zeng_fmost,BIL,/bil/data/df/75/df75626840c76c15/mouseID_381487-18458,,,60,Male,,https://download.neuroxiv.org/SEU-A1876/SEU-ALLEN_full_18458_00549_CCFv3.swc,https://neuroxiv.org/?id=SEU-ALLEN_full_18458_00549_CCFv3,7030.12,4289.48,3817.05
18458_00550,18458,mouse,NCBI:txid10090,Vipr2-IRES2-Cre-neo;Ai166,cell morphology,fMOST,VPM,cells,1,SEU-Allen Joint Center,Hanchuan Peng,,zeng_fmost,BIL,/bil/data/df/75/df75626840c76c15/mouseID_381487-18458,,,60,Male,,https://download.neuroxiv.org/SEU-A1876/SEU-ALLEN_full_18458_00550_CCFv3.swc,https://neuroxiv.org/?id=SEU-ALLEN_full_18458_00550_CCFv3,7211.17,4067.52,3878.02
18458_00551,18458,mouse,NCBI:txid10090,Vipr2-IRES2-Cre-neo;Ai166,cell morphology,fMOST,VPM,cells,1,SEU-Allen Joint Center,Hanchuan Peng,,zeng_fmost,BIL,/bil/data/df/75/df75626840c76c15/mouseID_381487-18458,,,60,Male,,https://download.neuroxiv.org/SEU-A1876/SEU-ALLEN_full_18458_00551_CCFv3.swc,https://neuroxiv.org/?id=SEU-ALLEN_full_18458_00551_CCFv3,7211.3,4130.05,3718.73
18458_00555,18458,mouse,NCBI:txid10090,Vipr2-IRES2-Cre-neo;Ai166,cell morphology,fMOST,VPM,cells,1,SEU-Allen Joint Center,Hanchuan Peng,,zeng_fmost,BIL,/bil/data/df/75/df75626840c76c15/mouseID_381487-18458,,,60,Male,,https://download.neuroxiv.org/SEU-A1876/SEU-ALLEN_full_18458_00555_CCFv3.swc,https://neuroxiv.org/?id=SEU-ALLEN_full_18458_00555_CCFv3,6822.83,4006.23,3280.05
18458_00561,18458,mouse,NCBI:txid10090,Vipr2-IRES2-Cre-neo;Ai166,cell morphology,fMOST,VPM,cells,1,SEU-Allen Joint Center,Hanchuan Peng,,zeng_fmost,BIL,/bil/data/df/75/df75626840c76c15/mouseID_381487-18458,,,60,Male,,https://download.neuroxiv.org/SEU-A1876/SEU-ALLEN_full_18458_00561_CCFv3.swc,https://neuroxiv.org/?id=SEU-ALLEN_full_18458_00561_CCFv3,7477.1,4005.02,3456.93
18458_00562,18458,mouse,NCBI:txid10090,Vipr2-IRES2-Cre-neo;Ai166,cell morphology,fMOST,VPL,cells,1,SEU-Allen Joint Center,Hanchuan Peng,,zeng_fmost,BIL,/bil/data/df/75/df75626840c76c15/mouseID_381487-18458,,,60,Male,,https://download.neuroxiv.org/SEU-A1876/SEU-ALLEN_full_18458_00562_CCFv3.swc,https://neuroxiv.org/?id=SEU-ALLEN_full_18458_00562_CCFv3,7444.3,4061.1,3348.73
18458_00564,18458,mouse,NCBI:txid10090,Vipr2-IRES2-Cre-neo;Ai166,cell morphology,fMOST,VPM,cells,1,SEU-Allen Joint Center,Hanchuan Peng,,zeng_fmost,BIL,/bil/data/df/75/df75626840c76c15/mouseID_381487-18458,,,60,Male,,https://download.neuroxiv.org/SEU-A1876/SEU-ALLEN_full_18458_00564_CCFv3.swc,https://neuroxiv.org/?id=SEU-ALLEN_full_18458_00564_CCFv3,6764.35,4132.77,3387.62
18458_00565,18458,mouse,NCBI:txid10090,Vipr2-IRES2-Cre-neo;Ai166,cell morphology,fMOST,VPL,cells,1,SEU-Allen Joint Center,Hanchuan Peng,,zeng_fmost,BIL,/bil/data/df/75/df75626840c76c15/mouseID_381487-18458,,,60,Male,,https://download.neuroxiv.org/SEU-A1876/SEU-ALLEN_full_18458_00565_CCFv3.swc,https://neuroxiv.org/?id=SEU-ALLEN_full_18458_00565_CCFv3,7046.5,4247.08,3339.98
18458_00567,18458,mouse,NCBI:txid10090,Vipr2-IRES2-Cre-neo;Ai166,cell morphology,fMOST,VPL,cells,1,SEU-Allen Joint Center,Hanchuan Peng,,zeng_fmost,BIL,/bil/data/df/75/df75626840c76c15/mouseID_381487-18458,,,60,Male,,https://download.neuroxiv.org/SEU-A1876/SEU-ALLEN_full_18458_00567_CCFv3.swc,https://neuroxiv.org/?id=SEU-ALLEN_full_18458_00567_CCFv3,7125.52,4170.62,3474.2
18458_00574,18458,mouse,NCBI:txid10090,Vipr2-IRES2-Cre-neo;Ai166,cell morphology,fMOST,MG,cells,1,SEU-Allen Joint Center,Hanchuan Peng,,zeng_fmost,BIL,/bil/data/df/75/df75626840c76c15/mouseID_381487-18458,,,60,Male,,https://download.neuroxiv.org/SEU-A1876/SEU-ALLEN_full_18458_00574_CCFv3.swc,https://neuroxiv.org/?id=SEU-ALLEN_full_18458_00574_CCFv3,7558.58,4305.98,3417.95
18458_00575,18458,mouse,NCBI:txid10090,Vipr2-IRES2-Cre-neo;Ai166,cell morphology,fMOST,VPM,cells,1,SEU-Allen Joint Center,Hanchuan Peng,,zeng_fmost,BIL,/bil/data/df/75/df75626840c76c15/mouseID_381487-18458,,,60,Male,,https://download.neuroxiv.org/SEU-A1876/SEU-ALLEN_full_18458_00575_CCFv3.swc,https://neuroxiv.org/?id=SEU-ALLEN_full_18458_00575_CCFv3,6858.3,4411.55,4138.75
18458_00577,18458,mouse,NCBI:txid10090,Vipr2-IRES2-Cre-neo;Ai166,cell morphology,fMOST,VPM,cells,1,SEU-Allen Joint Center,Hanchuan Peng,,zeng_fmost,BIL,/bil/data/df/75/df75626840c76c15/mouseID_381487-18458,,,60,Male,,https://download.neuroxiv.org/SEU-A1876/SEU-ALLEN_full_18458_00577_CCFv3.swc,https://neuroxiv.org/?id=SEU-ALLEN_full_18458_00577_CCFv3,6811.2,4483,3818.18
18458_00578,18458,mouse,NCBI:txid10090,Vipr2-IRES2-Cre-neo;Ai166,cell morphology,fMOST,VPM,cells,1,SEU-Allen Joint Center,Hanchuan Peng,,zeng_fmost,BIL,/bil/data/df/75/df75626840c76c15/mouseID_381487-18458,,,60,Male,,https://download.neuroxiv.org/SEU-A1876/SEU-ALLEN_full_18458_00578_CCFv3.swc,https://neuroxiv.org/?id=SEU-ALLEN_full_18458_00578_CCFv3,6704.3,4527.65,3808.8
18458_00580,18458,mouse,NCBI:txid10090,Vipr2-IRES2-Cre-neo;Ai166,cell morphology,fMOST,VPM,cells,1,SEU-Allen Joint Center,Hanchuan Peng,,zeng_fmost,BIL,/bil/data/df/75/df75626840c76c15/mouseID_381487-18458,,,60,Male,,https://download.neuroxiv.org/SEU-A1876/SEU-ALLEN_full_18458_00580_CCFv3.swc,https://neuroxiv.org/?id=SEU-ALLEN_full_18458_00580_CCFv3,6947.58,4612,3920.35
18458_00583,18458,mouse,NCBI:txid10090,Vipr2-IRES2-Cre-neo;Ai166,cell morphology,fMOST,VPL,cells,1,SEU-Allen Joint Center,Hanchuan Peng,,zeng_fmost,BIL,/bil/data/df/75/df75626840c76c15/mouseID_381487-18458,,,60,Male,,https://download.neuroxiv.org/SEU-A1876/SEU-ALLEN_full_18458_00583_CCFv3.swc,https://neuroxiv.org/?id=SEU-ALLEN_full_18458_00583_CCFv3,7176,4382.08,3275.85
18458_00584,18458,mouse,NCBI:txid10090,Vipr2-IRES2-Cre-neo;Ai166,cell morphology,fMOST,VPM,cells,1,SEU-Allen Joint Center,Hanchuan Peng,,zeng_fmost,BIL,/bil/data/df/75/df75626840c76c15/mouseID_381487-18458,,,60,Male,,https://download.neuroxiv.org/SEU-A1876/SEU-ALLEN_full_18458_00584_CCFv3.swc,https://neuroxiv.org/?id=SEU-ALLEN_full_18458_00584_CCFv3,7060,4568.98,3498.43
18458_00585,18458,mouse,NCBI:txid10090,Vipr2-IRES2-Cre-neo;Ai166,cell morphology,fMOST,VM,cells,1,SEU-Allen Joint Center,Hanchuan Peng,,zeng_fmost,BIL,/bil/data/df/75/df75626840c76c15/mouseID_381487-18458,,,60,Male,,https://download.neuroxiv.org/SEU-A1876/SEU-ALLEN_full_18458_00585_CCFv3.swc,https://neuroxiv.org/?id=SEU-ALLEN_full_18458_00585_CCFv3,6666.23,5096.65,4363.7
18458_00586,18458,mouse,NCBI:txid10090,Vipr2-IRES2-Cre-neo;Ai166,cell morphology,fMOST,VPL,cells,1,SEU-Allen Joint Center,Hanchuan Peng,,zeng_fmost,BIL,/bil/data/df/75/df75626840c76c15/mouseID_381487-18458,,,60,Male,,https://download.neuroxiv.org/SEU-A1876/SEU-ALLEN_full_18458_00586_CCFv3.swc,https://neuroxiv.org/?id=SEU-ALLEN_full_18458_00586_CCFv3,6980.5,4894.17,3839.3
18458_00612,18458,mouse,NCBI:txid10090,Vipr2-IRES2-Cre-neo;Ai166,cell morphology,fMOST,LP,cells,1,SEU-Allen Joint Center,Hanchuan Peng,,zeng_fmost,BIL,/bil/data/df/75/df75626840c76c15/mouseID_381487-18458,,,60,Male,,https://download.neuroxiv.org/SEU-A1876/SEU-ALLEN_full_18458_00612_CCFv3.swc,https://neuroxiv.org/?id=SEU-ALLEN_full_18458_00612_CCFv3,7753.75,2969.23,7553.05
18458_00614,18458,mouse,NCBI:txid10090,Vipr2-IRES2-Cre-neo;Ai166,cell morphology,fMOST,LP,cells,1,SEU-Allen Joint Center,Hanchuan Peng,,zeng_fmost,BIL,/bil/data/df/75/df75626840c76c15/mouseID_381487-18458,,,60,Male,,https://download.neuroxiv.org/SEU-A1876/SEU-ALLEN_full_18458_00614_CCFv3.swc,https://neuroxiv.org/?id=SEU-ALLEN_full_18458_00614_CCFv3,7084.77,2834.85,3702
18458_00615,18458,mouse,NCBI:txid10090,Vipr2-IRES2-Cre-neo;Ai166,cell morphology,fMOST,LD,cells,1,SEU-Allen Joint Center,Hanchuan Peng,,zeng_fmost,BIL,/bil/data/df/75/df75626840c76c15/mouseID_381487-18458,,,60,Male,,https://download.neuroxiv.org/SEU-A1876/SEU-ALLEN_full_18458_00615_CCFv3.swc,https://neuroxiv.org/?id=SEU-ALLEN_full_18458_00615_CCFv3,7067.3,2949.6,3899.57
18458_00616,18458,mouse,NCBI:txid10090,Vipr2-IRES2-Cre-neo;Ai166,cell morphology,fMOST,SMT,cells,1,SEU-Allen Joint Center,Hanchuan Peng,,zeng_fmost,BIL,/bil/data/df/75/df75626840c76c15/mouseID_381487-18458,,,60,Male,,https://download.neuroxiv.org/SEU-A1876/SEU-ALLEN_full_18458_00616_CCFv3.swc,https://neuroxiv.org/?id=SEU-ALLEN_full_18458_00616_CCFv3,6502,4868.35,4988.77
18461_2985_x10744_y3095,18461,mouse,NCBI:txid10090,Cux2-CreERT2;Ai166,cell morphology,fMOST,MOs,cells,1,SEU-Allen Joint Center,Hanchuan Peng,,zeng_fmost,BIL,/bil/data/df/75/df75626840c76c15/mouseID_374706-18461,,,,,,https://download.neuroxiv.org/SEU-A1876/SEU-ALLEN_full_18461_2985_x10744_y3095_CCFv3.swc,https://neuroxiv.org/?id=SEU-ALLEN_full_18461_2985_x10744_y3095_CCFv3,2834.32,1701.45,7031.6
18461_3220_x7596_y9465,18461,mouse,NCBI:txid10090,Cux2-CreERT2;Ai166,cell morphology,fMOST,AIv,cells,1,SEU-Allen Joint Center,Hanchuan Peng,,zeng_fmost,BIL,/bil/data/df/75/df75626840c76c15/mouseID_374706-18461,,,,,,https://download.neuroxiv.org/SEU-A1876/SEU-ALLEN_full_18461_3220_x7596_y9465_CCFv3.swc,https://neuroxiv.org/?id=SEU-ALLEN_full_18461_3220_x7596_y9465_CCFv3,3462.98,5295.67,8540.9
18461_3871_x7813_y3857,18461,mouse,NCBI:txid10090,Cux2-CreERT2;Ai166,cell morphology,fMOST,MOp,cells,1,SEU-Allen Joint Center,Hanchuan Peng,,zeng_fmost,BIL,/bil/data/df/75/df75626840c76c15/mouseID_374706-18461,,,,,,https://download.neuroxiv.org/SEU-A1876/SEU-ALLEN_full_18461_3871_x7813_y3857_CCFv3.swc,https://neuroxiv.org/?id=SEU-ALLEN_full_18461_3871_x7813_y3857_CCFv3,4005.18,2036.85,8444.23
18461_4178_x16825_y2713,18461,mouse,NCBI:txid10090,Cux2-CreERT2;Ai166,cell morphology,fMOST,MOp,cells,1,SEU-Allen Joint Center,Hanchuan Peng,,zeng_fmost,BIL,/bil/data/df/75/df75626840c76c15/mouseID_374706-18461,,,,,,https://download.neuroxiv.org/SEU-A1876/SEU-ALLEN_full_18461_4178_x16825_y2713_CCFv3.swc,https://neuroxiv.org/?id=SEU-ALLEN_full_18461_4178_x16825_y2713_CCFv3,4640.85,1186.07,4492.17
18461_4233_x19011_y2874,18461,mouse,NCBI:txid10090,Cux2-CreERT2;Ai166,cell morphology,fMOST,MOp,cells,1,SEU-Allen Joint Center,Hanchuan Peng,,zeng_fmost,BIL,/bil/data/df/75/df75626840c76c15/mouseID_374706-18461,,,,,,https://download.neuroxiv.org/SEU-A1876/SEU-ALLEN_full_18461_4233_x19011_y2874_CCFv3.swc,https://neuroxiv.org/?id=SEU-ALLEN_full_18461_4233_x19011_y2874_CCFv3,4781.75,1268,3505.05
18461_4388_x5599_y5781,18461,mouse,NCBI:txid10090,Cux2-CreERT2;Ai166,cell morphology,fMOST,SSp-n,cells,1,SEU-Allen Joint Center,Hanchuan Peng,,zeng_fmost,BIL,/bil/data/df/75/df75626840c76c15/mouseID_374706-18461,,,,,,https://download.neuroxiv.org/SEU-A1876/SEU-ALLEN_full_18461_4388_x5599_y5781_CCFv3.swc,https://neuroxiv.org/?id=SEU-ALLEN_full_18461_4388_x5599_y5781_CCFv3,4718.48,3115.65,9520.55
18461_4410_x23856_y6531,18461,mouse,NCBI:txid10090,Cux2-CreERT2;Ai166,cell morphology,fMOST,SSs,cells,1,SEU-Allen Joint Center,Hanchuan Peng,,zeng_fmost,BIL,/bil/data/df/75/df75626840c76c15/mouseID_374706-18461,,,,,,https://download.neuroxiv.org/SEU-A1876/SEU-ALLEN_full_18461_4410_x23856_y6531_CCFv3.swc,https://neuroxiv.org/?id=SEU-ALLEN_full_18461_4410_x23856_y6531_CCFv3,5338.42,3442.15,1146.85
18461_4545_x5749_y4914,18461,mouse,NCBI:txid10090,Cux2-CreERT2;Ai166,cell morphology,fMOST,SSp-m,cells,1,SEU-Allen Joint Center,Hanchuan Peng,,zeng_fmost,BIL,/bil/data/df/75/df75626840c76c15/mouseID_374706-18461,,,,,,https://download.neuroxiv.org/SEU-A1876/SEU-ALLEN_full_18461_4545_x5749_y4914_CCFv3.swc,https://neuroxiv.org/?id=SEU-ALLEN_full_18461_4545_x5749_y4914_CCFv3,4858.3,2601.93,9463.83
18461_4862_x17603_y2198,18461,mouse,NCBI:txid10090,Cux2-CreERT2;Ai166,cell morphology,fMOST,SSp-ll,cells,1,SEU-Allen Joint Center,Hanchuan Peng,,zeng_fmost,BIL,/bil/data/df/75/df75626840c76c15/mouseID_374706-18461,,,,,,https://download.neuroxiv.org/SEU-A1876/SEU-ALLEN_full_18461_4862_x17603_y2198_CCFv3.swc,https://neuroxiv.org/?id=SEU-ALLEN_full_18461_4862_x17603_y2198_CCFv3,5513.23,791.525,4265.58
18461_5025_x23630_y4542,18461,mouse,NCBI:txid10090,Cux2-CreERT2;Ai166,cell morphology,fMOST,SSp-bfd,cells,1,SEU-Allen Joint Center,Hanchuan Peng,,zeng_fmost,BIL,/bil/data/df/75/df75626840c76c15/mouseID_374706-18461,,,,,,https://download.neuroxiv.org/SEU-A1876/SEU-ALLEN_full_18461_5025_x23630_y4542_CCFv3.swc,https://neuroxiv.org/?id=SEU-ALLEN_full_18461_5025_x23630_y4542_CCFv3,6014.5,2272,1301.03
18461_6043_x11080_y1667,18461,mouse,NCBI:txid10090,Cux2-CreERT2;Ai166,cell morphology,fMOST,VISa,cells,1,SEU-Allen Joint Center,Hanchuan Peng,,zeng_fmost,BIL,/bil/data/df/75/df75626840c76c15/mouseID_374706-18461,,,,,,https://download.neuroxiv.org/SEU-A1876/SEU-ALLEN_full_18461_6043_x11080_y1667_CCFv3.swc,https://neuroxiv.org/?id=SEU-ALLEN_full_18461_6043_x11080_y1667_CCFv3,6901.45,364.275,6945.2
18461_7132_x6338_y3287,18461,mouse,NCBI:txid10090,Cux2-CreERT2;Ai166,cell morphology,fMOST,VISrl,cells,1,SEU-Allen Joint Center,Hanchuan Peng,,zeng_fmost,BIL,/bil/data/df/75/df75626840c76c15/mouseID_374706-18461,,,,,,https://download.neuroxiv.org/SEU-A1876/SEU-ALLEN_full_18461_7132_x6338_y3287_CCFv3.swc,https://neuroxiv.org/?id=SEU-ALLEN_full_18461_7132_x6338_y3287_CCFv3,8371.75,1370.85,9202.1
18462_00005,18462,mouse,NCBI:txid10090,Tnnt1-IRES2-CreERT2;Ai82;Ai140,cell morphology,fMOST,CP,cells,1,SEU-Allen Joint Center,Hanchuan Peng,,zeng_fmost,BIL,/bil/data/df/75/df75626840c76c15/mouseID_373641-18462,,,,,,https://download.neuroxiv.org/SEU-A1876/SEU-ALLEN_full_18462_00005_CCFv3.swc,https://neuroxiv.org/?id=SEU-ALLEN_full_18462_00005_CCFv3,5052.4,3331.7,7388.38
18462_00007,18462,mouse,NCBI:txid10090,Tnnt1-IRES2-CreERT2;Ai82;Ai140,cell morphology,fMOST,CP,cells,1,SEU-Allen Joint Center,Hanchuan Peng,,zeng_fmost,BIL,/bil/data/df/75/df75626840c76c15/mouseID_373641-18462,,,,,,https://download.neuroxiv.org/SEU-A1876/SEU-ALLEN_full_18462_00007_CCFv3.swc,https://neuroxiv.org/?id=SEU-ALLEN_full_18462_00007_CCFv3,4922.7,3721.12,6820.48
18462_00009,18462,mouse,NCBI:txid10090,Tnnt1-IRES2-CreERT2;Ai82;Ai140,cell morphology,fMOST,CP,cells,1,SEU-Allen Joint Center,Hanchuan Peng,,zeng_fmost,BIL,/bil/data/df/75/df75626840c76c15/mouseID_373641-18462,,,,,,https://download.neuroxiv.org/SEU-A1876/SEU-ALLEN_full_18462_00009_CCFv3.swc,https://neuroxiv.org/?id=SEU-ALLEN_full_18462_00009_CCFv3,5336.1,2845.1,7534.23
18462_00012,18462,mouse,NCBI:txid10090,Tnnt1-IRES2-CreERT2;Ai82;Ai140,cell morphology,fMOST,VPM,cells,1,SEU-Allen Joint Center,Hanchuan Peng,,zeng_fmost,BIL,/bil/data/df/75/df75626840c76c15/mouseID_373641-18462,,,,,,https://download.neuroxiv.org/SEU-A1876/SEU-ALLEN_full_18462_00012_CCFv3.swc,https://neuroxiv.org/?id=SEU-ALLEN_full_18462_00012_CCFv3,7038.12,3755.68,7758.5
18462_00013,18462,mouse,NCBI:txid10090,Tnnt1-IRES2-CreERT2;Ai82;Ai140,cell morphology,fMOST,VPM,cells,1,SEU-Allen Joint Center,Hanchuan Peng,,zeng_fmost,BIL,/bil/data/df/75/df75626840c76c15/mouseID_373641-18462,,,,,,https://download.neuroxiv.org/SEU-A1876/SEU-ALLEN_full_18462_00013_CCFv3.swc,https://neuroxiv.org/?id=SEU-ALLEN_full_18462_00013_CCFv3,7163.55,3781.7,7974.75
18462_00014,18462,mouse,NCBI:txid10090,Tnnt1-IRES2-CreERT2;Ai82;Ai140,cell morphology,fMOST,VPM,cells,1,SEU-Allen Joint Center,Hanchuan Peng,,zeng_fmost,BIL,/bil/data/df/75/df75626840c76c15/mouseID_373641-18462,,,,,,https://download.neuroxiv.org/SEU-A1876/SEU-ALLEN_full_18462_00014_CCFv3.swc,https://neuroxiv.org/?id=SEU-ALLEN_full_18462_00014_CCFv3,7316.1,3742.25,8079.67
18462_00015,18462,mouse,NCBI:txid10090,Tnnt1-IRES2-CreERT2;Ai82;Ai140,cell morphology,fMOST,VPM,cells,1,SEU-Allen Joint Center,Hanchuan Peng,,zeng_fmost,BIL,/bil/data/df/75/df75626840c76c15/mouseID_373641-18462,,,,,,https://download.neuroxiv.org/SEU-A1876/SEU-ALLEN_full_18462_00015_CCFv3.swc,https://neuroxiv.org/?id=SEU-ALLEN_full_18462_00015_CCFv3,7428,3866.4,8050.48
18462_00016,18462,mouse,NCBI:txid10090,Tnnt1-IRES2-CreERT2;Ai82;Ai140,cell morphology,fMOST,VPM,cells,1,SEU-Allen Joint Center,Hanchuan Peng,,zeng_fmost,BIL,/bil/data/df/75/df75626840c76c15/mouseID_373641-18462,,,,,,https://download.neuroxiv.org/SEU-A1876/SEU-ALLEN_full_18462_00016_CCFv3.swc,https://neuroxiv.org/?id=SEU-ALLEN_full_18462_00016_CCFv3,6984.33,4132.5,7762.05
18462_00017,18462,mouse,NCBI:txid10090,Tnnt1-IRES2-CreERT2;Ai82;Ai140,cell morphology,fMOST,VPM,cells,1,SEU-Allen Joint Center,Hanchuan Peng,,zeng_fmost,BIL,/bil/data/df/75/df75626840c76c15/mouseID_373641-18462,,,,,,https://download.neuroxiv.org/SEU-A1876/SEU-ALLEN_full_18462_00017_CCFv3.swc,https://neuroxiv.org/?id=SEU-ALLEN_full_18462_00017_CCFv3,7336,3879.57,7746.83
18462_00018,18462,mouse,NCBI:txid10090,Tnnt1-IRES2-CreERT2;Ai82;Ai140,cell morphology,fMOST,VPM,cells,1,SEU-Allen Joint Center,Hanchuan Peng,,zeng_fmost,BIL,/bil/data/df/75/df75626840c76c15/mouseID_373641-18462,,,,,,https://download.neuroxiv.org/SEU-A1876/SEU-ALLEN_full_18462_00018_CCFv3.swc,https://neuroxiv.org/?id=SEU-ALLEN_full_18462_00018_CCFv3,7275.62,4050.23,7796.42
18462_00019,18462,mouse,NCBI:txid10090,Tnnt1-IRES2-CreERT2;Ai82;Ai140,cell morphology,fMOST,VPM,cells,1,SEU-Allen Joint Center,Hanchuan Peng,,zeng_fmost,BIL,/bil/data/df/75/df75626840c76c15/mouseID_373641-18462,,,,,,https://download.neuroxiv.org/SEU-A1876/SEU-ALLEN_full_18462_00019_CCFv3.swc,https://neuroxiv.org/?id=SEU-ALLEN_full_18462_00019_CCFv3,7425.73,4069.3,7529.1
18462_00020,18462,mouse,NCBI:txid10090,Tnnt1-IRES2-CreERT2;Ai82;Ai140,cell morphology,fMOST,VPM,cells,1,SEU-Allen Joint Center,Hanchuan Peng,,zeng_fmost,BIL,/bil/data/df/75/df75626840c76c15/mouseID_373641-18462,,,,,,https://download.neuroxiv.org/SEU-A1876/SEU-ALLEN_full_18462_00020_CCFv3.swc,https://neuroxiv.org/?id=SEU-ALLEN_full_18462_00020_CCFv3,7629.75,3678.25,8116.65
18462_00021,18462,mouse,NCBI:txid10090,Tnnt1-IRES2-CreERT2;Ai82;Ai140,cell morphology,fMOST,VPM,cells,1,SEU-Allen Joint Center,Hanchuan Peng,,zeng_fmost,BIL,/bil/data/df/75/df75626840c76c15/mouseID_373641-18462,,,,,,https://download.neuroxiv.org/SEU-A1876/SEU-ALLEN_full_18462_00021_CCFv3.swc,https://neuroxiv.org/?id=SEU-ALLEN_full_18462_00021_CCFv3,7523.02,3745.1,8116.58
18462_00022,18462,mouse,NCBI:txid10090,Tnnt1-IRES2-CreERT2;Ai82;Ai140,cell morphology,fMOST,MG,cells,1,SEU-Allen Joint Center,Hanchuan Peng,,zeng_fmost,BIL,/bil/data/df/75/df75626840c76c15/mouseID_373641-18462,,,,,,https://download.neuroxiv.org/SEU-A1876/SEU-ALLEN_full_18462_00022_CCFv3.swc,https://neuroxiv.org/?id=SEU-ALLEN_full_18462_00022_CCFv3,7791.55,3836.68,8182.7
18462_00023,18462,mouse,NCBI:txid10090,Tnnt1-IRES2-CreERT2;Ai82;Ai140,cell morphology,fMOST,VPLpc,cells,1,SEU-Allen Joint Center,Hanchuan Peng,,zeng_fmost,BIL,/bil/data/df/75/df75626840c76c15/mouseID_373641-18462,,,,,,https://download.neuroxiv.org/SEU-A1876/SEU-ALLEN_full_18462_00023_CCFv3.swc,https://neuroxiv.org/?id=SEU-ALLEN_full_18462_00023_CCFv3,8152.12,4185.75,7670.17
18462_00024,18462,mouse,NCBI:txid10090,Tnnt1-IRES2-CreERT2;Ai82;Ai140,cell morphology,fMOST,LGd,cells,1,SEU-Allen Joint Center,Hanchuan Peng,,zeng_fmost,BIL,/bil/data/df/75/df75626840c76c15/mouseID_373641-18462,,,,,,https://download.neuroxiv.org/SEU-A1876/SEU-ALLEN_full_18462_00024_CCFv3.swc,https://neuroxiv.org/?id=SEU-ALLEN_full_18462_00024_CCFv3,8496.78,3678.98,8435.03
18462_00025,18462,mouse,NCBI:txid10090,Tnnt1-IRES2-CreERT2;Ai82;Ai140,cell morphology,fMOST,MG,cells,1,SEU-Allen Joint Center,Hanchuan Peng,,zeng_fmost,BIL,/bil/data/df/75/df75626840c76c15/mouseID_373641-18462,,,,,,https://download.neuroxiv.org/SEU-A1876/SEU-ALLEN_full_18462_00025_CCFv3.swc,https://neuroxiv.org/?id=SEU-ALLEN_full_18462_00025_CCFv3,8501.9,3754.57,8153.52
18462_00026,18462,mouse,NCBI:txid10090,Tnnt1-IRES2-CreERT2;Ai82;Ai140,cell morphology,fMOST,MG,cells,1,SEU-Allen Joint Center,Hanchuan Peng,,zeng_fmost,BIL,/bil/data/df/75/df75626840c76c15/mouseID_373641-18462,,,,,,https://download.neuroxiv.org/SEU-A1876/SEU-ALLEN_full_18462_00026_CCFv3.swc,https://neuroxiv.org/?id=SEU-ALLEN_full_18462_00026_CCFv3,8672.78,4049.88,7959.17
18462_00027,18462,mouse,NCBI:txid10090,Tnnt1-IRES2-CreERT2;Ai82;Ai140,cell morphology,fMOST,VPL,cells,1,SEU-Allen Joint Center,Hanchuan Peng,,zeng_fmost,BIL,/bil/data/df/75/df75626840c76c15/mouseID_373641-18462,,,,,,https://download.neuroxiv.org/SEU-A1876/SEU-ALLEN_full_18462_00027_CCFv3.swc,https://neuroxiv.org/?id=SEU-ALLEN_full_18462_00027_CCFv3,6973.15,4322.6,8031.33
18462_00028,18462,mouse,NCBI:txid10090,Tnnt1-IRES2-CreERT2;Ai82;Ai140,cell morphology,fMOST,VPM,cells,1,SEU-Allen Joint Center,Hanchuan Peng,,zeng_fmost,BIL,/bil/data/df/75/df75626840c76c15/mouseID_373641-18462,,,,,,https://download.neuroxiv.org/SEU-A1876/SEU-ALLEN_full_18462_00028_CCFv3.swc,https://neuroxiv.org/?id=SEU-ALLEN_full_18462_00028_CCFv3,7242.77,4613.2,7615.02
18462_00029,18462,mouse,NCBI:txid10090,Tnnt1-IRES2-CreERT2;Ai82;Ai140,cell morphology,fMOST,VPLpc,cells,1,SEU-Allen Joint Center,Hanchuan Peng,,zeng_fmost,BIL,/bil/data/df/75/df75626840c76c15/mouseID_373641-18462,,,,,,https://download.neuroxiv.org/SEU-A1876/SEU-ALLEN_full_18462_00029_CCFv3.swc,https://neuroxiv.org/?id=SEU-ALLEN_full_18462_00029_CCFv3,7724.23,4711.92,7472.4
18462_00030,18462,mouse,NCBI:txid10090,Tnnt1-IRES2-CreERT2;Ai82;Ai140,cell morphology,fMOST,VPLpc,cells,1,SEU-Allen Joint Center,Hanchuan Peng,,zeng_fmost,BIL,/bil/data/df/75/df75626840c76c15/mouseID_373641-18462,,,,,,https://download.neuroxiv.org/SEU-A1876/SEU-ALLEN_full_18462_00030_CCFv3.swc,https://neuroxiv.org/?id=SEU-ALLEN_full_18462_00030_CCFv3,7733.98,4636.5,7248.08
18462_00031,18462,mouse,NCBI:txid10090,Tnnt1-IRES2-CreERT2;Ai82;Ai140,cell morphology,fMOST,VPM,cells,1,SEU-Allen Joint Center,Hanchuan Peng,,zeng_fmost,BIL,/bil/data/df/75/df75626840c76c15/mouseID_373641-18462,,,,,,https://download.neuroxiv.org/SEU-A1876/SEU-ALLEN_full_18462_00031_CCFv3.swc,https://neuroxiv.org/?id=SEU-ALLEN_full_18462_00031_CCFv3,7580.83,4728.77,6819.83
18462_00032,18462,mouse,NCBI:txid10090,Tnnt1-IRES2-CreERT2;Ai82;Ai140,cell morphology,fMOST,VPMpc,cells,1,SEU-Allen Joint Center,Hanchuan Peng,,zeng_fmost,BIL,/bil/data/df/75/df75626840c76c15/mouseID_373641-18462,,,,,,https://download.neuroxiv.org/SEU-A1876/SEU-ALLEN_full_18462_00032_CCFv3.swc,https://neuroxiv.org/?id=SEU-ALLEN_full_18462_00032_CCFv3,7838.33,4713.02,6934.65
18462_00035,18462,mouse,NCBI:txid10090,Tnnt1-IRES2-CreERT2;Ai82;Ai140,cell morphology,fMOST,CP,cells,1,SEU-Allen Joint Center,Hanchuan Peng,,zeng_fmost,BIL,/bil/data/df/75/df75626840c76c15/mouseID_373641-18462,,,,,,https://download.neuroxiv.org/SEU-A1876/SEU-ALLEN_full_18462_00035_CCFv3.swc,https://neuroxiv.org/?id=SEU-ALLEN_full_18462_00035_CCFv3,5196.25,3215.35,4034.82
18462_00038,18462,mouse,NCBI:txid10090,Tnnt1-IRES2-CreERT2;Ai82;Ai140,cell morphology,fMOST,CP,cells,1,SEU-Allen Joint Center,Hanchuan Peng,,zeng_fmost,BIL,/bil/data/df/75/df75626840c76c15/mouseID_373641-18462,,,,,,https://download.neuroxiv.org/SEU-A1876/SEU-ALLEN_full_18462_00038_CCFv3.swc,https://neuroxiv.org/?id=SEU-ALLEN_full_18462_00038_CCFv3,6358.48,3090.07,3224.2
18462_00040,18462,mouse,NCBI:txid10090,Tnnt1-IRES2-CreERT2;Ai82;Ai140,cell morphology,fMOST,VPM,cells,1,SEU-Allen Joint Center,Hanchuan Peng,,zeng_fmost,BIL,/bil/data/df/75/df75626840c76c15/mouseID_373641-18462,,,,,,https://download.neuroxiv.org/SEU-A1876/SEU-ALLEN_full_18462_00040_CCFv3.swc,https://neuroxiv.org/?id=SEU-ALLEN_full_18462_00040_CCFv3,7116.15,3788.8,3578.12
18462_00041,18462,mouse,NCBI:txid10090,Tnnt1-IRES2-CreERT2;Ai82;Ai140,cell morphology,fMOST,VPM,cells,1,SEU-Allen Joint Center,Hanchuan Peng,,zeng_fmost,BIL,/bil/data/df/75/df75626840c76c15/mouseID_373641-18462,,,,,,https://download.neuroxiv.org/SEU-A1876/SEU-ALLEN_full_18462_00041_CCFv3.swc,https://neuroxiv.org/?id=SEU-ALLEN_full_18462_00041_CCFv3,7207.73,3881.82,3608.93
18462_00042,18462,mouse,NCBI:txid10090,Tnnt1-IRES2-CreERT2;Ai82;Ai140,cell morphology,fMOST,VPL,cells,1,SEU-Allen Joint Center,Hanchuan Peng,,zeng_fmost,BIL,/bil/data/df/75/df75626840c76c15/mouseID_373641-18462,,,,,,https://download.neuroxiv.org/SEU-A1876/SEU-ALLEN_full_18462_00042_CCFv3.swc,https://neuroxiv.org/?id=SEU-ALLEN_full_18462_00042_CCFv3,7092.85,3861.45,3474.62
18462_00043,18462,mouse,NCBI:txid10090,Tnnt1-IRES2-CreERT2;Ai82;Ai140,cell morphology,fMOST,CP,cells,1,SEU-Allen Joint Center,Hanchuan Peng,,zeng_fmost,BIL,/bil/data/df/75/df75626840c76c15/mouseID_373641-18462,,,,,,https://download.neuroxiv.org/SEU-A1876/SEU-ALLEN_full_18462_00043_CCFv3.swc,https://neuroxiv.org/?id=SEU-ALLEN_full_18462_00043_CCFv3,3728.12,3641.48,4007.35
18462_00044,18462,mouse,NCBI:txid10090,Tnnt1-IRES2-CreERT2;Ai82;Ai140,cell morphology,fMOST,VPM,cells,1,SEU-Allen Joint Center,Hanchuan Peng,,zeng_fmost,BIL,/bil/data/df/75/df75626840c76c15/mouseID_373641-18462,,,,,,https://download.neuroxiv.org/SEU-A1876/SEU-ALLEN_full_18462_00044_CCFv3.swc,https://neuroxiv.org/?id=SEU-ALLEN_full_18462_00044_CCFv3,7228.95,4339.08,4158.08
18462_00045,18462,mouse,NCBI:txid10090,Tnnt1-IRES2-CreERT2;Ai82;Ai140,cell morphology,fMOST,VPM,cells,1,SEU-Allen Joint Center,Hanchuan Peng,,zeng_fmost,BIL,/bil/data/df/75/df75626840c76c15/mouseID_373641-18462,,,,,,https://download.neuroxiv.org/SEU-A1876/SEU-ALLEN_full_18462_00045_CCFv3.swc,https://neuroxiv.org/?id=SEU-ALLEN_full_18462_00045_CCFv3,7004.65,4219.05,3811.75
18462_00048,18462,mouse,NCBI:txid10090,Tnnt1-IRES2-CreERT2;Ai82;Ai140,cell morphology,fMOST,CP,cells,1,SEU-Allen Joint Center,Hanchuan Peng,,zeng_fmost,BIL,/bil/data/df/75/df75626840c76c15/mouseID_373641-18462,,,,,,https://download.neuroxiv.org/SEU-A1876/SEU-ALLEN_full_18462_00048_CCFv3.swc,https://neuroxiv.org/?id=SEU-ALLEN_full_18462_00048_CCFv3,4700.5,4312.77,2579.27
18462_00049,18462,mouse,NCBI:txid10090,Tnnt1-IRES2-CreERT2;Ai82;Ai140,cell morphology,fMOST,CP,cells,1,SEU-Allen Joint Center,Hanchuan Peng,,zeng_fmost,BIL,/bil/data/df/75/df75626840c76c15/mouseID_373641-18462,,,,,,https://download.neuroxiv.org/SEU-A1876/SEU-ALLEN_full_18462_00049_CCFv3.swc,https://neuroxiv.org/?id=SEU-ALLEN_full_18462_00049_CCFv3,4561.42,4369.02,2670
18462_00050,18462,mouse,NCBI:txid10090,Tnnt1-IRES2-CreERT2;Ai82;Ai140,cell morphology,fMOST,CP,cells,1,SEU-Allen Joint Center,Hanchuan Peng,,zeng_fmost,BIL,/bil/data/df/75/df75626840c76c15/mouseID_373641-18462,,,,,,https://download.neuroxiv.org/SEU-A1876/SEU-ALLEN_full_18462_00050_CCFv3.swc,https://neuroxiv.org/?id=SEU-ALLEN_full_18462_00050_CCFv3,4952.88,3991.27,2916.52
18462_00051,18462,mouse,NCBI:txid10090,Tnnt1-IRES2-CreERT2;Ai82;Ai140,cell morphology,fMOST,VPM,cells,1,SEU-Allen Joint Center,Hanchuan Peng,,zeng_fmost,BIL,/bil/data/df/75/df75626840c76c15/mouseID_373641-18462,,,,,,https://download.neuroxiv.org/SEU-A1876/SEU-ALLEN_full_18462_00051_CCFv3.swc,https://neuroxiv.org/?id=SEU-ALLEN_full_18462_00051_CCFv3,7153.12,4054.43,3662.82
18462_00052,18462,mouse,NCBI:txid10090,Tnnt1-IRES2-CreERT2;Ai82;Ai140,cell morphology,fMOST,VPM,cells,1,SEU-Allen Joint Center,Hanchuan Peng,,zeng_fmost,BIL,/bil/data/df/75/df75626840c76c15/mouseID_373641-18462,,,,,,https://download.neuroxiv.org/SEU-A1876/SEU-ALLEN_full_18462_00052_CCFv3.swc,https://neuroxiv.org/?id=SEU-ALLEN_full_18462_00052_CCFv3,7213.88,4212.85,3622.77
18462_00053,18462,mouse,NCBI:txid10090,Tnnt1-IRES2-CreERT2;Ai82;Ai140,cell morphology,fMOST,VPL,cells,1,SEU-Allen Joint Center,Hanchuan Peng,,zeng_fmost,BIL,/bil/data/df/75/df75626840c76c15/mouseID_373641-18462,,,,,,https://download.neuroxiv.org/SEU-A1876/SEU-ALLEN_full_18462_00053_CCFv3.swc,https://neuroxiv.org/?id=SEU-ALLEN_full_18462_00053_CCFv3,7136.4,4340.12,3336.62
18462_00054,18462,mouse,NCBI:txid10090,Tnnt1-IRES2-CreERT2;Ai82;Ai140,cell morphology,fMOST,LGd,cells,1,SEU-Allen Joint Center,Hanchuan Peng,,zeng_fmost,BIL,/bil/data/df/75/df75626840c76c15/mouseID_373641-18462,,,,,,https://download.neuroxiv.org/SEU-A1876/SEU-ALLEN_full_18462_00054_CCFv3.swc,https://neuroxiv.org/?id=SEU-ALLEN_full_18462_00054_CCFv3,7965.23,3019.07,3254.18
18462_00055,18462,mouse,NCBI:txid10090,Tnnt1-IRES2-CreERT2;Ai82;Ai140,cell morphology,fMOST,VPM,cells,1,SEU-Allen Joint Center,Hanchuan Peng,,zeng_fmost,BIL,/bil/data/df/75/df75626840c76c15/mouseID_373641-18462,,,,,,https://download.neuroxiv.org/SEU-A1876/SEU-ALLEN_full_18462_00055_CCFv3.swc,https://neuroxiv.org/?id=SEU-ALLEN_full_18462_00055_CCFv3,7700.8,3470.12,3513.9
18462_00056,18462,mouse,NCBI:txid10090,Tnnt1-IRES2-CreERT2;Ai82;Ai140,cell morphology,fMOST,VPM,cells,1,SEU-Allen Joint Center,Hanchuan Peng,,zeng_fmost,BIL,/bil/data/df/75/df75626840c76c15/mouseID_373641-18462,,,,,,https://download.neuroxiv.org/SEU-A1876/SEU-ALLEN_full_18462_00056_CCFv3.swc,https://neuroxiv.org/?id=SEU-ALLEN_full_18462_00056_CCFv3,7910.25,3574.23,3422.23
18462_00057,18462,mouse,NCBI:txid10090,Tnnt1-IRES2-CreERT2;Ai82;Ai140,cell morphology,fMOST,VPM,cells,1,SEU-Allen Joint Center,Hanchuan Peng,,zeng_fmost,BIL,/bil/data/df/75/df75626840c76c15/mouseID_373641-18462,,,,,,https://download.neuroxiv.org/SEU-A1876/SEU-ALLEN_full_18462_00057_CCFv3.swc,https://neuroxiv.org/?id=SEU-ALLEN_full_18462_00057_CCFv3,7603.12,3785.05,3220.88
18462_00058,18462,mouse,NCBI:txid10090,Tnnt1-IRES2-CreERT2;Ai82;Ai140,cell morphology,fMOST,VPM,cells,1,SEU-Allen Joint Center,Hanchuan Peng,,zeng_fmost,BIL,/bil/data/df/75/df75626840c76c15/mouseID_373641-18462,,,,,,https://download.neuroxiv.org/SEU-A1876/SEU-ALLEN_full_18462_00058_CCFv3.swc,https://neuroxiv.org/?id=SEU-ALLEN_full_18462_00058_CCFv3,7828.75,3816.82,3227.38
18462_00059,18462,mouse,NCBI:txid10090,Tnnt1-IRES2-CreERT2;Ai82;Ai140,cell morphology,fMOST,VPM,cells,1,SEU-Allen Joint Center,Hanchuan Peng,,zeng_fmost,BIL,/bil/data/df/75/df75626840c76c15/mouseID_373641-18462,,,,,,https://download.neuroxiv.org/SEU-A1876/SEU-ALLEN_full_18462_00059_CCFv3.swc,https://neuroxiv.org/?id=SEU-ALLEN_full_18462_00059_CCFv3,7867.6,3770.05,3493.62
18462_00060,18462,mouse,NCBI:txid10090,Tnnt1-IRES2-CreERT2;Ai82;Ai140,cell morphology,fMOST,VPLpc,cells,1,SEU-Allen Joint Center,Hanchuan Peng,,zeng_fmost,BIL,/bil/data/df/75/df75626840c76c15/mouseID_373641-18462,,,,,,https://download.neuroxiv.org/SEU-A1876/SEU-ALLEN_full_18462_00060_CCFv3.swc,https://neuroxiv.org/?id=SEU-ALLEN_full_18462_00060_CCFv3,8343.88,4080.07,3669.57
18462_00061,18462,mouse,NCBI:txid10090,Tnnt1-IRES2-CreERT2;Ai82;Ai140,cell morphology,fMOST,VPM,cells,1,SEU-Allen Joint Center,Hanchuan Peng,,zeng_fmost,BIL,/bil/data/df/75/df75626840c76c15/mouseID_373641-18462,,,,,,https://download.neuroxiv.org/SEU-A1876/SEU-ALLEN_full_18462_00061_CCFv3.swc,https://neuroxiv.org/?id=SEU-ALLEN_full_18462_00061_CCFv3,8228.62,4026.93,3633.55
18462_00062,18462,mouse,NCBI:txid10090,Tnnt1-IRES2-CreERT2;Ai82;Ai140,cell morphology,fMOST,VPM,cells,1,SEU-Allen Joint Center,Hanchuan Peng,,zeng_fmost,BIL,/bil/data/df/75/df75626840c76c15/mouseID_373641-18462,,,,,,https://download.neuroxiv.org/SEU-A1876/SEU-ALLEN_full_18462_00062_CCFv3.swc,https://neuroxiv.org/?id=SEU-ALLEN_full_18462_00062_CCFv3,7423.9,4738.75,3684.48
18462_00063,18462,mouse,NCBI:txid10090,Tnnt1-IRES2-CreERT2;Ai82;Ai140,cell morphology,fMOST,VAL,cells,1,SEU-Allen Joint Center,Hanchuan Peng,,zeng_fmost,BIL,/bil/data/df/75/df75626840c76c15/mouseID_373641-18462,,,,,,https://download.neuroxiv.org/SEU-A1876/SEU-ALLEN_full_18462_00063_CCFv3.swc,https://neuroxiv.org/?id=SEU-ALLEN_full_18462_00063_CCFv3,7363.35,4843.3,3625.73
18463_00001,18463,mouse,NCBI:txid10090,Tnnt1-IRES2-CreERT2;Ai82;Ai140,cell morphology,fMOST,LGd,cells,1,SEU-Allen Joint Center,Hanchuan Peng,,zeng_fmost,BIL,/bil/data/df/75/df75626840c76c15/mouseID_383680-18463,,,56,Male,,https://download.neuroxiv.org/SEU-A1876/SEU-ALLEN_full_18463_00001_CCFv3.swc,https://neuroxiv.org/?id=SEU-ALLEN_full_18463_00001_CCFv3,7876.02,3272.25,3391.43
18463_00003,18463,mouse,NCBI:txid10090,Tnnt1-IRES2-CreERT2;Ai82;Ai140,cell morphology,fMOST,VPM,cells,1,SEU-Allen Joint Center,Hanchuan Peng,,zeng_fmost,BIL,/bil/data/df/75/df75626840c76c15/mouseID_383680-18463,,,56,Male,,https://download.neuroxiv.org/SEU-A1876/SEU-ALLEN_full_18463_00003_CCFv3.swc,https://neuroxiv.org/?id=SEU-ALLEN_full_18463_00003_CCFv3,7238.83,4424.17,4141.62
18463_00004,18463,mouse,NCBI:txid10090,Tnnt1-IRES2-CreERT2;Ai82;Ai140,cell morphology,fMOST,CP,cells,1,SEU-Allen Joint Center,Hanchuan Peng,,zeng_fmost,BIL,/bil/data/df/75/df75626840c76c15/mouseID_383680-18463,,,56,Male,,https://download.neuroxiv.org/SEU-A1876/SEU-ALLEN_full_18463_00004_CCFv3.swc,https://neuroxiv.org/?id=SEU-ALLEN_full_18463_00004_CCFv3,5961.9,2770.18,7896.85
18463_00005,18463,mouse,NCBI:txid10090,Tnnt1-IRES2-CreERT2;Ai82;Ai140,cell morphology,fMOST,CP,cells,1,SEU-Allen Joint Center,Hanchuan Peng,,zeng_fmost,BIL,/bil/data/df/75/df75626840c76c15/mouseID_383680-18463,,,56,Male,,https://download.neuroxiv.org/SEU-A1876/SEU-ALLEN_full_18463_00005_CCFv3.swc,https://neuroxiv.org/?id=SEU-ALLEN_full_18463_00005_CCFv3,4942.83,3505.93,7752.67
18463_00007,18463,mouse,NCBI:txid10090,Tnnt1-IRES2-CreERT2;Ai82;Ai140,cell morphology,fMOST,CP,cells,1,SEU-Allen Joint Center,Hanchuan Peng,,zeng_fmost,BIL,/bil/data/df/75/df75626840c76c15/mouseID_383680-18463,,,56,Male,,https://download.neuroxiv.org/SEU-A1876/SEU-ALLEN_full_18463_00007_CCFv3.swc,https://neuroxiv.org/?id=SEU-ALLEN_full_18463_00007_CCFv3,5588.8,3281.2,7812.65
18463_00010,18463,mouse,NCBI:txid10090,Tnnt1-IRES2-CreERT2;Ai82;Ai140,cell morphology,fMOST,CP,cells,1,SEU-Allen Joint Center,Hanchuan Peng,,zeng_fmost,BIL,/bil/data/df/75/df75626840c76c15/mouseID_383680-18463,,,56,Male,,https://download.neuroxiv.org/SEU-A1876/SEU-ALLEN_full_18463_00010_CCFv3.swc,https://neuroxiv.org/?id=SEU-ALLEN_full_18463_00010_CCFv3,5249.75,2840.55,7146.38
18463_00011,18463,mouse,NCBI:txid10090,Tnnt1-IRES2-CreERT2;Ai82;Ai140,cell morphology,fMOST,CP,cells,1,SEU-Allen Joint Center,Hanchuan Peng,,zeng_fmost,BIL,/bil/data/df/75/df75626840c76c15/mouseID_383680-18463,,,56,Male,,https://download.neuroxiv.org/SEU-A1876/SEU-ALLEN_full_18463_00011_CCFv3.swc,https://neuroxiv.org/?id=SEU-ALLEN_full_18463_00011_CCFv3,4229.8,3453.98,7274.42
18463_00012,18463,mouse,NCBI:txid10090,Tnnt1-IRES2-CreERT2;Ai82;Ai140,cell morphology,fMOST,VPM,cells,1,SEU-Allen Joint Center,Hanchuan Peng,,zeng_fmost,BIL,/bil/data/df/75/df75626840c76c15/mouseID_383680-18463,,,56,Male,,https://download.neuroxiv.org/SEU-A1876/SEU-ALLEN_full_18463_00012_CCFv3.swc,https://neuroxiv.org/?id=SEU-ALLEN_full_18463_00012_CCFv3,7486.35,3803.57,8068.48
18463_00013,18463,mouse,NCBI:txid10090,Tnnt1-IRES2-CreERT2;Ai82;Ai140,cell morphology,fMOST,VPM,cells,1,SEU-Allen Joint Center,Hanchuan Peng,,zeng_fmost,BIL,/bil/data/df/75/df75626840c76c15/mouseID_383680-18463,,,56,Male,,https://download.neuroxiv.org/SEU-A1876/SEU-ALLEN_full_18463_00013_CCFv3.swc,https://neuroxiv.org/?id=SEU-ALLEN_full_18463_00013_CCFv3,7144.95,3662.75,7850.88
18463_00014,18463,mouse,NCBI:txid10090,Tnnt1-IRES2-CreERT2;Ai82;Ai140,cell morphology,fMOST,VPM,cells,1,SEU-Allen Joint Center,Hanchuan Peng,,zeng_fmost,BIL,/bil/data/df/75/df75626840c76c15/mouseID_383680-18463,,,56,Male,,https://download.neuroxiv.org/SEU-A1876/SEU-ALLEN_full_18463_00014_CCFv3.swc,https://neuroxiv.org/?id=SEU-ALLEN_full_18463_00014_CCFv3,7497.83,3773.9,8019.6
18463_00015,18463,mouse,NCBI:txid10090,Tnnt1-IRES2-CreERT2;Ai82;Ai140,cell morphology,fMOST,LGd,cells,1,SEU-Allen Joint Center,Hanchuan Peng,,zeng_fmost,BIL,/bil/data/df/75/df75626840c76c15/mouseID_383680-18463,,,56,Male,,https://download.neuroxiv.org/SEU-A1876/SEU-ALLEN_full_18463_00015_CCFv3.swc,https://neuroxiv.org/?id=SEU-ALLEN_full_18463_00015_CCFv3,7476.45,3248.75,8075.52
18463_00016,18463,mouse,NCBI:txid10090,Tnnt1-IRES2-CreERT2;Ai82;Ai140,cell morphology,fMOST,LGd,cells,1,SEU-Allen Joint Center,Hanchuan Peng,,zeng_fmost,BIL,/bil/data/df/75/df75626840c76c15/mouseID_383680-18463,,,56,Male,,https://download.neuroxiv.org/SEU-A1876/SEU-ALLEN_full_18463_00016_CCFv3.swc,https://neuroxiv.org/?id=SEU-ALLEN_full_18463_00016_CCFv3,7530.42,3215.18,7824.85
18463_00018,18463,mouse,NCBI:txid10090,Tnnt1-IRES2-CreERT2;Ai82;Ai140,cell morphology,fMOST,LGd,cells,1,SEU-Allen Joint Center,Hanchuan Peng,,zeng_fmost,BIL,/bil/data/df/75/df75626840c76c15/mouseID_383680-18463,,,56,Male,,https://download.neuroxiv.org/SEU-A1876/SEU-ALLEN_full_18463_00018_CCFv3.swc,https://neuroxiv.org/?id=SEU-ALLEN_full_18463_00018_CCFv3,7815,3650.43,3006.2
18463_00019,18463,mouse,NCBI:txid10090,Tnnt1-IRES2-CreERT2;Ai82;Ai140,cell morphology,fMOST,CP,cells,1,SEU-Allen Joint Center,Hanchuan Peng,,zeng_fmost,BIL,/bil/data/df/75/df75626840c76c15/mouseID_383680-18463,,,56,Male,,https://download.neuroxiv.org/SEU-A1876/SEU-ALLEN_full_18463_00019_CCFv3.swc,https://neuroxiv.org/?id=SEU-ALLEN_full_18463_00019_CCFv3,4948.8,4149.17,8649.5
18463_00020,18463,mouse,NCBI:txid10090,Tnnt1-IRES2-CreERT2;Ai82;Ai140,cell morphology,fMOST,CP,cells,1,SEU-Allen Joint Center,Hanchuan Peng,,zeng_fmost,BIL,/bil/data/df/75/df75626840c76c15/mouseID_383680-18463,,,56,Male,,https://download.neuroxiv.org/SEU-A1876/SEU-ALLEN_full_18463_00020_CCFv3.swc,https://neuroxiv.org/?id=SEU-ALLEN_full_18463_00020_CCFv3,5014.62,4323.92,8510.25
18463_00021,18463,mouse,NCBI:txid10090,Tnnt1-IRES2-CreERT2;Ai82;Ai140,cell morphology,fMOST,CP,cells,1,SEU-Allen Joint Center,Hanchuan Peng,,zeng_fmost,BIL,/bil/data/df/75/df75626840c76c15/mouseID_383680-18463,,,56,Male,,https://download.neuroxiv.org/SEU-A1876/SEU-ALLEN_full_18463_00021_CCFv3.swc,https://neuroxiv.org/?id=SEU-ALLEN_full_18463_00021_CCFv3,4725.02,4473.6,8633.47
18463_00024,18463,mouse,NCBI:txid10090,Tnnt1-IRES2-CreERT2;Ai82;Ai140,cell morphology,fMOST,CP,cells,1,SEU-Allen Joint Center,Hanchuan Peng,,zeng_fmost,BIL,/bil/data/df/75/df75626840c76c15/mouseID_383680-18463,,,56,Male,,https://download.neuroxiv.org/SEU-A1876/SEU-ALLEN_full_18463_00024_CCFv3.swc,https://neuroxiv.org/?id=SEU-ALLEN_full_18463_00024_CCFv3,4162.17,4669.8,8403.65
18463_00027,18463,mouse,NCBI:txid10090,Tnnt1-IRES2-CreERT2;Ai82;Ai140,cell morphology,fMOST,VPM,cells,1,SEU-Allen Joint Center,Hanchuan Peng,,zeng_fmost,BIL,/bil/data/df/75/df75626840c76c15/mouseID_383680-18463,,,56,Male,,https://download.neuroxiv.org/SEU-A1876/SEU-ALLEN_full_18463_00027_CCFv3.swc,https://neuroxiv.org/?id=SEU-ALLEN_full_18463_00027_CCFv3,7184.58,4023.6,7795.12
18463_00028,18463,mouse,NCBI:txid10090,Tnnt1-IRES2-CreERT2;Ai82;Ai140,cell morphology,fMOST,VPM,cells,1,SEU-Allen Joint Center,Hanchuan Peng,,zeng_fmost,BIL,/bil/data/df/75/df75626840c76c15/mouseID_383680-18463,,,56,Male,,https://download.neuroxiv.org/SEU-A1876/SEU-ALLEN_full_18463_00028_CCFv3.swc,https://neuroxiv.org/?id=SEU-ALLEN_full_18463_00028_CCFv3,7446.12,4148.7,7847.02
18463_00029,18463,mouse,NCBI:txid10090,Tnnt1-IRES2-CreERT2;Ai82;Ai140,cell morphology,fMOST,VPM,cells,1,SEU-Allen Joint Center,Hanchuan Peng,,zeng_fmost,BIL,/bil/data/df/75/df75626840c76c15/mouseID_383680-18463,,,56,Male,,https://download.neuroxiv.org/SEU-A1876/SEU-ALLEN_full_18463_00029_CCFv3.swc,https://neuroxiv.org/?id=SEU-ALLEN_full_18463_00029_CCFv3,7575.15,4141.85,7589.08
18463_00031,18463,mouse,NCBI:txid10090,Tnnt1-IRES2-CreERT2;Ai82;Ai140,cell morphology,fMOST,VPM,cells,1,SEU-Allen Joint Center,Hanchuan Peng,,zeng_fmost,BIL,/bil/data/df/75/df75626840c76c15/mouseID_383680-18463,,,56,Male,,https://download.neuroxiv.org/SEU-A1876/SEU-ALLEN_full_18463_00031_CCFv3.swc,https://neuroxiv.org/?id=SEU-ALLEN_full_18463_00031_CCFv3,6915.6,4122.45,7571.48
18463_00032,18463,mouse,NCBI:txid10090,Tnnt1-IRES2-CreERT2;Ai82;Ai140,cell morphology,fMOST,MG,cells,1,SEU-Allen Joint Center,Hanchuan Peng,,zeng_fmost,BIL,/bil/data/df/75/df75626840c76c15/mouseID_383680-18463,,,56,Male,,https://download.neuroxiv.org/SEU-A1876/SEU-ALLEN_full_18463_00032_CCFv3.swc,https://neuroxiv.org/?id=SEU-ALLEN_full_18463_00032_CCFv3,8357.03,4084.25,8071.58
18463_00034,18463,mouse,NCBI:txid10090,Tnnt1-IRES2-CreERT2;Ai82;Ai140,cell morphology,fMOST,VPL,cells,1,SEU-Allen Joint Center,Hanchuan Peng,,zeng_fmost,BIL,/bil/data/df/75/df75626840c76c15/mouseID_383680-18463,,,56,Male,,https://download.neuroxiv.org/SEU-A1876/SEU-ALLEN_full_18463_00034_CCFv3.swc,https://neuroxiv.org/?id=SEU-ALLEN_full_18463_00034_CCFv3,6947.3,4521,7853.8
18463_00036,18463,mouse,NCBI:txid10090,Tnnt1-IRES2-CreERT2;Ai82;Ai140,cell morphology,fMOST,VPL,cells,1,SEU-Allen Joint Center,Hanchuan Peng,,zeng_fmost,BIL,/bil/data/df/75/df75626840c76c15/mouseID_383680-18463,,,56,Male,,https://download.neuroxiv.org/SEU-A1876/SEU-ALLEN_full_18463_00036_CCFv3.swc,https://neuroxiv.org/?id=SEU-ALLEN_full_18463_00036_CCFv3,7240.3,4835.58,7557.92
18463_00037,18463,mouse,NCBI:txid10090,Tnnt1-IRES2-CreERT2;Ai82;Ai140,cell morphology,fMOST,VPM,cells,1,SEU-Allen Joint Center,Hanchuan Peng,,zeng_fmost,BIL,/bil/data/df/75/df75626840c76c15/mouseID_383680-18463,,,56,Male,,https://download.neuroxiv.org/SEU-A1876/SEU-ALLEN_full_18463_00037_CCFv3.swc,https://neuroxiv.org/?id=SEU-ALLEN_full_18463_00037_CCFv3,7172.95,3868.88,7503.73
18463_00038,18463,mouse,NCBI:txid10090,Tnnt1-IRES2-CreERT2;Ai82;Ai140,cell morphology,fMOST,VPM,cells,1,SEU-Allen Joint Center,Hanchuan Peng,,zeng_fmost,BIL,/bil/data/df/75/df75626840c76c15/mouseID_383680-18463,,,56,Male,,https://download.neuroxiv.org/SEU-A1876/SEU-ALLEN_full_18463_00038_CCFv3.swc,https://neuroxiv.org/?id=SEU-ALLEN_full_18463_00038_CCFv3,7213.08,4332.65,7408.48
18463_00039,18463,mouse,NCBI:txid10090,Tnnt1-IRES2-CreERT2;Ai82;Ai140,cell morphology,fMOST,VPM,cells,1,SEU-Allen Joint Center,Hanchuan Peng,,zeng_fmost,BIL,/bil/data/df/75/df75626840c76c15/mouseID_383680-18463,,,56,Male,,https://download.neuroxiv.org/SEU-A1876/SEU-ALLEN_full_18463_00039_CCFv3.swc,https://neuroxiv.org/?id=SEU-ALLEN_full_18463_00039_CCFv3,6981.52,4767.33,7308.02
18463_00040,18463,mouse,NCBI:txid10090,Tnnt1-IRES2-CreERT2;Ai82;Ai140,cell morphology,fMOST,VPM,cells,1,SEU-Allen Joint Center,Hanchuan Peng,,zeng_fmost,BIL,/bil/data/df/75/df75626840c76c15/mouseID_383680-18463,,,56,Male,,https://download.neuroxiv.org/SEU-A1876/SEU-ALLEN_full_18463_00040_CCFv3.swc,https://neuroxiv.org/?id=SEU-ALLEN_full_18463_00040_CCFv3,7326.27,4515.02,7323.15
18463_00041,18463,mouse,NCBI:txid10090,Tnnt1-IRES2-CreERT2;Ai82;Ai140,cell morphology,fMOST,VPMpc,cells,1,SEU-Allen Joint Center,Hanchuan Peng,,zeng_fmost,BIL,/bil/data/df/75/df75626840c76c15/mouseID_383680-18463,,,56,Male,,https://download.neuroxiv.org/SEU-A1876/SEU-ALLEN_full_18463_00041_CCFv3.swc,https://neuroxiv.org/?id=SEU-ALLEN_full_18463_00041_CCFv3,7557.67,4509.67,7326.35
18463_00042,18463,mouse,NCBI:txid10090,Tnnt1-IRES2-CreERT2;Ai82;Ai140,cell morphology,fMOST,RE,cells,1,SEU-Allen Joint Center,Hanchuan Peng,,zeng_fmost,BIL,/bil/data/df/75/df75626840c76c15/mouseID_383680-18463,,,56,Male,,https://download.neuroxiv.org/SEU-A1876/SEU-ALLEN_full_18463_00042_CCFv3.swc,https://neuroxiv.org/?id=SEU-ALLEN_full_18463_00042_CCFv3,6170.08,4762.23,5502.45
18463_00045,18463,mouse,NCBI:txid10090,Tnnt1-IRES2-CreERT2;Ai82;Ai140,cell morphology,fMOST,VPL,cells,1,SEU-Allen Joint Center,Hanchuan Peng,,zeng_fmost,BIL,/bil/data/df/75/df75626840c76c15/mouseID_383680-18463,,,56,Male,,https://download.neuroxiv.org/SEU-A1876/SEU-ALLEN_full_18463_00045_CCFv3.swc,https://neuroxiv.org/?id=SEU-ALLEN_full_18463_00045_CCFv3,6702.6,4191.62,3785.05
18463_00046,18463,mouse,NCBI:txid10090,Tnnt1-IRES2-CreERT2;Ai82;Ai140,cell morphology,fMOST,SMT,cells,1,SEU-Allen Joint Center,Hanchuan Peng,,zeng_fmost,BIL,/bil/data/df/75/df75626840c76c15/mouseID_383680-18463,,,56,Male,,https://download.neuroxiv.org/SEU-A1876/SEU-ALLEN_full_18463_00046_CCFv3.swc,https://neuroxiv.org/?id=SEU-ALLEN_full_18463_00046_CCFv3,6476.7,4917,5216.3
18463_00047,18463,mouse,NCBI:txid10090,Tnnt1-IRES2-CreERT2;Ai82;Ai140,cell morphology,fMOST,SMT,cells,1,SEU-Allen Joint Center,Hanchuan Peng,,zeng_fmost,BIL,/bil/data/df/75/df75626840c76c15/mouseID_383680-18463,,,56,Male,,https://download.neuroxiv.org/SEU-A1876/SEU-ALLEN_full_18463_00047_CCFv3.swc,https://neuroxiv.org/?id=SEU-ALLEN_full_18463_00047_CCFv3,6592.67,5139.88,5247.02
18463_00051,18463,mouse,NCBI:txid10090,Tnnt1-IRES2-CreERT2;Ai82;Ai140,cell morphology,fMOST,CP,cells,1,SEU-Allen Joint Center,Hanchuan Peng,,zeng_fmost,BIL,/bil/data/df/75/df75626840c76c15/mouseID_383680-18463,,,56,Male,,https://download.neuroxiv.org/SEU-A1876/SEU-ALLEN_full_18463_00051_CCFv3.swc,https://neuroxiv.org/?id=SEU-ALLEN_full_18463_00051_CCFv3,5730.98,4779.08,1829.3
18463_00052,18463,mouse,NCBI:txid10090,Tnnt1-IRES2-CreERT2;Ai82;Ai140,cell morphology,fMOST,VPL,cells,1,SEU-Allen Joint Center,Hanchuan Peng,,zeng_fmost,BIL,/bil/data/df/75/df75626840c76c15/mouseID_383680-18463,,,56,Male,,https://download.neuroxiv.org/SEU-A1876/SEU-ALLEN_full_18463_00052_CCFv3.swc,https://neuroxiv.org/?id=SEU-ALLEN_full_18463_00052_CCFv3,7492.12,3589.73,4335.7
18463_00054,18463,mouse,NCBI:txid10090,Tnnt1-IRES2-CreERT2;Ai82;Ai140,cell morphology,fMOST,VPM,cells,1,SEU-Allen Joint Center,Hanchuan Peng,,zeng_fmost,BIL,/bil/data/df/75/df75626840c76c15/mouseID_383680-18463,,,56,Male,,https://download.neuroxiv.org/SEU-A1876/SEU-ALLEN_full_18463_00054_CCFv3.swc,https://neuroxiv.org/?id=SEU-ALLEN_full_18463_00054_CCFv3,6871.5,4573.95,4172.92
18463_00055,18463,mouse,NCBI:txid10090,Tnnt1-IRES2-CreERT2;Ai82;Ai140,cell morphology,fMOST,VPM,cells,1,SEU-Allen Joint Center,Hanchuan Peng,,zeng_fmost,BIL,/bil/data/df/75/df75626840c76c15/mouseID_383680-18463,,,56,Male,,https://download.neuroxiv.org/SEU-A1876/SEU-ALLEN_full_18463_00055_CCFv3.swc,https://neuroxiv.org/?id=SEU-ALLEN_full_18463_00055_CCFv3,7071.2,3571.77,4075.57
18463_00056,18463,mouse,NCBI:txid10090,Tnnt1-IRES2-CreERT2;Ai82;Ai140,cell morphology,fMOST,VPL,cells,1,SEU-Allen Joint Center,Hanchuan Peng,,zeng_fmost,BIL,/bil/data/df/75/df75626840c76c15/mouseID_383680-18463,,,56,Male,,https://download.neuroxiv.org/SEU-A1876/SEU-ALLEN_full_18463_00056_CCFv3.swc,https://neuroxiv.org/?id=SEU-ALLEN_full_18463_00056_CCFv3,6951.85,3660.95,3459.5
18463_00057,18463,mouse,NCBI:txid10090,Tnnt1-IRES2-CreERT2;Ai82;Ai140,cell morphology,fMOST,LGd,cells,1,SEU-Allen Joint Center,Hanchuan Peng,,zeng_fmost,BIL,/bil/data/df/75/df75626840c76c15/mouseID_383680-18463,,,56,Male,,https://download.neuroxiv.org/SEU-A1876/SEU-ALLEN_full_18463_00057_CCFv3.swc,https://neuroxiv.org/?id=SEU-ALLEN_full_18463_00057_CCFv3,7551.8,3680.35,3363.98
18463_00058,18463,mouse,NCBI:txid10090,Tnnt1-IRES2-CreERT2;Ai82;Ai140,cell morphology,fMOST,VPM,cells,1,SEU-Allen Joint Center,Hanchuan Peng,,zeng_fmost,BIL,/bil/data/df/75/df75626840c76c15/mouseID_383680-18463,,,56,Male,,https://download.neuroxiv.org/SEU-A1876/SEU-ALLEN_full_18463_00058_CCFv3.swc,https://neuroxiv.org/?id=SEU-ALLEN_full_18463_00058_CCFv3,7449.12,3744.93,3379
18463_00061,18463,mouse,NCBI:txid10090,Tnnt1-IRES2-CreERT2;Ai82;Ai140,cell morphology,fMOST,MG,cells,1,SEU-Allen Joint Center,Hanchuan Peng,,zeng_fmost,BIL,/bil/data/df/75/df75626840c76c15/mouseID_383680-18463,,,56,Male,,https://download.neuroxiv.org/SEU-A1876/SEU-ALLEN_full_18463_00061_CCFv3.swc,https://neuroxiv.org/?id=SEU-ALLEN_full_18463_00061_CCFv3,7799.17,3811.07,3710.05
18463_00062,18463,mouse,NCBI:txid10090,Tnnt1-IRES2-CreERT2;Ai82;Ai140,cell morphology,fMOST,MG,cells,1,SEU-Allen Joint Center,Hanchuan Peng,,zeng_fmost,BIL,/bil/data/df/75/df75626840c76c15/mouseID_383680-18463,,,56,Male,,https://download.neuroxiv.org/SEU-A1876/SEU-ALLEN_full_18463_00062_CCFv3.swc,https://neuroxiv.org/?id=SEU-ALLEN_full_18463_00062_CCFv3,8400.67,3676.88,3447.48
18463_00066,18463,mouse,NCBI:txid10090,Tnnt1-IRES2-CreERT2;Ai82;Ai140,cell morphology,fMOST,VPM,cells,1,SEU-Allen Joint Center,Hanchuan Peng,,zeng_fmost,BIL,/bil/data/df/75/df75626840c76c15/mouseID_383680-18463,,,56,Male,,https://download.neuroxiv.org/SEU-A1876/SEU-ALLEN_full_18463_00066_CCFv3.swc,https://neuroxiv.org/?id=SEU-ALLEN_full_18463_00066_CCFv3,6994.25,3999.8,3872.62
18463_00067,18463,mouse,NCBI:txid10090,Tnnt1-IRES2-CreERT2;Ai82;Ai140,cell morphology,fMOST,VPM,cells,1,SEU-Allen Joint Center,Hanchuan Peng,,zeng_fmost,BIL,/bil/data/df/75/df75626840c76c15/mouseID_383680-18463,,,56,Male,,https://download.neuroxiv.org/SEU-A1876/SEU-ALLEN_full_18463_00067_CCFv3.swc,https://neuroxiv.org/?id=SEU-ALLEN_full_18463_00067_CCFv3,7214.02,4154.9,3836.93
18463_00068,18463,mouse,NCBI:txid10090,Tnnt1-IRES2-CreERT2;Ai82;Ai140,cell morphology,fMOST,VPM,cells,1,SEU-Allen Joint Center,Hanchuan Peng,,zeng_fmost,BIL,/bil/data/df/75/df75626840c76c15/mouseID_383680-18463,,,56,Male,,https://download.neuroxiv.org/SEU-A1876/SEU-ALLEN_full_18463_00068_CCFv3.swc,https://neuroxiv.org/?id=SEU-ALLEN_full_18463_00068_CCFv3,7263.77,4371.17,4160.12
18463_00069,18463,mouse,NCBI:txid10090,Tnnt1-IRES2-CreERT2;Ai82;Ai140,cell morphology,fMOST,VPM,cells,1,SEU-Allen Joint Center,Hanchuan Peng,,zeng_fmost,BIL,/bil/data/df/75/df75626840c76c15/mouseID_383680-18463,,,56,Male,,https://download.neuroxiv.org/SEU-A1876/SEU-ALLEN_full_18463_00069_CCFv3.swc,https://neuroxiv.org/?id=SEU-ALLEN_full_18463_00069_CCFv3,6959.98,4020.27,3641.82
18463_00071,18463,mouse,NCBI:txid10090,Tnnt1-IRES2-CreERT2;Ai82;Ai140,cell morphology,fMOST,VPL,cells,1,SEU-Allen Joint Center,Hanchuan Peng,,zeng_fmost,BIL,/bil/data/df/75/df75626840c76c15/mouseID_383680-18463,,,56,Male,,https://download.neuroxiv.org/SEU-A1876/SEU-ALLEN_full_18463_00071_CCFv3.swc,https://neuroxiv.org/?id=SEU-ALLEN_full_18463_00071_CCFv3,7240.73,4412.62,3587.12
18463_00072,18463,mouse,NCBI:txid10090,Tnnt1-IRES2-CreERT2;Ai82;Ai140,cell morphology,fMOST,MG,cells,1,SEU-Allen Joint Center,Hanchuan Peng,,zeng_fmost,BIL,/bil/data/df/75/df75626840c76c15/mouseID_383680-18463,,,56,Male,,https://download.neuroxiv.org/SEU-A1876/SEU-ALLEN_full_18463_00072_CCFv3.swc,https://neuroxiv.org/?id=SEU-ALLEN_full_18463_00072_CCFv3,8572.65,4022.3,3431.5
18463_00073,18463,mouse,NCBI:txid10090,Tnnt1-IRES2-CreERT2;Ai82;Ai140,cell morphology,fMOST,VPL,cells,1,SEU-Allen Joint Center,Hanchuan Peng,,zeng_fmost,BIL,/bil/data/df/75/df75626840c76c15/mouseID_383680-18463,,,56,Male,,https://download.neuroxiv.org/SEU-A1876/SEU-ALLEN_full_18463_00073_CCFv3.swc,https://neuroxiv.org/?id=SEU-ALLEN_full_18463_00073_CCFv3,7233.92,4788.75,3634.68
18463_00074,18463,mouse,NCBI:txid10090,Tnnt1-IRES2-CreERT2;Ai82;Ai140,cell morphology,fMOST,CP,cells,1,SEU-Allen Joint Center,Hanchuan Peng,,zeng_fmost,BIL,/bil/data/df/75/df75626840c76c15/mouseID_383680-18463,,,56,Male,,https://download.neuroxiv.org/SEU-A1876/SEU-ALLEN_full_18463_00074_CCFv3.swc,https://neuroxiv.org/?id=SEU-ALLEN_full_18463_00074_CCFv3,7420.85,4242.85,1510.5
18463_00075,18463,mouse,NCBI:txid10090,Tnnt1-IRES2-CreERT2;Ai82;Ai140,cell morphology,fMOST,CP,cells,1,SEU-Allen Joint Center,Hanchuan Peng,,zeng_fmost,BIL,/bil/data/df/75/df75626840c76c15/mouseID_383680-18463,,,56,Male,,https://download.neuroxiv.org/SEU-A1876/SEU-ALLEN_full_18463_00075_CCFv3.swc,https://neuroxiv.org/?id=SEU-ALLEN_full_18463_00075_CCFv3,6967.42,4537.4,1802.95
18464_00004,18464,mouse,NCBI:txid10090,Vipr2-IRES2-Cre-neo;Ai166,cell morphology,fMOST,CP,cells,1,SEU-Allen Joint Center,Hanchuan Peng,,zeng_fmost,BIL,/bil/data/df/75/df75626840c76c15/mouseID_381488-18464,,,60,Male,,https://download.neuroxiv.org/SEU-A1876/SEU-ALLEN_full_18464_00004_CCFv3.swc,https://neuroxiv.org/?id=SEU-ALLEN_full_18464_00004_CCFv3,6096.4,3726.8,9063.35
18464_00009,18464,mouse,NCBI:txid10090,Vipr2-IRES2-Cre-neo;Ai166,cell morphology,fMOST,CP,cells,1,SEU-Allen Joint Center,Hanchuan Peng,,zeng_fmost,BIL,/bil/data/df/75/df75626840c76c15/mouseID_381488-18464,,,60,Male,,https://download.neuroxiv.org/SEU-A1876/SEU-ALLEN_full_18464_00009_CCFv3.swc,https://neuroxiv.org/?id=SEU-ALLEN_full_18464_00009_CCFv3,4108.6,3328.48,7557.5
18464_00010,18464,mouse,NCBI:txid10090,Vipr2-IRES2-Cre-neo;Ai166,cell morphology,fMOST,CP,cells,1,SEU-Allen Joint Center,Hanchuan Peng,,zeng_fmost,BIL,/bil/data/df/75/df75626840c76c15/mouseID_381488-18464,,,60,Male,,https://download.neuroxiv.org/SEU-A1876/SEU-ALLEN_full_18464_00010_CCFv3.swc,https://neuroxiv.org/?id=SEU-ALLEN_full_18464_00010_CCFv3,4699,3561.3,7499.7
18464_00016,18464,mouse,NCBI:txid10090,Vipr2-IRES2-Cre-neo;Ai166,cell morphology,fMOST,CP,cells,1,SEU-Allen Joint Center,Hanchuan Peng,,zeng_fmost,BIL,/bil/data/df/75/df75626840c76c15/mouseID_381488-18464,,,60,Male,,https://download.neuroxiv.org/SEU-A1876/SEU-ALLEN_full_18464_00016_CCFv3.swc,https://neuroxiv.org/?id=SEU-ALLEN_full_18464_00016_CCFv3,4758.65,3580.07,6784.9
18464_00029,18464,mouse,NCBI:txid10090,Vipr2-IRES2-Cre-neo;Ai166,cell morphology,fMOST,MG,cells,1,SEU-Allen Joint Center,Hanchuan Peng,,zeng_fmost,BIL,/bil/data/df/75/df75626840c76c15/mouseID_381488-18464,,,60,Male,,https://download.neuroxiv.org/SEU-A1876/SEU-ALLEN_full_18464_00029_CCFv3.swc,https://neuroxiv.org/?id=SEU-ALLEN_full_18464_00029_CCFv3,8782.6,3791.52,8259.83
18464_00031,18464,mouse,NCBI:txid10090,Vipr2-IRES2-Cre-neo;Ai166,cell morphology,fMOST,LGd,cells,1,SEU-Allen Joint Center,Hanchuan Peng,,zeng_fmost,BIL,/bil/data/df/75/df75626840c76c15/mouseID_381488-18464,,,60,Male,,https://download.neuroxiv.org/SEU-A1876/SEU-ALLEN_full_18464_00031_CCFv3.swc,https://neuroxiv.org/?id=SEU-ALLEN_full_18464_00031_CCFv3,7783.98,3097.23,7801.6
18464_00042,18464,mouse,NCBI:txid10090,Vipr2-IRES2-Cre-neo;Ai166,cell morphology,fMOST,VPM,cells,1,SEU-Allen Joint Center,Hanchuan Peng,,zeng_fmost,BIL,/bil/data/df/75/df75626840c76c15/mouseID_381488-18464,,,60,Male,,https://download.neuroxiv.org/SEU-A1876/SEU-ALLEN_full_18464_00042_CCFv3.swc,https://neuroxiv.org/?id=SEU-ALLEN_full_18464_00042_CCFv3,7015.62,3895.05,7777.4
18464_00044,18464,mouse,NCBI:txid10090,Vipr2-IRES2-Cre-neo;Ai166,cell morphology,fMOST,VPM,cells,1,SEU-Allen Joint Center,Hanchuan Peng,,zeng_fmost,BIL,/bil/data/df/75/df75626840c76c15/mouseID_381488-18464,,,60,Male,,https://download.neuroxiv.org/SEU-A1876/SEU-ALLEN_full_18464_00044_CCFv3.swc,https://neuroxiv.org/?id=SEU-ALLEN_full_18464_00044_CCFv3,6912.6,3820.25,7557.1
18464_00045,18464,mouse,NCBI:txid10090,Vipr2-IRES2-Cre-neo;Ai166,cell morphology,fMOST,VPM,cells,1,SEU-Allen Joint Center,Hanchuan Peng,,zeng_fmost,BIL,/bil/data/df/75/df75626840c76c15/mouseID_381488-18464,,,60,Male,,https://download.neuroxiv.org/SEU-A1876/SEU-ALLEN_full_18464_00045_CCFv3.swc,https://neuroxiv.org/?id=SEU-ALLEN_full_18464_00045_CCFv3,7126.7,3808.12,7516.35
18464_00046,18464,mouse,NCBI:txid10090,Vipr2-IRES2-Cre-neo;Ai166,cell morphology,fMOST,VPM,cells,1,SEU-Allen Joint Center,Hanchuan Peng,,zeng_fmost,BIL,/bil/data/df/75/df75626840c76c15/mouseID_381488-18464,,,60,Male,,https://download.neuroxiv.org/SEU-A1876/SEU-ALLEN_full_18464_00046_CCFv3.swc,https://neuroxiv.org/?id=SEU-ALLEN_full_18464_00046_CCFv3,7072.45,3961.93,7383.12
18464_00047,18464,mouse,NCBI:txid10090,Vipr2-IRES2-Cre-neo;Ai166,cell morphology,fMOST,VPM,cells,1,SEU-Allen Joint Center,Hanchuan Peng,,zeng_fmost,BIL,/bil/data/df/75/df75626840c76c15/mouseID_381488-18464,,,60,Male,,https://download.neuroxiv.org/SEU-A1876/SEU-ALLEN_full_18464_00047_CCFv3.swc,https://neuroxiv.org/?id=SEU-ALLEN_full_18464_00047_CCFv3,7288.9,3657.62,7866.25
18464_00048,18464,mouse,NCBI:txid10090,Vipr2-IRES2-Cre-neo;Ai166,cell morphology,fMOST,VPM,cells,1,SEU-Allen Joint Center,Hanchuan Peng,,zeng_fmost,BIL,/bil/data/df/75/df75626840c76c15/mouseID_381488-18464,,,60,Male,,https://download.neuroxiv.org/SEU-A1876/SEU-ALLEN_full_18464_00048_CCFv3.swc,https://neuroxiv.org/?id=SEU-ALLEN_full_18464_00048_CCFv3,7466.3,3829.05,7874.33
18464_00049,18464,mouse,NCBI:txid10090,Vipr2-IRES2-Cre-neo;Ai166,cell morphology,fMOST,VPM,cells,1,SEU-Allen Joint Center,Hanchuan Peng,,zeng_fmost,BIL,/bil/data/df/75/df75626840c76c15/mouseID_381488-18464,,,60,Male,,https://download.neuroxiv.org/SEU-A1876/SEU-ALLEN_full_18464_00049_CCFv3.swc,https://neuroxiv.org/?id=SEU-ALLEN_full_18464_00049_CCFv3,7315.67,3761.95,7738.42
18464_00052,18464,mouse,NCBI:txid10090,Vipr2-IRES2-Cre-neo;Ai166,cell morphology,fMOST,VPM,cells,1,SEU-Allen Joint Center,Hanchuan Peng,,zeng_fmost,BIL,/bil/data/df/75/df75626840c76c15/mouseID_381488-18464,,,60,Male,,https://download.neuroxiv.org/SEU-A1876/SEU-ALLEN_full_18464_00052_CCFv3.swc,https://neuroxiv.org/?id=SEU-ALLEN_full_18464_00052_CCFv3,7390.9,3908.75,7868.33
18464_00061,18464,mouse,NCBI:txid10090,Vipr2-IRES2-Cre-neo;Ai166,cell morphology,fMOST,CP,cells,1,SEU-Allen Joint Center,Hanchuan Peng,,zeng_fmost,BIL,/bil/data/df/75/df75626840c76c15/mouseID_381488-18464,,,60,Male,,https://download.neuroxiv.org/SEU-A1876/SEU-ALLEN_full_18464_00061_CCFv3.swc,https://neuroxiv.org/?id=SEU-ALLEN_full_18464_00061_CCFv3,5575.75,3732.57,4206.33
18464_00074,18464,mouse,NCBI:txid10090,Vipr2-IRES2-Cre-neo;Ai166,cell morphology,fMOST,VPM,cells,1,SEU-Allen Joint Center,Hanchuan Peng,,zeng_fmost,BIL,/bil/data/df/75/df75626840c76c15/mouseID_381488-18464,,,60,Male,,https://download.neuroxiv.org/SEU-A1876/SEU-ALLEN_full_18464_00074_CCFv3.swc,https://neuroxiv.org/?id=SEU-ALLEN_full_18464_00074_CCFv3,7185.5,3373.18,3942.38
18464_00075,18464,mouse,NCBI:txid10090,Vipr2-IRES2-Cre-neo;Ai166,cell morphology,fMOST,VPM,cells,1,SEU-Allen Joint Center,Hanchuan Peng,,zeng_fmost,BIL,/bil/data/df/75/df75626840c76c15/mouseID_381488-18464,,,60,Male,,https://download.neuroxiv.org/SEU-A1876/SEU-ALLEN_full_18464_00075_CCFv3.swc,https://neuroxiv.org/?id=SEU-ALLEN_full_18464_00075_CCFv3,7011.23,3748.05,3910.95
18464_00076,18464,mouse,NCBI:txid10090,Vipr2-IRES2-Cre-neo;Ai166,cell morphology,fMOST,VPM,cells,1,SEU-Allen Joint Center,Hanchuan Peng,,zeng_fmost,BIL,/bil/data/df/75/df75626840c76c15/mouseID_381488-18464,,,60,Male,,https://download.neuroxiv.org/SEU-A1876/SEU-ALLEN_full_18464_00076_CCFv3.swc,https://neuroxiv.org/?id=SEU-ALLEN_full_18464_00076_CCFv3,7191.15,3847.57,3928.7
18464_00079,18464,mouse,NCBI:txid10090,Vipr2-IRES2-Cre-neo;Ai166,cell morphology,fMOST,MG,cells,1,SEU-Allen Joint Center,Hanchuan Peng,,zeng_fmost,BIL,/bil/data/df/75/df75626840c76c15/mouseID_381488-18464,,,60,Male,,https://download.neuroxiv.org/SEU-A1876/SEU-ALLEN_full_18464_00079_CCFv3.swc,https://neuroxiv.org/?id=SEU-ALLEN_full_18464_00079_CCFv3,8178.7,3737.8,3508.05
18464_00080,18464,mouse,NCBI:txid10090,Vipr2-IRES2-Cre-neo;Ai166,cell morphology,fMOST,MG,cells,1,SEU-Allen Joint Center,Hanchuan Peng,,zeng_fmost,BIL,/bil/data/df/75/df75626840c76c15/mouseID_381488-18464,,,60,Male,,https://download.neuroxiv.org/SEU-A1876/SEU-ALLEN_full_18464_00080_CCFv3.swc,https://neuroxiv.org/?id=SEU-ALLEN_full_18464_00080_CCFv3,8039.55,3945.73,3564.57
18464_00081,18464,mouse,NCBI:txid10090,Vipr2-IRES2-Cre-neo;Ai166,cell morphology,fMOST,CP,cells,1,SEU-Allen Joint Center,Hanchuan Peng,,zeng_fmost,BIL,/bil/data/df/75/df75626840c76c15/mouseID_381488-18464,,,60,Male,,https://download.neuroxiv.org/SEU-A1876/SEU-ALLEN_full_18464_00081_CCFv3.swc,https://neuroxiv.org/?id=SEU-ALLEN_full_18464_00081_CCFv3,4574.12,4302.58,8417.22
18464_00082,18464,mouse,NCBI:txid10090,Vipr2-IRES2-Cre-neo;Ai166,cell morphology,fMOST,CP,cells,1,SEU-Allen Joint Center,Hanchuan Peng,,zeng_fmost,BIL,/bil/data/df/75/df75626840c76c15/mouseID_381488-18464,,,60,Male,,https://download.neuroxiv.org/SEU-A1876/SEU-ALLEN_full_18464_00082_CCFv3.swc,https://neuroxiv.org/?id=SEU-ALLEN_full_18464_00082_CCFv3,4605.12,5115.52,8767.6
18464_00085,18464,mouse,NCBI:txid10090,Vipr2-IRES2-Cre-neo;Ai166,cell morphology,fMOST,CP,cells,1,SEU-Allen Joint Center,Hanchuan Peng,,zeng_fmost,BIL,/bil/data/df/75/df75626840c76c15/mouseID_381488-18464,,,60,Male,,https://download.neuroxiv.org/SEU-A1876/SEU-ALLEN_full_18464_00085_CCFv3.swc,https://neuroxiv.org/?id=SEU-ALLEN_full_18464_00085_CCFv3,4972.85,4699.42,8845.45
18464_00086,18464,mouse,NCBI:txid10090,Vipr2-IRES2-Cre-neo;Ai166,cell morphology,fMOST,CP,cells,1,SEU-Allen Joint Center,Hanchuan Peng,,zeng_fmost,BIL,/bil/data/df/75/df75626840c76c15/mouseID_381488-18464,,,60,Male,,https://download.neuroxiv.org/SEU-A1876/SEU-ALLEN_full_18464_00086_CCFv3.swc,https://neuroxiv.org/?id=SEU-ALLEN_full_18464_00086_CCFv3,5225.02,5161.52,8203.45
18464_00088,18464,mouse,NCBI:txid10090,Vipr2-IRES2-Cre-neo;Ai166,cell morphology,fMOST,CP,cells,1,SEU-Allen Joint Center,Hanchuan Peng,,zeng_fmost,BIL,/bil/data/df/75/df75626840c76c15/mouseID_381488-18464,,,60,Male,,https://download.neuroxiv.org/SEU-A1876/SEU-ALLEN_full_18464_00088_CCFv3.swc,https://neuroxiv.org/?id=SEU-ALLEN_full_18464_00088_CCFv3,5267.9,5512.9,8690.62
18464_00102,18464,mouse,NCBI:txid10090,Vipr2-IRES2-Cre-neo;Ai166,cell morphology,fMOST,VM,cells,1,SEU-Allen Joint Center,Hanchuan Peng,,zeng_fmost,BIL,/bil/data/df/75/df75626840c76c15/mouseID_381488-18464,,,60,Male,,https://download.neuroxiv.org/SEU-A1876/SEU-ALLEN_full_18464_00102_CCFv3.swc,https://neuroxiv.org/?id=SEU-ALLEN_full_18464_00102_CCFv3,6358.23,4641.98,6973.02
18464_00108,18464,mouse,NCBI:txid10090,Vipr2-IRES2-Cre-neo;Ai166,cell morphology,fMOST,CP,cells,1,SEU-Allen Joint Center,Hanchuan Peng,,zeng_fmost,BIL,/bil/data/df/75/df75626840c76c15/mouseID_381488-18464,,,60,Male,,https://download.neuroxiv.org/SEU-A1876/SEU-ALLEN_full_18464_00108_CCFv3.swc,https://neuroxiv.org/?id=SEU-ALLEN_full_18464_00108_CCFv3,4634.8,5907.38,7956.8
18464_00112,18464,mouse,NCBI:txid10090,Vipr2-IRES2-Cre-neo;Ai166,cell morphology,fMOST,SI,cells,1,SEU-Allen Joint Center,Hanchuan Peng,,zeng_fmost,BIL,/bil/data/df/75/df75626840c76c15/mouseID_381488-18464,,,60,Male,,https://download.neuroxiv.org/SEU-A1876/SEU-ALLEN_full_18464_00112_CCFv3.swc,https://neuroxiv.org/?id=SEU-ALLEN_full_18464_00112_CCFv3,4353.33,6746.7,7357.05
18464_00119,18464,mouse,NCBI:txid10090,Vipr2-IRES2-Cre-neo;Ai166,cell morphology,fMOST,VPM,cells,1,SEU-Allen Joint Center,Hanchuan Peng,,zeng_fmost,BIL,/bil/data/df/75/df75626840c76c15/mouseID_381488-18464,,,60,Male,,https://download.neuroxiv.org/SEU-A1876/SEU-ALLEN_full_18464_00119_CCFv3.swc,https://neuroxiv.org/?id=SEU-ALLEN_full_18464_00119_CCFv3,7181.05,4106.33,7436.4
18464_00122,18464,mouse,NCBI:txid10090,Vipr2-IRES2-Cre-neo;Ai166,cell morphology,fMOST,VPL,cells,1,SEU-Allen Joint Center,Hanchuan Peng,,zeng_fmost,BIL,/bil/data/df/75/df75626840c76c15/mouseID_381488-18464,,,60,Male,,https://download.neuroxiv.org/SEU-A1876/SEU-ALLEN_full_18464_00122_CCFv3.swc,https://neuroxiv.org/?id=SEU-ALLEN_full_18464_00122_CCFv3,7190.42,4402.8,7758.62
18464_00124,18464,mouse,NCBI:txid10090,Vipr2-IRES2-Cre-neo;Ai166,cell morphology,fMOST,VPL,cells,1,SEU-Allen Joint Center,Hanchuan Peng,,zeng_fmost,BIL,/bil/data/df/75/df75626840c76c15/mouseID_381488-18464,,,60,Male,,https://download.neuroxiv.org/SEU-A1876/SEU-ALLEN_full_18464_00124_CCFv3.swc,https://neuroxiv.org/?id=SEU-ALLEN_full_18464_00124_CCFv3,6645.7,4211.75,7491.33
18464_00127,18464,mouse,NCBI:txid10090,Vipr2-IRES2-Cre-neo;Ai166,cell morphology,fMOST,VPM,cells,1,SEU-Allen Joint Center,Hanchuan Peng,,zeng_fmost,BIL,/bil/data/df/75/df75626840c76c15/mouseID_381488-18464,,,60,Male,,https://download.neuroxiv.org/SEU-A1876/SEU-ALLEN_full_18464_00127_CCFv3.swc,https://neuroxiv.org/?id=SEU-ALLEN_full_18464_00127_CCFv3,6875.5,4285.35,7330.3
18464_00128,18464,mouse,NCBI:txid10090,Vipr2-IRES2-Cre-neo;Ai166,cell morphology,fMOST,VPM,cells,1,SEU-Allen Joint Center,Hanchuan Peng,,zeng_fmost,BIL,/bil/data/df/75/df75626840c76c15/mouseID_381488-18464,,,60,Male,,https://download.neuroxiv.org/SEU-A1876/SEU-ALLEN_full_18464_00128_CCFv3.swc,https://neuroxiv.org/?id=SEU-ALLEN_full_18464_00128_CCFv3,6805.6,4366.02,7330.08
18464_00129,18464,mouse,NCBI:txid10090,Vipr2-IRES2-Cre-neo;Ai166,cell morphology,fMOST,VPM,cells,1,SEU-Allen Joint Center,Hanchuan Peng,,zeng_fmost,BIL,/bil/data/df/75/df75626840c76c15/mouseID_381488-18464,,,60,Male,,https://download.neuroxiv.org/SEU-A1876/SEU-ALLEN_full_18464_00129_CCFv3.swc,https://neuroxiv.org/?id=SEU-ALLEN_full_18464_00129_CCFv3,7037.2,4286.2,7535.6
18464_00132,18464,mouse,NCBI:txid10090,Vipr2-IRES2-Cre-neo;Ai166,cell morphology,fMOST,VPLpc,cells,1,SEU-Allen Joint Center,Hanchuan Peng,,zeng_fmost,BIL,/bil/data/df/75/df75626840c76c15/mouseID_381488-18464,,,60,Male,,https://download.neuroxiv.org/SEU-A1876/SEU-ALLEN_full_18464_00132_CCFv3.swc,https://neuroxiv.org/?id=SEU-ALLEN_full_18464_00132_CCFv3,7834.38,4255.67,7377.48
18464_00133,18464,mouse,NCBI:txid10090,Vipr2-IRES2-Cre-neo;Ai166,cell morphology,fMOST,VPL,cells,1,SEU-Allen Joint Center,Hanchuan Peng,,zeng_fmost,BIL,/bil/data/df/75/df75626840c76c15/mouseID_381488-18464,,,60,Male,,https://download.neuroxiv.org/SEU-A1876/SEU-ALLEN_full_18464_00133_CCFv3.swc,https://neuroxiv.org/?id=SEU-ALLEN_full_18464_00133_CCFv3,7198.05,4634.12,7676.27
18464_00139,18464,mouse,NCBI:txid10090,Vipr2-IRES2-Cre-neo;Ai166,cell morphology,fMOST,VM,cells,1,SEU-Allen Joint Center,Hanchuan Peng,,zeng_fmost,BIL,/bil/data/df/75/df75626840c76c15/mouseID_381488-18464,,,60,Male,,https://download.neuroxiv.org/SEU-A1876/SEU-ALLEN_full_18464_00139_CCFv3.swc,https://neuroxiv.org/?id=SEU-ALLEN_full_18464_00139_CCFv3,6688.73,4825.98,4889.85
18464_00141,18464,mouse,NCBI:txid10090,Vipr2-IRES2-Cre-neo;Ai166,cell morphology,fMOST,CP,cells,1,SEU-Allen Joint Center,Hanchuan Peng,,zeng_fmost,BIL,/bil/data/df/75/df75626840c76c15/mouseID_381488-18464,,,60,Male,,https://download.neuroxiv.org/SEU-A1876/SEU-ALLEN_full_18464_00141_CCFv3.swc,https://neuroxiv.org/?id=SEU-ALLEN_full_18464_00141_CCFv3,4698.15,4656.38,2831.73
18464_00143,18464,mouse,NCBI:txid10090,Vipr2-IRES2-Cre-neo;Ai166,cell morphology,fMOST,VPM,cells,1,SEU-Allen Joint Center,Hanchuan Peng,,zeng_fmost,BIL,/bil/data/df/75/df75626840c76c15/mouseID_381488-18464,,,60,Male,,https://download.neuroxiv.org/SEU-A1876/SEU-ALLEN_full_18464_00143_CCFv3.swc,https://neuroxiv.org/?id=SEU-ALLEN_full_18464_00143_CCFv3,6787.83,4129.2,3911.73
18464_00153,18464,mouse,NCBI:txid10090,Vipr2-IRES2-Cre-neo;Ai166,cell morphology,fMOST,CP,cells,1,SEU-Allen Joint Center,Hanchuan Peng,,zeng_fmost,BIL,/bil/data/df/75/df75626840c76c15/mouseID_381488-18464,,,60,Male,,https://download.neuroxiv.org/SEU-A1876/SEU-ALLEN_full_18464_00153_CCFv3.swc,https://neuroxiv.org/?id=SEU-ALLEN_full_18464_00153_CCFv3,5415.33,5450.95,3319.68
18464_00155,18464,mouse,NCBI:txid10090,Vipr2-IRES2-Cre-neo;Ai166,cell morphology,fMOST,CP,cells,1,SEU-Allen Joint Center,Hanchuan Peng,,zeng_fmost,BIL,/bil/data/df/75/df75626840c76c15/mouseID_381488-18464,,,60,Male,,https://download.neuroxiv.org/SEU-A1876/SEU-ALLEN_full_18464_00155_CCFv3.swc,https://neuroxiv.org/?id=SEU-ALLEN_full_18464_00155_CCFv3,4969.17,5854.83,3874.1
18464_00163,18464,mouse,NCBI:txid10090,Vipr2-IRES2-Cre-neo;Ai166,cell morphology,fMOST,CP,cells,1,SEU-Allen Joint Center,Hanchuan Peng,,zeng_fmost,BIL,/bil/data/df/75/df75626840c76c15/mouseID_381488-18464,,,60,Male,,https://download.neuroxiv.org/SEU-A1876/SEU-ALLEN_full_18464_00163_CCFv3.swc,https://neuroxiv.org/?id=SEU-ALLEN_full_18464_00163_CCFv3,5356.42,5030.95,2526.23
18464_00169,18464,mouse,NCBI:txid10090,Vipr2-IRES2-Cre-neo;Ai166,cell morphology,fMOST,CP,cells,1,SEU-Allen Joint Center,Hanchuan Peng,,zeng_fmost,BIL,/bil/data/df/75/df75626840c76c15/mouseID_381488-18464,,,60,Male,,https://download.neuroxiv.org/SEU-A1876/SEU-ALLEN_full_18464_00169_CCFv3.swc,https://neuroxiv.org/?id=SEU-ALLEN_full_18464_00169_CCFv3,5253.67,5337.27,2396.02
18464_00183,18464,mouse,NCBI:txid10090,Vipr2-IRES2-Cre-neo;Ai166,cell morphology,fMOST,VPM,cells,1,SEU-Allen Joint Center,Hanchuan Peng,,zeng_fmost,BIL,/bil/data/df/75/df75626840c76c15/mouseID_381488-18464,,,60,Male,,https://download.neuroxiv.org/SEU-A1876/SEU-ALLEN_full_18464_00183_CCFv3.swc,https://neuroxiv.org/?id=SEU-ALLEN_full_18464_00183_CCFv3,6939.8,4048.77,3645.5
18464_00184,18464,mouse,NCBI:txid10090,Vipr2-IRES2-Cre-neo;Ai166,cell morphology,fMOST,VPM,cells,1,SEU-Allen Joint Center,Hanchuan Peng,,zeng_fmost,BIL,/bil/data/df/75/df75626840c76c15/mouseID_381488-18464,,,60,Male,,https://download.neuroxiv.org/SEU-A1876/SEU-ALLEN_full_18464_00184_CCFv3.swc,https://neuroxiv.org/?id=SEU-ALLEN_full_18464_00184_CCFv3,7184.38,4177.6,3746.57
18464_00191,18464,mouse,NCBI:txid10090,Vipr2-IRES2-Cre-neo;Ai166,cell morphology,fMOST,LP,cells,1,SEU-Allen Joint Center,Hanchuan Peng,,zeng_fmost,BIL,/bil/data/df/75/df75626840c76c15/mouseID_381488-18464,,,60,Male,,https://download.neuroxiv.org/SEU-A1876/SEU-ALLEN_full_18464_00191_CCFv3.swc,https://neuroxiv.org/?id=SEU-ALLEN_full_18464_00191_CCFv3,9095.88,3508.88,8276.27
18464_00192,18464,mouse,NCBI:txid10090,Vipr2-IRES2-Cre-neo;Ai166,cell morphology,fMOST,LP,cells,1,SEU-Allen Joint Center,Hanchuan Peng,,zeng_fmost,BIL,/bil/data/df/75/df75626840c76c15/mouseID_381488-18464,,,60,Male,,https://download.neuroxiv.org/SEU-A1876/SEU-ALLEN_full_18464_00192_CCFv3.swc,https://neuroxiv.org/?id=SEU-ALLEN_full_18464_00192_CCFv3,6902.42,3031.7,7142.62
18464_00193,18464,mouse,NCBI:txid10090,Vipr2-IRES2-Cre-neo;Ai166,cell morphology,fMOST,LP,cells,1,SEU-Allen Joint Center,Hanchuan Peng,,zeng_fmost,BIL,/bil/data/df/75/df75626840c76c15/mouseID_381488-18464,,,60,Male,,https://download.neuroxiv.org/SEU-A1876/SEU-ALLEN_full_18464_00193_CCFv3.swc,https://neuroxiv.org/?id=SEU-ALLEN_full_18464_00193_CCFv3,8405.7,3133.73,7843.67
18464_00194,18464,mouse,NCBI:txid10090,Vipr2-IRES2-Cre-neo;Ai166,cell morphology,fMOST,LP,cells,1,SEU-Allen Joint Center,Hanchuan Peng,,zeng_fmost,BIL,/bil/data/df/75/df75626840c76c15/mouseID_381488-18464,,,60,Male,,https://download.neuroxiv.org/SEU-A1876/SEU-ALLEN_full_18464_00194_CCFv3.swc,https://neuroxiv.org/?id=SEU-ALLEN_full_18464_00194_CCFv3,9023,3419.68,8125.35
18464_00196,18464,mouse,NCBI:txid10090,Vipr2-IRES2-Cre-neo;Ai166,cell morphology,fMOST,LP,cells,1,SEU-Allen Joint Center,Hanchuan Peng,,zeng_fmost,BIL,/bil/data/df/75/df75626840c76c15/mouseID_381488-18464,,,60,Male,,https://download.neuroxiv.org/SEU-A1876/SEU-ALLEN_full_18464_00196_CCFv3.swc,https://neuroxiv.org/?id=SEU-ALLEN_full_18464_00196_CCFv3,7129.02,2925.95,4217.52
18464_00197,18464,mouse,NCBI:txid10090,Vipr2-IRES2-Cre-neo;Ai166,cell morphology,fMOST,LP,cells,1,SEU-Allen Joint Center,Hanchuan Peng,,zeng_fmost,BIL,/bil/data/df/75/df75626840c76c15/mouseID_381488-18464,,,60,Male,,https://download.neuroxiv.org/SEU-A1876/SEU-ALLEN_full_18464_00197_CCFv3.swc,https://neuroxiv.org/?id=SEU-ALLEN_full_18464_00197_CCFv3,7049.85,2960.93,4094.62
18464_00198,18464,mouse,NCBI:txid10090,Vipr2-IRES2-Cre-neo;Ai166,cell morphology,fMOST,LP,cells,1,SEU-Allen Joint Center,Hanchuan Peng,,zeng_fmost,BIL,/bil/data/df/75/df75626840c76c15/mouseID_381488-18464,,,60,Male,,https://download.neuroxiv.org/SEU-A1876/SEU-ALLEN_full_18464_00198_CCFv3.swc,https://neuroxiv.org/?id=SEU-ALLEN_full_18464_00198_CCFv3,7310.88,3012.18,3846.5
18465_00001,18465,mouse,NCBI:txid10090,Vipr2-IRES2-Cre-neo;Ai166,cell morphology,fMOST,CP,cells,1,SEU-Allen Joint Center,Hanchuan Peng,,zeng_fmost,BIL,/bil/data/df/75/df75626840c76c15/mouseID_383128-18465,,,56,Female,,https://download.neuroxiv.org/SEU-A1876/SEU-ALLEN_full_18465_00001_CCFv3.swc,https://neuroxiv.org/?id=SEU-ALLEN_full_18465_00001_CCFv3,6524.83,3435.65,8927.42
18465_00003,18465,mouse,NCBI:txid10090,Vipr2-IRES2-Cre-neo;Ai166,cell morphology,fMOST,CP,cells,1,SEU-Allen Joint Center,Hanchuan Peng,,zeng_fmost,BIL,/bil/data/df/75/df75626840c76c15/mouseID_383128-18465,,,56,Female,,https://download.neuroxiv.org/SEU-A1876/SEU-ALLEN_full_18465_00003_CCFv3.swc,https://neuroxiv.org/?id=SEU-ALLEN_full_18465_00003_CCFv3,4335.95,4226.27,8570.2
18465_00005,18465,mouse,NCBI:txid10090,Vipr2-IRES2-Cre-neo;Ai166,cell morphology,fMOST,CP,cells,1,SEU-Allen Joint Center,Hanchuan Peng,,zeng_fmost,BIL,/bil/data/df/75/df75626840c76c15/mouseID_383128-18465,,,56,Female,,https://download.neuroxiv.org/SEU-A1876/SEU-ALLEN_full_18465_00005_CCFv3.swc,https://neuroxiv.org/?id=SEU-ALLEN_full_18465_00005_CCFv3,5053.58,3791.27,8621.67
18465_00006,18465,mouse,NCBI:txid10090,Vipr2-IRES2-Cre-neo;Ai166,cell morphology,fMOST,CP,cells,1,SEU-Allen Joint Center,Hanchuan Peng,,zeng_fmost,BIL,/bil/data/df/75/df75626840c76c15/mouseID_383128-18465,,,56,Female,,https://download.neuroxiv.org/SEU-A1876/SEU-ALLEN_full_18465_00006_CCFv3.swc,https://neuroxiv.org/?id=SEU-ALLEN_full_18465_00006_CCFv3,6663.77,3778.25,9053.03
18465_00007,18465,mouse,NCBI:txid10090,Vipr2-IRES2-Cre-neo;Ai166,cell morphology,fMOST,CP,cells,1,SEU-Allen Joint Center,Hanchuan Peng,,zeng_fmost,BIL,/bil/data/df/75/df75626840c76c15/mouseID_383128-18465,,,56,Female,,https://download.neuroxiv.org/SEU-A1876/SEU-ALLEN_full_18465_00007_CCFv3.swc,https://neuroxiv.org/?id=SEU-ALLEN_full_18465_00007_CCFv3,6318.23,3480.57,8503.12
18465_00008,18465,mouse,NCBI:txid10090,Vipr2-IRES2-Cre-neo;Ai166,cell morphology,fMOST,CP,cells,1,SEU-Allen Joint Center,Hanchuan Peng,,zeng_fmost,BIL,/bil/data/df/75/df75626840c76c15/mouseID_383128-18465,,,56,Female,,https://download.neuroxiv.org/SEU-A1876/SEU-ALLEN_full_18465_00008_CCFv3.swc,https://neuroxiv.org/?id=SEU-ALLEN_full_18465_00008_CCFv3,6625.5,3532.6,8763.15
18465_00009,18465,mouse,NCBI:txid10090,Vipr2-IRES2-Cre-neo;Ai166,cell morphology,fMOST,CP,cells,1,SEU-Allen Joint Center,Hanchuan Peng,,zeng_fmost,BIL,/bil/data/df/75/df75626840c76c15/mouseID_383128-18465,,,56,Female,,https://download.neuroxiv.org/SEU-A1876/SEU-ALLEN_full_18465_00009_CCFv3.swc,https://neuroxiv.org/?id=SEU-ALLEN_full_18465_00009_CCFv3,6370.9,3546.23,8408.8
18465_00011,18465,mouse,NCBI:txid10090,Vipr2-IRES2-Cre-neo;Ai166,cell morphology,fMOST,CP,cells,1,SEU-Allen Joint Center,Hanchuan Peng,,zeng_fmost,BIL,/bil/data/df/75/df75626840c76c15/mouseID_383128-18465,,,56,Female,,https://download.neuroxiv.org/SEU-A1876/SEU-ALLEN_full_18465_00011_CCFv3.swc,https://neuroxiv.org/?id=SEU-ALLEN_full_18465_00011_CCFv3,6419.77,3986.35,8880.35
18465_00015,18465,mouse,NCBI:txid10090,Vipr2-IRES2-Cre-neo;Ai166,cell morphology,fMOST,CP,cells,1,SEU-Allen Joint Center,Hanchuan Peng,,zeng_fmost,BIL,/bil/data/df/75/df75626840c76c15/mouseID_383128-18465,,,56,Female,,https://download.neuroxiv.org/SEU-A1876/SEU-ALLEN_full_18465_00015_CCFv3.swc,https://neuroxiv.org/?id=SEU-ALLEN_full_18465_00015_CCFv3,5976,4475.38,8799.15
18465_00017,18465,mouse,NCBI:txid10090,Vipr2-IRES2-Cre-neo;Ai166,cell morphology,fMOST,CP,cells,1,SEU-Allen Joint Center,Hanchuan Peng,,zeng_fmost,BIL,/bil/data/df/75/df75626840c76c15/mouseID_383128-18465,,,56,Female,,https://download.neuroxiv.org/SEU-A1876/SEU-ALLEN_full_18465_00017_CCFv3.swc,https://neuroxiv.org/?id=SEU-ALLEN_full_18465_00017_CCFv3,6361.73,4142.52,9035.35
18465_00018,18465,mouse,NCBI:txid10090,Vipr2-IRES2-Cre-neo;Ai166,cell morphology,fMOST,CP,cells,1,SEU-Allen Joint Center,Hanchuan Peng,,zeng_fmost,BIL,/bil/data/df/75/df75626840c76c15/mouseID_383128-18465,,,56,Female,,https://download.neuroxiv.org/SEU-A1876/SEU-ALLEN_full_18465_00018_CCFv3.swc,https://neuroxiv.org/?id=SEU-ALLEN_full_18465_00018_CCFv3,6231.95,4266.48,8957.62
18465_00028,18465,mouse,NCBI:txid10090,Vipr2-IRES2-Cre-neo;Ai166,cell morphology,fMOST,CP,cells,1,SEU-Allen Joint Center,Hanchuan Peng,,zeng_fmost,BIL,/bil/data/df/75/df75626840c76c15/mouseID_383128-18465,,,56,Female,,https://download.neuroxiv.org/SEU-A1876/SEU-ALLEN_full_18465_00028_CCFv3.swc,https://neuroxiv.org/?id=SEU-ALLEN_full_18465_00028_CCFv3,4969.77,2969.55,7269.27
18465_00029,18465,mouse,NCBI:txid10090,Vipr2-IRES2-Cre-neo;Ai166,cell morphology,fMOST,CP,cells,1,SEU-Allen Joint Center,Hanchuan Peng,,zeng_fmost,BIL,/bil/data/df/75/df75626840c76c15/mouseID_383128-18465,,,56,Female,,https://download.neuroxiv.org/SEU-A1876/SEU-ALLEN_full_18465_00029_CCFv3.swc,https://neuroxiv.org/?id=SEU-ALLEN_full_18465_00029_CCFv3,5713.73,3000.52,7749.08
18465_00030,18465,mouse,NCBI:txid10090,Vipr2-IRES2-Cre-neo;Ai166,cell morphology,fMOST,CP,cells,1,SEU-Allen Joint Center,Hanchuan Peng,,zeng_fmost,BIL,/bil/data/df/75/df75626840c76c15/mouseID_383128-18465,,,56,Female,,https://download.neuroxiv.org/SEU-A1876/SEU-ALLEN_full_18465_00030_CCFv3.swc,https://neuroxiv.org/?id=SEU-ALLEN_full_18465_00030_CCFv3,5651.17,3379.68,8424.05
18465_00031,18465,mouse,NCBI:txid10090,Vipr2-IRES2-Cre-neo;Ai166,cell morphology,fMOST,CP,cells,1,SEU-Allen Joint Center,Hanchuan Peng,,zeng_fmost,BIL,/bil/data/df/75/df75626840c76c15/mouseID_383128-18465,,,56,Female,,https://download.neuroxiv.org/SEU-A1876/SEU-ALLEN_full_18465_00031_CCFv3.swc,https://neuroxiv.org/?id=SEU-ALLEN_full_18465_00031_CCFv3,5482.62,3377.82,7576.65
18465_00032,18465,mouse,NCBI:txid10090,Vipr2-IRES2-Cre-neo;Ai166,cell morphology,fMOST,CP,cells,1,SEU-Allen Joint Center,Hanchuan Peng,,zeng_fmost,BIL,/bil/data/df/75/df75626840c76c15/mouseID_383128-18465,,,56,Female,,https://download.neuroxiv.org/SEU-A1876/SEU-ALLEN_full_18465_00032_CCFv3.swc,https://neuroxiv.org/?id=SEU-ALLEN_full_18465_00032_CCFv3,3955.82,3463.27,7072.52
18465_00033,18465,mouse,NCBI:txid10090,Vipr2-IRES2-Cre-neo;Ai166,cell morphology,fMOST,CP,cells,1,SEU-Allen Joint Center,Hanchuan Peng,,zeng_fmost,BIL,/bil/data/df/75/df75626840c76c15/mouseID_383128-18465,,,56,Female,,https://download.neuroxiv.org/SEU-A1876/SEU-ALLEN_full_18465_00033_CCFv3.swc,https://neuroxiv.org/?id=SEU-ALLEN_full_18465_00033_CCFv3,3993.73,3356.75,6772
18465_00034,18465,mouse,NCBI:txid10090,Vipr2-IRES2-Cre-neo;Ai166,cell morphology,fMOST,CP,cells,1,SEU-Allen Joint Center,Hanchuan Peng,,zeng_fmost,BIL,/bil/data/df/75/df75626840c76c15/mouseID_383128-18465,,,56,Female,,https://download.neuroxiv.org/SEU-A1876/SEU-ALLEN_full_18465_00034_CCFv3.swc,https://neuroxiv.org/?id=SEU-ALLEN_full_18465_00034_CCFv3,3781.45,3928.25,7854.7
18465_00035,18465,mouse,NCBI:txid10090,Vipr2-IRES2-Cre-neo;Ai166,cell morphology,fMOST,CP,cells,1,SEU-Allen Joint Center,Hanchuan Peng,,zeng_fmost,BIL,/bil/data/df/75/df75626840c76c15/mouseID_383128-18465,,,56,Female,,https://download.neuroxiv.org/SEU-A1876/SEU-ALLEN_full_18465_00035_CCFv3.swc,https://neuroxiv.org/?id=SEU-ALLEN_full_18465_00035_CCFv3,3720.82,3805.62,7114.98
18465_00036,18465,mouse,NCBI:txid10090,Vipr2-IRES2-Cre-neo;Ai166,cell morphology,fMOST,CP,cells,1,SEU-Allen Joint Center,Hanchuan Peng,,zeng_fmost,BIL,/bil/data/df/75/df75626840c76c15/mouseID_383128-18465,,,56,Female,,https://download.neuroxiv.org/SEU-A1876/SEU-ALLEN_full_18465_00036_CCFv3.swc,https://neuroxiv.org/?id=SEU-ALLEN_full_18465_00036_CCFv3,5038.17,3626.45,7450.88
18465_00037,18465,mouse,NCBI:txid10090,Vipr2-IRES2-Cre-neo;Ai166,cell morphology,fMOST,CP,cells,1,SEU-Allen Joint Center,Hanchuan Peng,,zeng_fmost,BIL,/bil/data/df/75/df75626840c76c15/mouseID_383128-18465,,,56,Female,,https://download.neuroxiv.org/SEU-A1876/SEU-ALLEN_full_18465_00037_CCFv3.swc,https://neuroxiv.org/?id=SEU-ALLEN_full_18465_00037_CCFv3,4784.42,3869.25,7633.38
18465_00039,18465,mouse,NCBI:txid10090,Vipr2-IRES2-Cre-neo;Ai166,cell morphology,fMOST,CP,cells,1,SEU-Allen Joint Center,Hanchuan Peng,,zeng_fmost,BIL,/bil/data/df/75/df75626840c76c15/mouseID_383128-18465,,,56,Female,,https://download.neuroxiv.org/SEU-A1876/SEU-ALLEN_full_18465_00039_CCFv3.swc,https://neuroxiv.org/?id=SEU-ALLEN_full_18465_00039_CCFv3,5237.8,3945.73,7263.1
18465_00040,18465,mouse,NCBI:txid10090,Vipr2-IRES2-Cre-neo;Ai166,cell morphology,fMOST,CP,cells,1,SEU-Allen Joint Center,Hanchuan Peng,,zeng_fmost,BIL,/bil/data/df/75/df75626840c76c15/mouseID_383128-18465,,,56,Female,,https://download.neuroxiv.org/SEU-A1876/SEU-ALLEN_full_18465_00040_CCFv3.swc,https://neuroxiv.org/?id=SEU-ALLEN_full_18465_00040_CCFv3,5160.58,3572.5,8101.83
18465_00041,18465,mouse,NCBI:txid10090,Vipr2-IRES2-Cre-neo;Ai166,cell morphology,fMOST,CP,cells,1,SEU-Allen Joint Center,Hanchuan Peng,,zeng_fmost,BIL,/bil/data/df/75/df75626840c76c15/mouseID_383128-18465,,,56,Female,,https://download.neuroxiv.org/SEU-A1876/SEU-ALLEN_full_18465_00041_CCFv3.swc,https://neuroxiv.org/?id=SEU-ALLEN_full_18465_00041_CCFv3,5500.48,3514.8,7987.3
18465_00044,18465,mouse,NCBI:txid10090,Vipr2-IRES2-Cre-neo;Ai166,cell morphology,fMOST,CP,cells,1,SEU-Allen Joint Center,Hanchuan Peng,,zeng_fmost,BIL,/bil/data/df/75/df75626840c76c15/mouseID_383128-18465,,,56,Female,,https://download.neuroxiv.org/SEU-A1876/SEU-ALLEN_full_18465_00044_CCFv3.swc,https://neuroxiv.org/?id=SEU-ALLEN_full_18465_00044_CCFv3,5825.25,4000.77,8107.62
18465_00045,18465,mouse,NCBI:txid10090,Vipr2-IRES2-Cre-neo;Ai166,cell morphology,fMOST,CP,cells,1,SEU-Allen Joint Center,Hanchuan Peng,,zeng_fmost,BIL,/bil/data/df/75/df75626840c76c15/mouseID_383128-18465,,,56,Female,,https://download.neuroxiv.org/SEU-A1876/SEU-ALLEN_full_18465_00045_CCFv3.swc,https://neuroxiv.org/?id=SEU-ALLEN_full_18465_00045_CCFv3,6337.67,3969.32,8314.4
18465_00046,18465,mouse,NCBI:txid10090,Vipr2-IRES2-Cre-neo;Ai166,cell morphology,fMOST,CP,cells,1,SEU-Allen Joint Center,Hanchuan Peng,,zeng_fmost,BIL,/bil/data/df/75/df75626840c76c15/mouseID_383128-18465,,,56,Female,,https://download.neuroxiv.org/SEU-A1876/SEU-ALLEN_full_18465_00046_CCFv3.swc,https://neuroxiv.org/?id=SEU-ALLEN_full_18465_00046_CCFv3,5420.7,4145.92,7505.15
18465_00047,18465,mouse,NCBI:txid10090,Vipr2-IRES2-Cre-neo;Ai166,cell morphology,fMOST,LD,cells,1,SEU-Allen Joint Center,Hanchuan Peng,,zeng_fmost,BIL,/bil/data/df/75/df75626840c76c15/mouseID_383128-18465,,,56,Female,,https://download.neuroxiv.org/SEU-A1876/SEU-ALLEN_full_18465_00047_CCFv3.swc,https://neuroxiv.org/?id=SEU-ALLEN_full_18465_00047_CCFv3,6498.88,3892.93,7207.42
18465_00048,18465,mouse,NCBI:txid10090,Vipr2-IRES2-Cre-neo;Ai166,cell morphology,fMOST,PO,cells,1,SEU-Allen Joint Center,Hanchuan Peng,,zeng_fmost,BIL,/bil/data/df/75/df75626840c76c15/mouseID_383128-18465,,,56,Female,,https://download.neuroxiv.org/SEU-A1876/SEU-ALLEN_full_18465_00048_CCFv3.swc,https://neuroxiv.org/?id=SEU-ALLEN_full_18465_00048_CCFv3,6523.48,4174.4,7291.23
18465_00050,18465,mouse,NCBI:txid10090,Vipr2-IRES2-Cre-neo;Ai166,cell morphology,fMOST,CP,cells,1,SEU-Allen Joint Center,Hanchuan Peng,,zeng_fmost,BIL,/bil/data/df/75/df75626840c76c15/mouseID_383128-18465,,,56,Female,,https://download.neuroxiv.org/SEU-A1876/SEU-ALLEN_full_18465_00050_CCFv3.swc,https://neuroxiv.org/?id=SEU-ALLEN_full_18465_00050_CCFv3,4560.33,3608.5,6882.25
18465_00052,18465,mouse,NCBI:txid10090,Vipr2-IRES2-Cre-neo;Ai166,cell morphology,fMOST,CA1,cells,1,SEU-Allen Joint Center,Hanchuan Peng,,zeng_fmost,BIL,/bil/data/df/75/df75626840c76c15/mouseID_383128-18465,,,56,Female,,https://download.neuroxiv.org/SEU-A1876/SEU-ALLEN_full_18465_00052_CCFv3.swc,https://neuroxiv.org/?id=SEU-ALLEN_full_18465_00052_CCFv3,8362.9,3902.45,9667.3
18465_00053,18465,mouse,NCBI:txid10090,Vipr2-IRES2-Cre-neo;Ai166,cell morphology,fMOST,CA1,cells,1,SEU-Allen Joint Center,Hanchuan Peng,,zeng_fmost,BIL,/bil/data/df/75/df75626840c76c15/mouseID_383128-18465,,,56,Female,,https://download.neuroxiv.org/SEU-A1876/SEU-ALLEN_full_18465_00053_CCFv3.swc,https://neuroxiv.org/?id=SEU-ALLEN_full_18465_00053_CCFv3,8350.2,3897.6,9580.65
18465_00054,18465,mouse,NCBI:txid10090,Vipr2-IRES2-Cre-neo;Ai166,cell morphology,fMOST,DG,cells,1,SEU-Allen Joint Center,Hanchuan Peng,,zeng_fmost,BIL,/bil/data/df/75/df75626840c76c15/mouseID_383128-18465,,,56,Female,,https://download.neuroxiv.org/SEU-A1876/SEU-ALLEN_full_18465_00054_CCFv3.swc,https://neuroxiv.org/?id=SEU-ALLEN_full_18465_00054_CCFv3,7012.92,2492.45,7344.73
18465_00056,18465,mouse,NCBI:txid10090,Vipr2-IRES2-Cre-neo;Ai166,cell morphology,fMOST,LGd,cells,1,SEU-Allen Joint Center,Hanchuan Peng,,zeng_fmost,BIL,/bil/data/df/75/df75626840c76c15/mouseID_383128-18465,,,56,Female,,https://download.neuroxiv.org/SEU-A1876/SEU-ALLEN_full_18465_00056_CCFv3.swc,https://neuroxiv.org/?id=SEU-ALLEN_full_18465_00056_CCFv3,6898.77,3514.15,7668.3
18465_00057,18465,mouse,NCBI:txid10090,Vipr2-IRES2-Cre-neo;Ai166,cell morphology,fMOST,LGd,cells,1,SEU-Allen Joint Center,Hanchuan Peng,,zeng_fmost,BIL,/bil/data/df/75/df75626840c76c15/mouseID_383128-18465,,,56,Female,,https://download.neuroxiv.org/SEU-A1876/SEU-ALLEN_full_18465_00057_CCFv3.swc,https://neuroxiv.org/?id=SEU-ALLEN_full_18465_00057_CCFv3,7180.7,3616.48,7831.55
18465_00058,18465,mouse,NCBI:txid10090,Vipr2-IRES2-Cre-neo;Ai166,cell morphology,fMOST,VPM,cells,1,SEU-Allen Joint Center,Hanchuan Peng,,zeng_fmost,BIL,/bil/data/df/75/df75626840c76c15/mouseID_383128-18465,,,56,Female,,https://download.neuroxiv.org/SEU-A1876/SEU-ALLEN_full_18465_00058_CCFv3.swc,https://neuroxiv.org/?id=SEU-ALLEN_full_18465_00058_CCFv3,7011.52,3686.55,7739.38
18465_00059,18465,mouse,NCBI:txid10090,Vipr2-IRES2-Cre-neo;Ai166,cell morphology,fMOST,VPM,cells,1,SEU-Allen Joint Center,Hanchuan Peng,,zeng_fmost,BIL,/bil/data/df/75/df75626840c76c15/mouseID_383128-18465,,,56,Female,,https://download.neuroxiv.org/SEU-A1876/SEU-ALLEN_full_18465_00059_CCFv3.swc,https://neuroxiv.org/?id=SEU-ALLEN_full_18465_00059_CCFv3,7363.25,3650.65,7767.25
18465_00070,18465,mouse,NCBI:txid10090,Vipr2-IRES2-Cre-neo;Ai166,cell morphology,fMOST,LGd,cells,1,SEU-Allen Joint Center,Hanchuan Peng,,zeng_fmost,BIL,/bil/data/df/75/df75626840c76c15/mouseID_383128-18465,,,56,Female,,https://download.neuroxiv.org/SEU-A1876/SEU-ALLEN_full_18465_00070_CCFv3.swc,https://neuroxiv.org/?id=SEU-ALLEN_full_18465_00070_CCFv3,6942.62,3363.35,7421.67
18465_00078,18465,mouse,NCBI:txid10090,Vipr2-IRES2-Cre-neo;Ai166,cell morphology,fMOST,VPM,cells,1,SEU-Allen Joint Center,Hanchuan Peng,,zeng_fmost,BIL,/bil/data/df/75/df75626840c76c15/mouseID_383128-18465,,,56,Female,,https://download.neuroxiv.org/SEU-A1876/SEU-ALLEN_full_18465_00078_CCFv3.swc,https://neuroxiv.org/?id=SEU-ALLEN_full_18465_00078_CCFv3,7015.58,4203.05,7800.58
18465_00079,18465,mouse,NCBI:txid10090,Vipr2-IRES2-Cre-neo;Ai166,cell morphology,fMOST,VPM,cells,1,SEU-Allen Joint Center,Hanchuan Peng,,zeng_fmost,BIL,/bil/data/df/75/df75626840c76c15/mouseID_383128-18465,,,56,Female,,https://download.neuroxiv.org/SEU-A1876/SEU-ALLEN_full_18465_00079_CCFv3.swc,https://neuroxiv.org/?id=SEU-ALLEN_full_18465_00079_CCFv3,7059.98,4138.62,7622.92
18465_00080,18465,mouse,NCBI:txid10090,Vipr2-IRES2-Cre-neo;Ai166,cell morphology,fMOST,VPM,cells,1,SEU-Allen Joint Center,Hanchuan Peng,,zeng_fmost,BIL,/bil/data/df/75/df75626840c76c15/mouseID_383128-18465,,,56,Female,,https://download.neuroxiv.org/SEU-A1876/SEU-ALLEN_full_18465_00080_CCFv3.swc,https://neuroxiv.org/?id=SEU-ALLEN_full_18465_00080_CCFv3,7148.08,4132.88,7646.42
18465_00081,18465,mouse,NCBI:txid10090,Vipr2-IRES2-Cre-neo;Ai166,cell morphology,fMOST,VPM,cells,1,SEU-Allen Joint Center,Hanchuan Peng,,zeng_fmost,BIL,/bil/data/df/75/df75626840c76c15/mouseID_383128-18465,,,56,Female,,https://download.neuroxiv.org/SEU-A1876/SEU-ALLEN_full_18465_00081_CCFv3.swc,https://neuroxiv.org/?id=SEU-ALLEN_full_18465_00081_CCFv3,7127.65,4263.2,7940.35
18465_00082,18465,mouse,NCBI:txid10090,Vipr2-IRES2-Cre-neo;Ai166,cell morphology,fMOST,VPM,cells,1,SEU-Allen Joint Center,Hanchuan Peng,,zeng_fmost,BIL,/bil/data/df/75/df75626840c76c15/mouseID_383128-18465,,,56,Female,,https://download.neuroxiv.org/SEU-A1876/SEU-ALLEN_full_18465_00082_CCFv3.swc,https://neuroxiv.org/?id=SEU-ALLEN_full_18465_00082_CCFv3,7199.38,4294.15,7878.5
18465_00083,18465,mouse,NCBI:txid10090,Vipr2-IRES2-Cre-neo;Ai166,cell morphology,fMOST,VPM,cells,1,SEU-Allen Joint Center,Hanchuan Peng,,zeng_fmost,BIL,/bil/data/df/75/df75626840c76c15/mouseID_383128-18465,,,56,Female,,https://download.neuroxiv.org/SEU-A1876/SEU-ALLEN_full_18465_00083_CCFv3.swc,https://neuroxiv.org/?id=SEU-ALLEN_full_18465_00083_CCFv3,7301.05,4186.45,7682.9
18465_00084,18465,mouse,NCBI:txid10090,Vipr2-IRES2-Cre-neo;Ai166,cell morphology,fMOST,VPM,cells,1,SEU-Allen Joint Center,Hanchuan Peng,,zeng_fmost,BIL,/bil/data/df/75/df75626840c76c15/mouseID_383128-18465,,,56,Female,,https://download.neuroxiv.org/SEU-A1876/SEU-ALLEN_full_18465_00084_CCFv3.swc,https://neuroxiv.org/?id=SEU-ALLEN_full_18465_00084_CCFv3,7439.48,4326.6,7784.1
18465_00089,18465,mouse,NCBI:txid10090,Vipr2-IRES2-Cre-neo;Ai166,cell morphology,fMOST,VPM,cells,1,SEU-Allen Joint Center,Hanchuan Peng,,zeng_fmost,BIL,/bil/data/df/75/df75626840c76c15/mouseID_383128-18465,,,56,Female,,https://download.neuroxiv.org/SEU-A1876/SEU-ALLEN_full_18465_00089_CCFv3.swc,https://neuroxiv.org/?id=SEU-ALLEN_full_18465_00089_CCFv3,7094.4,4029.38,7396.23
18465_00090,18465,mouse,NCBI:txid10090,Vipr2-IRES2-Cre-neo;Ai166,cell morphology,fMOST,VPM,cells,1,SEU-Allen Joint Center,Hanchuan Peng,,zeng_fmost,BIL,/bil/data/df/75/df75626840c76c15/mouseID_383128-18465,,,56,Female,,https://download.neuroxiv.org/SEU-A1876/SEU-ALLEN_full_18465_00090_CCFv3.swc,https://neuroxiv.org/?id=SEU-ALLEN_full_18465_00090_CCFv3,6880.33,4120.38,7442.2
18465_00091,18465,mouse,NCBI:txid10090,Vipr2-IRES2-Cre-neo;Ai166,cell morphology,fMOST,VPM,cells,1,SEU-Allen Joint Center,Hanchuan Peng,,zeng_fmost,BIL,/bil/data/df/75/df75626840c76c15/mouseID_383128-18465,,,56,Female,,https://download.neuroxiv.org/SEU-A1876/SEU-ALLEN_full_18465_00091_CCFv3.swc,https://neuroxiv.org/?id=SEU-ALLEN_full_18465_00091_CCFv3,6807.15,4157.4,7226.5
18465_00092,18465,mouse,NCBI:txid10090,Vipr2-IRES2-Cre-neo;Ai166,cell morphology,fMOST,VPM,cells,1,SEU-Allen Joint Center,Hanchuan Peng,,zeng_fmost,BIL,/bil/data/df/75/df75626840c76c15/mouseID_383128-18465,,,56,Female,,https://download.neuroxiv.org/SEU-A1876/SEU-ALLEN_full_18465_00092_CCFv3.swc,https://neuroxiv.org/?id=SEU-ALLEN_full_18465_00092_CCFv3,7073.08,4129.12,7214.25
18465_00106,18465,mouse,NCBI:txid10090,Vipr2-IRES2-Cre-neo;Ai166,cell morphology,fMOST,VPL,cells,1,SEU-Allen Joint Center,Hanchuan Peng,,zeng_fmost,BIL,/bil/data/df/75/df75626840c76c15/mouseID_383128-18465,,,56,Female,,https://download.neuroxiv.org/SEU-A1876/SEU-ALLEN_full_18465_00106_CCFv3.swc,https://neuroxiv.org/?id=SEU-ALLEN_full_18465_00106_CCFv3,6870.05,4001.32,3457.77
18465_00109,18465,mouse,NCBI:txid10090,Vipr2-IRES2-Cre-neo;Ai166,cell morphology,fMOST,LGd,cells,1,SEU-Allen Joint Center,Hanchuan Peng,,zeng_fmost,BIL,/bil/data/df/75/df75626840c76c15/mouseID_383128-18465,,,56,Female,,https://download.neuroxiv.org/SEU-A1876/SEU-ALLEN_full_18465_00109_CCFv3.swc,https://neuroxiv.org/?id=SEU-ALLEN_full_18465_00109_CCFv3,7131.88,3486.07,3323.43
18465_00110,18465,mouse,NCBI:txid10090,Vipr2-IRES2-Cre-neo;Ai166,cell morphology,fMOST,LGd,cells,1,SEU-Allen Joint Center,Hanchuan Peng,,zeng_fmost,BIL,/bil/data/df/75/df75626840c76c15/mouseID_383128-18465,,,56,Female,,https://download.neuroxiv.org/SEU-A1876/SEU-ALLEN_full_18465_00110_CCFv3.swc,https://neuroxiv.org/?id=SEU-ALLEN_full_18465_00110_CCFv3,7074.3,3534.75,3346.32
18465_00111,18465,mouse,NCBI:txid10090,Vipr2-IRES2-Cre-neo;Ai166,cell morphology,fMOST,LGd,cells,1,SEU-Allen Joint Center,Hanchuan Peng,,zeng_fmost,BIL,/bil/data/df/75/df75626840c76c15/mouseID_383128-18465,,,56,Female,,https://download.neuroxiv.org/SEU-A1876/SEU-ALLEN_full_18465_00111_CCFv3.swc,https://neuroxiv.org/?id=SEU-ALLEN_full_18465_00111_CCFv3,7166.65,3411.9,3308.27
18465_00112,18465,mouse,NCBI:txid10090,Vipr2-IRES2-Cre-neo;Ai166,cell morphology,fMOST,LGd,cells,1,SEU-Allen Joint Center,Hanchuan Peng,,zeng_fmost,BIL,/bil/data/df/75/df75626840c76c15/mouseID_383128-18465,,,56,Female,,https://download.neuroxiv.org/SEU-A1876/SEU-ALLEN_full_18465_00112_CCFv3.swc,https://neuroxiv.org/?id=SEU-ALLEN_full_18465_00112_CCFv3,7273.25,3404.57,3315.85
18465_00113,18465,mouse,NCBI:txid10090,Vipr2-IRES2-Cre-neo;Ai166,cell morphology,fMOST,LGd,cells,1,SEU-Allen Joint Center,Hanchuan Peng,,zeng_fmost,BIL,/bil/data/df/75/df75626840c76c15/mouseID_383128-18465,,,56,Female,,https://download.neuroxiv.org/SEU-A1876/SEU-ALLEN_full_18465_00113_CCFv3.swc,https://neuroxiv.org/?id=SEU-ALLEN_full_18465_00113_CCFv3,7448.55,3367.88,3358.2
18465_00114,18465,mouse,NCBI:txid10090,Vipr2-IRES2-Cre-neo;Ai166,cell morphology,fMOST,LGd,cells,1,SEU-Allen Joint Center,Hanchuan Peng,,zeng_fmost,BIL,/bil/data/df/75/df75626840c76c15/mouseID_383128-18465,,,56,Female,,https://download.neuroxiv.org/SEU-A1876/SEU-ALLEN_full_18465_00114_CCFv3.swc,https://neuroxiv.org/?id=SEU-ALLEN_full_18465_00114_CCFv3,7318.38,3488.82,3372.25
18465_00115,18465,mouse,NCBI:txid10090,Vipr2-IRES2-Cre-neo;Ai166,cell morphology,fMOST,LGd,cells,1,SEU-Allen Joint Center,Hanchuan Peng,,zeng_fmost,BIL,/bil/data/df/75/df75626840c76c15/mouseID_383128-18465,,,56,Female,,https://download.neuroxiv.org/SEU-A1876/SEU-ALLEN_full_18465_00115_CCFv3.swc,https://neuroxiv.org/?id=SEU-ALLEN_full_18465_00115_CCFv3,7305.35,3522.45,3284.1
18465_00116,18465,mouse,NCBI:txid10090,Vipr2-IRES2-Cre-neo;Ai166,cell morphology,fMOST,LGd,cells,1,SEU-Allen Joint Center,Hanchuan Peng,,zeng_fmost,BIL,/bil/data/df/75/df75626840c76c15/mouseID_383128-18465,,,56,Female,,https://download.neuroxiv.org/SEU-A1876/SEU-ALLEN_full_18465_00116_CCFv3.swc,https://neuroxiv.org/?id=SEU-ALLEN_full_18465_00116_CCFv3,7320.65,3610.05,3169.27
18465_00117,18465,mouse,NCBI:txid10090,Vipr2-IRES2-Cre-neo;Ai166,cell morphology,fMOST,LGd,cells,1,SEU-Allen Joint Center,Hanchuan Peng,,zeng_fmost,BIL,/bil/data/df/75/df75626840c76c15/mouseID_383128-18465,,,56,Female,,https://download.neuroxiv.org/SEU-A1876/SEU-ALLEN_full_18465_00117_CCFv3.swc,https://neuroxiv.org/?id=SEU-ALLEN_full_18465_00117_CCFv3,7426,3520.88,3208.32
18465_00119,18465,mouse,NCBI:txid10090,Vipr2-IRES2-Cre-neo;Ai166,cell morphology,fMOST,LGd,cells,1,SEU-Allen Joint Center,Hanchuan Peng,,zeng_fmost,BIL,/bil/data/df/75/df75626840c76c15/mouseID_383128-18465,,,56,Female,,https://download.neuroxiv.org/SEU-A1876/SEU-ALLEN_full_18465_00119_CCFv3.swc,https://neuroxiv.org/?id=SEU-ALLEN_full_18465_00119_CCFv3,7974.77,3361.6,3390.45
18465_00125,18465,mouse,NCBI:txid10090,Vipr2-IRES2-Cre-neo;Ai166,cell morphology,fMOST,VPM,cells,1,SEU-Allen Joint Center,Hanchuan Peng,,zeng_fmost,BIL,/bil/data/df/75/df75626840c76c15/mouseID_383128-18465,,,56,Female,,https://download.neuroxiv.org/SEU-A1876/SEU-ALLEN_full_18465_00125_CCFv3.swc,https://neuroxiv.org/?id=SEU-ALLEN_full_18465_00125_CCFv3,7171.12,3924,3880.1
18465_00126,18465,mouse,NCBI:txid10090,Vipr2-IRES2-Cre-neo;Ai166,cell morphology,fMOST,VPM,cells,1,SEU-Allen Joint Center,Hanchuan Peng,,zeng_fmost,BIL,/bil/data/df/75/df75626840c76c15/mouseID_383128-18465,,,56,Female,,https://download.neuroxiv.org/SEU-A1876/SEU-ALLEN_full_18465_00126_CCFv3.swc,https://neuroxiv.org/?id=SEU-ALLEN_full_18465_00126_CCFv3,7286.9,3857.25,3237.25
18465_00127,18465,mouse,NCBI:txid10090,Vipr2-IRES2-Cre-neo;Ai166,cell morphology,fMOST,VPM,cells,1,SEU-Allen Joint Center,Hanchuan Peng,,zeng_fmost,BIL,/bil/data/df/75/df75626840c76c15/mouseID_383128-18465,,,56,Female,,https://download.neuroxiv.org/SEU-A1876/SEU-ALLEN_full_18465_00127_CCFv3.swc,https://neuroxiv.org/?id=SEU-ALLEN_full_18465_00127_CCFv3,7134.55,3865.5,3658.95
18465_00128,18465,mouse,NCBI:txid10090,Vipr2-IRES2-Cre-neo;Ai166,cell morphology,fMOST,VPM,cells,1,SEU-Allen Joint Center,Hanchuan Peng,,zeng_fmost,BIL,/bil/data/df/75/df75626840c76c15/mouseID_383128-18465,,,56,Female,,https://download.neuroxiv.org/SEU-A1876/SEU-ALLEN_full_18465_00128_CCFv3.swc,https://neuroxiv.org/?id=SEU-ALLEN_full_18465_00128_CCFv3,6977.48,3946.27,3637.57
18465_00132,18465,mouse,NCBI:txid10090,Vipr2-IRES2-Cre-neo;Ai166,cell morphology,fMOST,VPM,cells,1,SEU-Allen Joint Center,Hanchuan Peng,,zeng_fmost,BIL,/bil/data/df/75/df75626840c76c15/mouseID_383128-18465,,,56,Female,,https://download.neuroxiv.org/SEU-A1876/SEU-ALLEN_full_18465_00132_CCFv3.swc,https://neuroxiv.org/?id=SEU-ALLEN_full_18465_00132_CCFv3,7612.05,4063.5,3581.75
18465_00133,18465,mouse,NCBI:txid10090,Vipr2-IRES2-Cre-neo;Ai166,cell morphology,fMOST,VPM,cells,1,SEU-Allen Joint Center,Hanchuan Peng,,zeng_fmost,BIL,/bil/data/df/75/df75626840c76c15/mouseID_383128-18465,,,56,Female,,https://download.neuroxiv.org/SEU-A1876/SEU-ALLEN_full_18465_00133_CCFv3.swc,https://neuroxiv.org/?id=SEU-ALLEN_full_18465_00133_CCFv3,7287.15,3934.57,3352.15
18465_00136,18465,mouse,NCBI:txid10090,Vipr2-IRES2-Cre-neo;Ai166,cell morphology,fMOST,LGd,cells,1,SEU-Allen Joint Center,Hanchuan Peng,,zeng_fmost,BIL,/bil/data/df/75/df75626840c76c15/mouseID_383128-18465,,,56,Female,,https://download.neuroxiv.org/SEU-A1876/SEU-ALLEN_full_18465_00136_CCFv3.swc,https://neuroxiv.org/?id=SEU-ALLEN_full_18465_00136_CCFv3,7714.9,3655.3,3319.57
18465_00140,18465,mouse,NCBI:txid10090,Vipr2-IRES2-Cre-neo;Ai166,cell morphology,fMOST,LGd,cells,1,SEU-Allen Joint Center,Hanchuan Peng,,zeng_fmost,BIL,/bil/data/df/75/df75626840c76c15/mouseID_383128-18465,,,56,Female,,https://download.neuroxiv.org/SEU-A1876/SEU-ALLEN_full_18465_00140_CCFv3.swc,https://neuroxiv.org/?id=SEU-ALLEN_full_18465_00140_CCFv3,8135.4,3707.88,3125.6
18465_00141,18465,mouse,NCBI:txid10090,Vipr2-IRES2-Cre-neo;Ai166,cell morphology,fMOST,LGd,cells,1,SEU-Allen Joint Center,Hanchuan Peng,,zeng_fmost,BIL,/bil/data/df/75/df75626840c76c15/mouseID_383128-18465,,,56,Female,,https://download.neuroxiv.org/SEU-A1876/SEU-ALLEN_full_18465_00141_CCFv3.swc,https://neuroxiv.org/?id=SEU-ALLEN_full_18465_00141_CCFv3,7635.85,3822.57,3184.5
18465_00142,18465,mouse,NCBI:txid10090,Vipr2-IRES2-Cre-neo;Ai166,cell morphology,fMOST,VPM,cells,1,SEU-Allen Joint Center,Hanchuan Peng,,zeng_fmost,BIL,/bil/data/df/75/df75626840c76c15/mouseID_383128-18465,,,56,Female,,https://download.neuroxiv.org/SEU-A1876/SEU-ALLEN_full_18465_00142_CCFv3.swc,https://neuroxiv.org/?id=SEU-ALLEN_full_18465_00142_CCFv3,7641.4,3905.73,3329.35
18465_00145,18465,mouse,NCBI:txid10090,Vipr2-IRES2-Cre-neo;Ai166,cell morphology,fMOST,MG,cells,1,SEU-Allen Joint Center,Hanchuan Peng,,zeng_fmost,BIL,/bil/data/df/75/df75626840c76c15/mouseID_383128-18465,,,56,Female,,https://download.neuroxiv.org/SEU-A1876/SEU-ALLEN_full_18465_00145_CCFv3.swc,https://neuroxiv.org/?id=SEU-ALLEN_full_18465_00145_CCFv3,9085.48,3783.98,3180.75
18465_00146,18465,mouse,NCBI:txid10090,Vipr2-IRES2-Cre-neo;Ai166,cell morphology,fMOST,MG,cells,1,SEU-Allen Joint Center,Hanchuan Peng,,zeng_fmost,BIL,/bil/data/df/75/df75626840c76c15/mouseID_383128-18465,,,56,Female,,https://download.neuroxiv.org/SEU-A1876/SEU-ALLEN_full_18465_00146_CCFv3.swc,https://neuroxiv.org/?id=SEU-ALLEN_full_18465_00146_CCFv3,9106.45,3825.55,3159.7
18465_00148,18465,mouse,NCBI:txid10090,Vipr2-IRES2-Cre-neo;Ai166,cell morphology,fMOST,LGd,cells,1,SEU-Allen Joint Center,Hanchuan Peng,,zeng_fmost,BIL,/bil/data/df/75/df75626840c76c15/mouseID_383128-18465,,,56,Female,,https://download.neuroxiv.org/SEU-A1876/SEU-ALLEN_full_18465_00148_CCFv3.swc,https://neuroxiv.org/?id=SEU-ALLEN_full_18465_00148_CCFv3,7520.83,3619.95,3016.3
18465_00152,18465,mouse,NCBI:txid10090,Vipr2-IRES2-Cre-neo;Ai166,cell morphology,fMOST,MG,cells,1,SEU-Allen Joint Center,Hanchuan Peng,,zeng_fmost,BIL,/bil/data/df/75/df75626840c76c15/mouseID_383128-18465,,,56,Female,,https://download.neuroxiv.org/SEU-A1876/SEU-ALLEN_full_18465_00152_CCFv3.swc,https://neuroxiv.org/?id=SEU-ALLEN_full_18465_00152_CCFv3,9080.25,3924.32,3145.38
18465_00154,18465,mouse,NCBI:txid10090,Vipr2-IRES2-Cre-neo;Ai166,cell morphology,fMOST,CP,cells,1,SEU-Allen Joint Center,Hanchuan Peng,,zeng_fmost,BIL,/bil/data/df/75/df75626840c76c15/mouseID_383128-18465,,,56,Female,,https://download.neuroxiv.org/SEU-A1876/SEU-ALLEN_full_18465_00154_CCFv3.swc,https://neuroxiv.org/?id=SEU-ALLEN_full_18465_00154_CCFv3,4896.95,5042.4,8839.88
18465_00155,18465,mouse,NCBI:txid10090,Vipr2-IRES2-Cre-neo;Ai166,cell morphology,fMOST,CP,cells,1,SEU-Allen Joint Center,Hanchuan Peng,,zeng_fmost,BIL,/bil/data/df/75/df75626840c76c15/mouseID_383128-18465,,,56,Female,,https://download.neuroxiv.org/SEU-A1876/SEU-ALLEN_full_18465_00155_CCFv3.swc,https://neuroxiv.org/?id=SEU-ALLEN_full_18465_00155_CCFv3,6180.02,4898.48,9200.78
18465_00156,18465,mouse,NCBI:txid10090,Vipr2-IRES2-Cre-neo;Ai166,cell morphology,fMOST,CP,cells,1,SEU-Allen Joint Center,Hanchuan Peng,,zeng_fmost,BIL,/bil/data/df/75/df75626840c76c15/mouseID_383128-18465,,,56,Female,,https://download.neuroxiv.org/SEU-A1876/SEU-ALLEN_full_18465_00156_CCFv3.swc,https://neuroxiv.org/?id=SEU-ALLEN_full_18465_00156_CCFv3,5375.48,4583.85,8915.3
18465_00157,18465,mouse,NCBI:txid10090,Vipr2-IRES2-Cre-neo;Ai166,cell morphology,fMOST,CP,cells,1,SEU-Allen Joint Center,Hanchuan Peng,,zeng_fmost,BIL,/bil/data/df/75/df75626840c76c15/mouseID_383128-18465,,,56,Female,,https://download.neuroxiv.org/SEU-A1876/SEU-ALLEN_full_18465_00157_CCFv3.swc,https://neuroxiv.org/?id=SEU-ALLEN_full_18465_00157_CCFv3,5315.85,4806.92,8816.1
18465_00159,18465,mouse,NCBI:txid10090,Vipr2-IRES2-Cre-neo;Ai166,cell morphology,fMOST,CP,cells,1,SEU-Allen Joint Center,Hanchuan Peng,,zeng_fmost,BIL,/bil/data/df/75/df75626840c76c15/mouseID_383128-18465,,,56,Female,,https://download.neuroxiv.org/SEU-A1876/SEU-ALLEN_full_18465_00159_CCFv3.swc,https://neuroxiv.org/?id=SEU-ALLEN_full_18465_00159_CCFv3,5713.2,4990.27,9221.33
18465_00161,18465,mouse,NCBI:txid10090,Vipr2-IRES2-Cre-neo;Ai166,cell morphology,fMOST,EPd,cells,1,SEU-Allen Joint Center,Hanchuan Peng,,zeng_fmost,BIL,/bil/data/df/75/df75626840c76c15/mouseID_383128-18465,,,56,Female,,https://download.neuroxiv.org/SEU-A1876/SEU-ALLEN_full_18465_00161_CCFv3.swc,https://neuroxiv.org/?id=SEU-ALLEN_full_18465_00161_CCFv3,5419.55,5507.27,8846.82
18465_00168,18465,mouse,NCBI:txid10090,Vipr2-IRES2-Cre-neo;Ai166,cell morphology,fMOST,CP,cells,1,SEU-Allen Joint Center,Hanchuan Peng,,zeng_fmost,BIL,/bil/data/df/75/df75626840c76c15/mouseID_383128-18465,,,56,Female,,https://download.neuroxiv.org/SEU-A1876/SEU-ALLEN_full_18465_00168_CCFv3.swc,https://neuroxiv.org/?id=SEU-ALLEN_full_18465_00168_CCFv3,3703.85,5641.75,7582.98
18465_00175,18465,mouse,NCBI:txid10090,Vipr2-IRES2-Cre-neo;Ai166,cell morphology,fMOST,VPM,cells,1,SEU-Allen Joint Center,Hanchuan Peng,,zeng_fmost,BIL,/bil/data/df/75/df75626840c76c15/mouseID_383128-18465,,,56,Female,,https://download.neuroxiv.org/SEU-A1876/SEU-ALLEN_full_18465_00175_CCFv3.swc,https://neuroxiv.org/?id=SEU-ALLEN_full_18465_00175_CCFv3,6620.62,4660.85,7092.58
18465_00177,18465,mouse,NCBI:txid10090,Vipr2-IRES2-Cre-neo;Ai166,cell morphology,fMOST,VPL,cells,1,SEU-Allen Joint Center,Hanchuan Peng,,zeng_fmost,BIL,/bil/data/df/75/df75626840c76c15/mouseID_383128-18465,,,56,Female,,https://download.neuroxiv.org/SEU-A1876/SEU-ALLEN_full_18465_00177_CCFv3.swc,https://neuroxiv.org/?id=SEU-ALLEN_full_18465_00177_CCFv3,6669.83,4936.6,7309.88
18465_00199,18465,mouse,NCBI:txid10090,Vipr2-IRES2-Cre-neo;Ai166,cell morphology,fMOST,ACB,cells,1,SEU-Allen Joint Center,Hanchuan Peng,,zeng_fmost,BIL,/bil/data/df/75/df75626840c76c15/mouseID_383128-18465,,,56,Female,,https://download.neuroxiv.org/SEU-A1876/SEU-ALLEN_full_18465_00199_CCFv3.swc,https://neuroxiv.org/?id=SEU-ALLEN_full_18465_00199_CCFv3,4254.6,6397.33,7123.85
18465_00203,18465,mouse,NCBI:txid10090,Vipr2-IRES2-Cre-neo;Ai166,cell morphology,fMOST,ACB,cells,1,SEU-Allen Joint Center,Hanchuan Peng,,zeng_fmost,BIL,/bil/data/df/75/df75626840c76c15/mouseID_383128-18465,,,56,Female,,https://download.neuroxiv.org/SEU-A1876/SEU-ALLEN_full_18465_00203_CCFv3.swc,https://neuroxiv.org/?id=SEU-ALLEN_full_18465_00203_CCFv3,3349.95,6005.48,6281.38
18465_00204,18465,mouse,NCBI:txid10090,Vipr2-IRES2-Cre-neo;Ai166,cell morphology,fMOST,ACB,cells,1,SEU-Allen Joint Center,Hanchuan Peng,,zeng_fmost,BIL,/bil/data/df/75/df75626840c76c15/mouseID_383128-18465,,,56,Female,,https://download.neuroxiv.org/SEU-A1876/SEU-ALLEN_full_18465_00204_CCFv3.swc,https://neuroxiv.org/?id=SEU-ALLEN_full_18465_00204_CCFv3,3299.38,6182.33,6575.95
18465_00206,18465,mouse,NCBI:txid10090,Vipr2-IRES2-Cre-neo;Ai166,cell morphology,fMOST,ACB,cells,1,SEU-Allen Joint Center,Hanchuan Peng,,zeng_fmost,BIL,/bil/data/df/75/df75626840c76c15/mouseID_383128-18465,,,56,Female,,https://download.neuroxiv.org/SEU-A1876/SEU-ALLEN_full_18465_00206_CCFv3.swc,https://neuroxiv.org/?id=SEU-ALLEN_full_18465_00206_CCFv3,4369.65,5736.9,6977.23
18465_00207,18465,mouse,NCBI:txid10090,Vipr2-IRES2-Cre-neo;Ai166,cell morphology,fMOST,ACB,cells,1,SEU-Allen Joint Center,Hanchuan Peng,,zeng_fmost,BIL,/bil/data/df/75/df75626840c76c15/mouseID_383128-18465,,,56,Female,,https://download.neuroxiv.org/SEU-A1876/SEU-ALLEN_full_18465_00207_CCFv3.swc,https://neuroxiv.org/?id=SEU-ALLEN_full_18465_00207_CCFv3,4111.15,5840.25,6473.33
18465_00209,18465,mouse,NCBI:txid10090,Vipr2-IRES2-Cre-neo;Ai166,cell morphology,fMOST,OT,cells,1,SEU-Allen Joint Center,Hanchuan Peng,,zeng_fmost,BIL,/bil/data/df/75/df75626840c76c15/mouseID_383128-18465,,,56,Female,,https://download.neuroxiv.org/SEU-A1876/SEU-ALLEN_full_18465_00209_CCFv3.swc,https://neuroxiv.org/?id=SEU-ALLEN_full_18465_00209_CCFv3,3153.2,6599.77,6799.9
18465_00213,18465,mouse,NCBI:txid10090,Vipr2-IRES2-Cre-neo;Ai166,cell morphology,fMOST,SI,cells,1,SEU-Allen Joint Center,Hanchuan Peng,,zeng_fmost,BIL,/bil/data/df/75/df75626840c76c15/mouseID_383128-18465,,,56,Female,,https://download.neuroxiv.org/SEU-A1876/SEU-ALLEN_full_18465_00213_CCFv3.swc,https://neuroxiv.org/?id=SEU-ALLEN_full_18465_00213_CCFv3,4348.67,6726.88,7396.02
18465_00219,18465,mouse,NCBI:txid10090,Vipr2-IRES2-Cre-neo;Ai166,cell morphology,fMOST,CP,cells,1,SEU-Allen Joint Center,Hanchuan Peng,,zeng_fmost,BIL,/bil/data/df/75/df75626840c76c15/mouseID_383128-18465,,,56,Female,,https://download.neuroxiv.org/SEU-A1876/SEU-ALLEN_full_18465_00219_CCFv3.swc,https://neuroxiv.org/?id=SEU-ALLEN_full_18465_00219_CCFv3,6805.77,4576.92,9342.18
18465_00226,18465,mouse,NCBI:txid10090,Vipr2-IRES2-Cre-neo;Ai166,cell morphology,fMOST,VPL,cells,1,SEU-Allen Joint Center,Hanchuan Peng,,zeng_fmost,BIL,/bil/data/df/75/df75626840c76c15/mouseID_383128-18465,,,56,Female,,https://download.neuroxiv.org/SEU-A1876/SEU-ALLEN_full_18465_00226_CCFv3.swc,https://neuroxiv.org/?id=SEU-ALLEN_full_18465_00226_CCFv3,7308.12,4571.05,8070.15
18465_00227,18465,mouse,NCBI:txid10090,Vipr2-IRES2-Cre-neo;Ai166,cell morphology,fMOST,VPM,cells,1,SEU-Allen Joint Center,Hanchuan Peng,,zeng_fmost,BIL,/bil/data/df/75/df75626840c76c15/mouseID_383128-18465,,,56,Female,,https://download.neuroxiv.org/SEU-A1876/SEU-ALLEN_full_18465_00227_CCFv3.swc,https://neuroxiv.org/?id=SEU-ALLEN_full_18465_00227_CCFv3,7009.58,4346.98,7915.08
18465_00228,18465,mouse,NCBI:txid10090,Vipr2-IRES2-Cre-neo;Ai166,cell morphology,fMOST,VPL,cells,1,SEU-Allen Joint Center,Hanchuan Peng,,zeng_fmost,BIL,/bil/data/df/75/df75626840c76c15/mouseID_383128-18465,,,56,Female,,https://download.neuroxiv.org/SEU-A1876/SEU-ALLEN_full_18465_00228_CCFv3.swc,https://neuroxiv.org/?id=SEU-ALLEN_full_18465_00228_CCFv3,6885.17,4402.42,7776.4
18465_00229,18465,mouse,NCBI:txid10090,Vipr2-IRES2-Cre-neo;Ai166,cell morphology,fMOST,VPM,cells,1,SEU-Allen Joint Center,Hanchuan Peng,,zeng_fmost,BIL,/bil/data/df/75/df75626840c76c15/mouseID_383128-18465,,,56,Female,,https://download.neuroxiv.org/SEU-A1876/SEU-ALLEN_full_18465_00229_CCFv3.swc,https://neuroxiv.org/?id=SEU-ALLEN_full_18465_00229_CCFv3,7429.2,4448.5,7885.77
18465_00230,18465,mouse,NCBI:txid10090,Vipr2-IRES2-Cre-neo;Ai166,cell morphology,fMOST,VPM,cells,1,SEU-Allen Joint Center,Hanchuan Peng,,zeng_fmost,BIL,/bil/data/df/75/df75626840c76c15/mouseID_383128-18465,,,56,Female,,https://download.neuroxiv.org/SEU-A1876/SEU-ALLEN_full_18465_00230_CCFv3.swc,https://neuroxiv.org/?id=SEU-ALLEN_full_18465_00230_CCFv3,7209.8,4370.88,7742.85
18465_00233,18465,mouse,NCBI:txid10090,Vipr2-IRES2-Cre-neo;Ai166,cell morphology,fMOST,VPL,cells,1,SEU-Allen Joint Center,Hanchuan Peng,,zeng_fmost,BIL,/bil/data/df/75/df75626840c76c15/mouseID_383128-18465,,,56,Female,,https://download.neuroxiv.org/SEU-A1876/SEU-ALLEN_full_18465_00233_CCFv3.swc,https://neuroxiv.org/?id=SEU-ALLEN_full_18465_00233_CCFv3,7205.83,4517.17,7887.9
18465_00234,18465,mouse,NCBI:txid10090,Vipr2-IRES2-Cre-neo;Ai166,cell morphology,fMOST,VPM,cells,1,SEU-Allen Joint Center,Hanchuan Peng,,zeng_fmost,BIL,/bil/data/df/75/df75626840c76c15/mouseID_383128-18465,,,56,Female,,https://download.neuroxiv.org/SEU-A1876/SEU-ALLEN_full_18465_00234_CCFv3.swc,https://neuroxiv.org/?id=SEU-ALLEN_full_18465_00234_CCFv3,7542.58,4583.58,7909.48
18465_00235,18465,mouse,NCBI:txid10090,Vipr2-IRES2-Cre-neo;Ai166,cell morphology,fMOST,VPL,cells,1,SEU-Allen Joint Center,Hanchuan Peng,,zeng_fmost,BIL,/bil/data/df/75/df75626840c76c15/mouseID_383128-18465,,,56,Female,,https://download.neuroxiv.org/SEU-A1876/SEU-ALLEN_full_18465_00235_CCFv3.swc,https://neuroxiv.org/?id=SEU-ALLEN_full_18465_00235_CCFv3,6859,4730.73,7778.17
18465_00238,18465,mouse,NCBI:txid10090,Vipr2-IRES2-Cre-neo;Ai166,cell morphology,fMOST,VPL,cells,1,SEU-Allen Joint Center,Hanchuan Peng,,zeng_fmost,BIL,/bil/data/df/75/df75626840c76c15/mouseID_383128-18465,,,56,Female,,https://download.neuroxiv.org/SEU-A1876/SEU-ALLEN_full_18465_00238_CCFv3.swc,https://neuroxiv.org/?id=SEU-ALLEN_full_18465_00238_CCFv3,7475.38,4725.12,7854.77
18465_00241,18465,mouse,NCBI:txid10090,Vipr2-IRES2-Cre-neo;Ai166,cell morphology,fMOST,VPM,cells,1,SEU-Allen Joint Center,Hanchuan Peng,,zeng_fmost,BIL,/bil/data/df/75/df75626840c76c15/mouseID_383128-18465,,,56,Female,,https://download.neuroxiv.org/SEU-A1876/SEU-ALLEN_full_18465_00241_CCFv3.swc,https://neuroxiv.org/?id=SEU-ALLEN_full_18465_00241_CCFv3,6774.73,4218.4,7362.52
18465_00242,18465,mouse,NCBI:txid10090,Vipr2-IRES2-Cre-neo;Ai166,cell morphology,fMOST,VPL,cells,1,SEU-Allen Joint Center,Hanchuan Peng,,zeng_fmost,BIL,/bil/data/df/75/df75626840c76c15/mouseID_383128-18465,,,56,Female,,https://download.neuroxiv.org/SEU-A1876/SEU-ALLEN_full_18465_00242_CCFv3.swc,https://neuroxiv.org/?id=SEU-ALLEN_full_18465_00242_CCFv3,7083.75,4821.2,7526.33
18465_00243,18465,mouse,NCBI:txid10090,Vipr2-IRES2-Cre-neo;Ai166,cell morphology,fMOST,VPM,cells,1,SEU-Allen Joint Center,Hanchuan Peng,,zeng_fmost,BIL,/bil/data/df/75/df75626840c76c15/mouseID_383128-18465,,,56,Female,,https://download.neuroxiv.org/SEU-A1876/SEU-ALLEN_full_18465_00243_CCFv3.swc,https://neuroxiv.org/?id=SEU-ALLEN_full_18465_00243_CCFv3,6983.88,4587.27,7138.83
18465_00245,18465,mouse,NCBI:txid10090,Vipr2-IRES2-Cre-neo;Ai166,cell morphology,fMOST,VM,cells,1,SEU-Allen Joint Center,Hanchuan Peng,,zeng_fmost,BIL,/bil/data/df/75/df75626840c76c15/mouseID_383128-18465,,,56,Female,,https://download.neuroxiv.org/SEU-A1876/SEU-ALLEN_full_18465_00245_CCFv3.swc,https://neuroxiv.org/?id=SEU-ALLEN_full_18465_00245_CCFv3,6918.73,5273.23,6862.9
18465_00246,18465,mouse,NCBI:txid10090,Vipr2-IRES2-Cre-neo;Ai166,cell morphology,fMOST,CEA,cells,1,SEU-Allen Joint Center,Hanchuan Peng,,zeng_fmost,BIL,/bil/data/df/75/df75626840c76c15/mouseID_383128-18465,,,56,Female,,https://download.neuroxiv.org/SEU-A1876/SEU-ALLEN_full_18465_00246_CCFv3.swc,https://neuroxiv.org/?id=SEU-ALLEN_full_18465_00246_CCFv3,6977.17,6041.88,8201.1
18465_00248,18465,mouse,NCBI:txid10090,Vipr2-IRES2-Cre-neo;Ai166,cell morphology,fMOST,DG,cells,1,SEU-Allen Joint Center,Hanchuan Peng,,zeng_fmost,BIL,/bil/data/df/75/df75626840c76c15/mouseID_383128-18465,,,56,Female,,https://download.neuroxiv.org/SEU-A1876/SEU-ALLEN_full_18465_00248_CCFv3.swc,https://neuroxiv.org/?id=SEU-ALLEN_full_18465_00248_CCFv3,8815.98,5451.3,8052.23
18465_00258,18465,mouse,NCBI:txid10090,Vipr2-IRES2-Cre-neo;Ai166,cell morphology,fMOST,SMT,cells,1,SEU-Allen Joint Center,Hanchuan Peng,,zeng_fmost,BIL,/bil/data/df/75/df75626840c76c15/mouseID_383128-18465,,,56,Female,,https://download.neuroxiv.org/SEU-A1876/SEU-ALLEN_full_18465_00258_CCFv3.swc,https://neuroxiv.org/?id=SEU-ALLEN_full_18465_00258_CCFv3,6472.83,4925.02,5069.45
18465_00261,18465,mouse,NCBI:txid10090,Vipr2-IRES2-Cre-neo;Ai166,cell morphology,fMOST,VPM,cells,1,SEU-Allen Joint Center,Hanchuan Peng,,zeng_fmost,BIL,/bil/data/df/75/df75626840c76c15/mouseID_383128-18465,,,56,Female,,https://download.neuroxiv.org/SEU-A1876/SEU-ALLEN_full_18465_00261_CCFv3.swc,https://neuroxiv.org/?id=SEU-ALLEN_full_18465_00261_CCFv3,6712,5015.58,4458.98
18465_00264,18465,mouse,NCBI:txid10090,Vipr2-IRES2-Cre-neo;Ai166,cell morphology,fMOST,CP,cells,1,SEU-Allen Joint Center,Hanchuan Peng,,zeng_fmost,BIL,/bil/data/df/75/df75626840c76c15/mouseID_383128-18465,,,56,Female,,https://download.neuroxiv.org/SEU-A1876/SEU-ALLEN_full_18465_00264_CCFv3.swc,https://neuroxiv.org/?id=SEU-ALLEN_full_18465_00264_CCFv3,5077.2,5067.27,3017.2
18465_00281,18465,mouse,NCBI:txid10090,Vipr2-IRES2-Cre-neo;Ai166,cell morphology,fMOST,CP,cells,1,SEU-Allen Joint Center,Hanchuan Peng,,zeng_fmost,BIL,/bil/data/df/75/df75626840c76c15/mouseID_383128-18465,,,56,Female,,https://download.neuroxiv.org/SEU-A1876/SEU-ALLEN_full_18465_00281_CCFv3.swc,https://neuroxiv.org/?id=SEU-ALLEN_full_18465_00281_CCFv3,6071.67,4705.75,1609.35
18465_00282,18465,mouse,NCBI:txid10090,Vipr2-IRES2-Cre-neo;Ai166,cell morphology,fMOST,CP,cells,1,SEU-Allen Joint Center,Hanchuan Peng,,zeng_fmost,BIL,/bil/data/df/75/df75626840c76c15/mouseID_383128-18465,,,56,Female,,https://download.neuroxiv.org/SEU-A1876/SEU-ALLEN_full_18465_00282_CCFv3.swc,https://neuroxiv.org/?id=SEU-ALLEN_full_18465_00282_CCFv3,5473.27,5212.27,2564.48
18465_00283,18465,mouse,NCBI:txid10090,Vipr2-IRES2-Cre-neo;Ai166,cell morphology,fMOST,EPd,cells,1,SEU-Allen Joint Center,Hanchuan Peng,,zeng_fmost,BIL,/bil/data/df/75/df75626840c76c15/mouseID_383128-18465,,,56,Female,,https://download.neuroxiv.org/SEU-A1876/SEU-ALLEN_full_18465_00283_CCFv3.swc,https://neuroxiv.org/?id=SEU-ALLEN_full_18465_00283_CCFv3,5647.25,5341.02,2323.85
18465_00285,18465,mouse,NCBI:txid10090,Vipr2-IRES2-Cre-neo;Ai166,cell morphology,fMOST,BLA,cells,1,SEU-Allen Joint Center,Hanchuan Peng,,zeng_fmost,BIL,/bil/data/df/75/df75626840c76c15/mouseID_383128-18465,,,56,Female,,https://download.neuroxiv.org/SEU-A1876/SEU-ALLEN_full_18465_00285_CCFv3.swc,https://neuroxiv.org/?id=SEU-ALLEN_full_18465_00285_CCFv3,6848.1,6078.48,2678.9
18465_00286,18465,mouse,NCBI:txid10090,Vipr2-IRES2-Cre-neo;Ai166,cell morphology,fMOST,VPM,cells,1,SEU-Allen Joint Center,Hanchuan Peng,,zeng_fmost,BIL,/bil/data/df/75/df75626840c76c15/mouseID_383128-18465,,,56,Female,,https://download.neuroxiv.org/SEU-A1876/SEU-ALLEN_full_18465_00286_CCFv3.swc,https://neuroxiv.org/?id=SEU-ALLEN_full_18465_00286_CCFv3,7007.02,4024.88,3845
18465_00287,18465,mouse,NCBI:txid10090,Vipr2-IRES2-Cre-neo;Ai166,cell morphology,fMOST,VPM,cells,1,SEU-Allen Joint Center,Hanchuan Peng,,zeng_fmost,BIL,/bil/data/df/75/df75626840c76c15/mouseID_383128-18465,,,56,Female,,https://download.neuroxiv.org/SEU-A1876/SEU-ALLEN_full_18465_00287_CCFv3.swc,https://neuroxiv.org/?id=SEU-ALLEN_full_18465_00287_CCFv3,6940.85,4224.98,4004.52
18465_00288,18465,mouse,NCBI:txid10090,Vipr2-IRES2-Cre-neo;Ai166,cell morphology,fMOST,VPM,cells,1,SEU-Allen Joint Center,Hanchuan Peng,,zeng_fmost,BIL,/bil/data/df/75/df75626840c76c15/mouseID_383128-18465,,,56,Female,,https://download.neuroxiv.org/SEU-A1876/SEU-ALLEN_full_18465_00288_CCFv3.swc,https://neuroxiv.org/?id=SEU-ALLEN_full_18465_00288_CCFv3,7042.08,4188.8,4026.6
18465_00291,18465,mouse,NCBI:txid10090,Vipr2-IRES2-Cre-neo;Ai166,cell morphology,fMOST,VPLpc,cells,1,SEU-Allen Joint Center,Hanchuan Peng,,zeng_fmost,BIL,/bil/data/df/75/df75626840c76c15/mouseID_383128-18465,,,56,Female,,https://download.neuroxiv.org/SEU-A1876/SEU-ALLEN_full_18465_00291_CCFv3.swc,https://neuroxiv.org/?id=SEU-ALLEN_full_18465_00291_CCFv3,7835.27,4412.1,4033.45
18465_00292,18465,mouse,NCBI:txid10090,Vipr2-IRES2-Cre-neo;Ai166,cell morphology,fMOST,VPM,cells,1,SEU-Allen Joint Center,Hanchuan Peng,,zeng_fmost,BIL,/bil/data/df/75/df75626840c76c15/mouseID_383128-18465,,,56,Female,,https://download.neuroxiv.org/SEU-A1876/SEU-ALLEN_full_18465_00292_CCFv3.swc,https://neuroxiv.org/?id=SEU-ALLEN_full_18465_00292_CCFv3,7400.98,4118.15,3618.77
18465_00294,18465,mouse,NCBI:txid10090,Vipr2-IRES2-Cre-neo;Ai166,cell morphology,fMOST,VPM,cells,1,SEU-Allen Joint Center,Hanchuan Peng,,zeng_fmost,BIL,/bil/data/df/75/df75626840c76c15/mouseID_383128-18465,,,56,Female,,https://download.neuroxiv.org/SEU-A1876/SEU-ALLEN_full_18465_00294_CCFv3.swc,https://neuroxiv.org/?id=SEU-ALLEN_full_18465_00294_CCFv3,7011.27,4496.92,3673.32
18465_00300,18465,mouse,NCBI:txid10090,Vipr2-IRES2-Cre-neo;Ai166,cell morphology,fMOST,MG,cells,1,SEU-Allen Joint Center,Hanchuan Peng,,zeng_fmost,BIL,/bil/data/df/75/df75626840c76c15/mouseID_383128-18465,,,56,Female,,https://download.neuroxiv.org/SEU-A1876/SEU-ALLEN_full_18465_00300_CCFv3.swc,https://neuroxiv.org/?id=SEU-ALLEN_full_18465_00300_CCFv3,7960.67,4390.8,3393.88
18465_00302,18465,mouse,NCBI:txid10090,Vipr2-IRES2-Cre-neo;Ai166,cell morphology,fMOST,MG,cells,1,SEU-Allen Joint Center,Hanchuan Peng,,zeng_fmost,BIL,/bil/data/df/75/df75626840c76c15/mouseID_383128-18465,,,56,Female,,https://download.neuroxiv.org/SEU-A1876/SEU-ALLEN_full_18465_00302_CCFv3.swc,https://neuroxiv.org/?id=SEU-ALLEN_full_18465_00302_CCFv3,8237.62,4364.5,3451.12
18465_00303,18465,mouse,NCBI:txid10090,Vipr2-IRES2-Cre-neo;Ai166,cell morphology,fMOST,PoT,cells,1,SEU-Allen Joint Center,Hanchuan Peng,,zeng_fmost,BIL,/bil/data/df/75/df75626840c76c15/mouseID_383128-18465,,,56,Female,,https://download.neuroxiv.org/SEU-A1876/SEU-ALLEN_full_18465_00303_CCFv3.swc,https://neuroxiv.org/?id=SEU-ALLEN_full_18465_00303_CCFv3,7713.3,4427.52,3756.43
18465_00304,18465,mouse,NCBI:txid10090,Vipr2-IRES2-Cre-neo;Ai166,cell morphology,fMOST,VPM,cells,1,SEU-Allen Joint Center,Hanchuan Peng,,zeng_fmost,BIL,/bil/data/df/75/df75626840c76c15/mouseID_383128-18465,,,56,Female,,https://download.neuroxiv.org/SEU-A1876/SEU-ALLEN_full_18465_00304_CCFv3.swc,https://neuroxiv.org/?id=SEU-ALLEN_full_18465_00304_CCFv3,6947.42,4880.3,4159.58
18465_00305,18465,mouse,NCBI:txid10090,Vipr2-IRES2-Cre-neo;Ai166,cell morphology,fMOST,VPL,cells,1,SEU-Allen Joint Center,Hanchuan Peng,,zeng_fmost,BIL,/bil/data/df/75/df75626840c76c15/mouseID_383128-18465,,,56,Female,,https://download.neuroxiv.org/SEU-A1876/SEU-ALLEN_full_18465_00305_CCFv3.swc,https://neuroxiv.org/?id=SEU-ALLEN_full_18465_00305_CCFv3,7042.55,4817.1,3684.85
18465_00309,18465,mouse,NCBI:txid10090,Vipr2-IRES2-Cre-neo;Ai166,cell morphology,fMOST,CEA,cells,1,SEU-Allen Joint Center,Hanchuan Peng,,zeng_fmost,BIL,/bil/data/df/75/df75626840c76c15/mouseID_383128-18465,,,56,Female,,https://download.neuroxiv.org/SEU-A1876/SEU-ALLEN_full_18465_00309_CCFv3.swc,https://neuroxiv.org/?id=SEU-ALLEN_full_18465_00309_CCFv3,6955.6,6158.48,2820.95
18465_00312,18465,mouse,NCBI:txid10090,Vipr2-IRES2-Cre-neo;Ai166,cell morphology,fMOST,MG,cells,1,SEU-Allen Joint Center,Hanchuan Peng,,zeng_fmost,BIL,/bil/data/df/75/df75626840c76c15/mouseID_383128-18465,,,56,Female,,https://download.neuroxiv.org/SEU-A1876/SEU-ALLEN_full_18465_00312_CCFv3.swc,https://neuroxiv.org/?id=SEU-ALLEN_full_18465_00312_CCFv3,9144.42,3860.45,3200.98
18465_00313,18465,mouse,NCBI:txid10090,Vipr2-IRES2-Cre-neo;Ai166,cell morphology,fMOST,LD,cells,1,SEU-Allen Joint Center,Hanchuan Peng,,zeng_fmost,BIL,/bil/data/df/75/df75626840c76c15/mouseID_383128-18465,,,56,Female,,https://download.neuroxiv.org/SEU-A1876/SEU-ALLEN_full_18465_00313_CCFv3.swc,https://neuroxiv.org/?id=SEU-ALLEN_full_18465_00313_CCFv3,6874.9,3294.65,4442.52
18465_00319,18465,mouse,NCBI:txid10090,Vipr2-IRES2-Cre-neo;Ai166,cell morphology,fMOST,CP,cells,1,SEU-Allen Joint Center,Hanchuan Peng,,zeng_fmost,BIL,/bil/data/df/75/df75626840c76c15/mouseID_383128-18465,,,56,Female,,https://download.neuroxiv.org/SEU-A1876/SEU-ALLEN_full_18465_00319_CCFv3.swc,https://neuroxiv.org/?id=SEU-ALLEN_full_18465_00319_CCFv3,5423.35,4115.45,3728.52
18465_00328,18465,mouse,NCBI:txid10090,Vipr2-IRES2-Cre-neo;Ai166,cell morphology,fMOST,VPL,cells,1,SEU-Allen Joint Center,Hanchuan Peng,,zeng_fmost,BIL,/bil/data/df/75/df75626840c76c15/mouseID_383128-18465,,,56,Female,,https://download.neuroxiv.org/SEU-A1876/SEU-ALLEN_full_18465_00328_CCFv3.swc,https://neuroxiv.org/?id=SEU-ALLEN_full_18465_00328_CCFv3,6873.48,3806.12,3305.48
18465_00347,18465,mouse,NCBI:txid10090,Vipr2-IRES2-Cre-neo;Ai166,cell morphology,fMOST,VPL,cells,1,SEU-Allen Joint Center,Hanchuan Peng,,zeng_fmost,BIL,/bil/data/df/75/df75626840c76c15/mouseID_383128-18465,,,56,Female,,https://download.neuroxiv.org/SEU-A1876/SEU-ALLEN_full_18465_00347_CCFv3.swc,https://neuroxiv.org/?id=SEU-ALLEN_full_18465_00347_CCFv3,7277.85,4209.9,3220.2
18465_00348,18465,mouse,NCBI:txid10090,Vipr2-IRES2-Cre-neo;Ai166,cell morphology,fMOST,VPL,cells,1,SEU-Allen Joint Center,Hanchuan Peng,,zeng_fmost,BIL,/bil/data/df/75/df75626840c76c15/mouseID_383128-18465,,,56,Female,,https://download.neuroxiv.org/SEU-A1876/SEU-ALLEN_full_18465_00348_CCFv3.swc,https://neuroxiv.org/?id=SEU-ALLEN_full_18465_00348_CCFv3,7440.23,4359.42,3113.65
18465_00349,18465,mouse,NCBI:txid10090,Vipr2-IRES2-Cre-neo;Ai166,cell morphology,fMOST,CP,cells,1,SEU-Allen Joint Center,Hanchuan Peng,,zeng_fmost,BIL,/bil/data/df/75/df75626840c76c15/mouseID_383128-18465,,,56,Female,,https://download.neuroxiv.org/SEU-A1876/SEU-ALLEN_full_18465_00349_CCFv3.swc,https://neuroxiv.org/?id=SEU-ALLEN_full_18465_00349_CCFv3,6997,4298.8,1703.65
18470_3227_x19287_y16117,18470,mouse,NCBI:txid10090,Fezf2-CreER;Ai166,cell morphology,fMOST,SSp-m,cells,1,SEU-Allen Joint Center,Hanchuan Peng,,zeng_fmost,BIL,/bil/data/df/75/df75626840c76c15/mouseID_378668-18470,,,81,Male,,https://download.neuroxiv.org/SEU-A1876/SEU-ALLEN_full_18470_3227_x19287_y16117_CCFv3.swc,https://neuroxiv.org/?id=SEU-ALLEN_full_18470_3227_x19287_y16117_CCFv3,4841.98,2437.3,8424.03
18470_3582_x22459_y29708,18470,mouse,NCBI:txid10090,Fezf2-CreER;Ai166,cell morphology,fMOST,MOs,cells,1,SEU-Allen Joint Center,Hanchuan Peng,,zeng_fmost,BIL,/bil/data/df/75/df75626840c76c15/mouseID_378668-18470,,,81,Male,,https://download.neuroxiv.org/SEU-A1876/SEU-ALLEN_full_18470_3582_x22459_y29708_CCFv3.swc,https://neuroxiv.org/?id=SEU-ALLEN_full_18470_3582_x22459_y29708_CCFv3,5546.77,960.55,5106.38
18470_4630_x23468_y24795,18470,mouse,NCBI:txid10090,Fezf2-CreER;Ai166,cell morphology,fMOST,RSPd,cells,1,SEU-Allen Joint Center,Hanchuan Peng,,zeng_fmost,BIL,/bil/data/df/75/df75626840c76c15/mouseID_378668-18470,,,81,Male,,https://download.neuroxiv.org/SEU-A1876/SEU-ALLEN_full_18470_4630_x23468_y24795_CCFv3.swc,https://neuroxiv.org/?id=SEU-ALLEN_full_18470_4630_x23468_y24795_CCFv3,6918.48,645.2,6430.4
18864_00002,18864,mouse,NCBI:txid10090,Cux2-CreERT2;Ai166,cell morphology,fMOST,SSp-bfd,cells,1,SEU-Allen Joint Center,Hanchuan Peng,,zeng_fmost,BIL,,,,75,Female,,https://download.neuroxiv.org/SEU-A1876/SEU-ALLEN_full_18864_00002_CCFv3.swc,https://neuroxiv.org/?id=SEU-ALLEN_full_18864_00002_CCFv3,6291.3,2107.82,1754.1
18864_00015,18864,mouse,NCBI:txid10090,Cux2-CreERT2;Ai166,cell morphology,fMOST,SSp-bfd,cells,1,SEU-Allen Joint Center,Hanchuan Peng,,zeng_fmost,BIL,,,,75,Female,,https://download.neuroxiv.org/SEU-A1876/SEU-ALLEN_full_18864_00015_CCFv3.swc,https://neuroxiv.org/?id=SEU-ALLEN_full_18864_00015_CCFv3,6246.77,1578.15,2532.88
18864_00021,18864,mouse,NCBI:txid10090,Cux2-CreERT2;Ai166,cell morphology,fMOST,SSp-ul,cells,1,SEU-Allen Joint Center,Hanchuan Peng,,zeng_fmost,BIL,,,,75,Female,,https://download.neuroxiv.org/SEU-A1876/SEU-ALLEN_full_18864_00021_CCFv3.swc,https://neuroxiv.org/?id=SEU-ALLEN_full_18864_00021_CCFv3,5237.7,1610.65,3144.18
18864_00023,18864,mouse,NCBI:txid10090,Cux2-CreERT2;Ai166,cell morphology,fMOST,SSp-un,cells,1,SEU-Allen Joint Center,Hanchuan Peng,,zeng_fmost,BIL,,,,75,Female,,https://download.neuroxiv.org/SEU-A1876/SEU-ALLEN_full_18864_00023_CCFv3.swc,https://neuroxiv.org/?id=SEU-ALLEN_full_18864_00023_CCFv3,5845.23,1408.75,2843.25
18864_00025,18864,mouse,NCBI:txid10090,Cux2-CreERT2;Ai166,cell morphology,fMOST,SSp-ul,cells,1,SEU-Allen Joint Center,Hanchuan Peng,,zeng_fmost,BIL,,,,75,Female,,https://download.neuroxiv.org/SEU-A1876/SEU-ALLEN_full_18864_00025_CCFv3.swc,https://neuroxiv.org/?id=SEU-ALLEN_full_18864_00025_CCFv3,6000.25,1184,3156.25
18864_00026,18864,mouse,NCBI:txid10090,Cux2-CreERT2;Ai166,cell morphology,fMOST,AId,cells,1,SEU-Allen Joint Center,Hanchuan Peng,,zeng_fmost,BIL,,,,75,Female,,https://download.neuroxiv.org/SEU-A1876/SEU-ALLEN_full_18864_00026_CCFv3.swc,https://neuroxiv.org/?id=SEU-ALLEN_full_18864_00026_CCFv3,3357.73,4301.98,2687.15
18864_00029,18864,mouse,NCBI:txid10090,Cux2-CreERT2;Ai166,cell morphology,fMOST,SSs,cells,1,SEU-Allen Joint Center,Hanchuan Peng,,zeng_fmost,BIL,,,,75,Female,,https://download.neuroxiv.org/SEU-A1876/SEU-ALLEN_full_18864_00029_CCFv3.swc,https://neuroxiv.org/?id=SEU-ALLEN_full_18864_00029_CCFv3,4673.85,4376.85,1772.55
18864_00040,18864,mouse,NCBI:txid10090,Cux2-CreERT2;Ai166,cell morphology,fMOST,SSp-m,cells,1,SEU-Allen Joint Center,Hanchuan Peng,,zeng_fmost,BIL,,,,75,Female,,https://download.neuroxiv.org/SEU-A1876/SEU-ALLEN_full_18864_00040_CCFv3.swc,https://neuroxiv.org/?id=SEU-ALLEN_full_18864_00040_CCFv3,4518.55,3573.4,1848.53
18864_00043,18864,mouse,NCBI:txid10090,Cux2-CreERT2;Ai166,cell morphology,fMOST,SSs,cells,1,SEU-Allen Joint Center,Hanchuan Peng,,zeng_fmost,BIL,,,,75,Female,,https://download.neuroxiv.org/SEU-A1876/SEU-ALLEN_full_18864_00043_CCFv3.swc,https://neuroxiv.org/?id=SEU-ALLEN_full_18864_00043_CCFv3,4393.8,4137.88,1803.15
18864_00057,18864,mouse,NCBI:txid10090,Cux2-CreERT2;Ai166,cell morphology,fMOST,ORBm,cells,1,SEU-Allen Joint Center,Hanchuan Peng,,zeng_fmost,BIL,,,,75,Female,,https://download.neuroxiv.org/SEU-A1876/SEU-ALLEN_full_18864_00057_CCFv3.swc,https://neuroxiv.org/?id=SEU-ALLEN_full_18864_00057_CCFv3,2772.07,3547.6,5548.08
18864_00114,18864,mouse,NCBI:txid10090,Cux2-CreERT2;Ai166,cell morphology,fMOST,VISrl,cells,1,SEU-Allen Joint Center,Hanchuan Peng,,zeng_fmost,BIL,,,,75,Female,,https://download.neuroxiv.org/SEU-A1876/SEU-ALLEN_full_18864_00114_CCFv3.swc,https://neuroxiv.org/?id=SEU-ALLEN_full_18864_00114_CCFv3,7397.48,1189.6,3090.88
18864_00117,18864,mouse,NCBI:txid10090,Cux2-CreERT2;Ai166,cell morphology,fMOST,VISl,cells,1,SEU-Allen Joint Center,Hanchuan Peng,,zeng_fmost,BIL,,,,75,Female,,https://download.neuroxiv.org/SEU-A1876/SEU-ALLEN_full_18864_00117_CCFv3.swc,https://neuroxiv.org/?id=SEU-ALLEN_full_18864_00117_CCFv3,8755.72,1531.97,2024.05
18864_00119,18864,mouse,NCBI:txid10090,Cux2-CreERT2;Ai166,cell morphology,fMOST,VISp,cells,1,SEU-Allen Joint Center,Hanchuan Peng,,zeng_fmost,BIL,,,,75,Female,,https://download.neuroxiv.org/SEU-A1876/SEU-ALLEN_full_18864_00119_CCFv3.swc,https://neuroxiv.org/?id=SEU-ALLEN_full_18864_00119_CCFv3,9279.95,1353.8,2446.27
18864_00313,18864,mouse,NCBI:txid10090,Cux2-CreERT2;Ai166,cell morphology,fMOST,SSs,cells,1,SEU-Allen Joint Center,Hanchuan Peng,,zeng_fmost,BIL,,,,75,Female,,https://download.neuroxiv.org/SEU-A1876/SEU-ALLEN_full_18864_00313_CCFv3.swc,https://neuroxiv.org/?id=SEU-ALLEN_full_18864_00313_CCFv3,6298.3,3782.55,9775.38
18864_1871_x3272_y21319,18864,mouse,NCBI:txid10090,Cux2-CreERT2;Ai166,cell morphology,fMOST,MOs,cells,1,SEU-Allen Joint Center,Hanchuan Peng,,zeng_fmost,BIL,,,,75,Female,,https://download.neuroxiv.org/SEU-A1876/SEU-ALLEN_full_18864_1871_x3272_y21319_CCFv3.swc,https://neuroxiv.org/?id=SEU-ALLEN_full_18864_1871_x3272_y21319_CCFv3,2187.38,2563.45,7209.15
18864_1917_x3417_y12763,18864,mouse,NCBI:txid10090,Cux2-CreERT2;Ai166,cell morphology,fMOST,MOs,cells,1,SEU-Allen Joint Center,Hanchuan Peng,,zeng_fmost,BIL,,,,75,Female,,https://download.neuroxiv.org/SEU-A1876/SEU-ALLEN_full_18864_1917_x3417_y12763_CCFv3.swc,https://neuroxiv.org/?id=SEU-ALLEN_full_18864_1917_x3417_y12763_CCFv3,2273.62,2523.27,4321.45
18864_2047_x3016_y12128,18864,mouse,NCBI:txid10090,Cux2-CreERT2;Ai166,cell morphology,fMOST,MOs,cells,1,SEU-Allen Joint Center,Hanchuan Peng,,zeng_fmost,BIL,,,,75,Female,,https://download.neuroxiv.org/SEU-A1876/SEU-ALLEN_full_18864_2047_x3016_y12128_CCFv3.swc,https://neuroxiv.org/?id=SEU-ALLEN_full_18864_2047_x3016_y12128_CCFv3,2389.7,2288.2,4089.9
18864_2086_x2903_y21496,18864,mouse,NCBI:txid10090,Cux2-CreERT2;Ai166,cell morphology,fMOST,MOs,cells,1,SEU-Allen Joint Center,Hanchuan Peng,,zeng_fmost,BIL,,,,75,Female,,https://download.neuroxiv.org/SEU-A1876/SEU-ALLEN_full_18864_2086_x2903_y21496_CCFv3.swc,https://neuroxiv.org/?id=SEU-ALLEN_full_18864_2086_x2903_y21496_CCFv3,2454.6,2313.57,7296.2
18864_2520_x2913_y22642,18864,mouse,NCBI:txid10090,Cux2-CreERT2;Ai166,cell morphology,fMOST,MOs,cells,1,SEU-Allen Joint Center,Hanchuan Peng,,zeng_fmost,BIL,,,,75,Female,,https://download.neuroxiv.org/SEU-A1876/SEU-ALLEN_full_18864_2520_x2913_y22642_CCFv3.swc,https://neuroxiv.org/?id=SEU-ALLEN_full_18864_2520_x2913_y22642_CCFv3,3065.73,2118.75,7707.48
18864_3015_x3194_y23588,18864,mouse,NCBI:txid10090,Cux2-CreERT2;Ai166,cell morphology,fMOST,MOp,cells,1,SEU-Allen Joint Center,Hanchuan Peng,,zeng_fmost,BIL,,,,75,Female,,https://download.neuroxiv.org/SEU-A1876/SEU-ALLEN_full_18864_3015_x3194_y23588_CCFv3.swc,https://neuroxiv.org/?id=SEU-ALLEN_full_18864_3015_x3194_y23588_CCFv3,3832.43,2012.9,8004.5
18864_3248_x2473_y15212,18864,mouse,NCBI:txid10090,Cux2-CreERT2;Ai166,cell morphology,fMOST,MOs,cells,1,SEU-Allen Joint Center,Hanchuan Peng,,zeng_fmost,BIL,,,,75,Female,,https://download.neuroxiv.org/SEU-A1876/SEU-ALLEN_full_18864_3248_x2473_y15212_CCFv3.swc,https://neuroxiv.org/?id=SEU-ALLEN_full_18864_3248_x2473_y15212_CCFv3,3855.75,1359.55,5170.35
18864_3338_x3396_y21865,18864,mouse,NCBI:txid10090,Cux2-CreERT2;Ai166,cell morphology,fMOST,MOp,cells,1,SEU-Allen Joint Center,Hanchuan Peng,,zeng_fmost,BIL,,,,75,Female,,https://download.neuroxiv.org/SEU-A1876/SEU-ALLEN_full_18864_3338_x3396_y21865_CCFv3.swc,https://neuroxiv.org/?id=SEU-ALLEN_full_18864_3338_x3396_y21865_CCFv3,4242.5,1843.95,7279.65
18864_3473_x2641_y21082,18864,mouse,NCBI:txid10090,Cux2-CreERT2;Ai166,cell morphology,fMOST,MOp,cells,1,SEU-Allen Joint Center,Hanchuan Peng,,zeng_fmost,BIL,,,,75,Female,,https://download.neuroxiv.org/SEU-A1876/SEU-ALLEN_full_18864_3473_x2641_y21082_CCFv3.swc,https://neuroxiv.org/?id=SEU-ALLEN_full_18864_3473_x2641_y21082_CCFv3,4185.55,1452.9,7027.08
18864_3488_x3691_y22599,18864,mouse,NCBI:txid10090,Cux2-CreERT2;Ai166,cell morphology,fMOST,MOp,cells,1,SEU-Allen Joint Center,Hanchuan Peng,,zeng_fmost,BIL,,,,75,Female,,https://download.neuroxiv.org/SEU-A1876/SEU-ALLEN_full_18864_3488_x3691_y22599_CCFv3.swc,https://neuroxiv.org/?id=SEU-ALLEN_full_18864_3488_x3691_y22599_CCFv3,4483.83,1913.55,7506.3
18864_3494_x2380_y13749,18864,mouse,NCBI:txid10090,Cux2-CreERT2;Ai166,cell morphology,fMOST,MOp,cells,1,SEU-Allen Joint Center,Hanchuan Peng,,zeng_fmost,BIL,,,,75,Female,,https://download.neuroxiv.org/SEU-A1876/SEU-ALLEN_full_18864_3494_x2380_y13749_CCFv3.swc,https://neuroxiv.org/?id=SEU-ALLEN_full_18864_3494_x2380_y13749_CCFv3,4101.52,1173.85,4744.58
18864_3772_x5344_y6871,18864,mouse,NCBI:txid10090,Cux2-CreERT2;Ai166,cell morphology,fMOST,SSp-m,cells,1,SEU-Allen Joint Center,Hanchuan Peng,,zeng_fmost,BIL,,,,75,Female,,https://download.neuroxiv.org/SEU-A1876/SEU-ALLEN_full_18864_3772_x5344_y6871_CCFv3.swc,https://neuroxiv.org/?id=SEU-ALLEN_full_18864_3772_x5344_y6871_CCFv3,4804.73,2416.7,2575.77
18864_4067_x3464_y21495,18864,mouse,NCBI:txid10090,Cux2-CreERT2;Ai166,cell morphology,fMOST,MOp,cells,1,SEU-Allen Joint Center,Hanchuan Peng,,zeng_fmost,BIL,,,,75,Female,,https://download.neuroxiv.org/SEU-A1876/SEU-ALLEN_full_18864_4067_x3464_y21495_CCFv3.swc,https://neuroxiv.org/?id=SEU-ALLEN_full_18864_4067_x3464_y21495_CCFv3,4995.73,1513.45,7066.38
18864_4120_x3320_y13563,18864,mouse,NCBI:txid10090,Cux2-CreERT2;Ai166,cell morphology,fMOST,MOp,cells,1,SEU-Allen Joint Center,Hanchuan Peng,,zeng_fmost,BIL,,,,75,Female,,https://download.neuroxiv.org/SEU-A1876/SEU-ALLEN_full_18864_4120_x3320_y13563_CCFv3.swc,https://neuroxiv.org/?id=SEU-ALLEN_full_18864_4120_x3320_y13563_CCFv3,4885.88,1316.12,4793.35
18864_4157_x3358_y13741,18864,mouse,NCBI:txid10090,Cux2-CreERT2;Ai166,cell morphology,fMOST,MOp,cells,1,SEU-Allen Joint Center,Hanchuan Peng,,zeng_fmost,BIL,,,,75,Female,,https://download.neuroxiv.org/SEU-A1876/SEU-ALLEN_full_18864_4157_x3358_y13741_CCFv3.swc,https://neuroxiv.org/?id=SEU-ALLEN_full_18864_4157_x3358_y13741_CCFv3,4925.42,1320.2,4846.02
18864_4267_x2794_y21031,18864,mouse,NCBI:txid10090,Cux2-CreERT2;Ai166,cell morphology,fMOST,MOs,cells,1,SEU-Allen Joint Center,Hanchuan Peng,,zeng_fmost,BIL,,,,75,Female,,https://download.neuroxiv.org/SEU-A1876/SEU-ALLEN_full_18864_4267_x2794_y21031_CCFv3.swc,https://neuroxiv.org/?id=SEU-ALLEN_full_18864_4267_x2794_y21031_CCFv3,4999.2,1122.03,6924.38
18864_4380_x6371_y4940,18864,mouse,NCBI:txid10090,Cux2-CreERT2;Ai166,cell morphology,fMOST,SSp-n,cells,1,SEU-Allen Joint Center,Hanchuan Peng,,zeng_fmost,BIL,,,,75,Female,,https://download.neuroxiv.org/SEU-A1876/SEU-ALLEN_full_18864_4380_x6371_y4940_CCFv3.swc,https://neuroxiv.org/?id=SEU-ALLEN_full_18864_4380_x6371_y4940_CCFv3,5530.77,2579.2,1983.53
18864_4420_x4377_y8261,18864,mouse,NCBI:txid10090,Cux2-CreERT2;Ai166,cell morphology,fMOST,SSp-ul,cells,1,SEU-Allen Joint Center,Hanchuan Peng,,zeng_fmost,BIL,,,,75,Female,,https://download.neuroxiv.org/SEU-A1876/SEU-ALLEN_full_18864_4420_x4377_y8261_CCFv3.swc,https://neuroxiv.org/?id=SEU-ALLEN_full_18864_4420_x4377_y8261_CCFv3,5384.05,1688.4,3283.2
18864_4429_x7945_y3080,18864,mouse,NCBI:txid10090,Cux2-CreERT2;Ai166,cell morphology,fMOST,SSs,cells,1,SEU-Allen Joint Center,Hanchuan Peng,,zeng_fmost,BIL,,,,75,Female,,https://download.neuroxiv.org/SEU-A1876/SEU-ALLEN_full_18864_4429_x7945_y3080_CCFv3.swc,https://neuroxiv.org/?id=SEU-ALLEN_full_18864_4429_x7945_y3080_CCFv3,5647.85,3152.25,1319
18864_4554_x9386_y2232,18864,mouse,NCBI:txid10090,Cux2-CreERT2;Ai166,cell morphology,fMOST,SSs,cells,1,SEU-Allen Joint Center,Hanchuan Peng,,zeng_fmost,BIL,,,,75,Female,,https://download.neuroxiv.org/SEU-A1876/SEU-ALLEN_full_18864_4554_x9386_y2232_CCFv3.swc,https://neuroxiv.org/?id=SEU-ALLEN_full_18864_4554_x9386_y2232_CCFv3,5844.95,3606.45,1096.75
18864_4693_x10912_y2095,18864,mouse,NCBI:txid10090,Cux2-CreERT2;Ai166,cell morphology,fMOST,SSs,cells,1,SEU-Allen Joint Center,Hanchuan Peng,,zeng_fmost,BIL,,,,75,Female,,https://download.neuroxiv.org/SEU-A1876/SEU-ALLEN_full_18864_4693_x10912_y2095_CCFv3.swc,https://neuroxiv.org/?id=SEU-ALLEN_full_18864_4693_x10912_y2095_CCFv3,6088.17,4116.02,1187.43
18864_4760_x3070_y21249,18864,mouse,NCBI:txid10090,Cux2-CreERT2;Ai166,cell morphology,fMOST,MOp,cells,1,SEU-Allen Joint Center,Hanchuan Peng,,zeng_fmost,BIL,,,,75,Female,,https://download.neuroxiv.org/SEU-A1876/SEU-ALLEN_full_18864_4760_x3070_y21249_CCFv3.swc,https://neuroxiv.org/?id=SEU-ALLEN_full_18864_4760_x3070_y21249_CCFv3,5589.42,1024.9,6961.75
18864_4797_x9453_y2359,18864,mouse,NCBI:txid10090,Cux2-CreERT2;Ai166,cell morphology,fMOST,SSs,cells,1,SEU-Allen Joint Center,Hanchuan Peng,,zeng_fmost,BIL,,,,75,Female,,https://download.neuroxiv.org/SEU-A1876/SEU-ALLEN_full_18864_4797_x9453_y2359_CCFv3.swc,https://neuroxiv.org/?id=SEU-ALLEN_full_18864_4797_x9453_y2359_CCFv3,6109.33,3496.45,1189.32
18864_5030_x9347_y31359,18864,mouse,NCBI:txid10090,Cux2-CreERT2;Ai166,cell morphology,fMOST,SSs,cells,1,SEU-Allen Joint Center,Hanchuan Peng,,zeng_fmost,BIL,,,,75,Female,,https://download.neuroxiv.org/SEU-A1876/SEU-ALLEN_full_18864_5030_x9347_y31359_CCFv3.swc,https://neuroxiv.org/?id=SEU-ALLEN_full_18864_5030_x9347_y31359_CCFv3,6684.8,3424.02,10305.8
18864_5099_x6368_y29941,18864,mouse,NCBI:txid10090,Cux2-CreERT2;Ai166,cell morphology,fMOST,SSp-bfd,cells,1,SEU-Allen Joint Center,Hanchuan Peng,,zeng_fmost,BIL,,,,75,Female,,https://download.neuroxiv.org/SEU-A1876/SEU-ALLEN_full_18864_5099_x6368_y29941_CCFv3.swc,https://neuroxiv.org/?id=SEU-ALLEN_full_18864_5099_x6368_y29941_CCFv3,6698.38,2466.48,9979.42
18864_5242_x9483_y31549,18864,mouse,NCBI:txid10090,Cux2-CreERT2;Ai166,cell morphology,fMOST,AUDd,cells,1,SEU-Allen Joint Center,Hanchuan Peng,,zeng_fmost,BIL,,,,75,Female,,https://download.neuroxiv.org/SEU-A1876/SEU-ALLEN_full_18864_5242_x9483_y31549_CCFv3.swc,https://neuroxiv.org/?id=SEU-ALLEN_full_18864_5242_x9483_y31549_CCFv3,6926.15,3381.93,10366.2
18864_5305_x7877_y31450,18864,mouse,NCBI:txid10090,Cux2-CreERT2;Ai166,cell morphology,fMOST,SSs,cells,1,SEU-Allen Joint Center,Hanchuan Peng,,zeng_fmost,BIL,,,,75,Female,,https://download.neuroxiv.org/SEU-A1876/SEU-ALLEN_full_18864_5305_x7877_y31450_CCFv3.swc,https://neuroxiv.org/?id=SEU-ALLEN_full_18864_5305_x7877_y31450_CCFv3,6926.92,2867.18,10440.2
18864_5444_x7352_y31475,18864,mouse,NCBI:txid10090,Cux2-CreERT2;Ai166,cell morphology,fMOST,SSs,cells,1,SEU-Allen Joint Center,Hanchuan Peng,,zeng_fmost,BIL,,,,75,Female,,https://download.neuroxiv.org/SEU-A1876/SEU-ALLEN_full_18864_5444_x7352_y31475_CCFv3.swc,https://neuroxiv.org/?id=SEU-ALLEN_full_18864_5444_x7352_y31475_CCFv3,7049.35,2647.9,10476
18864_5637_x5637_y31619,18864,mouse,NCBI:txid10090,Cux2-CreERT2;Ai166,cell morphology,fMOST,VISp,cells,1,SEU-Allen Joint Center,Hanchuan Peng,,zeng_fmost,BIL,,,,75,Female,,https://download.neuroxiv.org/SEU-A1876/SEU-ALLEN_full_18864_5637_x5637_y31619_CCFv3.swc,https://neuroxiv.org/?id=SEU-ALLEN_full_18864_5637_x5637_y31619_CCFv3,8425.35,760.025,2883.62
18864_5648_x4839_y28849,18864,mouse,NCBI:txid10090,Cux2-CreERT2;Ai166,cell morphology,fMOST,SSp-bfd,cells,1,SEU-Allen Joint Center,Hanchuan Peng,,zeng_fmost,BIL,,,,75,Female,,https://download.neuroxiv.org/SEU-A1876/SEU-ALLEN_full_18864_5648_x4839_y28849_CCFv3.swc,https://neuroxiv.org/?id=SEU-ALLEN_full_18864_5648_x4839_y28849_CCFv3,7107.02,1549.82,9521.5
18864_5692_x8806_y3272,18864,mouse,NCBI:txid10090,Cux2-CreERT2;Ai166,cell morphology,fMOST,AUDd,cells,1,SEU-Allen Joint Center,Hanchuan Peng,,zeng_fmost,BIL,,,,75,Female,,https://download.neuroxiv.org/SEU-A1876/SEU-ALLEN_full_18864_5692_x8806_y3272_CCFv3.swc,https://neuroxiv.org/?id=SEU-ALLEN_full_18864_5692_x8806_y3272_CCFv3,7114.98,2909.38,1508.32
18864_6057_x8520_y2391,18864,mouse,NCBI:txid10090,Cux2-CreERT2;Ai166,cell morphology,fMOST,AUDp,cells,1,SEU-Allen Joint Center,Hanchuan Peng,,zeng_fmost,BIL,,,,75,Female,,https://download.neuroxiv.org/SEU-A1876/SEU-ALLEN_full_18864_6057_x8520_y2391_CCFv3.swc,https://neuroxiv.org/?id=SEU-ALLEN_full_18864_6057_x8520_y2391_CCFv3,7632.17,2750.07,1030.75
18864_6074_x3503_y13192,18864,mouse,NCBI:txid10090,Cux2-CreERT2;Ai166,cell morphology,fMOST,RSPd,cells,1,SEU-Allen Joint Center,Hanchuan Peng,,zeng_fmost,BIL,,,,75,Female,,https://download.neuroxiv.org/SEU-A1876/SEU-ALLEN_full_18864_6074_x3503_y13192_CCFv3.swc,https://neuroxiv.org/?id=SEU-ALLEN_full_18864_6074_x3503_y13192_CCFv3,7231.95,719.25,4677
18864_6104_x9372_y1806,18864,mouse,NCBI:txid10090,Cux2-CreERT2;Ai166,cell morphology,fMOST,AUDp,cells,1,SEU-Allen Joint Center,Hanchuan Peng,,zeng_fmost,BIL,,,,75,Female,,https://download.neuroxiv.org/SEU-A1876/SEU-ALLEN_full_18864_6104_x9372_y1806_CCFv3.swc,https://neuroxiv.org/?id=SEU-ALLEN_full_18864_6104_x9372_y1806_CCFv3,7794.58,3059.45,863.6
18864_6139_x4843_y27122,18864,mouse,NCBI:txid10090,Cux2-CreERT2;Ai166,cell morphology,fMOST,VISp,cells,1,SEU-Allen Joint Center,Hanchuan Peng,,zeng_fmost,BIL,,,,75,Female,,https://download.neuroxiv.org/SEU-A1876/SEU-ALLEN_full_18864_6139_x4843_y27122_CCFv3.swc,https://neuroxiv.org/?id=SEU-ALLEN_full_18864_6139_x4843_y27122_CCFv3,7678.75,1296.22,8859.58
18864_6291_x8873_y32149,18864,mouse,NCBI:txid10090,Cux2-CreERT2;Ai166,cell morphology,fMOST,AUDp,cells,1,SEU-Allen Joint Center,Hanchuan Peng,,zeng_fmost,BIL,,,,75,Female,,https://download.neuroxiv.org/SEU-A1876/SEU-ALLEN_full_18864_6291_x8873_y32149_CCFv3.swc,https://neuroxiv.org/?id=SEU-ALLEN_full_18864_6291_x8873_y32149_CCFv3,8162.6,2831.85,10604.6
18864_6321_x4387_y7047,18864,mouse,NCBI:txid10090,Cux2-CreERT2;Ai166,cell morphology,fMOST,VISp,cells,1,SEU-Allen Joint Center,Hanchuan Peng,,zeng_fmost,BIL,,,,75,Female,,https://download.neuroxiv.org/SEU-A1876/SEU-ALLEN_full_18864_6321_x4387_y7047_CCFv3.swc,https://neuroxiv.org/?id=SEU-ALLEN_full_18864_6321_x4387_y7047_CCFv3,7617.95,905.25,2782.4
18864_6384_x3409_y13059,18864,mouse,NCBI:txid10090,Cux2-CreERT2;Ai166,cell morphology,fMOST,RSPd,cells,1,SEU-Allen Joint Center,Hanchuan Peng,,zeng_fmost,BIL,,,,75,Female,,https://download.neuroxiv.org/SEU-A1876/SEU-ALLEN_full_18864_6384_x3409_y13059_CCFv3.swc,https://neuroxiv.org/?id=SEU-ALLEN_full_18864_6384_x3409_y13059_CCFv3,7606.27,557.325,4582.83
18864_6581_x10729_y2199,18864,mouse,NCBI:txid10090,Cux2-CreERT2;Ai166,cell morphology,fMOST,TEa,cells,1,SEU-Allen Joint Center,Hanchuan Peng,,zeng_fmost,BIL,,,,75,Female,,https://download.neuroxiv.org/SEU-A1876/SEU-ALLEN_full_18864_6581_x10729_y2199_CCFv3.swc,https://neuroxiv.org/?id=SEU-ALLEN_full_18864_6581_x10729_y2199_CCFv3,8564.25,3471.68,1029.65
18864_6733_x9057_y31875,18864,mouse,NCBI:txid10090,Cux2-CreERT2;Ai166,cell morphology,fMOST,AUDp,cells,1,SEU-Allen Joint Center,Hanchuan Peng,,zeng_fmost,BIL,,,,75,Female,,https://download.neuroxiv.org/SEU-A1876/SEU-ALLEN_full_18864_6733_x9057_y31875_CCFv3.swc,https://neuroxiv.org/?id=SEU-ALLEN_full_18864_6733_x9057_y31875_CCFv3,8788.83,2812.7,10480.3
18864_6734_x4899_y27447,18864,mouse,NCBI:txid10090,Cux2-CreERT2;Ai166,cell morphology,fMOST,VISp,cells,1,SEU-Allen Joint Center,Hanchuan Peng,,zeng_fmost,BIL,,,,75,Female,,https://download.neuroxiv.org/SEU-A1876/SEU-ALLEN_full_18864_6734_x4899_y27447_CCFv3.swc,https://neuroxiv.org/?id=SEU-ALLEN_full_18864_6734_x4899_y27447_CCFv3,8352.25,1075.43,8896.7
18864_6805_x6340_y4681,18864,mouse,NCBI:txid10090,Cux2-CreERT2;Ai166,cell morphology,fMOST,VISl,cells,1,SEU-Allen Joint Center,Hanchuan Peng,,zeng_fmost,BIL,,,,75,Female,,https://download.neuroxiv.org/SEU-A1876/SEU-ALLEN_full_18864_6805_x6340_y4681_CCFv3.swc,https://neuroxiv.org/?id=SEU-ALLEN_full_18864_6805_x6340_y4681_CCFv3,8379.05,1568.18,1859.12
18864_6821_x5144_y6844,18864,mouse,NCBI:txid10090,Cux2-CreERT2;Ai166,cell morphology,fMOST,VISp,cells,1,SEU-Allen Joint Center,Hanchuan Peng,,zeng_fmost,BIL,,,,75,Female,,https://download.neuroxiv.org/SEU-A1876/SEU-ALLEN_full_18864_6821_x5144_y6844_CCFv3.swc,https://neuroxiv.org/?id=SEU-ALLEN_full_18864_6821_x5144_y6844_CCFv3,8303.85,1035.45,2686.88
18864_6956_x8154_y30811,18864,mouse,NCBI:txid10090,Cux2-CreERT2;Ai166,cell morphology,fMOST,VISpor,cells,1,SEU-Allen Joint Center,Hanchuan Peng,,zeng_fmost,BIL,,,,75,Female,,https://download.neuroxiv.org/SEU-A1876/SEU-ALLEN_full_18864_6956_x8154_y30811_CCFv3.swc,https://neuroxiv.org/?id=SEU-ALLEN_full_18864_6956_x8154_y30811_CCFv3,9009.58,2466.6,10141
18867_2903_x13633_y8787,18867,mouse,NCBI:txid10090,Pvalb-T2A-CreERT2;Ai166,cell morphology,fMOST,MOp,cells,1,SEU-Allen Joint Center,Hanchuan Peng,,zeng_fmost,BIL,/bil/data/df/75/df75626840c76c15/mouseID_394528-18867,,,92,Male,,https://download.neuroxiv.org/SEU-A1876/SEU-ALLEN_full_18867_2903_x13633_y8787_CCFv3.swc,https://neuroxiv.org/?id=SEU-ALLEN_full_18867_2903_x13633_y8787_CCFv3,3449.77,2887.52,7735.42
18867_3383_x10177_y11497,18867,mouse,NCBI:txid10090,Pvalb-T2A-CreERT2;Ai166,cell morphology,fMOST,SSp-m,cells,1,SEU-Allen Joint Center,Hanchuan Peng,,zeng_fmost,BIL,/bil/data/df/75/df75626840c76c15/mouseID_394528-18867,,,92,Male,,https://download.neuroxiv.org/SEU-A1876/SEU-ALLEN_full_18867_3383_x10177_y11497_CCFv3.swc,https://neuroxiv.org/?id=SEU-ALLEN_full_18867_3383_x10177_y11497_CCFv3,4111.92,3813.1,9001.62
18867_3469_x10058_y10954,18867,mouse,NCBI:txid10090,Pvalb-T2A-CreERT2;Ai166,cell morphology,fMOST,MOp,cells,1,SEU-Allen Joint Center,Hanchuan Peng,,zeng_fmost,BIL,/bil/data/df/75/df75626840c76c15/mouseID_394528-18867,,,92,Male,,https://download.neuroxiv.org/SEU-A1876/SEU-ALLEN_full_18867_3469_x10058_y10954_CCFv3.swc,https://neuroxiv.org/?id=SEU-ALLEN_full_18867_3469_x10058_y10954_CCFv3,4254.15,3598.73,9023.7
18867_3525_x9958_y10743,18867,mouse,NCBI:txid10090,Pvalb-T2A-CreERT2;Ai166,cell morphology,fMOST,SSp-m,cells,1,SEU-Allen Joint Center,Hanchuan Peng,,zeng_fmost,BIL,/bil/data/df/75/df75626840c76c15/mouseID_394528-18867,,,92,Male,,https://download.neuroxiv.org/SEU-A1876/SEU-ALLEN_full_18867_3525_x9958_y10743_CCFv3.swc,https://neuroxiv.org/?id=SEU-ALLEN_full_18867_3525_x9958_y10743_CCFv3,4340.08,3507.25,9054.6
18867_3758_x14594_y6944,18867,mouse,NCBI:txid10090,Pvalb-T2A-CreERT2;Ai166,cell morphology,fMOST,MOp,cells,1,SEU-Allen Joint Center,Hanchuan Peng,,zeng_fmost,BIL,/bil/data/df/75/df75626840c76c15/mouseID_394528-18867,,,92,Male,,https://download.neuroxiv.org/SEU-A1876/SEU-ALLEN_full_18867_3758_x14594_y6944_CCFv3.swc,https://neuroxiv.org/?id=SEU-ALLEN_full_18867_3758_x14594_y6944_CCFv3,4679.85,1973.18,7322.38
18867_3801_x9223_y10977,18867,mouse,NCBI:txid10090,Pvalb-T2A-CreERT2;Ai166,cell morphology,fMOST,SSp-m,cells,1,SEU-Allen Joint Center,Hanchuan Peng,,zeng_fmost,BIL,/bil/data/df/75/df75626840c76c15/mouseID_394528-18867,,,92,Male,,https://download.neuroxiv.org/SEU-A1876/SEU-ALLEN_full_18867_3801_x9223_y10977_CCFv3.swc,https://neuroxiv.org/?id=SEU-ALLEN_full_18867_3801_x9223_y10977_CCFv3,4665.75,3574.02,9299.08
18867_3807_x9130_y11820,18867,mouse,NCBI:txid10090,Pvalb-T2A-CreERT2;Ai166,cell morphology,fMOST,SSp-m,cells,1,SEU-Allen Joint Center,Hanchuan Peng,,zeng_fmost,BIL,/bil/data/df/75/df75626840c76c15/mouseID_394528-18867,,,92,Male,,https://download.neuroxiv.org/SEU-A1876/SEU-ALLEN_full_18867_3807_x9130_y11820_CCFv3.swc,https://neuroxiv.org/?id=SEU-ALLEN_full_18867_3807_x9130_y11820_CCFv3,4677.27,3889.55,9346.07
18867_3832_x10338_y8748,18867,mouse,NCBI:txid10090,Pvalb-T2A-CreERT2;Ai166,cell morphology,fMOST,SSp-m,cells,1,SEU-Allen Joint Center,Hanchuan Peng,,zeng_fmost,BIL,/bil/data/df/75/df75626840c76c15/mouseID_394528-18867,,,92,Male,,https://download.neuroxiv.org/SEU-A1876/SEU-ALLEN_full_18867_3832_x10338_y8748_CCFv3.swc,https://neuroxiv.org/?id=SEU-ALLEN_full_18867_3832_x10338_y8748_CCFv3,4744.67,2714.02,8851.33
18867_3855_x11412_y8044,18867,mouse,NCBI:txid10090,Pvalb-T2A-CreERT2;Ai166,cell morphology,fMOST,SSp-m,cells,1,SEU-Allen Joint Center,Hanchuan Peng,,zeng_fmost,BIL,/bil/data/df/75/df75626840c76c15/mouseID_394528-18867,,,92,Male,,https://download.neuroxiv.org/SEU-A1876/SEU-ALLEN_full_18867_3855_x11412_y8044_CCFv3.swc,https://neuroxiv.org/?id=SEU-ALLEN_full_18867_3855_x11412_y8044_CCFv3,4807.62,2430.88,8471.55
18867_3926_x8710_y12751,18867,mouse,NCBI:txid10090,Pvalb-T2A-CreERT2;Ai166,cell morphology,fMOST,SSs,cells,1,SEU-Allen Joint Center,Hanchuan Peng,,zeng_fmost,BIL,/bil/data/df/75/df75626840c76c15/mouseID_394528-18867,,,92,Male,,https://download.neuroxiv.org/SEU-A1876/SEU-ALLEN_full_18867_3926_x8710_y12751_CCFv3.swc,https://neuroxiv.org/?id=SEU-ALLEN_full_18867_3926_x8710_y12751_CCFv3,4816.77,4225.4,9498.98
18867_3973_x31634_y12362,18867,mouse,NCBI:txid10090,Pvalb-T2A-CreERT2;Ai166,cell morphology,fMOST,SSs,cells,1,SEU-Allen Joint Center,Hanchuan Peng,,zeng_fmost,BIL,/bil/data/df/75/df75626840c76c15/mouseID_394528-18867,,,92,Male,,https://download.neuroxiv.org/SEU-A1876/SEU-ALLEN_full_18867_3973_x31634_y12362_CCFv3.swc,https://neuroxiv.org/?id=SEU-ALLEN_full_18867_3973_x31634_y12362_CCFv3,4990.35,4143.48,1896.93
18867_3994_x27846_y7437,18867,mouse,NCBI:txid10090,Pvalb-T2A-CreERT2;Ai166,cell morphology,fMOST,SSp-ul,cells,1,SEU-Allen Joint Center,Hanchuan Peng,,zeng_fmost,BIL,/bil/data/df/75/df75626840c76c15/mouseID_394528-18867,,,92,Male,,https://download.neuroxiv.org/SEU-A1876/SEU-ALLEN_full_18867_3994_x27846_y7437_CCFv3.swc,https://neuroxiv.org/?id=SEU-ALLEN_full_18867_3994_x27846_y7437_CCFv3,5095.77,2171.62,3192.15
18867_4052_x9852_y8712,18867,mouse,NCBI:txid10090,Pvalb-T2A-CreERT2;Ai166,cell morphology,fMOST,SSp-m,cells,1,SEU-Allen Joint Center,Hanchuan Peng,,zeng_fmost,BIL,/bil/data/df/75/df75626840c76c15/mouseID_394528-18867,,,92,Male,,https://download.neuroxiv.org/SEU-A1876/SEU-ALLEN_full_18867_4052_x9852_y8712_CCFv3.swc,https://neuroxiv.org/?id=SEU-ALLEN_full_18867_4052_x9852_y8712_CCFv3,5003.62,2687.32,9016.43
18867_4156_x9348_y9148,18867,mouse,NCBI:txid10090,Pvalb-T2A-CreERT2;Ai166,cell morphology,fMOST,SSp-m,cells,1,SEU-Allen Joint Center,Hanchuan Peng,,zeng_fmost,BIL,/bil/data/df/75/df75626840c76c15/mouseID_394528-18867,,,92,Male,,https://download.neuroxiv.org/SEU-A1876/SEU-ALLEN_full_18867_4156_x9348_y9148_CCFv3.swc,https://neuroxiv.org/?id=SEU-ALLEN_full_18867_4156_x9348_y9148_CCFv3,5131.9,2850.12,9187.88
18867_4202_x26848_y7080,18867,mouse,NCBI:txid10090,Pvalb-T2A-CreERT2;Ai166,cell morphology,fMOST,SSp-ul,cells,1,SEU-Allen Joint Center,Hanchuan Peng,,zeng_fmost,BIL,/bil/data/df/75/df75626840c76c15/mouseID_394528-18867,,,92,Male,,https://download.neuroxiv.org/SEU-A1876/SEU-ALLEN_full_18867_4202_x26848_y7080_CCFv3.swc,https://neuroxiv.org/?id=SEU-ALLEN_full_18867_4202_x26848_y7080_CCFv3,5335.95,2023.75,3534.15
18867_4216_x9933_y8365,18867,mouse,NCBI:txid10090,Pvalb-T2A-CreERT2;Ai166,cell morphology,fMOST,SSp-m,cells,1,SEU-Allen Joint Center,Hanchuan Peng,,zeng_fmost,BIL,/bil/data/df/75/df75626840c76c15/mouseID_394528-18867,,,92,Male,,https://download.neuroxiv.org/SEU-A1876/SEU-ALLEN_full_18867_4216_x9933_y8365_CCFv3.swc,https://neuroxiv.org/?id=SEU-ALLEN_full_18867_4216_x9933_y8365_CCFv3,5213.33,2543.7,8962.53
18867_4218_x8269_y11914,18867,mouse,NCBI:txid10090,Pvalb-T2A-CreERT2;Ai166,cell morphology,fMOST,SSs,cells,1,SEU-Allen Joint Center,Hanchuan Peng,,zeng_fmost,BIL,/bil/data/df/75/df75626840c76c15/mouseID_394528-18867,,,92,Male,,https://download.neuroxiv.org/SEU-A1876/SEU-ALLEN_full_18867_4218_x8269_y11914_CCFv3.swc,https://neuroxiv.org/?id=SEU-ALLEN_full_18867_4218_x8269_y11914_CCFv3,5170.17,3883.18,9616.43
18867_4259_x9977_y8313,18867,mouse,NCBI:txid10090,Pvalb-T2A-CreERT2;Ai166,cell morphology,fMOST,SSp-m,cells,1,SEU-Allen Joint Center,Hanchuan Peng,,zeng_fmost,BIL,/bil/data/df/75/df75626840c76c15/mouseID_394528-18867,,,92,Male,,https://download.neuroxiv.org/SEU-A1876/SEU-ALLEN_full_18867_4259_x9977_y8313_CCFv3.swc,https://neuroxiv.org/?id=SEU-ALLEN_full_18867_4259_x9977_y8313_CCFv3,5266.8,2520.95,8941.28
18867_4296_x31171_y9797,18867,mouse,NCBI:txid10090,Pvalb-T2A-CreERT2;Ai166,cell morphology,fMOST,SSp-m,cells,1,SEU-Allen Joint Center,Hanchuan Peng,,zeng_fmost,BIL,/bil/data/df/75/df75626840c76c15/mouseID_394528-18867,,,92,Male,,https://download.neuroxiv.org/SEU-A1876/SEU-ALLEN_full_18867_4296_x31171_y9797_CCFv3.swc,https://neuroxiv.org/?id=SEU-ALLEN_full_18867_4296_x31171_y9797_CCFv3,5489.9,3122.93,2080.8
18867_4302_x30805_y9233,18867,mouse,NCBI:txid10090,Pvalb-T2A-CreERT2;Ai166,cell morphology,fMOST,SSp-m,cells,1,SEU-Allen Joint Center,Hanchuan Peng,,zeng_fmost,BIL,/bil/data/df/75/df75626840c76c15/mouseID_394528-18867,,,92,Male,,https://download.neuroxiv.org/SEU-A1876/SEU-ALLEN_full_18867_4302_x30805_y9233_CCFv3.swc,https://neuroxiv.org/?id=SEU-ALLEN_full_18867_4302_x30805_y9233_CCFv3,5527.77,2899.35,2209.75
18867_4330_x29413_y7746,18867,mouse,NCBI:txid10090,Pvalb-T2A-CreERT2;Ai166,cell morphology,fMOST,SSp-m,cells,1,SEU-Allen Joint Center,Hanchuan Peng,,zeng_fmost,BIL,/bil/data/df/75/df75626840c76c15/mouseID_394528-18867,,,92,Male,,https://download.neuroxiv.org/SEU-A1876/SEU-ALLEN_full_18867_4330_x29413_y7746_CCFv3.swc,https://neuroxiv.org/?id=SEU-ALLEN_full_18867_4330_x29413_y7746_CCFv3,5520.77,2293.1,2685.93
18867_4336_x10280_y7972,18867,mouse,NCBI:txid10090,Pvalb-T2A-CreERT2;Ai166,cell morphology,fMOST,SSp-m,cells,1,SEU-Allen Joint Center,Hanchuan Peng,,zeng_fmost,BIL,/bil/data/df/75/df75626840c76c15/mouseID_394528-18867,,,92,Male,,https://download.neuroxiv.org/SEU-A1876/SEU-ALLEN_full_18867_4336_x10280_y7972_CCFv3.swc,https://neuroxiv.org/?id=SEU-ALLEN_full_18867_4336_x10280_y7972_CCFv3,5351.42,2385.48,8824.73
18867_4392_x7633_y13301,18867,mouse,NCBI:txid10090,Pvalb-T2A-CreERT2;Ai166,cell morphology,fMOST,SSs,cells,1,SEU-Allen Joint Center,Hanchuan Peng,,zeng_fmost,BIL,/bil/data/df/75/df75626840c76c15/mouseID_394528-18867,,,92,Male,,https://download.neuroxiv.org/SEU-A1876/SEU-ALLEN_full_18867_4392_x7633_y13301_CCFv3.swc,https://neuroxiv.org/?id=SEU-ALLEN_full_18867_4392_x7633_y13301_CCFv3,5348.5,4375.95,9848.77
18867_4397_x8352_y9768,18867,mouse,NCBI:txid10090,Pvalb-T2A-CreERT2;Ai166,cell morphology,fMOST,SSp-m,cells,1,SEU-Allen Joint Center,Hanchuan Peng,,zeng_fmost,BIL,/bil/data/df/75/df75626840c76c15/mouseID_394528-18867,,,92,Male,,https://download.neuroxiv.org/SEU-A1876/SEU-ALLEN_full_18867_4397_x8352_y9768_CCFv3.swc,https://neuroxiv.org/?id=SEU-ALLEN_full_18867_4397_x8352_y9768_CCFv3,5394.05,3076.38,9522.8
18867_4421_x31775_y9812,18867,mouse,NCBI:txid10090,Pvalb-T2A-CreERT2;Ai166,cell morphology,fMOST,SSp-m,cells,1,SEU-Allen Joint Center,Hanchuan Peng,,zeng_fmost,BIL,/bil/data/df/75/df75626840c76c15/mouseID_394528-18867,,,92,Male,,https://download.neuroxiv.org/SEU-A1876/SEU-ALLEN_full_18867_4421_x31775_y9812_CCFv3.swc,https://neuroxiv.org/?id=SEU-ALLEN_full_18867_4421_x31775_y9812_CCFv3,5614,3128.6,1864.8
18867_4457_x7592_y10554,18867,mouse,NCBI:txid10090,Pvalb-T2A-CreERT2;Ai166,cell morphology,fMOST,SSp-m,cells,1,SEU-Allen Joint Center,Hanchuan Peng,,zeng_fmost,BIL,/bil/data/df/75/df75626840c76c15/mouseID_394528-18867,,,92,Male,,https://download.neuroxiv.org/SEU-A1876/SEU-ALLEN_full_18867_4457_x7592_y10554_CCFv3.swc,https://neuroxiv.org/?id=SEU-ALLEN_full_18867_4457_x7592_y10554_CCFv3,5421.55,3374.6,9795.83
18867_4473_x25161_y6054,18867,mouse,NCBI:txid10090,Pvalb-T2A-CreERT2;Ai166,cell morphology,fMOST,SSp-ll,cells,1,SEU-Allen Joint Center,Hanchuan Peng,,zeng_fmost,BIL,/bil/data/df/75/df75626840c76c15/mouseID_394528-18867,,,92,Male,,https://download.neuroxiv.org/SEU-A1876/SEU-ALLEN_full_18867_4473_x25161_y6054_CCFv3.swc,https://neuroxiv.org/?id=SEU-ALLEN_full_18867_4473_x25161_y6054_CCFv3,5527.15,1603.55,4048.55
18867_4513_x27588_y6824,18867,mouse,NCBI:txid10090,Pvalb-T2A-CreERT2;Ai166,cell morphology,fMOST,SSp-ul,cells,1,SEU-Allen Joint Center,Hanchuan Peng,,zeng_fmost,BIL,/bil/data/df/75/df75626840c76c15/mouseID_394528-18867,,,92,Male,,https://download.neuroxiv.org/SEU-A1876/SEU-ALLEN_full_18867_4513_x27588_y6824_CCFv3.swc,https://neuroxiv.org/?id=SEU-ALLEN_full_18867_4513_x27588_y6824_CCFv3,5670.8,1932.72,3298.25
18867_4533_x14227_y15937,18867,mouse,NCBI:txid10090,Pvalb-T2A-CreERT2;Ai166,cell morphology,fMOST,CP,cells,1,SEU-Allen Joint Center,Hanchuan Peng,,zeng_fmost,BIL,/bil/data/df/75/df75626840c76c15/mouseID_394528-18867,,,92,Male,,https://download.neuroxiv.org/SEU-A1876/SEU-ALLEN_full_18867_4533_x14227_y15937_CCFv3.swc,https://neuroxiv.org/?id=SEU-ALLEN_full_18867_4533_x14227_y15937_CCFv3,5850.7,5282.7,7627.77
18867_4554_x26130_y14869,18867,mouse,NCBI:txid10090,Pvalb-T2A-CreERT2;Ai166,cell morphology,fMOST,CP,cells,1,SEU-Allen Joint Center,Hanchuan Peng,,zeng_fmost,BIL,/bil/data/df/75/df75626840c76c15/mouseID_394528-18867,,,92,Male,,https://download.neuroxiv.org/SEU-A1876/SEU-ALLEN_full_18867_4554_x26130_y14869_CCFv3.swc,https://neuroxiv.org/?id=SEU-ALLEN_full_18867_4554_x26130_y14869_CCFv3,5936.02,4916.4,3965.2
18867_4593_x26568_y15120,18867,mouse,NCBI:txid10090,Pvalb-T2A-CreERT2;Ai166,cell morphology,fMOST,CP,cells,1,SEU-Allen Joint Center,Hanchuan Peng,,zeng_fmost,BIL,/bil/data/df/75/df75626840c76c15/mouseID_394528-18867,,,92,Male,,https://download.neuroxiv.org/SEU-A1876/SEU-ALLEN_full_18867_4593_x26568_y15120_CCFv3.swc,https://neuroxiv.org/?id=SEU-ALLEN_full_18867_4593_x26568_y15120_CCFv3,6002,5025.42,3827.68
18867_4605_x30309_y8068,18867,mouse,NCBI:txid10090,Pvalb-T2A-CreERT2;Ai166,cell morphology,fMOST,SSp-n,cells,1,SEU-Allen Joint Center,Hanchuan Peng,,zeng_fmost,BIL,/bil/data/df/75/df75626840c76c15/mouseID_394528-18867,,,92,Male,,https://download.neuroxiv.org/SEU-A1876/SEU-ALLEN_full_18867_4605_x30309_y8068_CCFv3.swc,https://neuroxiv.org/?id=SEU-ALLEN_full_18867_4605_x30309_y8068_CCFv3,5877.38,2428.68,2393.52
18867_4621_x24147_y14734,18867,mouse,NCBI:txid10090,Pvalb-T2A-CreERT2;Ai166,cell morphology,fMOST,RT,cells,1,SEU-Allen Joint Center,Hanchuan Peng,,zeng_fmost,BIL,/bil/data/df/75/df75626840c76c15/mouseID_394528-18867,,,92,Male,,https://download.neuroxiv.org/SEU-A1876/SEU-ALLEN_full_18867_4621_x24147_y14734_CCFv3.swc,https://neuroxiv.org/?id=SEU-ALLEN_full_18867_4621_x24147_y14734_CCFv3,5897.52,4829.95,4575.42
18867_4647_x12409_y6656,18867,mouse,NCBI:txid10090,Pvalb-T2A-CreERT2;Ai166,cell morphology,fMOST,SSp-ul,cells,1,SEU-Allen Joint Center,Hanchuan Peng,,zeng_fmost,BIL,/bil/data/df/75/df75626840c76c15/mouseID_394528-18867,,,92,Male,,https://download.neuroxiv.org/SEU-A1876/SEU-ALLEN_full_18867_4647_x12409_y6656_CCFv3.swc,https://neuroxiv.org/?id=SEU-ALLEN_full_18867_4647_x12409_y6656_CCFv3,5629.65,1876.57,8095.9
18867_4677_x24410_y14710,18867,mouse,NCBI:txid10090,Pvalb-T2A-CreERT2;Ai166,cell morphology,fMOST,RT,cells,1,SEU-Allen Joint Center,Hanchuan Peng,,zeng_fmost,BIL,/bil/data/df/75/df75626840c76c15/mouseID_394528-18867,,,92,Male,,https://download.neuroxiv.org/SEU-A1876/SEU-ALLEN_full_18867_4677_x24410_y14710_CCFv3.swc,https://neuroxiv.org/?id=SEU-ALLEN_full_18867_4677_x24410_y14710_CCFv3,5977.33,4802.48,4492.58
18867_4689_x11723_y7039,18867,mouse,NCBI:txid10090,Pvalb-T2A-CreERT2;Ai166,cell morphology,fMOST,SSp-ul,cells,1,SEU-Allen Joint Center,Hanchuan Peng,,zeng_fmost,BIL,/bil/data/df/75/df75626840c76c15/mouseID_394528-18867,,,92,Male,,https://download.neuroxiv.org/SEU-A1876/SEU-ALLEN_full_18867_4689_x11723_y7039_CCFv3.swc,https://neuroxiv.org/?id=SEU-ALLEN_full_18867_4689_x11723_y7039_CCFv3,5699.12,2028.35,8315.78
18867_4724_x12558_y16835,18867,mouse,NCBI:txid10090,Pvalb-T2A-CreERT2;Ai166,cell morphology,fMOST,CP,cells,1,SEU-Allen Joint Center,Hanchuan Peng,,zeng_fmost,BIL,/bil/data/df/75/df75626840c76c15/mouseID_394528-18867,,,92,Male,,https://download.neuroxiv.org/SEU-A1876/SEU-ALLEN_full_18867_4724_x12558_y16835_CCFv3.swc,https://neuroxiv.org/?id=SEU-ALLEN_full_18867_4724_x12558_y16835_CCFv3,6051.58,5579.4,8184.33
18867_4768_x26326_y6150,18867,mouse,NCBI:txid10090,Pvalb-T2A-CreERT2;Ai166,cell morphology,fMOST,SSp-ul,cells,1,SEU-Allen Joint Center,Hanchuan Peng,,zeng_fmost,BIL,/bil/data/df/75/df75626840c76c15/mouseID_394528-18867,,,92,Male,,https://download.neuroxiv.org/SEU-A1876/SEU-ALLEN_full_18867_4768_x26326_y6150_CCFv3.swc,https://neuroxiv.org/?id=SEU-ALLEN_full_18867_4768_x26326_y6150_CCFv3,5859.67,1697.45,3704.68
18867_4776_x28359_y6621,18867,mouse,NCBI:txid10090,Pvalb-T2A-CreERT2;Ai166,cell morphology,fMOST,SSp-un,cells,1,SEU-Allen Joint Center,Hanchuan Peng,,zeng_fmost,BIL,/bil/data/df/75/df75626840c76c15/mouseID_394528-18867,,,92,Male,,https://download.neuroxiv.org/SEU-A1876/SEU-ALLEN_full_18867_4776_x28359_y6621_CCFv3.swc,https://neuroxiv.org/?id=SEU-ALLEN_full_18867_4776_x28359_y6621_CCFv3,5969.45,1873.15,3040.85
18867_4789_x23709_y15765,18867,mouse,NCBI:txid10090,Pvalb-T2A-CreERT2;Ai166,cell morphology,fMOST,RT,cells,1,SEU-Allen Joint Center,Hanchuan Peng,,zeng_fmost,BIL,/bil/data/df/75/df75626840c76c15/mouseID_394528-18867,,,92,Male,,https://download.neuroxiv.org/SEU-A1876/SEU-ALLEN_full_18867_4789_x23709_y15765_CCFv3.swc,https://neuroxiv.org/?id=SEU-ALLEN_full_18867_4789_x23709_y15765_CCFv3,6093.3,5261.62,4718.27
18867_4801_x7068_y12938,18867,mouse,NCBI:txid10090,Pvalb-T2A-CreERT2;Ai166,cell morphology,fMOST,SSs,cells,1,SEU-Allen Joint Center,Hanchuan Peng,,zeng_fmost,BIL,/bil/data/df/75/df75626840c76c15/mouseID_394528-18867,,,92,Male,,https://download.neuroxiv.org/SEU-A1876/SEU-ALLEN_full_18867_4801_x7068_y12938_CCFv3.swc,https://neuroxiv.org/?id=SEU-ALLEN_full_18867_4801_x7068_y12938_CCFv3,5823.3,4218.17,9989.15
18867_4817_x16327_y15739,18867,mouse,NCBI:txid10090,Pvalb-T2A-CreERT2;Ai166,cell morphology,fMOST,RT,cells,1,SEU-Allen Joint Center,Hanchuan Peng,,zeng_fmost,BIL,/bil/data/df/75/df75626840c76c15/mouseID_394528-18867,,,92,Male,,https://download.neuroxiv.org/SEU-A1876/SEU-ALLEN_full_18867_4817_x16327_y15739_CCFv3.swc,https://neuroxiv.org/?id=SEU-ALLEN_full_18867_4817_x16327_y15739_CCFv3,6059.75,5195.3,6952.58
18867_4824_x31628_y8902,18867,mouse,NCBI:txid10090,Pvalb-T2A-CreERT2;Ai166,cell morphology,fMOST,SSp-n,cells,1,SEU-Allen Joint Center,Hanchuan Peng,,zeng_fmost,BIL,/bil/data/df/75/df75626840c76c15/mouseID_394528-18867,,,92,Male,,https://download.neuroxiv.org/SEU-A1876/SEU-ALLEN_full_18867_4824_x31628_y8902_CCFv3.swc,https://neuroxiv.org/?id=SEU-ALLEN_full_18867_4824_x31628_y8902_CCFv3,6143.5,2770.6,1940.25
18867_4826_x11914_y16564,18867,mouse,NCBI:txid10090,Pvalb-T2A-CreERT2;Ai166,cell morphology,fMOST,CP,cells,1,SEU-Allen Joint Center,Hanchuan Peng,,zeng_fmost,BIL,/bil/data/df/75/df75626840c76c15/mouseID_394528-18867,,,92,Male,,https://download.neuroxiv.org/SEU-A1876/SEU-ALLEN_full_18867_4826_x11914_y16564_CCFv3.swc,https://neuroxiv.org/?id=SEU-ALLEN_full_18867_4826_x11914_y16564_CCFv3,6169.75,5466.02,8377.05
18867_4831_x27808_y6496,18867,mouse,NCBI:txid10090,Pvalb-T2A-CreERT2;Ai166,cell morphology,fMOST,SSp-ul,cells,1,SEU-Allen Joint Center,Hanchuan Peng,,zeng_fmost,BIL,/bil/data/df/75/df75626840c76c15/mouseID_394528-18867,,,92,Male,,https://download.neuroxiv.org/SEU-A1876/SEU-ALLEN_full_18867_4831_x27808_y6496_CCFv3.swc,https://neuroxiv.org/?id=SEU-ALLEN_full_18867_4831_x27808_y6496_CCFv3,6005.7,1837.2,3228.62
18867_4874_x16831_y16618,18867,mouse,NCBI:txid10090,Pvalb-T2A-CreERT2;Ai166,cell morphology,fMOST,RT,cells,1,SEU-Allen Joint Center,Hanchuan Peng,,zeng_fmost,BIL,/bil/data/df/75/df75626840c76c15/mouseID_394528-18867,,,92,Male,,https://download.neuroxiv.org/SEU-A1876/SEU-ALLEN_full_18867_4874_x16831_y16618_CCFv3.swc,https://neuroxiv.org/?id=SEU-ALLEN_full_18867_4874_x16831_y16618_CCFv3,6126.52,5567.9,6816.6
18867_4889_x28329_y6770,18867,mouse,NCBI:txid10090,Pvalb-T2A-CreERT2;Ai166,cell morphology,fMOST,SSp-un,cells,1,SEU-Allen Joint Center,Hanchuan Peng,,zeng_fmost,BIL,/bil/data/df/75/df75626840c76c15/mouseID_394528-18867,,,92,Male,,https://download.neuroxiv.org/SEU-A1876/SEU-ALLEN_full_18867_4889_x28329_y6770_CCFv3.swc,https://neuroxiv.org/?id=SEU-ALLEN_full_18867_4889_x28329_y6770_CCFv3,6105.77,1960.1,3065.23
18867_4922_x30354_y7405,18867,mouse,NCBI:txid10090,Pvalb-T2A-CreERT2;Ai166,cell morphology,fMOST,SSp-bfd,cells,1,SEU-Allen Joint Center,Hanchuan Peng,,zeng_fmost,BIL,/bil/data/df/75/df75626840c76c15/mouseID_394528-18867,,,92,Male,,https://download.neuroxiv.org/SEU-A1876/SEU-ALLEN_full_18867_4922_x30354_y7405_CCFv3.swc,https://neuroxiv.org/?id=SEU-ALLEN_full_18867_4922_x30354_y7405_CCFv3,6231.85,2182.15,2367.8
18867_4926_x25796_y14504,18867,mouse,NCBI:txid10090,Pvalb-T2A-CreERT2;Ai166,cell morphology,fMOST,RT,cells,1,SEU-Allen Joint Center,Hanchuan Peng,,zeng_fmost,BIL,/bil/data/df/75/df75626840c76c15/mouseID_394528-18867,,,92,Male,,https://download.neuroxiv.org/SEU-A1876/SEU-ALLEN_full_18867_4926_x25796_y14504_CCFv3.swc,https://neuroxiv.org/?id=SEU-ALLEN_full_18867_4926_x25796_y14504_CCFv3,6309.67,4685.02,4067
18867_4954_x9860_y7599,18867,mouse,NCBI:txid10090,Pvalb-T2A-CreERT2;Ai166,cell morphology,fMOST,SSp-bfd,cells,1,SEU-Allen Joint Center,Hanchuan Peng,,zeng_fmost,BIL,/bil/data/df/75/df75626840c76c15/mouseID_394528-18867,,,92,Male,,https://download.neuroxiv.org/SEU-A1876/SEU-ALLEN_full_18867_4954_x9860_y7599_CCFv3.swc,https://neuroxiv.org/?id=SEU-ALLEN_full_18867_4954_x9860_y7599_CCFv3,6010.65,2239.02,8928.28
18867_4957_x30093_y7560,18867,mouse,NCBI:txid10090,Pvalb-T2A-CreERT2;Ai166,cell morphology,fMOST,SSp-n,cells,1,SEU-Allen Joint Center,Hanchuan Peng,,zeng_fmost,BIL,/bil/data/df/75/df75626840c76c15/mouseID_394528-18867,,,92,Male,,https://download.neuroxiv.org/SEU-A1876/SEU-ALLEN_full_18867_4957_x30093_y7560_CCFv3.swc,https://neuroxiv.org/?id=SEU-ALLEN_full_18867_4957_x30093_y7560_CCFv3,6277.35,2256.23,2472.2
18867_4984_x30860_y8156,18867,mouse,NCBI:txid10090,Pvalb-T2A-CreERT2;Ai166,cell morphology,fMOST,SSp-n,cells,1,SEU-Allen Joint Center,Hanchuan Peng,,zeng_fmost,BIL,/bil/data/df/75/df75626840c76c15/mouseID_394528-18867,,,92,Male,,https://download.neuroxiv.org/SEU-A1876/SEU-ALLEN_full_18867_4984_x30860_y8156_CCFv3.swc,https://neuroxiv.org/?id=SEU-ALLEN_full_18867_4984_x30860_y8156_CCFv3,6331.8,2486.8,2215.9
18867_5082_x26232_y14941,18867,mouse,NCBI:txid10090,Pvalb-T2A-CreERT2;Ai166,cell morphology,fMOST,RT,cells,1,SEU-Allen Joint Center,Hanchuan Peng,,zeng_fmost,BIL,/bil/data/df/75/df75626840c76c15/mouseID_394528-18867,,,92,Male,,https://download.neuroxiv.org/SEU-A1876/SEU-ALLEN_full_18867_5082_x26232_y14941_CCFv3.swc,https://neuroxiv.org/?id=SEU-ALLEN_full_18867_5082_x26232_y14941_CCFv3,6488.88,4876,3931.57
18867_5083_x14145_y15212,18867,mouse,NCBI:txid10090,Pvalb-T2A-CreERT2;Ai166,cell morphology,fMOST,RT,cells,1,SEU-Allen Joint Center,Hanchuan Peng,,zeng_fmost,BIL,/bil/data/df/75/df75626840c76c15/mouseID_394528-18867,,,92,Male,,https://download.neuroxiv.org/SEU-A1876/SEU-ALLEN_full_18867_5083_x14145_y15212_CCFv3.swc,https://neuroxiv.org/?id=SEU-ALLEN_full_18867_5083_x14145_y15212_CCFv3,6409.12,4919.62,7606.85
18867_5169_x12576_y5864,18867,mouse,NCBI:txid10090,Pvalb-T2A-CreERT2;Ai166,cell morphology,fMOST,SSp-ul,cells,1,SEU-Allen Joint Center,Hanchuan Peng,,zeng_fmost,BIL,/bil/data/df/75/df75626840c76c15/mouseID_394528-18867,,,92,Male,,https://download.neuroxiv.org/SEU-A1876/SEU-ALLEN_full_18867_5169_x12576_y5864_CCFv3.swc,https://neuroxiv.org/?id=SEU-ALLEN_full_18867_5169_x12576_y5864_CCFv3,6123.2,1622.9,8080.35
18867_5194_x29530_y6807,18867,mouse,NCBI:txid10090,Pvalb-T2A-CreERT2;Ai166,cell morphology,fMOST,SSp-bfd,cells,1,SEU-Allen Joint Center,Hanchuan Peng,,zeng_fmost,BIL,/bil/data/df/75/df75626840c76c15/mouseID_394528-18867,,,92,Male,,https://download.neuroxiv.org/SEU-A1876/SEU-ALLEN_full_18867_5194_x29530_y6807_CCFv3.swc,https://neuroxiv.org/?id=SEU-ALLEN_full_18867_5194_x29530_y6807_CCFv3,6488.83,2014.93,2662.68
18867_5203_x10027_y7237,18867,mouse,NCBI:txid10090,Pvalb-T2A-CreERT2;Ai166,cell morphology,fMOST,SSp-bfd,cells,1,SEU-Allen Joint Center,Hanchuan Peng,,zeng_fmost,BIL,/bil/data/df/75/df75626840c76c15/mouseID_394528-18867,,,92,Male,,https://download.neuroxiv.org/SEU-A1876/SEU-ALLEN_full_18867_5203_x10027_y7237_CCFv3.swc,https://neuroxiv.org/?id=SEU-ALLEN_full_18867_5203_x10027_y7237_CCFv3,6274.02,2125.98,8870.17
18867_5287_x32054_y8614,18867,mouse,NCBI:txid10090,Pvalb-T2A-CreERT2;Ai166,cell morphology,fMOST,SSp-n,cells,1,SEU-Allen Joint Center,Hanchuan Peng,,zeng_fmost,BIL,/bil/data/df/75/df75626840c76c15/mouseID_394528-18867,,,92,Male,,https://download.neuroxiv.org/SEU-A1876/SEU-ALLEN_full_18867_5287_x32054_y8614_CCFv3.swc,https://neuroxiv.org/?id=SEU-ALLEN_full_18867_5287_x32054_y8614_CCFv3,6701.6,2690.77,1805.75
18867_5319_x14289_y4114,18867,mouse,NCBI:txid10090,Pvalb-T2A-CreERT2;Ai166,cell morphology,fMOST,MOp,cells,1,SEU-Allen Joint Center,Hanchuan Peng,,zeng_fmost,BIL,/bil/data/df/75/df75626840c76c15/mouseID_394528-18867,,,92,Male,,https://download.neuroxiv.org/SEU-A1876/SEU-ALLEN_full_18867_5319_x14289_y4114_CCFv3.swc,https://neuroxiv.org/?id=SEU-ALLEN_full_18867_5319_x14289_y4114_CCFv3,6325.95,794.9,7508.67
18867_5408_x30554_y7318,18867,mouse,NCBI:txid10090,Pvalb-T2A-CreERT2;Ai166,cell morphology,fMOST,SSp-bfd,cells,1,SEU-Allen Joint Center,Hanchuan Peng,,zeng_fmost,BIL,/bil/data/df/75/df75626840c76c15/mouseID_394528-18867,,,92,Male,,https://download.neuroxiv.org/SEU-A1876/SEU-ALLEN_full_18867_5408_x30554_y7318_CCFv3.swc,https://neuroxiv.org/?id=SEU-ALLEN_full_18867_5408_x30554_y7318_CCFv3,6781.83,2244.07,2323.15
18867_5486_x20836_y5690,18867,mouse,NCBI:txid10090,Pvalb-T2A-CreERT2;Ai166,cell morphology,fMOST,RSPv,cells,1,SEU-Allen Joint Center,Hanchuan Peng,,zeng_fmost,BIL,/bil/data/df/75/df75626840c76c15/mouseID_394528-18867,,,92,Male,,https://download.neuroxiv.org/SEU-A1876/SEU-ALLEN_full_18867_5486_x20836_y5690_CCFv3.swc,https://neuroxiv.org/?id=SEU-ALLEN_full_18867_5486_x20836_y5690_CCFv3,6643.67,1528.6,5374.55
18867_5640_x21236_y5683,18867,mouse,NCBI:txid10090,Pvalb-T2A-CreERT2;Ai166,cell morphology,fMOST,RSPv,cells,1,SEU-Allen Joint Center,Hanchuan Peng,,zeng_fmost,BIL,/bil/data/df/75/df75626840c76c15/mouseID_394528-18867,,,92,Male,,https://download.neuroxiv.org/SEU-A1876/SEU-ALLEN_full_18867_5640_x21236_y5683_CCFv3.swc,https://neuroxiv.org/?id=SEU-ALLEN_full_18867_5640_x21236_y5683_CCFv3,6832.8,1582.65,5264.25
18867_5654_x12080_y5724,18867,mouse,NCBI:txid10090,Pvalb-T2A-CreERT2;Ai166,cell morphology,fMOST,SSp-un,cells,1,SEU-Allen Joint Center,Hanchuan Peng,,zeng_fmost,BIL,/bil/data/df/75/df75626840c76c15/mouseID_394528-18867,,,92,Male,,https://download.neuroxiv.org/SEU-A1876/SEU-ALLEN_full_18867_5654_x12080_y5724_CCFv3.swc,https://neuroxiv.org/?id=SEU-ALLEN_full_18867_5654_x12080_y5724_CCFv3,6616.3,1654.38,8263.73
18867_5665_x20882_y6561,18867,mouse,NCBI:txid10090,Pvalb-T2A-CreERT2;Ai166,cell morphology,fMOST,RSPv,cells,1,SEU-Allen Joint Center,Hanchuan Peng,,zeng_fmost,BIL,/bil/data/df/75/df75626840c76c15/mouseID_394528-18867,,,92,Male,,https://download.neuroxiv.org/SEU-A1876/SEU-ALLEN_full_18867_5665_x20882_y6561_CCFv3.swc,https://neuroxiv.org/?id=SEU-ALLEN_full_18867_5665_x20882_y6561_CCFv3,6902.3,1973.6,5394.4
18867_5867_x21009_y6208,18867,mouse,NCBI:txid10090,Pvalb-T2A-CreERT2;Ai166,cell morphology,fMOST,RSPv,cells,1,SEU-Allen Joint Center,Hanchuan Peng,,zeng_fmost,BIL,/bil/data/df/75/df75626840c76c15/mouseID_394528-18867,,,92,Male,,https://download.neuroxiv.org/SEU-A1876/SEU-ALLEN_full_18867_5867_x21009_y6208_CCFv3.swc,https://neuroxiv.org/?id=SEU-ALLEN_full_18867_5867_x21009_y6208_CCFv3,7137.8,1834.1,5362.48
18867_5894_x10157_y6463,18867,mouse,NCBI:txid10090,Pvalb-T2A-CreERT2;Ai166,cell morphology,fMOST,SSp-bfd,cells,1,SEU-Allen Joint Center,Hanchuan Peng,,zeng_fmost,BIL,/bil/data/df/75/df75626840c76c15/mouseID_394528-18867,,,92,Male,,https://download.neuroxiv.org/SEU-A1876/SEU-ALLEN_full_18867_5894_x10157_y6463_CCFv3.swc,https://neuroxiv.org/?id=SEU-ALLEN_full_18867_5894_x10157_y6463_CCFv3,6997.55,1932.07,8885.28
18867_5942_x29015_y5711,18867,mouse,NCBI:txid10090,Pvalb-T2A-CreERT2;Ai166,cell morphology,fMOST,SSp-bfd,cells,1,SEU-Allen Joint Center,Hanchuan Peng,,zeng_fmost,BIL,/bil/data/df/75/df75626840c76c15/mouseID_394528-18867,,,92,Male,,https://download.neuroxiv.org/SEU-A1876/SEU-ALLEN_full_18867_5942_x29015_y5711_CCFv3.swc,https://neuroxiv.org/?id=SEU-ALLEN_full_18867_5942_x29015_y5711_CCFv3,7277.9,1721.3,2881.62
18867_6003_x18592_y6204,18867,mouse,NCBI:txid10090,Pvalb-T2A-CreERT2;Ai166,cell morphology,fMOST,RSPv,cells,1,SEU-Allen Joint Center,Hanchuan Peng,,zeng_fmost,BIL,/bil/data/df/75/df75626840c76c15/mouseID_394528-18867,,,92,Male,,https://download.neuroxiv.org/SEU-A1876/SEU-ALLEN_full_18867_6003_x18592_y6204_CCFv3.swc,https://neuroxiv.org/?id=SEU-ALLEN_full_18867_6003_x18592_y6204_CCFv3,7319.8,1836.9,6052.9
18867_6007_x18415_y4843,18867,mouse,NCBI:txid10090,Pvalb-T2A-CreERT2;Ai166,cell morphology,fMOST,RSPv,cells,1,SEU-Allen Joint Center,Hanchuan Peng,,zeng_fmost,BIL,/bil/data/df/75/df75626840c76c15/mouseID_394528-18867,,,92,Male,,https://download.neuroxiv.org/SEU-A1876/SEU-ALLEN_full_18867_6007_x18415_y4843_CCFv3.swc,https://neuroxiv.org/?id=SEU-ALLEN_full_18867_6007_x18415_y4843_CCFv3,7276,1136.68,6111.4
18867_6014_x17935_y4434,18867,mouse,NCBI:txid10090,Pvalb-T2A-CreERT2;Ai166,cell morphology,fMOST,RSPd,cells,1,SEU-Allen Joint Center,Hanchuan Peng,,zeng_fmost,BIL,/bil/data/df/75/df75626840c76c15/mouseID_394528-18867,,,92,Male,,https://download.neuroxiv.org/SEU-A1876/SEU-ALLEN_full_18867_6014_x17935_y4434_CCFv3.swc,https://neuroxiv.org/?id=SEU-ALLEN_full_18867_6014_x17935_y4434_CCFv3,7258.35,917.875,6261.83
18867_6085_x20833_y6331,18867,mouse,NCBI:txid10090,Pvalb-T2A-CreERT2;Ai166,cell morphology,fMOST,RSPv,cells,1,SEU-Allen Joint Center,Hanchuan Peng,,zeng_fmost,BIL,/bil/data/df/75/df75626840c76c15/mouseID_394528-18867,,,92,Male,,https://download.neuroxiv.org/SEU-A1876/SEU-ALLEN_full_18867_6085_x20833_y6331_CCFv3.swc,https://neuroxiv.org/?id=SEU-ALLEN_full_18867_6085_x20833_y6331_CCFv3,7403.02,1859.82,5429.95
18867_6091_x30186_y6043,18867,mouse,NCBI:txid10090,Pvalb-T2A-CreERT2;Ai166,cell morphology,fMOST,SSp-bfd,cells,1,SEU-Allen Joint Center,Hanchuan Peng,,zeng_fmost,BIL,/bil/data/df/75/df75626840c76c15/mouseID_394528-18867,,,92,Male,,https://download.neuroxiv.org/SEU-A1876/SEU-ALLEN_full_18867_6091_x30186_y6043_CCFv3.swc,https://neuroxiv.org/?id=SEU-ALLEN_full_18867_6091_x30186_y6043_CCFv3,7541.2,1857.85,2484.88
18867_6408_x9343_y6158,18867,mouse,NCBI:txid10090,Pvalb-T2A-CreERT2;Ai166,cell morphology,fMOST,SSp-bfd,cells,1,SEU-Allen Joint Center,Hanchuan Peng,,zeng_fmost,BIL,/bil/data/df/75/df75626840c76c15/mouseID_394528-18867,,,92,Male,,https://download.neuroxiv.org/SEU-A1876/SEU-ALLEN_full_18867_6408_x9343_y6158_CCFv3.swc,https://neuroxiv.org/?id=SEU-ALLEN_full_18867_6408_x9343_y6158_CCFv3,7636.55,1820.93,9179.38
18867_6413_x20950_y6015,18867,mouse,NCBI:txid10090,Pvalb-T2A-CreERT2;Ai166,cell morphology,fMOST,RSPv,cells,1,SEU-Allen Joint Center,Hanchuan Peng,,zeng_fmost,BIL,/bil/data/df/75/df75626840c76c15/mouseID_394528-18867,,,92,Male,,https://download.neuroxiv.org/SEU-A1876/SEU-ALLEN_full_18867_6413_x20950_y6015_CCFv3.swc,https://neuroxiv.org/?id=SEU-ALLEN_full_18867_6413_x20950_y6015_CCFv3,7774.2,1652.7,5403.8
18867_6452_x16339_y18318,18867,mouse,NCBI:txid10090,Pvalb-T2A-CreERT2;Ai166,cell morphology,fMOST,BS,cells,1,SEU-Allen Joint Center,Hanchuan Peng,,zeng_fmost,BIL,/bil/data/df/75/df75626840c76c15/mouseID_394528-18867,,,92,Male,,https://download.neuroxiv.org/SEU-A1876/SEU-ALLEN_full_18867_6452_x16339_y18318_CCFv3.swc,https://neuroxiv.org/?id=SEU-ALLEN_full_18867_6452_x16339_y18318_CCFv3,7993.05,6168.35,6955.58
18867_6468_x21532_y7741,18867,mouse,NCBI:txid10090,Pvalb-T2A-CreERT2;Ai166,cell morphology,fMOST,SUB,cells,1,SEU-Allen Joint Center,Hanchuan Peng,,zeng_fmost,BIL,/bil/data/df/75/df75626840c76c15/mouseID_394528-18867,,,92,Male,,https://download.neuroxiv.org/SEU-A1876/SEU-ALLEN_full_18867_6468_x21532_y7741_CCFv3.swc,https://neuroxiv.org/?id=SEU-ALLEN_full_18867_6468_x21532_y7741_CCFv3,7846.4,2211,5278.77
18867_6985_x12525_y4095,18867,mouse,NCBI:txid10090,Pvalb-T2A-CreERT2;Ai166,cell morphology,fMOST,VISp,cells,1,SEU-Allen Joint Center,Hanchuan Peng,,zeng_fmost,BIL,/bil/data/df/75/df75626840c76c15/mouseID_394528-18867,,,92,Male,,https://download.neuroxiv.org/SEU-A1876/SEU-ALLEN_full_18867_6985_x12525_y4095_CCFv3.swc,https://neuroxiv.org/?id=SEU-ALLEN_full_18867_6985_x12525_y4095_CCFv3,8395.17,980.9,8091.3
18867_6986_x31479_y5932,18867,mouse,NCBI:txid10090,Pvalb-T2A-CreERT2;Ai166,cell morphology,fMOST,VISl,cells,1,SEU-Allen Joint Center,Hanchuan Peng,,zeng_fmost,BIL,/bil/data/df/75/df75626840c76c15/mouseID_394528-18867,,,92,Male,,https://download.neuroxiv.org/SEU-A1876/SEU-ALLEN_full_18867_6986_x31479_y5932_CCFv3.swc,https://neuroxiv.org/?id=SEU-ALLEN_full_18867_6986_x31479_y5932_CCFv3,8662.95,1791.88,2048.1
18867_7123_x11808_y5131,18867,mouse,NCBI:txid10090,Pvalb-T2A-CreERT2;Ai166,cell morphology,fMOST,VISp,cells,1,SEU-Allen Joint Center,Hanchuan Peng,,zeng_fmost,BIL,/bil/data/df/75/df75626840c76c15/mouseID_394528-18867,,,92,Male,,https://download.neuroxiv.org/SEU-A1876/SEU-ALLEN_full_18867_7123_x11808_y5131_CCFv3.swc,https://neuroxiv.org/?id=SEU-ALLEN_full_18867_7123_x11808_y5131_CCFv3,8576.27,1499.03,8320.75
18867_7172_x22280_y4802,18867,mouse,NCBI:txid10090,Pvalb-T2A-CreERT2;Ai166,cell morphology,fMOST,RSPv,cells,1,SEU-Allen Joint Center,Hanchuan Peng,,zeng_fmost,BIL,/bil/data/df/75/df75626840c76c15/mouseID_394528-18867,,,92,Male,,https://download.neuroxiv.org/SEU-A1876/SEU-ALLEN_full_18867_7172_x22280_y4802_CCFv3.swc,https://neuroxiv.org/?id=SEU-ALLEN_full_18867_7172_x22280_y4802_CCFv3,8684.45,1030.55,4996.35
18867_7390_x9887_y4961,18867,mouse,NCBI:txid10090,Pvalb-T2A-CreERT2;Ai166,cell morphology,fMOST,VISp,cells,1,SEU-Allen Joint Center,Hanchuan Peng,,zeng_fmost,BIL,/bil/data/df/75/df75626840c76c15/mouseID_394528-18867,,,92,Male,,https://download.neuroxiv.org/SEU-A1876/SEU-ALLEN_full_18867_7390_x9887_y4961_CCFv3.swc,https://neuroxiv.org/?id=SEU-ALLEN_full_18867_7390_x9887_y4961_CCFv3,8948.62,1368.28,9117.8
18867_7541_x13210_y4462,18867,mouse,NCBI:txid10090,Pvalb-T2A-CreERT2;Ai166,cell morphology,fMOST,VISp,cells,1,SEU-Allen Joint Center,Hanchuan Peng,,zeng_fmost,BIL,/bil/data/df/75/df75626840c76c15/mouseID_394528-18867,,,92,Male,,https://download.neuroxiv.org/SEU-A1876/SEU-ALLEN_full_18867_7541_x13210_y4462_CCFv3.swc,https://neuroxiv.org/?id=SEU-ALLEN_full_18867_7541_x13210_y4462_CCFv3,9160.8,1130,7886.38
18867_7583_x22567_y18119,18867,mouse,NCBI:txid10090,Pvalb-T2A-CreERT2;Ai166,cell morphology,fMOST,PRNr,cells,1,SEU-Allen Joint Center,Hanchuan Peng,,zeng_fmost,BIL,/bil/data/df/75/df75626840c76c15/mouseID_394528-18867,,,92,Male,,https://download.neuroxiv.org/SEU-A1876/SEU-ALLEN_full_18867_7583_x22567_y18119_CCFv3.swc,https://neuroxiv.org/?id=SEU-ALLEN_full_18867_7583_x22567_y18119_CCFv3,9560.95,6156.77,5012.98
18867_7584_x10560_y5816,18867,mouse,NCBI:txid10090,Pvalb-T2A-CreERT2;Ai166,cell morphology,fMOST,VISp,cells,1,SEU-Allen Joint Center,Hanchuan Peng,,zeng_fmost,BIL,/bil/data/df/75/df75626840c76c15/mouseID_394528-18867,,,92,Male,,https://download.neuroxiv.org/SEU-A1876/SEU-ALLEN_full_18867_7584_x10560_y5816_CCFv3.swc,https://neuroxiv.org/?id=SEU-ALLEN_full_18867_7584_x10560_y5816_CCFv3,9199.5,1810.18,8765.38
18867_7790_x21511_y18480,18867,mouse,NCBI:txid10090,Pvalb-T2A-CreERT2;Ai166,cell morphology,fMOST,TRN,cells,1,SEU-Allen Joint Center,Hanchuan Peng,,zeng_fmost,BIL,/bil/data/df/75/df75626840c76c15/mouseID_394528-18867,,,92,Male,,https://download.neuroxiv.org/SEU-A1876/SEU-ALLEN_full_18867_7790_x21511_y18480_CCFv3.swc,https://neuroxiv.org/?id=SEU-ALLEN_full_18867_7790_x21511_y18480_CCFv3,9803.28,6278.75,5347.08
18867_7924_x22262_y16755,18867,mouse,NCBI:txid10090,Pvalb-T2A-CreERT2;Ai166,cell morphology,fMOST,PRNr,cells,1,SEU-Allen Joint Center,Hanchuan Peng,,zeng_fmost,BIL,/bil/data/df/75/df75626840c76c15/mouseID_394528-18867,,,92,Male,,https://download.neuroxiv.org/SEU-A1876/SEU-ALLEN_full_18867_7924_x22262_y16755_CCFv3.swc,https://neuroxiv.org/?id=SEU-ALLEN_full_18867_7924_x22262_y16755_CCFv3,9966.65,5598.2,5121.12
18867_8235_x25208_y14610,18867,mouse,NCBI:txid10090,Pvalb-T2A-CreERT2;Ai166,cell morphology,fMOST,PB,cells,1,SEU-Allen Joint Center,Hanchuan Peng,,zeng_fmost,BIL,/bil/data/df/75/df75626840c76c15/mouseID_394528-18867,,,92,Male,,https://download.neuroxiv.org/SEU-A1876/SEU-ALLEN_full_18867_8235_x25208_y14610_CCFv3.swc,https://neuroxiv.org/?id=SEU-ALLEN_full_18867_8235_x25208_y14610_CCFv3,10307.2,4898.67,4196.9
18868_2225_x15897_y10006,18868,mouse,NCBI:txid10090,Pvalb-T2A-CreERT2;Ai166,cell morphology,fMOST,ORBvl,cells,1,SEU-Allen Joint Center,Hanchuan Peng,,zeng_fmost,BIL,/bil/proj/u19zeng/fMOST_terafly/mouseID_396476-18868,,,82,Female,,https://download.neuroxiv.org/SEU-A1876/SEU-ALLEN_full_18868_2225_x15897_y10006_CCFv3.swc,https://neuroxiv.org/?id=SEU-ALLEN_full_18868_2225_x15897_y10006_CCFv3,2288.18,3248.8,6320.12
18868_2559_x15436_y13207,18868,mouse,NCBI:txid10090,Pvalb-T2A-CreERT2;Ai166,cell morphology,fMOST,ORBvl,cells,1,SEU-Allen Joint Center,Hanchuan Peng,,zeng_fmost,BIL,/bil/proj/u19zeng/fMOST_terafly/mouseID_396476-18868,,,82,Female,,https://download.neuroxiv.org/SEU-A1876/SEU-ALLEN_full_18868_2559_x15436_y13207_CCFv3.swc,https://neuroxiv.org/?id=SEU-ALLEN_full_18868_2559_x15436_y13207_CCFv3,2865,4376.4,6472.65
18868_2584_x14386_y13639,18868,mouse,NCBI:txid10090,Pvalb-T2A-CreERT2;Ai166,cell morphology,fMOST,ORBl,cells,1,SEU-Allen Joint Center,Hanchuan Peng,,zeng_fmost,BIL,/bil/proj/u19zeng/fMOST_terafly/mouseID_396476-18868,,,82,Female,,https://download.neuroxiv.org/SEU-A1876/SEU-ALLEN_full_18868_2584_x14386_y13639_CCFv3.swc,https://neuroxiv.org/?id=SEU-ALLEN_full_18868_2584_x14386_y13639_CCFv3,2880.57,4533.92,6810.2
18868_2593_x15801_y13755,18868,mouse,NCBI:txid10090,Pvalb-T2A-CreERT2;Ai166,cell morphology,fMOST,ORBvl,cells,1,SEU-Allen Joint Center,Hanchuan Peng,,zeng_fmost,BIL,/bil/proj/u19zeng/fMOST_terafly/mouseID_396476-18868,,,82,Female,,https://download.neuroxiv.org/SEU-A1876/SEU-ALLEN_full_18868_2593_x15801_y13755_CCFv3.swc,https://neuroxiv.org/?id=SEU-ALLEN_full_18868_2593_x15801_y13755_CCFv3,2912.48,4575.62,6351.7
18868_2601_x23273_y17306,18868,mouse,NCBI:txid10090,Pvalb-T2A-CreERT2;Ai166,cell morphology,fMOST,PIR,cells,1,SEU-Allen Joint Center,Hanchuan Peng,,zeng_fmost,BIL,/bil/proj/u19zeng/fMOST_terafly/mouseID_396476-18868,,,82,Female,,https://download.neuroxiv.org/SEU-A1876/SEU-ALLEN_full_18868_2601_x23273_y17306_CCFv3.swc,https://neuroxiv.org/?id=SEU-ALLEN_full_18868_2601_x23273_y17306_CCFv3,2841.55,5848.27,3900.4
18868_2621_x11765_y8944,18868,mouse,NCBI:txid10090,Pvalb-T2A-CreERT2;Ai166,cell morphology,fMOST,MOs,cells,1,SEU-Allen Joint Center,Hanchuan Peng,,zeng_fmost,BIL,/bil/proj/u19zeng/fMOST_terafly/mouseID_396476-18868,,,82,Female,,https://download.neuroxiv.org/SEU-A1876/SEU-ALLEN_full_18868_2621_x11765_y8944_CCFv3.swc,https://neuroxiv.org/?id=SEU-ALLEN_full_18868_2621_x11765_y8944_CCFv3,2801.62,2798.73,7699.27
18868_2924_x10668_y9719,18868,mouse,NCBI:txid10090,Pvalb-T2A-CreERT2;Ai166,cell morphology,fMOST,MOp,cells,1,SEU-Allen Joint Center,Hanchuan Peng,,zeng_fmost,BIL,/bil/proj/u19zeng/fMOST_terafly/mouseID_396476-18868,,,82,Female,,https://download.neuroxiv.org/SEU-A1876/SEU-ALLEN_full_18868_2924_x10668_y9719_CCFv3.swc,https://neuroxiv.org/?id=SEU-ALLEN_full_18868_2924_x10668_y9719_CCFv3,3245.23,3067.05,8045.9
18868_3009_x28076_y11485,18868,mouse,NCBI:txid10090,Pvalb-T2A-CreERT2;Ai166,cell morphology,fMOST,MOp,cells,1,SEU-Allen Joint Center,Hanchuan Peng,,zeng_fmost,BIL,/bil/proj/u19zeng/fMOST_terafly/mouseID_396476-18868,,,82,Female,,https://download.neuroxiv.org/SEU-A1876/SEU-ALLEN_full_18868_3009_x28076_y11485_CCFv3.swc,https://neuroxiv.org/?id=SEU-ALLEN_full_18868_3009_x28076_y11485_CCFv3,3532.6,3599.75,2432.65
18868_3112_x27714_y10534,18868,mouse,NCBI:txid10090,Pvalb-T2A-CreERT2;Ai166,cell morphology,fMOST,MOp,cells,1,SEU-Allen Joint Center,Hanchuan Peng,,zeng_fmost,BIL,/bil/proj/u19zeng/fMOST_terafly/mouseID_396476-18868,,,82,Female,,https://download.neuroxiv.org/SEU-A1876/SEU-ALLEN_full_18868_3112_x27714_y10534_CCFv3.swc,https://neuroxiv.org/?id=SEU-ALLEN_full_18868_3112_x27714_y10534_CCFv3,3737.27,3265.35,2598.9
18868_3207_x27726_y9448,18868,mouse,NCBI:txid10090,Pvalb-T2A-CreERT2;Ai166,cell morphology,fMOST,SSp-m,cells,1,SEU-Allen Joint Center,Hanchuan Peng,,zeng_fmost,BIL,/bil/proj/u19zeng/fMOST_terafly/mouseID_396476-18868,,,82,Female,,https://download.neuroxiv.org/SEU-A1876/SEU-ALLEN_full_18868_3207_x27726_y9448_CCFv3.swc,https://neuroxiv.org/?id=SEU-ALLEN_full_18868_3207_x27726_y9448_CCFv3,3889.4,2837.4,2623.73
18868_3228_x28576_y10788,18868,mouse,NCBI:txid10090,Pvalb-T2A-CreERT2;Ai166,cell morphology,fMOST,SSp-m,cells,1,SEU-Allen Joint Center,Hanchuan Peng,,zeng_fmost,BIL,/bil/proj/u19zeng/fMOST_terafly/mouseID_396476-18868,,,82,Female,,https://download.neuroxiv.org/SEU-A1876/SEU-ALLEN_full_18868_3228_x28576_y10788_CCFv3.swc,https://neuroxiv.org/?id=SEU-ALLEN_full_18868_3228_x28576_y10788_CCFv3,3898.23,3336.9,2316.55
18868_3389_x28317_y9872,18868,mouse,NCBI:txid10090,Pvalb-T2A-CreERT2;Ai166,cell morphology,fMOST,SSp-m,cells,1,SEU-Allen Joint Center,Hanchuan Peng,,zeng_fmost,BIL,/bil/proj/u19zeng/fMOST_terafly/mouseID_396476-18868,,,82,Female,,https://download.neuroxiv.org/SEU-A1876/SEU-ALLEN_full_18868_3389_x28317_y9872_CCFv3.swc,https://neuroxiv.org/?id=SEU-ALLEN_full_18868_3389_x28317_y9872_CCFv3,4171.45,3011.88,2457.38
18868_3419_x27168_y8481,18868,mouse,NCBI:txid10090,Pvalb-T2A-CreERT2;Ai166,cell morphology,fMOST,MOp,cells,1,SEU-Allen Joint Center,Hanchuan Peng,,zeng_fmost,BIL,/bil/proj/u19zeng/fMOST_terafly/mouseID_396476-18868,,,82,Female,,https://download.neuroxiv.org/SEU-A1876/SEU-ALLEN_full_18868_3419_x27168_y8481_CCFv3.swc,https://neuroxiv.org/?id=SEU-ALLEN_full_18868_3419_x27168_y8481_CCFv3,4246.6,2486.02,2873.6
18868_3453_x28753_y10380,18868,mouse,NCBI:txid10090,Pvalb-T2A-CreERT2;Ai166,cell morphology,fMOST,SSp-m,cells,1,SEU-Allen Joint Center,Hanchuan Peng,,zeng_fmost,BIL,/bil/proj/u19zeng/fMOST_terafly/mouseID_396476-18868,,,82,Female,,https://download.neuroxiv.org/SEU-A1876/SEU-ALLEN_full_18868_3453_x28753_y10380_CCFv3.swc,https://neuroxiv.org/?id=SEU-ALLEN_full_18868_3453_x28753_y10380_CCFv3,4258.42,3199.57,2315.45
18868_3488_x24952_y7321,18868,mouse,NCBI:txid10090,Pvalb-T2A-CreERT2;Ai166,cell morphology,fMOST,MOp,cells,1,SEU-Allen Joint Center,Hanchuan Peng,,zeng_fmost,BIL,/bil/proj/u19zeng/fMOST_terafly/mouseID_396476-18868,,,82,Female,,https://download.neuroxiv.org/SEU-A1876/SEU-ALLEN_full_18868_3488_x24952_y7321_CCFv3.swc,https://neuroxiv.org/?id=SEU-ALLEN_full_18868_3488_x24952_y7321_CCFv3,4404.7,2034.88,3630.62
18868_3507_x7704_y10476,18868,mouse,NCBI:txid10090,Pvalb-T2A-CreERT2;Ai166,cell morphology,fMOST,SSp-m,cells,1,SEU-Allen Joint Center,Hanchuan Peng,,zeng_fmost,BIL,/bil/proj/u19zeng/fMOST_terafly/mouseID_396476-18868,,,82,Female,,https://download.neuroxiv.org/SEU-A1876/SEU-ALLEN_full_18868_3507_x7704_y10476_CCFv3.swc,https://neuroxiv.org/?id=SEU-ALLEN_full_18868_3507_x7704_y10476_CCFv3,3952.05,3278.7,8974.83
18868_3547_x28065_y9077,18868,mouse,NCBI:txid10090,Pvalb-T2A-CreERT2;Ai166,cell morphology,fMOST,SSp-m,cells,1,SEU-Allen Joint Center,Hanchuan Peng,,zeng_fmost,BIL,/bil/proj/u19zeng/fMOST_terafly/mouseID_396476-18868,,,82,Female,,https://download.neuroxiv.org/SEU-A1876/SEU-ALLEN_full_18868_3547_x28065_y9077_CCFv3.swc,https://neuroxiv.org/?id=SEU-ALLEN_full_18868_3547_x28065_y9077_CCFv3,4434.15,2726.35,2581.32
18868_3552_x28542_y9340,18868,mouse,NCBI:txid10090,Pvalb-T2A-CreERT2;Ai166,cell morphology,fMOST,SSp-m,cells,1,SEU-Allen Joint Center,Hanchuan Peng,,zeng_fmost,BIL,/bil/proj/u19zeng/fMOST_terafly/mouseID_396476-18868,,,82,Female,,https://download.neuroxiv.org/SEU-A1876/SEU-ALLEN_full_18868_3552_x28542_y9340_CCFv3.swc,https://neuroxiv.org/?id=SEU-ALLEN_full_18868_3552_x28542_y9340_CCFv3,4420.3,2808.1,2414.57
18868_3564_x27379_y8431,18868,mouse,NCBI:txid10090,Pvalb-T2A-CreERT2;Ai166,cell morphology,fMOST,SSp-ul,cells,1,SEU-Allen Joint Center,Hanchuan Peng,,zeng_fmost,BIL,/bil/proj/u19zeng/fMOST_terafly/mouseID_396476-18868,,,82,Female,,https://download.neuroxiv.org/SEU-A1876/SEU-ALLEN_full_18868_3564_x27379_y8431_CCFv3.swc,https://neuroxiv.org/?id=SEU-ALLEN_full_18868_3564_x27379_y8431_CCFv3,4471.23,2475.15,2829.93
18868_3592_x9776_y8113,18868,mouse,NCBI:txid10090,Pvalb-T2A-CreERT2;Ai166,cell morphology,fMOST,MOp,cells,1,SEU-Allen Joint Center,Hanchuan Peng,,zeng_fmost,BIL,/bil/proj/u19zeng/fMOST_terafly/mouseID_396476-18868,,,82,Female,,https://download.neuroxiv.org/SEU-A1876/SEU-ALLEN_full_18868_3592_x9776_y8113_CCFv3.swc,https://neuroxiv.org/?id=SEU-ALLEN_full_18868_3592_x9776_y8113_CCFv3,4259.23,2359.48,8227.32
18868_3626_x29809_y12585,18868,mouse,NCBI:txid10090,Pvalb-T2A-CreERT2;Ai166,cell morphology,fMOST,SSs,cells,1,SEU-Allen Joint Center,Hanchuan Peng,,zeng_fmost,BIL,/bil/proj/u19zeng/fMOST_terafly/mouseID_396476-18868,,,82,Female,,https://download.neuroxiv.org/SEU-A1876/SEU-ALLEN_full_18868_3626_x29809_y12585_CCFv3.swc,https://neuroxiv.org/?id=SEU-ALLEN_full_18868_3626_x29809_y12585_CCFv3,4462.52,4002.7,1916
18868_3627_x28035_y8749,18868,mouse,NCBI:txid10090,Pvalb-T2A-CreERT2;Ai166,cell morphology,fMOST,SSp-m,cells,1,SEU-Allen Joint Center,Hanchuan Peng,,zeng_fmost,BIL,/bil/proj/u19zeng/fMOST_terafly/mouseID_396476-18868,,,82,Female,,https://download.neuroxiv.org/SEU-A1876/SEU-ALLEN_full_18868_3627_x28035_y8749_CCFv3.swc,https://neuroxiv.org/?id=SEU-ALLEN_full_18868_3627_x28035_y8749_CCFv3,4557.23,2597.62,2608.07
18868_3658_x9598_y8113,18868,mouse,NCBI:txid10090,Pvalb-T2A-CreERT2;Ai166,cell morphology,fMOST,MOp,cells,1,SEU-Allen Joint Center,Hanchuan Peng,,zeng_fmost,BIL,/bil/proj/u19zeng/fMOST_terafly/mouseID_396476-18868,,,82,Female,,https://download.neuroxiv.org/SEU-A1876/SEU-ALLEN_full_18868_3658_x9598_y8113_CCFv3.swc,https://neuroxiv.org/?id=SEU-ALLEN_full_18868_3658_x9598_y8113_CCFv3,4354.9,2363.57,8274.12
18868_3699_x17279_y16010,18868,mouse,NCBI:txid10090,Pvalb-T2A-CreERT2;Ai166,cell morphology,fMOST,LSv,cells,1,SEU-Allen Joint Center,Hanchuan Peng,,zeng_fmost,BIL,/bil/proj/u19zeng/fMOST_terafly/mouseID_396476-18868,,,82,Female,,https://download.neuroxiv.org/SEU-A1876/SEU-ALLEN_full_18868_3699_x17279_y16010_CCFv3.swc,https://neuroxiv.org/?id=SEU-ALLEN_full_18868_3699_x17279_y16010_CCFv3,4660.98,5323.15,5889.9
18868_3715_x8453_y8977,18868,mouse,NCBI:txid10090,Pvalb-T2A-CreERT2;Ai166,cell morphology,fMOST,SSp-m,cells,1,SEU-Allen Joint Center,Hanchuan Peng,,zeng_fmost,BIL,/bil/proj/u19zeng/fMOST_terafly/mouseID_396476-18868,,,82,Female,,https://download.neuroxiv.org/SEU-A1876/SEU-ALLEN_full_18868_3715_x8453_y8977_CCFv3.swc,https://neuroxiv.org/?id=SEU-ALLEN_full_18868_3715_x8453_y8977_CCFv3,4359.95,2707.25,8663.12
18868_3781_x6715_y11703,18868,mouse,NCBI:txid10090,Pvalb-T2A-CreERT2;Ai166,cell morphology,fMOST,SSp-m,cells,1,SEU-Allen Joint Center,Hanchuan Peng,,zeng_fmost,BIL,/bil/proj/u19zeng/fMOST_terafly/mouseID_396476-18868,,,82,Female,,https://download.neuroxiv.org/SEU-A1876/SEU-ALLEN_full_18868_3781_x6715_y11703_CCFv3.swc,https://neuroxiv.org/?id=SEU-ALLEN_full_18868_3781_x6715_y11703_CCFv3,4300.23,3730.48,9288.03
18868_3783_x28846_y9268,18868,mouse,NCBI:txid10090,Pvalb-T2A-CreERT2;Ai166,cell morphology,fMOST,SSp-m,cells,1,SEU-Allen Joint Center,Hanchuan Peng,,zeng_fmost,BIL,/bil/proj/u19zeng/fMOST_terafly/mouseID_396476-18868,,,82,Female,,https://download.neuroxiv.org/SEU-A1876/SEU-ALLEN_full_18868_3783_x28846_y9268_CCFv3.swc,https://neuroxiv.org/?id=SEU-ALLEN_full_18868_3783_x28846_y9268_CCFv3,4769.58,2799.5,2358.9
18868_3799_x26336_y7466,18868,mouse,NCBI:txid10090,Pvalb-T2A-CreERT2;Ai166,cell morphology,fMOST,SSp-ul,cells,1,SEU-Allen Joint Center,Hanchuan Peng,,zeng_fmost,BIL,/bil/proj/u19zeng/fMOST_terafly/mouseID_396476-18868,,,82,Female,,https://download.neuroxiv.org/SEU-A1876/SEU-ALLEN_full_18868_3799_x26336_y7466_CCFv3.swc,https://neuroxiv.org/?id=SEU-ALLEN_full_18868_3799_x26336_y7466_CCFv3,4861.12,2091.32,3225.6
18868_3799_x6462_y13405,18868,mouse,NCBI:txid10090,Pvalb-T2A-CreERT2;Ai166,cell morphology,fMOST,GU,cells,1,SEU-Allen Joint Center,Hanchuan Peng,,zeng_fmost,BIL,/bil/proj/u19zeng/fMOST_terafly/mouseID_396476-18868,,,82,Female,,https://download.neuroxiv.org/SEU-A1876/SEU-ALLEN_full_18868_3799_x6462_y13405_CCFv3.swc,https://neuroxiv.org/?id=SEU-ALLEN_full_18868_3799_x6462_y13405_CCFv3,4266.48,4347.75,9400.48
18868_3853_x29683_y10294,18868,mouse,NCBI:txid10090,Pvalb-T2A-CreERT2;Ai166,cell morphology,fMOST,SSp-m,cells,1,SEU-Allen Joint Center,Hanchuan Peng,,zeng_fmost,BIL,/bil/proj/u19zeng/fMOST_terafly/mouseID_396476-18868,,,82,Female,,https://download.neuroxiv.org/SEU-A1876/SEU-ALLEN_full_18868_3853_x29683_y10294_CCFv3.swc,https://neuroxiv.org/?id=SEU-ALLEN_full_18868_3853_x29683_y10294_CCFv3,4841.48,3171.5,2057.95
18868_3856_x26025_y7205,18868,mouse,NCBI:txid10090,Pvalb-T2A-CreERT2;Ai166,cell morphology,fMOST,SSp-ul,cells,1,SEU-Allen Joint Center,Hanchuan Peng,,zeng_fmost,BIL,/bil/proj/u19zeng/fMOST_terafly/mouseID_396476-18868,,,82,Female,,https://download.neuroxiv.org/SEU-A1876/SEU-ALLEN_full_18868_3856_x26025_y7205_CCFv3.swc,https://neuroxiv.org/?id=SEU-ALLEN_full_18868_3856_x26025_y7205_CCFv3,4942.27,1972.6,3333.8
18868_3871_x26350_y7564,18868,mouse,NCBI:txid10090,Pvalb-T2A-CreERT2;Ai166,cell morphology,fMOST,SSp-ul,cells,1,SEU-Allen Joint Center,Hanchuan Peng,,zeng_fmost,BIL,/bil/proj/u19zeng/fMOST_terafly/mouseID_396476-18868,,,82,Female,,https://download.neuroxiv.org/SEU-A1876/SEU-ALLEN_full_18868_3871_x26350_y7564_CCFv3.swc,https://neuroxiv.org/?id=SEU-ALLEN_full_18868_3871_x26350_y7564_CCFv3,4965.05,2142.98,3236.73
18868_3875_x8707_y8341,18868,mouse,NCBI:txid10090,Pvalb-T2A-CreERT2;Ai166,cell morphology,fMOST,SSp-m,cells,1,SEU-Allen Joint Center,Hanchuan Peng,,zeng_fmost,BIL,/bil/proj/u19zeng/fMOST_terafly/mouseID_396476-18868,,,82,Female,,https://download.neuroxiv.org/SEU-A1876/SEU-ALLEN_full_18868_3875_x8707_y8341_CCFv3.swc,https://neuroxiv.org/?id=SEU-ALLEN_full_18868_3875_x8707_y8341_CCFv3,4622.83,2437.9,8549.03
18868_3922_x26631_y7518,18868,mouse,NCBI:txid10090,Pvalb-T2A-CreERT2;Ai166,cell morphology,fMOST,SSp-ul,cells,1,SEU-Allen Joint Center,Hanchuan Peng,,zeng_fmost,BIL,/bil/proj/u19zeng/fMOST_terafly/mouseID_396476-18868,,,82,Female,,https://download.neuroxiv.org/SEU-A1876/SEU-ALLEN_full_18868_3922_x26631_y7518_CCFv3.swc,https://neuroxiv.org/?id=SEU-ALLEN_full_18868_3922_x26631_y7518_CCFv3,5042.77,2118.7,3143.05
18868_3931_x26823_y7496,18868,mouse,NCBI:txid10090,Pvalb-T2A-CreERT2;Ai166,cell morphology,fMOST,SSp-ul,cells,1,SEU-Allen Joint Center,Hanchuan Peng,,zeng_fmost,BIL,/bil/proj/u19zeng/fMOST_terafly/mouseID_396476-18868,,,82,Female,,https://download.neuroxiv.org/SEU-A1876/SEU-ALLEN_full_18868_3931_x26823_y7496_CCFv3.swc,https://neuroxiv.org/?id=SEU-ALLEN_full_18868_3931_x26823_y7496_CCFv3,5030.83,2096.02,3082.82
18868_3932_x25373_y7132,18868,mouse,NCBI:txid10090,Pvalb-T2A-CreERT2;Ai166,cell morphology,fMOST,SSp-ll,cells,1,SEU-Allen Joint Center,Hanchuan Peng,,zeng_fmost,BIL,/bil/proj/u19zeng/fMOST_terafly/mouseID_396476-18868,,,82,Female,,https://download.neuroxiv.org/SEU-A1876/SEU-ALLEN_full_18868_3932_x25373_y7132_CCFv3.swc,https://neuroxiv.org/?id=SEU-ALLEN_full_18868_3932_x25373_y7132_CCFv3,5059.83,1951.12,3566.95
18868_3977_x25824_y7160,18868,mouse,NCBI:txid10090,Pvalb-T2A-CreERT2;Ai166,cell morphology,fMOST,SSp-ul,cells,1,SEU-Allen Joint Center,Hanchuan Peng,,zeng_fmost,BIL,/bil/proj/u19zeng/fMOST_terafly/mouseID_396476-18868,,,82,Female,,https://download.neuroxiv.org/SEU-A1876/SEU-ALLEN_full_18868_3977_x25824_y7160_CCFv3.swc,https://neuroxiv.org/?id=SEU-ALLEN_full_18868_3977_x25824_y7160_CCFv3,5099.92,1965.2,3417.77
18868_3981_x30626_y12403,18868,mouse,NCBI:txid10090,Pvalb-T2A-CreERT2;Ai166,cell morphology,fMOST,SSs,cells,1,SEU-Allen Joint Center,Hanchuan Peng,,zeng_fmost,BIL,/bil/proj/u19zeng/fMOST_terafly/mouseID_396476-18868,,,82,Female,,https://download.neuroxiv.org/SEU-A1876/SEU-ALLEN_full_18868_3981_x30626_y12403_CCFv3.swc,https://neuroxiv.org/?id=SEU-ALLEN_full_18868_3981_x30626_y12403_CCFv3,4964.77,3929.4,1680.78
18868_4041_x10632_y7193,18868,mouse,NCBI:txid10090,Pvalb-T2A-CreERT2;Ai166,cell morphology,fMOST,SSp-ul,cells,1,SEU-Allen Joint Center,Hanchuan Peng,,zeng_fmost,BIL,/bil/proj/u19zeng/fMOST_terafly/mouseID_396476-18868,,,82,Female,,https://download.neuroxiv.org/SEU-A1876/SEU-ALLEN_full_18868_4041_x10632_y7193_CCFv3.swc,https://neuroxiv.org/?id=SEU-ALLEN_full_18868_4041_x10632_y7193_CCFv3,4992.5,1946.1,7874.8
18868_4047_x27203_y7787,18868,mouse,NCBI:txid10090,Pvalb-T2A-CreERT2;Ai166,cell morphology,fMOST,SSp-ul,cells,1,SEU-Allen Joint Center,Hanchuan Peng,,zeng_fmost,BIL,/bil/proj/u19zeng/fMOST_terafly/mouseID_396476-18868,,,82,Female,,https://download.neuroxiv.org/SEU-A1876/SEU-ALLEN_full_18868_4047_x27203_y7787_CCFv3.swc,https://neuroxiv.org/?id=SEU-ALLEN_full_18868_4047_x27203_y7787_CCFv3,5208.6,2236.65,2983.77
18868_4132_x11881_y6094,18868,mouse,NCBI:txid10090,Pvalb-T2A-CreERT2;Ai166,cell morphology,fMOST,MOp,cells,1,SEU-Allen Joint Center,Hanchuan Peng,,zeng_fmost,BIL,/bil/proj/u19zeng/fMOST_terafly/mouseID_396476-18868,,,82,Female,,https://download.neuroxiv.org/SEU-A1876/SEU-ALLEN_full_18868_4132_x11881_y6094_CCFv3.swc,https://neuroxiv.org/?id=SEU-ALLEN_full_18868_4132_x11881_y6094_CCFv3,5159.65,1697.62,7476.15
18868_4192_x10967_y7007,18868,mouse,NCBI:txid10090,Pvalb-T2A-CreERT2;Ai166,cell morphology,fMOST,SSp-ul,cells,1,SEU-Allen Joint Center,Hanchuan Peng,,zeng_fmost,BIL,/bil/proj/u19zeng/fMOST_terafly/mouseID_396476-18868,,,82,Female,,https://download.neuroxiv.org/SEU-A1876/SEU-ALLEN_full_18868_4192_x10967_y7007_CCFv3.swc,https://neuroxiv.org/?id=SEU-ALLEN_full_18868_4192_x10967_y7007_CCFv3,5228.85,1845.7,7759.2
18868_4221_x5685_y12199,18868,mouse,NCBI:txid10090,Pvalb-T2A-CreERT2;Ai166,cell morphology,fMOST,SSs,cells,1,SEU-Allen Joint Center,Hanchuan Peng,,zeng_fmost,BIL,/bil/proj/u19zeng/fMOST_terafly/mouseID_396476-18868,,,82,Female,,https://download.neuroxiv.org/SEU-A1876/SEU-ALLEN_full_18868_4221_x5685_y12199_CCFv3.swc,https://neuroxiv.org/?id=SEU-ALLEN_full_18868_4221_x5685_y12199_CCFv3,4884.77,3912.7,9616.1
18868_4317_x23980_y6346,18868,mouse,NCBI:txid10090,Pvalb-T2A-CreERT2;Ai166,cell morphology,fMOST,SSp-ll,cells,1,SEU-Allen Joint Center,Hanchuan Peng,,zeng_fmost,BIL,/bil/proj/u19zeng/fMOST_terafly/mouseID_396476-18868,,,82,Female,,https://download.neuroxiv.org/SEU-A1876/SEU-ALLEN_full_18868_4317_x23980_y6346_CCFv3.swc,https://neuroxiv.org/?id=SEU-ALLEN_full_18868_4317_x23980_y6346_CCFv3,5550.35,1572.43,4040.5
18868_4341_x30419_y10114,18868,mouse,NCBI:txid10090,Pvalb-T2A-CreERT2;Ai166,cell morphology,fMOST,SSp-n,cells,1,SEU-Allen Joint Center,Hanchuan Peng,,zeng_fmost,BIL,/bil/proj/u19zeng/fMOST_terafly/mouseID_396476-18868,,,82,Female,,https://download.neuroxiv.org/SEU-A1876/SEU-ALLEN_full_18868_4341_x30419_y10114_CCFv3.swc,https://neuroxiv.org/?id=SEU-ALLEN_full_18868_4341_x30419_y10114_CCFv3,5524.8,3126,1881.93
18868_4430_x9829_y7185,18868,mouse,NCBI:txid10090,Pvalb-T2A-CreERT2;Ai166,cell morphology,fMOST,SSp-ul,cells,1,SEU-Allen Joint Center,Hanchuan Peng,,zeng_fmost,BIL,/bil/proj/u19zeng/fMOST_terafly/mouseID_396476-18868,,,82,Female,,https://download.neuroxiv.org/SEU-A1876/SEU-ALLEN_full_18868_4430_x9829_y7185_CCFv3.swc,https://neuroxiv.org/?id=SEU-ALLEN_full_18868_4430_x9829_y7185_CCFv3,5499.95,1918.7,8110.75
18868_4434_x10947_y6887,18868,mouse,NCBI:txid10090,Pvalb-T2A-CreERT2;Ai166,cell morphology,fMOST,SSp-ul,cells,1,SEU-Allen Joint Center,Hanchuan Peng,,zeng_fmost,BIL,/bil/proj/u19zeng/fMOST_terafly/mouseID_396476-18868,,,82,Female,,https://download.neuroxiv.org/SEU-A1876/SEU-ALLEN_full_18868_4434_x10947_y6887_CCFv3.swc,https://neuroxiv.org/?id=SEU-ALLEN_full_18868_4434_x10947_y6887_CCFv3,5536.5,1778.57,7756.5
18868_4464_x5477_y11004,18868,mouse,NCBI:txid10090,Pvalb-T2A-CreERT2;Ai166,cell morphology,fMOST,SSs,cells,1,SEU-Allen Joint Center,Hanchuan Peng,,zeng_fmost,BIL,/bil/proj/u19zeng/fMOST_terafly/mouseID_396476-18868,,,82,Female,,https://download.neuroxiv.org/SEU-A1876/SEU-ALLEN_full_18868_4464_x5477_y11004_CCFv3.swc,https://neuroxiv.org/?id=SEU-ALLEN_full_18868_4464_x5477_y11004_CCFv3,5239,3451.77,9658.95
18868_4517_x31548_y11591,18868,mouse,NCBI:txid10090,Pvalb-T2A-CreERT2;Ai166,cell morphology,fMOST,SSs,cells,1,SEU-Allen Joint Center,Hanchuan Peng,,zeng_fmost,BIL,/bil/proj/u19zeng/fMOST_terafly/mouseID_396476-18868,,,82,Female,,https://download.neuroxiv.org/SEU-A1876/SEU-ALLEN_full_18868_4517_x31548_y11591_CCFv3.swc,https://neuroxiv.org/?id=SEU-ALLEN_full_18868_4517_x31548_y11591_CCFv3,5690.38,3632.45,1434.62
18868_4523_x15124_y15767,18868,mouse,NCBI:txid10090,Pvalb-T2A-CreERT2;Ai166,cell morphology,fMOST,RT,cells,1,SEU-Allen Joint Center,Hanchuan Peng,,zeng_fmost,BIL,/bil/proj/u19zeng/fMOST_terafly/mouseID_396476-18868,,,82,Female,,https://download.neuroxiv.org/SEU-A1876/SEU-ALLEN_full_18868_4523_x15124_y15767_CCFv3.swc,https://neuroxiv.org/?id=SEU-ALLEN_full_18868_4523_x15124_y15767_CCFv3,5753.05,5284.92,6542
18868_4549_x5910_y9879,18868,mouse,NCBI:txid10090,Pvalb-T2A-CreERT2;Ai166,cell morphology,fMOST,SSp-m,cells,1,SEU-Allen Joint Center,Hanchuan Peng,,zeng_fmost,BIL,/bil/proj/u19zeng/fMOST_terafly/mouseID_396476-18868,,,82,Female,,https://download.neuroxiv.org/SEU-A1876/SEU-ALLEN_full_18868_4549_x5910_y9879_CCFv3.swc,https://neuroxiv.org/?id=SEU-ALLEN_full_18868_4549_x5910_y9879_CCFv3,5402.67,3012.8,9490.3
18868_4634_x13823_y16687,18868,mouse,NCBI:txid10090,Pvalb-T2A-CreERT2;Ai166,cell morphology,fMOST,RT,cells,1,SEU-Allen Joint Center,Hanchuan Peng,,zeng_fmost,BIL,/bil/proj/u19zeng/fMOST_terafly/mouseID_396476-18868,,,82,Female,,https://download.neuroxiv.org/SEU-A1876/SEU-ALLEN_full_18868_4634_x13823_y16687_CCFv3.swc,https://neuroxiv.org/?id=SEU-ALLEN_full_18868_4634_x13823_y16687_CCFv3,5797.85,5593.98,6972.1
18868_4648_x14941_y16268,18868,mouse,NCBI:txid10090,Pvalb-T2A-CreERT2;Ai166,cell morphology,fMOST,RT,cells,1,SEU-Allen Joint Center,Hanchuan Peng,,zeng_fmost,BIL,/bil/proj/u19zeng/fMOST_terafly/mouseID_396476-18868,,,82,Female,,https://download.neuroxiv.org/SEU-A1876/SEU-ALLEN_full_18868_4648_x14941_y16268_CCFv3.swc,https://neuroxiv.org/?id=SEU-ALLEN_full_18868_4648_x14941_y16268_CCFv3,5857.08,5471.73,6614.92
18868_4693_x13797_y16937,18868,mouse,NCBI:txid10090,Pvalb-T2A-CreERT2;Ai166,cell morphology,fMOST,RT,cells,1,SEU-Allen Joint Center,Hanchuan Peng,,zeng_fmost,BIL,/bil/proj/u19zeng/fMOST_terafly/mouseID_396476-18868,,,82,Female,,https://download.neuroxiv.org/SEU-A1876/SEU-ALLEN_full_18868_4693_x13797_y16937_CCFv3.swc,https://neuroxiv.org/?id=SEU-ALLEN_full_18868_4693_x13797_y16937_CCFv3,5844.17,5688.12,6986.98
18868_4706_x15828_y16760,18868,mouse,NCBI:txid10090,Pvalb-T2A-CreERT2;Ai166,cell morphology,fMOST,RT,cells,1,SEU-Allen Joint Center,Hanchuan Peng,,zeng_fmost,BIL,/bil/proj/u19zeng/fMOST_terafly/mouseID_396476-18868,,,82,Female,,https://download.neuroxiv.org/SEU-A1876/SEU-ALLEN_full_18868_4706_x15828_y16760_CCFv3.swc,https://neuroxiv.org/?id=SEU-ALLEN_full_18868_4706_x15828_y16760_CCFv3,5888.5,5670.1,6356.33
18868_4739_x28536_y7468,18868,mouse,NCBI:txid10090,Pvalb-T2A-CreERT2;Ai166,cell morphology,fMOST,SSp-bfd,cells,1,SEU-Allen Joint Center,Hanchuan Peng,,zeng_fmost,BIL,/bil/proj/u19zeng/fMOST_terafly/mouseID_396476-18868,,,82,Female,,https://download.neuroxiv.org/SEU-A1876/SEU-ALLEN_full_18868_4739_x28536_y7468_CCFv3.swc,https://neuroxiv.org/?id=SEU-ALLEN_full_18868_4739_x28536_y7468_CCFv3,6123.1,2098.73,2616.3
18868_4757_x15158_y16995,18868,mouse,NCBI:txid10090,Pvalb-T2A-CreERT2;Ai166,cell morphology,fMOST,RT,cells,1,SEU-Allen Joint Center,Hanchuan Peng,,zeng_fmost,BIL,/bil/proj/u19zeng/fMOST_terafly/mouseID_396476-18868,,,82,Female,,https://download.neuroxiv.org/SEU-A1876/SEU-ALLEN_full_18868_4757_x15158_y16995_CCFv3.swc,https://neuroxiv.org/?id=SEU-ALLEN_full_18868_4757_x15158_y16995_CCFv3,5924.85,5748.77,6565.25
18868_4803_x7002_y8311,18868,mouse,NCBI:txid10090,Pvalb-T2A-CreERT2;Ai166,cell morphology,fMOST,SSp-n,cells,1,SEU-Allen Joint Center,Hanchuan Peng,,zeng_fmost,BIL,/bil/proj/u19zeng/fMOST_terafly/mouseID_396476-18868,,,82,Female,,https://download.neuroxiv.org/SEU-A1876/SEU-ALLEN_full_18868_4803_x7002_y8311_CCFv3.swc,https://neuroxiv.org/?id=SEU-ALLEN_full_18868_4803_x7002_y8311_CCFv3,5853.45,2394.12,9069.77
18868_4818_x14513_y17030,18868,mouse,NCBI:txid10090,Pvalb-T2A-CreERT2;Ai166,cell morphology,fMOST,RT,cells,1,SEU-Allen Joint Center,Hanchuan Peng,,zeng_fmost,BIL,/bil/proj/u19zeng/fMOST_terafly/mouseID_396476-18868,,,82,Female,,https://download.neuroxiv.org/SEU-A1876/SEU-ALLEN_full_18868_4818_x14513_y17030_CCFv3.swc,https://neuroxiv.org/?id=SEU-ALLEN_full_18868_4818_x14513_y17030_CCFv3,5989,5755.08,6766.92
18868_4863_x31402_y10126,18868,mouse,NCBI:txid10090,Pvalb-T2A-CreERT2;Ai166,cell morphology,fMOST,SSs,cells,1,SEU-Allen Joint Center,Hanchuan Peng,,zeng_fmost,BIL,/bil/proj/u19zeng/fMOST_terafly/mouseID_396476-18868,,,82,Female,,https://download.neuroxiv.org/SEU-A1876/SEU-ALLEN_full_18868_4863_x31402_y10126_CCFv3.swc,https://neuroxiv.org/?id=SEU-ALLEN_full_18868_4863_x31402_y10126_CCFv3,6186.55,3123.38,1556.28
18868_4883_x27078_y6285,18868,mouse,NCBI:txid10090,Pvalb-T2A-CreERT2;Ai166,cell morphology,fMOST,SSp-bfd,cells,1,SEU-Allen Joint Center,Hanchuan Peng,,zeng_fmost,BIL,/bil/proj/u19zeng/fMOST_terafly/mouseID_396476-18868,,,82,Female,,https://download.neuroxiv.org/SEU-A1876/SEU-ALLEN_full_18868_4883_x27078_y6285_CCFv3.swc,https://neuroxiv.org/?id=SEU-ALLEN_full_18868_4883_x27078_y6285_CCFv3,6304.45,1555.5,3097.68
18868_5131_x7596_y7239,18868,mouse,NCBI:txid10090,Pvalb-T2A-CreERT2;Ai166,cell morphology,fMOST,SSp-bfd,cells,1,SEU-Allen Joint Center,Hanchuan Peng,,zeng_fmost,BIL,/bil/proj/u19zeng/fMOST_terafly/mouseID_396476-18868,,,82,Female,,https://download.neuroxiv.org/SEU-A1876/SEU-ALLEN_full_18868_5131_x7596_y7239_CCFv3.swc,https://neuroxiv.org/?id=SEU-ALLEN_full_18868_5131_x7596_y7239_CCFv3,6306.85,1920.03,8859.88
18868_5141_x8535_y6876,18868,mouse,NCBI:txid10090,Pvalb-T2A-CreERT2;Ai166,cell morphology,fMOST,SSp-bfd,cells,1,SEU-Allen Joint Center,Hanchuan Peng,,zeng_fmost,BIL,/bil/proj/u19zeng/fMOST_terafly/mouseID_396476-18868,,,82,Female,,https://download.neuroxiv.org/SEU-A1876/SEU-ALLEN_full_18868_5141_x8535_y6876_CCFv3.swc,https://neuroxiv.org/?id=SEU-ALLEN_full_18868_5141_x8535_y6876_CCFv3,6357.1,1757.93,8531.3
18868_5156_x9540_y6495,18868,mouse,NCBI:txid10090,Pvalb-T2A-CreERT2;Ai166,cell morphology,fMOST,SSp-bfd,cells,1,SEU-Allen Joint Center,Hanchuan Peng,,zeng_fmost,BIL,/bil/proj/u19zeng/fMOST_terafly/mouseID_396476-18868,,,82,Female,,https://download.neuroxiv.org/SEU-A1876/SEU-ALLEN_full_18868_5156_x9540_y6495_CCFv3.swc,https://neuroxiv.org/?id=SEU-ALLEN_full_18868_5156_x9540_y6495_CCFv3,6394.9,1586.28,8207.1
18868_5242_x9858_y5968,18868,mouse,NCBI:txid10090,Pvalb-T2A-CreERT2;Ai166,cell morphology,fMOST,SSp-bfd,cells,1,SEU-Allen Joint Center,Hanchuan Peng,,zeng_fmost,BIL,/bil/proj/u19zeng/fMOST_terafly/mouseID_396476-18868,,,82,Female,,https://download.neuroxiv.org/SEU-A1876/SEU-ALLEN_full_18868_5242_x9858_y5968_CCFv3.swc,https://neuroxiv.org/?id=SEU-ALLEN_full_18868_5242_x9858_y5968_CCFv3,6527.95,1354.18,8096.73
18868_5369_x19532_y5532,18868,mouse,NCBI:txid10090,Pvalb-T2A-CreERT2;Ai166,cell morphology,fMOST,RSPv,cells,1,SEU-Allen Joint Center,Hanchuan Peng,,zeng_fmost,BIL,/bil/proj/u19zeng/fMOST_terafly/mouseID_396476-18868,,,82,Female,,https://download.neuroxiv.org/SEU-A1876/SEU-ALLEN_full_18868_5369_x19532_y5532_CCFv3.swc,https://neuroxiv.org/?id=SEU-ALLEN_full_18868_5369_x19532_y5532_CCFv3,6864.25,1109.18,5375.02
18868_5397_x19819_y6085,18868,mouse,NCBI:txid10090,Pvalb-T2A-CreERT2;Ai166,cell morphology,fMOST,RSPv,cells,1,SEU-Allen Joint Center,Hanchuan Peng,,zeng_fmost,BIL,/bil/proj/u19zeng/fMOST_terafly/mouseID_396476-18868,,,82,Female,,https://download.neuroxiv.org/SEU-A1876/SEU-ALLEN_full_18868_5397_x19819_y6085_CCFv3.swc,https://neuroxiv.org/?id=SEU-ALLEN_full_18868_5397_x19819_y6085_CCFv3,6929.77,1422.35,5292.5
18868_5456_x7773_y6771,18868,mouse,NCBI:txid10090,Pvalb-T2A-CreERT2;Ai166,cell morphology,fMOST,SSp-bfd,cells,1,SEU-Allen Joint Center,Hanchuan Peng,,zeng_fmost,BIL,/bil/proj/u19zeng/fMOST_terafly/mouseID_396476-18868,,,82,Female,,https://download.neuroxiv.org/SEU-A1876/SEU-ALLEN_full_18868_5456_x7773_y6771_CCFv3.swc,https://neuroxiv.org/?id=SEU-ALLEN_full_18868_5456_x7773_y6771_CCFv3,6740.12,1709.62,8814.03
18868_5531_x7356_y7030,18868,mouse,NCBI:txid10090,Pvalb-T2A-CreERT2;Ai166,cell morphology,fMOST,SSp-bfd,cells,1,SEU-Allen Joint Center,Hanchuan Peng,,zeng_fmost,BIL,/bil/proj/u19zeng/fMOST_terafly/mouseID_396476-18868,,,82,Female,,https://download.neuroxiv.org/SEU-A1876/SEU-ALLEN_full_18868_5531_x7356_y7030_CCFv3.swc,https://neuroxiv.org/?id=SEU-ALLEN_full_18868_5531_x7356_y7030_CCFv3,6831.85,1827.9,8974.2
18868_5686_x9887_y5415,18868,mouse,NCBI:txid10090,Pvalb-T2A-CreERT2;Ai166,cell morphology,fMOST,SSp-bfd,cells,1,SEU-Allen Joint Center,Hanchuan Peng,,zeng_fmost,BIL,/bil/proj/u19zeng/fMOST_terafly/mouseID_396476-18868,,,82,Female,,https://download.neuroxiv.org/SEU-A1876/SEU-ALLEN_full_18868_5686_x9887_y5415_CCFv3.swc,https://neuroxiv.org/?id=SEU-ALLEN_full_18868_5686_x9887_y5415_CCFv3,7105.77,1164.93,8108.77
18868_5701_x9538_y5736,18868,mouse,NCBI:txid10090,Pvalb-T2A-CreERT2;Ai166,cell morphology,fMOST,SSp-bfd,cells,1,SEU-Allen Joint Center,Hanchuan Peng,,zeng_fmost,BIL,/bil/proj/u19zeng/fMOST_terafly/mouseID_396476-18868,,,82,Female,,https://download.neuroxiv.org/SEU-A1876/SEU-ALLEN_full_18868_5701_x9538_y5736_CCFv3.swc,https://neuroxiv.org/?id=SEU-ALLEN_full_18868_5701_x9538_y5736_CCFv3,7108.52,1300.97,8232.78
18868_5723_x7031_y7203,18868,mouse,NCBI:txid10090,Pvalb-T2A-CreERT2;Ai166,cell morphology,fMOST,SSs,cells,1,SEU-Allen Joint Center,Hanchuan Peng,,zeng_fmost,BIL,/bil/proj/u19zeng/fMOST_terafly/mouseID_396476-18868,,,82,Female,,https://download.neuroxiv.org/SEU-A1876/SEU-ALLEN_full_18868_5723_x7031_y7203_CCFv3.swc,https://neuroxiv.org/?id=SEU-ALLEN_full_18868_5723_x7031_y7203_CCFv3,7071.6,1911.35,9114.52
18868_5724_x8616_y5999,18868,mouse,NCBI:txid10090,Pvalb-T2A-CreERT2;Ai166,cell morphology,fMOST,SSp-bfd,cells,1,SEU-Allen Joint Center,Hanchuan Peng,,zeng_fmost,BIL,/bil/proj/u19zeng/fMOST_terafly/mouseID_396476-18868,,,82,Female,,https://download.neuroxiv.org/SEU-A1876/SEU-ALLEN_full_18868_5724_x8616_y5999_CCFv3.swc,https://neuroxiv.org/?id=SEU-ALLEN_full_18868_5724_x8616_y5999_CCFv3,7100.83,1407.65,8538.65
18868_5965_x17541_y6435,18868,mouse,NCBI:txid10090,Pvalb-T2A-CreERT2;Ai166,cell morphology,fMOST,RSPv,cells,1,SEU-Allen Joint Center,Hanchuan Peng,,zeng_fmost,BIL,/bil/proj/u19zeng/fMOST_terafly/mouseID_396476-18868,,,82,Female,,https://download.neuroxiv.org/SEU-A1876/SEU-ALLEN_full_18868_5965_x17541_y6435_CCFv3.swc,https://neuroxiv.org/?id=SEU-ALLEN_full_18868_5965_x17541_y6435_CCFv3,7648.58,1706.5,5933.6
18868_5983_x17523_y5085,18868,mouse,NCBI:txid10090,Pvalb-T2A-CreERT2;Ai166,cell morphology,fMOST,RSPv,cells,1,SEU-Allen Joint Center,Hanchuan Peng,,zeng_fmost,BIL,/bil/proj/u19zeng/fMOST_terafly/mouseID_396476-18868,,,82,Female,,https://download.neuroxiv.org/SEU-A1876/SEU-ALLEN_full_18868_5983_x17523_y5085_CCFv3.swc,https://neuroxiv.org/?id=SEU-ALLEN_full_18868_5983_x17523_y5085_CCFv3,7666.83,986,5950.77
18868_6000_x19811_y5444,18868,mouse,NCBI:txid10090,Pvalb-T2A-CreERT2;Ai166,cell morphology,fMOST,RSPv,cells,1,SEU-Allen Joint Center,Hanchuan Peng,,zeng_fmost,BIL,/bil/proj/u19zeng/fMOST_terafly/mouseID_396476-18868,,,82,Female,,https://download.neuroxiv.org/SEU-A1876/SEU-ALLEN_full_18868_6000_x19811_y5444_CCFv3.swc,https://neuroxiv.org/?id=SEU-ALLEN_full_18868_6000_x19811_y5444_CCFv3,7729.88,1179.55,5318.48
18868_6019_x9541_y5296,18868,mouse,NCBI:txid10090,Pvalb-T2A-CreERT2;Ai166,cell morphology,fMOST,VISrl,cells,1,SEU-Allen Joint Center,Hanchuan Peng,,zeng_fmost,BIL,/bil/proj/u19zeng/fMOST_terafly/mouseID_396476-18868,,,82,Female,,https://download.neuroxiv.org/SEU-A1876/SEU-ALLEN_full_18868_6019_x9541_y5296_CCFv3.swc,https://neuroxiv.org/?id=SEU-ALLEN_full_18868_6019_x9541_y5296_CCFv3,7528.98,1175.47,8238.35
18868_6196_x17668_y4955,18868,mouse,NCBI:txid10090,Pvalb-T2A-CreERT2;Ai166,cell morphology,fMOST,RSPv,cells,1,SEU-Allen Joint Center,Hanchuan Peng,,zeng_fmost,BIL,/bil/proj/u19zeng/fMOST_terafly/mouseID_396476-18868,,,82,Female,,https://download.neuroxiv.org/SEU-A1876/SEU-ALLEN_full_18868_6196_x17668_y4955_CCFv3.swc,https://neuroxiv.org/?id=SEU-ALLEN_full_18868_6196_x17668_y4955_CCFv3,7966.92,960.25,5921.1
18868_6405_x11428_y4397,18868,mouse,NCBI:txid10090,Pvalb-T2A-CreERT2;Ai166,cell morphology,fMOST,VISpm,cells,1,SEU-Allen Joint Center,Hanchuan Peng,,zeng_fmost,BIL,/bil/proj/u19zeng/fMOST_terafly/mouseID_396476-18868,,,82,Female,,https://download.neuroxiv.org/SEU-A1876/SEU-ALLEN_full_18868_6405_x11428_y4397_CCFv3.swc,https://neuroxiv.org/?id=SEU-ALLEN_full_18868_6405_x11428_y4397_CCFv3,8144.5,898.4,7678.42
18868_6757_x10353_y4324,18868,mouse,NCBI:txid10090,Pvalb-T2A-CreERT2;Ai166,cell morphology,fMOST,VISp,cells,1,SEU-Allen Joint Center,Hanchuan Peng,,zeng_fmost,BIL,/bil/proj/u19zeng/fMOST_terafly/mouseID_396476-18868,,,82,Female,,https://download.neuroxiv.org/SEU-A1876/SEU-ALLEN_full_18868_6757_x10353_y4324_CCFv3.swc,https://neuroxiv.org/?id=SEU-ALLEN_full_18868_6757_x10353_y4324_CCFv3,8626.78,936.125,8059.85
18868_7311_x22238_y17329,18868,mouse,NCBI:txid10090,Pvalb-T2A-CreERT2;Ai166,cell morphology,fMOST,TRN,cells,1,SEU-Allen Joint Center,Hanchuan Peng,,zeng_fmost,BIL,/bil/proj/u19zeng/fMOST_terafly/mouseID_396476-18868,,,82,Female,,https://download.neuroxiv.org/SEU-A1876/SEU-ALLEN_full_18868_7311_x22238_y17329_CCFv3.swc,https://neuroxiv.org/?id=SEU-ALLEN_full_18868_7311_x22238_y17329_CCFv3,9131.88,6117.33,4450.38
18869_00020,18869,mouse,NCBI:txid10090,Pvalb-T2A-CreERT2;Ai166,cell morphology,fMOST,PSV,cells,1,SEU-Allen Joint Center,Hanchuan Peng,,zeng_fmost,BIL,/bil/data/ee/01/ee01a74d90e26226/mouseID_396477-18869/,,,82,Female,,https://download.neuroxiv.org/SEU-A1876/SEU-ALLEN_full_18869_00020_CCFv3.swc,https://neuroxiv.org/?id=SEU-ALLEN_full_18869_00020_CCFv3,10333.8,5418.08,7885.85
18869_00024,18869,mouse,NCBI:txid10090,Pvalb-T2A-CreERT2;Ai166,cell morphology,fMOST,CP,cells,1,SEU-Allen Joint Center,Hanchuan Peng,,zeng_fmost,BIL,/bil/data/ee/01/ee01a74d90e26226/mouseID_396477-18869/,,,82,Female,,https://download.neuroxiv.org/SEU-A1876/SEU-ALLEN_full_18869_00024_CCFv3.swc,https://neuroxiv.org/?id=SEU-ALLEN_full_18869_00024_CCFv3,6222.42,5146.27,4123.8
18869_00025,18869,mouse,NCBI:txid10090,Pvalb-T2A-CreERT2;Ai166,cell morphology,fMOST,RT,cells,1,SEU-Allen Joint Center,Hanchuan Peng,,zeng_fmost,BIL,/bil/data/ee/01/ee01a74d90e26226/mouseID_396477-18869/,,,82,Female,,https://download.neuroxiv.org/SEU-A1876/SEU-ALLEN_full_18869_00025_CCFv3.swc,https://neuroxiv.org/?id=SEU-ALLEN_full_18869_00025_CCFv3,6105.9,4195.83,3898.9
18869_00028,18869,mouse,NCBI:txid10090,Pvalb-T2A-CreERT2;Ai166,cell morphology,fMOST,RT,cells,1,SEU-Allen Joint Center,Hanchuan Peng,,zeng_fmost,BIL,/bil/data/ee/01/ee01a74d90e26226/mouseID_396477-18869/,,,82,Female,,https://download.neuroxiv.org/SEU-A1876/SEU-ALLEN_full_18869_00028_CCFv3.swc,https://neuroxiv.org/?id=SEU-ALLEN_full_18869_00028_CCFv3,6653.8,4464.7,3420.65
18869_3064_x20999_y7621,18869,mouse,NCBI:txid10090,Pvalb-T2A-CreERT2;Ai166,cell morphology,fMOST,SSp-m,cells,1,SEU-Allen Joint Center,Hanchuan Peng,,zeng_fmost,BIL,/bil/data/ee/01/ee01a74d90e26226/mouseID_396477-18869/,,,82,Female,,https://download.neuroxiv.org/SEU-A1876/SEU-ALLEN_full_18869_3064_x20999_y7621_CCFv3.swc,https://neuroxiv.org/?id=SEU-ALLEN_full_18869_3064_x20999_y7621_CCFv3,4116.2,3747.25,2474.77
18869_3239_x6605_y6691,18869,mouse,NCBI:txid10090,Pvalb-T2A-CreERT2;Ai166,cell morphology,fMOST,SSp-m,cells,1,SEU-Allen Joint Center,Hanchuan Peng,,zeng_fmost,BIL,/bil/data/ee/01/ee01a74d90e26226/mouseID_396477-18869/,,,82,Female,,https://download.neuroxiv.org/SEU-A1876/SEU-ALLEN_full_18869_3239_x6605_y6691_CCFv3.swc,https://neuroxiv.org/?id=SEU-ALLEN_full_18869_3239_x6605_y6691_CCFv3,4231.75,3545.52,8970.17
18869_3263_x6927_y6229,18869,mouse,NCBI:txid10090,Pvalb-T2A-CreERT2;Ai166,cell morphology,fMOST,SSp-m,cells,1,SEU-Allen Joint Center,Hanchuan Peng,,zeng_fmost,BIL,/bil/data/ee/01/ee01a74d90e26226/mouseID_396477-18869/,,,82,Female,,https://download.neuroxiv.org/SEU-A1876/SEU-ALLEN_full_18869_3263_x6927_y6229_CCFv3.swc,https://neuroxiv.org/?id=SEU-ALLEN_full_18869_3263_x6927_y6229_CCFv3,4284.62,3293.52,8817.2
18869_3305_x6812_y6104,18869,mouse,NCBI:txid10090,Pvalb-T2A-CreERT2;Ai166,cell morphology,fMOST,SSp-m,cells,1,SEU-Allen Joint Center,Hanchuan Peng,,zeng_fmost,BIL,/bil/data/ee/01/ee01a74d90e26226/mouseID_396477-18869/,,,82,Female,,https://download.neuroxiv.org/SEU-A1876/SEU-ALLEN_full_18869_3305_x6812_y6104_CCFv3.swc,https://neuroxiv.org/?id=SEU-ALLEN_full_18869_3305_x6812_y6104_CCFv3,4312.42,3216.3,8880.5
18869_3321_x21485_y7678,18869,mouse,NCBI:txid10090,Pvalb-T2A-CreERT2;Ai166,cell morphology,fMOST,SSp-m,cells,1,SEU-Allen Joint Center,Hanchuan Peng,,zeng_fmost,BIL,/bil/data/ee/01/ee01a74d90e26226/mouseID_396477-18869/,,,82,Female,,https://download.neuroxiv.org/SEU-A1876/SEU-ALLEN_full_18869_3321_x21485_y7678_CCFv3.swc,https://neuroxiv.org/?id=SEU-ALLEN_full_18869_3321_x21485_y7678_CCFv3,4487.05,3731.05,2273.95
18869_3395_x6415_y6741,18869,mouse,NCBI:txid10090,Pvalb-T2A-CreERT2;Ai166,cell morphology,fMOST,SSp-m,cells,1,SEU-Allen Joint Center,Hanchuan Peng,,zeng_fmost,BIL,/bil/data/ee/01/ee01a74d90e26226/mouseID_396477-18869/,,,82,Female,,https://download.neuroxiv.org/SEU-A1876/SEU-ALLEN_full_18869_3395_x6415_y6741_CCFv3.swc,https://neuroxiv.org/?id=SEU-ALLEN_full_18869_3395_x6415_y6741_CCFv3,4451.3,3565.18,9064.2
18869_3398_x6248_y7047,18869,mouse,NCBI:txid10090,Pvalb-T2A-CreERT2;Ai166,cell morphology,fMOST,SSp-m,cells,1,SEU-Allen Joint Center,Hanchuan Peng,,zeng_fmost,BIL,/bil/data/ee/01/ee01a74d90e26226/mouseID_396477-18869/,,,82,Female,,https://download.neuroxiv.org/SEU-A1876/SEU-ALLEN_full_18869_3398_x6248_y7047_CCFv3.swc,https://neuroxiv.org/?id=SEU-ALLEN_full_18869_3398_x6248_y7047_CCFv3,4433.67,3737.68,9142.55
18869_3480_x6168_y6983,18869,mouse,NCBI:txid10090,Pvalb-T2A-CreERT2;Ai166,cell morphology,fMOST,SSp-m,cells,1,SEU-Allen Joint Center,Hanchuan Peng,,zeng_fmost,BIL,/bil/data/ee/01/ee01a74d90e26226/mouseID_396477-18869/,,,82,Female,,https://download.neuroxiv.org/SEU-A1876/SEU-ALLEN_full_18869_3480_x6168_y6983_CCFv3.swc,https://neuroxiv.org/?id=SEU-ALLEN_full_18869_3480_x6168_y6983_CCFv3,4556.77,3701.88,9184.28
18869_3482_x7077_y5660,18869,mouse,NCBI:txid10090,Pvalb-T2A-CreERT2;Ai166,cell morphology,fMOST,SSp-m,cells,1,SEU-Allen Joint Center,Hanchuan Peng,,zeng_fmost,BIL,/bil/data/ee/01/ee01a74d90e26226/mouseID_396477-18869/,,,82,Female,,https://download.neuroxiv.org/SEU-A1876/SEU-ALLEN_full_18869_3482_x7077_y5660_CCFv3.swc,https://neuroxiv.org/?id=SEU-ALLEN_full_18869_3482_x7077_y5660_CCFv3,4580.48,2957.88,8756.6
18869_3504_x6554_y5961,18869,mouse,NCBI:txid10090,Pvalb-T2A-CreERT2;Ai166,cell morphology,fMOST,SSp-m,cells,1,SEU-Allen Joint Center,Hanchuan Peng,,zeng_fmost,BIL,/bil/data/ee/01/ee01a74d90e26226/mouseID_396477-18869/,,,82,Female,,https://download.neuroxiv.org/SEU-A1876/SEU-ALLEN_full_18869_3504_x6554_y5961_CCFv3.swc,https://neuroxiv.org/?id=SEU-ALLEN_full_18869_3504_x6554_y5961_CCFv3,4553.25,3126.3,9012.95
18869_3506_x6250_y6810,18869,mouse,NCBI:txid10090,Pvalb-T2A-CreERT2;Ai166,cell morphology,fMOST,SSp-m,cells,1,SEU-Allen Joint Center,Hanchuan Peng,,zeng_fmost,BIL,/bil/data/ee/01/ee01a74d90e26226/mouseID_396477-18869/,,,82,Female,,https://download.neuroxiv.org/SEU-A1876/SEU-ALLEN_full_18869_3506_x6250_y6810_CCFv3.swc,https://neuroxiv.org/?id=SEU-ALLEN_full_18869_3506_x6250_y6810_CCFv3,4596.77,3610.73,9148.22
18869_3547_x21769_y7449,18869,mouse,NCBI:txid10090,Pvalb-T2A-CreERT2;Ai166,cell morphology,fMOST,SSp-m,cells,1,SEU-Allen Joint Center,Hanchuan Peng,,zeng_fmost,BIL,/bil/data/ee/01/ee01a74d90e26226/mouseID_396477-18869/,,,82,Female,,https://download.neuroxiv.org/SEU-A1876/SEU-ALLEN_full_18869_3547_x21769_y7449_CCFv3.swc,https://neuroxiv.org/?id=SEU-ALLEN_full_18869_3547_x21769_y7449_CCFv3,4790.02,3578.98,2178.98
18869_3590_x6132_y6798,18869,mouse,NCBI:txid10090,Pvalb-T2A-CreERT2;Ai166,cell morphology,fMOST,SSp-m,cells,1,SEU-Allen Joint Center,Hanchuan Peng,,zeng_fmost,BIL,/bil/data/ee/01/ee01a74d90e26226/mouseID_396477-18869/,,,82,Female,,https://download.neuroxiv.org/SEU-A1876/SEU-ALLEN_full_18869_3590_x6132_y6798_CCFv3.swc,https://neuroxiv.org/?id=SEU-ALLEN_full_18869_3590_x6132_y6798_CCFv3,4696.52,3602.57,9209.83
18869_3634_x20027_y5437,18869,mouse,NCBI:txid10090,Pvalb-T2A-CreERT2;Ai166,cell morphology,fMOST,SSp-m,cells,1,SEU-Allen Joint Center,Hanchuan Peng,,zeng_fmost,BIL,/bil/data/ee/01/ee01a74d90e26226/mouseID_396477-18869/,,,82,Female,,https://download.neuroxiv.org/SEU-A1876/SEU-ALLEN_full_18869_3634_x20027_y5437_CCFv3.swc,https://neuroxiv.org/?id=SEU-ALLEN_full_18869_3634_x20027_y5437_CCFv3,4975.48,2455.6,3160.05
18869_3634_x5750_y7170,18869,mouse,NCBI:txid10090,Pvalb-T2A-CreERT2;Ai166,cell morphology,fMOST,SSp-m,cells,1,SEU-Allen Joint Center,Hanchuan Peng,,zeng_fmost,BIL,/bil/data/ee/01/ee01a74d90e26226/mouseID_396477-18869/,,,82,Female,,https://download.neuroxiv.org/SEU-A1876/SEU-ALLEN_full_18869_3634_x5750_y7170_CCFv3.swc,https://neuroxiv.org/?id=SEU-ALLEN_full_18869_3634_x5750_y7170_CCFv3,4709.73,3802.43,9388.75
18869_3659_x21701_y7032,18869,mouse,NCBI:txid10090,Pvalb-T2A-CreERT2;Ai166,cell morphology,fMOST,SSp-m,cells,1,SEU-Allen Joint Center,Hanchuan Peng,,zeng_fmost,BIL,/bil/data/ee/01/ee01a74d90e26226/mouseID_396477-18869/,,,82,Female,,https://download.neuroxiv.org/SEU-A1876/SEU-ALLEN_full_18869_3659_x21701_y7032_CCFv3.swc,https://neuroxiv.org/?id=SEU-ALLEN_full_18869_3659_x21701_y7032_CCFv3,4955.35,3343.3,2253.57
18869_3701_x5589_y7633,18869,mouse,NCBI:txid10090,Pvalb-T2A-CreERT2;Ai166,cell morphology,fMOST,SSp-m,cells,1,SEU-Allen Joint Center,Hanchuan Peng,,zeng_fmost,BIL,/bil/data/ee/01/ee01a74d90e26226/mouseID_396477-18869/,,,82,Female,,https://download.neuroxiv.org/SEU-A1876/SEU-ALLEN_full_18869_3701_x5589_y7633_CCFv3.swc,https://neuroxiv.org/?id=SEU-ALLEN_full_18869_3701_x5589_y7633_CCFv3,4803.75,4057.1,9468.45
18869_3701_x7703_y4993,18869,mouse,NCBI:txid10090,Pvalb-T2A-CreERT2;Ai166,cell morphology,fMOST,SSp-m,cells,1,SEU-Allen Joint Center,Hanchuan Peng,,zeng_fmost,BIL,/bil/data/ee/01/ee01a74d90e26226/mouseID_396477-18869/,,,82,Female,,https://download.neuroxiv.org/SEU-A1876/SEU-ALLEN_full_18869_3701_x7703_y4993_CCFv3.swc,https://neuroxiv.org/?id=SEU-ALLEN_full_18869_3701_x7703_y4993_CCFv3,4885.05,2550.48,8466.47
18869_3741_x6284_y6163,18869,mouse,NCBI:txid10090,Pvalb-T2A-CreERT2;Ai166,cell morphology,fMOST,SSp-m,cells,1,SEU-Allen Joint Center,Hanchuan Peng,,zeng_fmost,BIL,/bil/data/ee/01/ee01a74d90e26226/mouseID_396477-18869/,,,82,Female,,https://download.neuroxiv.org/SEU-A1876/SEU-ALLEN_full_18869_3741_x6284_y6163_CCFv3.swc,https://neuroxiv.org/?id=SEU-ALLEN_full_18869_3741_x6284_y6163_CCFv3,4895.25,3240.2,9145.9
18869_3751_x5868_y6832,18869,mouse,NCBI:txid10090,Pvalb-T2A-CreERT2;Ai166,cell morphology,fMOST,SSp-m,cells,1,SEU-Allen Joint Center,Hanchuan Peng,,zeng_fmost,BIL,/bil/data/ee/01/ee01a74d90e26226/mouseID_396477-18869/,,,82,Female,,https://download.neuroxiv.org/SEU-A1876/SEU-ALLEN_full_18869_3751_x5868_y6832_CCFv3.swc,https://neuroxiv.org/?id=SEU-ALLEN_full_18869_3751_x5868_y6832_CCFv3,4888.42,3616.15,9344.55
18869_3761_x5335_y8118,18869,mouse,NCBI:txid10090,Pvalb-T2A-CreERT2;Ai166,cell morphology,fMOST,SSs,cells,1,SEU-Allen Joint Center,Hanchuan Peng,,zeng_fmost,BIL,/bil/data/ee/01/ee01a74d90e26226/mouseID_396477-18869/,,,82,Female,,https://download.neuroxiv.org/SEU-A1876/SEU-ALLEN_full_18869_3761_x5335_y8118_CCFv3.swc,https://neuroxiv.org/?id=SEU-ALLEN_full_18869_3761_x5335_y8118_CCFv3,4861.02,4320.27,9590.83
18869_3857_x22137_y7268,18869,mouse,NCBI:txid10090,Pvalb-T2A-CreERT2;Ai166,cell morphology,fMOST,SSp-m,cells,1,SEU-Allen Joint Center,Hanchuan Peng,,zeng_fmost,BIL,/bil/data/ee/01/ee01a74d90e26226/mouseID_396477-18869/,,,82,Female,,https://download.neuroxiv.org/SEU-A1876/SEU-ALLEN_full_18869_3857_x22137_y7268_CCFv3.swc,https://neuroxiv.org/?id=SEU-ALLEN_full_18869_3857_x22137_y7268_CCFv3,5222.23,3438.62,2063.85
18869_3937_x5000_y8198,18869,mouse,NCBI:txid10090,Pvalb-T2A-CreERT2;Ai166,cell morphology,fMOST,SSp-m,cells,1,SEU-Allen Joint Center,Hanchuan Peng,,zeng_fmost,BIL,/bil/data/ee/01/ee01a74d90e26226/mouseID_396477-18869/,,,82,Female,,https://download.neuroxiv.org/SEU-A1876/SEU-ALLEN_full_18869_3937_x5000_y8198_CCFv3.swc,https://neuroxiv.org/?id=SEU-ALLEN_full_18869_3937_x5000_y8198_CCFv3,5055.5,4362.67,9751.88
18869_4001_x4383_y7249,18869,mouse,NCBI:txid10090,Pvalb-T2A-CreERT2;Ai166,cell morphology,fMOST,SSs,cells,1,SEU-Allen Joint Center,Hanchuan Peng,,zeng_fmost,BIL,/bil/data/ee/01/ee01a74d90e26226/mouseID_396477-18869/,,,82,Female,,https://download.neuroxiv.org/SEU-A1876/SEU-ALLEN_full_18869_4001_x4383_y7249_CCFv3.swc,https://neuroxiv.org/?id=SEU-ALLEN_full_18869_4001_x4383_y7249_CCFv3,4998.55,3842.2,10059
18869_4026_x21667_y6102,18869,mouse,NCBI:txid10090,Pvalb-T2A-CreERT2;Ai166,cell morphology,fMOST,SSp-m,cells,1,SEU-Allen Joint Center,Hanchuan Peng,,zeng_fmost,BIL,/bil/data/ee/01/ee01a74d90e26226/mouseID_396477-18869/,,,82,Female,,https://download.neuroxiv.org/SEU-A1876/SEU-ALLEN_full_18869_4026_x21667_y6102_CCFv3.swc,https://neuroxiv.org/?id=SEU-ALLEN_full_18869_4026_x21667_y6102_CCFv3,5440.9,2783.3,2390.57
18869_4036_x8032_y4635,18869,mouse,NCBI:txid10090,Pvalb-T2A-CreERT2;Ai166,cell morphology,fMOST,SSp-ul,cells,1,SEU-Allen Joint Center,Hanchuan Peng,,zeng_fmost,BIL,/bil/data/ee/01/ee01a74d90e26226/mouseID_396477-18869/,,,82,Female,,https://download.neuroxiv.org/SEU-A1876/SEU-ALLEN_full_18869_4036_x8032_y4635_CCFv3.swc,https://neuroxiv.org/?id=SEU-ALLEN_full_18869_4036_x8032_y4635_CCFv3,5308.23,2319.73,8317.78
18869_4050_x21764_y6239,18869,mouse,NCBI:txid10090,Pvalb-T2A-CreERT2;Ai166,cell morphology,fMOST,SSp-m,cells,1,SEU-Allen Joint Center,Hanchuan Peng,,zeng_fmost,BIL,/bil/data/ee/01/ee01a74d90e26226/mouseID_396477-18869/,,,82,Female,,https://download.neuroxiv.org/SEU-A1876/SEU-ALLEN_full_18869_4050_x21764_y6239_CCFv3.swc,https://neuroxiv.org/?id=SEU-ALLEN_full_18869_4050_x21764_y6239_CCFv3,5488.52,2867.18,2341.52
18869_4054_x19963_y5080,18869,mouse,NCBI:txid10090,Pvalb-T2A-CreERT2;Ai166,cell morphology,fMOST,SSp-un,cells,1,SEU-Allen Joint Center,Hanchuan Peng,,zeng_fmost,BIL,/bil/data/ee/01/ee01a74d90e26226/mouseID_396477-18869/,,,82,Female,,https://download.neuroxiv.org/SEU-A1876/SEU-ALLEN_full_18869_4054_x19963_y5080_CCFv3.swc,https://neuroxiv.org/?id=SEU-ALLEN_full_18869_4054_x19963_y5080_CCFv3,5485.3,2235.6,3276.95
18869_4089_x6848_y5110,18869,mouse,NCBI:txid10090,Pvalb-T2A-CreERT2;Ai166,cell morphology,fMOST,SSp-m,cells,1,SEU-Allen Joint Center,Hanchuan Peng,,zeng_fmost,BIL,/bil/data/ee/01/ee01a74d90e26226/mouseID_396477-18869/,,,82,Female,,https://download.neuroxiv.org/SEU-A1876/SEU-ALLEN_full_18869_4089_x6848_y5110_CCFv3.swc,https://neuroxiv.org/?id=SEU-ALLEN_full_18869_4089_x6848_y5110_CCFv3,5339.73,2619.8,8880.08
18869_4091_x4807_y8065,18869,mouse,NCBI:txid10090,Pvalb-T2A-CreERT2;Ai166,cell morphology,fMOST,SSs,cells,1,SEU-Allen Joint Center,Hanchuan Peng,,zeng_fmost,BIL,/bil/data/ee/01/ee01a74d90e26226/mouseID_396477-18869/,,,82,Female,,https://download.neuroxiv.org/SEU-A1876/SEU-ALLEN_full_18869_4091_x4807_y8065_CCFv3.swc,https://neuroxiv.org/?id=SEU-ALLEN_full_18869_4091_x4807_y8065_CCFv3,5244.98,4291.88,9862.88
18869_4181_x21056_y5611,18869,mouse,NCBI:txid10090,Pvalb-T2A-CreERT2;Ai166,cell morphology,fMOST,SSp-m,cells,1,SEU-Allen Joint Center,Hanchuan Peng,,zeng_fmost,BIL,/bil/data/ee/01/ee01a74d90e26226/mouseID_396477-18869/,,,82,Female,,https://download.neuroxiv.org/SEU-A1876/SEU-ALLEN_full_18869_4181_x21056_y5611_CCFv3.swc,https://neuroxiv.org/?id=SEU-ALLEN_full_18869_4181_x21056_y5611_CCFv3,5698.25,2523.4,2762.27
18869_4184_x11041_y4195,18869,mouse,NCBI:txid10090,Pvalb-T2A-CreERT2;Ai166,cell morphology,fMOST,MOp,cells,1,SEU-Allen Joint Center,Hanchuan Peng,,zeng_fmost,BIL,/bil/data/ee/01/ee01a74d90e26226/mouseID_396477-18869/,,,82,Female,,https://download.neuroxiv.org/SEU-A1876/SEU-ALLEN_full_18869_4184_x11041_y4195_CCFv3.swc,https://neuroxiv.org/?id=SEU-ALLEN_full_18869_4184_x11041_y4195_CCFv3,5367.9,1852.72,6984.15
18869_4196_x21043_y5510,18869,mouse,NCBI:txid10090,Pvalb-T2A-CreERT2;Ai166,cell morphology,fMOST,SSp-m,cells,1,SEU-Allen Joint Center,Hanchuan Peng,,zeng_fmost,BIL,/bil/data/ee/01/ee01a74d90e26226/mouseID_396477-18869/,,,82,Female,,https://download.neuroxiv.org/SEU-A1876/SEU-ALLEN_full_18869_4196_x21043_y5510_CCFv3.swc,https://neuroxiv.org/?id=SEU-ALLEN_full_18869_4196_x21043_y5510_CCFv3,5679.55,2463.95,2763.7
18869_4253_x4991_y7023,18869,mouse,NCBI:txid10090,Pvalb-T2A-CreERT2;Ai166,cell morphology,fMOST,SSs,cells,1,SEU-Allen Joint Center,Hanchuan Peng,,zeng_fmost,BIL,/bil/data/ee/01/ee01a74d90e26226/mouseID_396477-18869/,,,82,Female,,https://download.neuroxiv.org/SEU-A1876/SEU-ALLEN_full_18869_4253_x4991_y7023_CCFv3.swc,https://neuroxiv.org/?id=SEU-ALLEN_full_18869_4253_x4991_y7023_CCFv3,5466.9,3720.82,9783.33
18869_4268_x10899_y9077,18869,mouse,NCBI:txid10090,Pvalb-T2A-CreERT2;Ai166,cell morphology,fMOST,RT,cells,1,SEU-Allen Joint Center,Hanchuan Peng,,zeng_fmost,BIL,/bil/data/ee/01/ee01a74d90e26226/mouseID_396477-18869/,,,82,Female,,https://download.neuroxiv.org/SEU-A1876/SEU-ALLEN_full_18869_4268_x10899_y9077_CCFv3.swc,https://neuroxiv.org/?id=SEU-ALLEN_full_18869_4268_x10899_y9077_CCFv3,5591.02,4520.9,6744.35
18869_4275_x8819_y9368,18869,mouse,NCBI:txid10090,Pvalb-T2A-CreERT2;Ai166,cell morphology,fMOST,CP,cells,1,SEU-Allen Joint Center,Hanchuan Peng,,zeng_fmost,BIL,/bil/data/ee/01/ee01a74d90e26226/mouseID_396477-18869/,,,82,Female,,https://download.neuroxiv.org/SEU-A1876/SEU-ALLEN_full_18869_4275_x8819_y9368_CCFv3.swc,https://neuroxiv.org/?id=SEU-ALLEN_full_18869_4275_x8819_y9368_CCFv3,5715.38,4849.1,7845.8
18869_4282_x22276_y6457,18869,mouse,NCBI:txid10090,Pvalb-T2A-CreERT2;Ai166,cell morphology,fMOST,SSp-n,cells,1,SEU-Allen Joint Center,Hanchuan Peng,,zeng_fmost,BIL,/bil/data/ee/01/ee01a74d90e26226/mouseID_396477-18869/,,,82,Female,,https://download.neuroxiv.org/SEU-A1876/SEU-ALLEN_full_18869_4282_x22276_y6457_CCFv3.swc,https://neuroxiv.org/?id=SEU-ALLEN_full_18869_4282_x22276_y6457_CCFv3,5808.98,2949.6,2135.65
18869_4301_x16815_y4413,18869,mouse,NCBI:txid10090,Pvalb-T2A-CreERT2;Ai166,cell morphology,fMOST,MOp,cells,1,SEU-Allen Joint Center,Hanchuan Peng,,zeng_fmost,BIL,/bil/data/ee/01/ee01a74d90e26226/mouseID_396477-18869/,,,82,Female,,https://download.neuroxiv.org/SEU-A1876/SEU-ALLEN_full_18869_4301_x16815_y4413_CCFv3.swc,https://neuroxiv.org/?id=SEU-ALLEN_full_18869_4301_x16815_y4413_CCFv3,5565.05,1788.78,4721
18869_4301_x20547_y5218,18869,mouse,NCBI:txid10090,Pvalb-T2A-CreERT2;Ai166,cell morphology,fMOST,SSp-un,cells,1,SEU-Allen Joint Center,Hanchuan Peng,,zeng_fmost,BIL,/bil/data/ee/01/ee01a74d90e26226/mouseID_396477-18869/,,,82,Female,,https://download.neuroxiv.org/SEU-A1876/SEU-ALLEN_full_18869_4301_x20547_y5218_CCFv3.swc,https://neuroxiv.org/?id=SEU-ALLEN_full_18869_4301_x20547_y5218_CCFv3,5835.77,2303.15,3038.93
18869_4302_x23433_y9053,18869,mouse,NCBI:txid10090,Pvalb-T2A-CreERT2;Ai166,cell morphology,fMOST,SSs,cells,1,SEU-Allen Joint Center,Hanchuan Peng,,zeng_fmost,BIL,/bil/data/ee/01/ee01a74d90e26226/mouseID_396477-18869/,,,82,Female,,https://download.neuroxiv.org/SEU-A1876/SEU-ALLEN_full_18869_4302_x23433_y9053_CCFv3.swc,https://neuroxiv.org/?id=SEU-ALLEN_full_18869_4302_x23433_y9053_CCFv3,5814.58,4345.08,1439.93
18869_4345_x7097_y4738,18869,mouse,NCBI:txid10090,Pvalb-T2A-CreERT2;Ai166,cell morphology,fMOST,SSp-n,cells,1,SEU-Allen Joint Center,Hanchuan Peng,,zeng_fmost,BIL,/bil/data/ee/01/ee01a74d90e26226/mouseID_396477-18869/,,,82,Female,,https://download.neuroxiv.org/SEU-A1876/SEU-ALLEN_full_18869_4345_x7097_y4738_CCFv3.swc,https://neuroxiv.org/?id=SEU-ALLEN_full_18869_4345_x7097_y4738_CCFv3,5640.6,2389,8770.8
18869_4347_x8166_y4281,18869,mouse,NCBI:txid10090,Pvalb-T2A-CreERT2;Ai166,cell morphology,fMOST,SSp-ul,cells,1,SEU-Allen Joint Center,Hanchuan Peng,,zeng_fmost,BIL,/bil/data/ee/01/ee01a74d90e26226/mouseID_396477-18869/,,,82,Female,,https://download.neuroxiv.org/SEU-A1876/SEU-ALLEN_full_18869_4347_x8166_y4281_CCFv3.swc,https://neuroxiv.org/?id=SEU-ALLEN_full_18869_4347_x8166_y4281_CCFv3,5619,2092,8266.58
18869_4371_x21382_y5522,18869,mouse,NCBI:txid10090,Pvalb-T2A-CreERT2;Ai166,cell morphology,fMOST,SSp-n,cells,1,SEU-Allen Joint Center,Hanchuan Peng,,zeng_fmost,BIL,/bil/data/ee/01/ee01a74d90e26226/mouseID_396477-18869/,,,82,Female,,https://download.neuroxiv.org/SEU-A1876/SEU-ALLEN_full_18869_4371_x21382_y5522_CCFv3.swc,https://neuroxiv.org/?id=SEU-ALLEN_full_18869_4371_x21382_y5522_CCFv3,5922.9,2438.35,2633.02
18869_4384_x15799_y10704,18869,mouse,NCBI:txid10090,Pvalb-T2A-CreERT2;Ai166,cell morphology,fMOST,RT,cells,1,SEU-Allen Joint Center,Hanchuan Peng,,zeng_fmost,BIL,/bil/data/ee/01/ee01a74d90e26226/mouseID_396477-18869/,,,82,Female,,https://download.neuroxiv.org/SEU-A1876/SEU-ALLEN_full_18869_4384_x15799_y10704_CCFv3.swc,https://neuroxiv.org/?id=SEU-ALLEN_full_18869_4384_x15799_y10704_CCFv3,5685.23,5377.3,4887
18869_4410_x8772_y3996,18869,mouse,NCBI:txid10090,Pvalb-T2A-CreERT2;Ai166,cell morphology,fMOST,SSp-ul,cells,1,SEU-Allen Joint Center,Hanchuan Peng,,zeng_fmost,BIL,/bil/data/ee/01/ee01a74d90e26226/mouseID_396477-18869/,,,82,Female,,https://download.neuroxiv.org/SEU-A1876/SEU-ALLEN_full_18869_4410_x8772_y3996_CCFv3.swc,https://neuroxiv.org/?id=SEU-ALLEN_full_18869_4410_x8772_y3996_CCFv3,5643.8,1891,7991.95
18869_4414_x15653_y4273,18869,mouse,NCBI:txid10090,Pvalb-T2A-CreERT2;Ai166,cell morphology,fMOST,MOs,cells,1,SEU-Allen Joint Center,Hanchuan Peng,,zeng_fmost,BIL,/bil/data/ee/01/ee01a74d90e26226/mouseID_396477-18869/,,,82,Female,,https://download.neuroxiv.org/SEU-A1876/SEU-ALLEN_full_18869_4414_x15653_y4273_CCFv3.swc,https://neuroxiv.org/?id=SEU-ALLEN_full_18869_4414_x15653_y4273_CCFv3,5599.9,1640.68,5199.3
18869_4419_x16667_y10498,18869,mouse,NCBI:txid10090,Pvalb-T2A-CreERT2;Ai166,cell morphology,fMOST,RT,cells,1,SEU-Allen Joint Center,Hanchuan Peng,,zeng_fmost,BIL,/bil/data/ee/01/ee01a74d90e26226/mouseID_396477-18869/,,,82,Female,,https://download.neuroxiv.org/SEU-A1876/SEU-ALLEN_full_18869_4419_x16667_y10498_CCFv3.swc,https://neuroxiv.org/?id=SEU-ALLEN_full_18869_4419_x16667_y10498_CCFv3,5746.83,5231.48,4534.85
18869_4426_x7611_y4421,18869,mouse,NCBI:txid10090,Pvalb-T2A-CreERT2;Ai166,cell morphology,fMOST,SSp-un,cells,1,SEU-Allen Joint Center,Hanchuan Peng,,zeng_fmost,BIL,/bil/data/ee/01/ee01a74d90e26226/mouseID_396477-18869/,,,82,Female,,https://download.neuroxiv.org/SEU-A1876/SEU-ALLEN_full_18869_4426_x7611_y4421_CCFv3.swc,https://neuroxiv.org/?id=SEU-ALLEN_full_18869_4426_x7611_y4421_CCFv3,5708.17,2184.95,8528.22
18869_4453_x9586_y8809,18869,mouse,NCBI:txid10090,Pvalb-T2A-CreERT2;Ai166,cell morphology,fMOST,RT,cells,1,SEU-Allen Joint Center,Hanchuan Peng,,zeng_fmost,BIL,/bil/data/ee/01/ee01a74d90e26226/mouseID_396477-18869/,,,82,Female,,https://download.neuroxiv.org/SEU-A1876/SEU-ALLEN_full_18869_4453_x9586_y8809_CCFv3.swc,https://neuroxiv.org/?id=SEU-ALLEN_full_18869_4453_x9586_y8809_CCFv3,5890.15,4386.75,7250.3
18869_4457_x17404_y9449,18869,mouse,NCBI:txid10090,Pvalb-T2A-CreERT2;Ai166,cell morphology,fMOST,RT,cells,1,SEU-Allen Joint Center,Hanchuan Peng,,zeng_fmost,BIL,/bil/data/ee/01/ee01a74d90e26226/mouseID_396477-18869/,,,82,Female,,https://download.neuroxiv.org/SEU-A1876/SEU-ALLEN_full_18869_4457_x17404_y9449_CCFv3.swc,https://neuroxiv.org/?id=SEU-ALLEN_full_18869_4457_x17404_y9449_CCFv3,5860.42,4581.65,4359.9
18869_4468_x23035_y7089,18869,mouse,NCBI:txid10090,Pvalb-T2A-CreERT2;Ai166,cell morphology,fMOST,SSp-n,cells,1,SEU-Allen Joint Center,Hanchuan Peng,,zeng_fmost,BIL,/bil/data/ee/01/ee01a74d90e26226/mouseID_396477-18869/,,,82,Female,,https://download.neuroxiv.org/SEU-A1876/SEU-ALLEN_full_18869_4468_x23035_y7089_CCFv3.swc,https://neuroxiv.org/?id=SEU-ALLEN_full_18869_4468_x23035_y7089_CCFv3,6054.48,3243.62,1753.82
18869_4469_x21852_y5924,18869,mouse,NCBI:txid10090,Pvalb-T2A-CreERT2;Ai166,cell morphology,fMOST,SSp-n,cells,1,SEU-Allen Joint Center,Hanchuan Peng,,zeng_fmost,BIL,/bil/data/ee/01/ee01a74d90e26226/mouseID_396477-18869/,,,82,Female,,https://download.neuroxiv.org/SEU-A1876/SEU-ALLEN_full_18869_4469_x21852_y5924_CCFv3.swc,https://neuroxiv.org/?id=SEU-ALLEN_full_18869_4469_x21852_y5924_CCFv3,6092.17,2649.65,2419.57
18869_4511_x11720_y4070,18869,mouse,NCBI:txid10090,Pvalb-T2A-CreERT2;Ai166,cell morphology,fMOST,MOp,cells,1,SEU-Allen Joint Center,Hanchuan Peng,,zeng_fmost,BIL,/bil/data/ee/01/ee01a74d90e26226/mouseID_396477-18869/,,,82,Female,,https://download.neuroxiv.org/SEU-A1876/SEU-ALLEN_full_18869_4511_x11720_y4070_CCFv3.swc,https://neuroxiv.org/?id=SEU-ALLEN_full_18869_4511_x11720_y4070_CCFv3,5698.67,1743.05,6727.8
18869_4520_x23555_y8194,18869,mouse,NCBI:txid10090,Pvalb-T2A-CreERT2;Ai166,cell morphology,fMOST,SSs,cells,1,SEU-Allen Joint Center,Hanchuan Peng,,zeng_fmost,BIL,/bil/data/ee/01/ee01a74d90e26226/mouseID_396477-18869/,,,82,Female,,https://download.neuroxiv.org/SEU-A1876/SEU-ALLEN_full_18869_4520_x23555_y8194_CCFv3.swc,https://neuroxiv.org/?id=SEU-ALLEN_full_18869_4520_x23555_y8194_CCFv3,6104.1,3844.73,1452.62
18869_4550_x17965_y4177,18869,mouse,NCBI:txid10090,Pvalb-T2A-CreERT2;Ai166,cell morphology,fMOST,SSp-ll,cells,1,SEU-Allen Joint Center,Hanchuan Peng,,zeng_fmost,BIL,/bil/data/ee/01/ee01a74d90e26226/mouseID_396477-18869/,,,82,Female,,https://download.neuroxiv.org/SEU-A1876/SEU-ALLEN_full_18869_4550_x17965_y4177_CCFv3.swc,https://neuroxiv.org/?id=SEU-ALLEN_full_18869_4550_x17965_y4177_CCFv3,5873.17,1701.1,4255.98
18869_4550_x7203_y4574,18869,mouse,NCBI:txid10090,Pvalb-T2A-CreERT2;Ai166,cell morphology,fMOST,SSp-n,cells,1,SEU-Allen Joint Center,Hanchuan Peng,,zeng_fmost,BIL,/bil/data/ee/01/ee01a74d90e26226/mouseID_396477-18869/,,,82,Female,,https://download.neuroxiv.org/SEU-A1876/SEU-ALLEN_full_18869_4550_x7203_y4574_CCFv3.swc,https://neuroxiv.org/?id=SEU-ALLEN_full_18869_4550_x7203_y4574_CCFv3,5875.25,2292.45,8727.32
18869_4571_x10055_y8359,18869,mouse,NCBI:txid10090,Pvalb-T2A-CreERT2;Ai166,cell morphology,fMOST,RT,cells,1,SEU-Allen Joint Center,Hanchuan Peng,,zeng_fmost,BIL,/bil/data/ee/01/ee01a74d90e26226/mouseID_396477-18869/,,,82,Female,,https://download.neuroxiv.org/SEU-A1876/SEU-ALLEN_full_18869_4571_x10055_y8359_CCFv3.swc,https://neuroxiv.org/?id=SEU-ALLEN_full_18869_4571_x10055_y8359_CCFv3,5969.8,4043.77,6983.15
18869_4587_x23021_y6827,18869,mouse,NCBI:txid10090,Pvalb-T2A-CreERT2;Ai166,cell morphology,fMOST,SSs,cells,1,SEU-Allen Joint Center,Hanchuan Peng,,zeng_fmost,BIL,/bil/data/ee/01/ee01a74d90e26226/mouseID_396477-18869/,,,82,Female,,https://download.neuroxiv.org/SEU-A1876/SEU-ALLEN_full_18869_4587_x23021_y6827_CCFv3.swc,https://neuroxiv.org/?id=SEU-ALLEN_full_18869_4587_x23021_y6827_CCFv3,6229.23,3091.8,1800.05
18869_4599_x7153_y3640,18869,mouse,NCBI:txid10090,Pvalb-T2A-CreERT2;Ai166,cell morphology,fMOST,SSp-bfd,cells,1,SEU-Allen Joint Center,Hanchuan Peng,,zeng_fmost,BIL,/bil/data/ee/01/ee01a74d90e26226/mouseID_396477-18869/,,,82,Female,,https://download.neuroxiv.org/SEU-A1876/SEU-ALLEN_full_18869_4599_x7153_y3640_CCFv3.swc,https://neuroxiv.org/?id=SEU-ALLEN_full_18869_4599_x7153_y3640_CCFv3,5731.05,1659.15,8771.67
18869_4625_x5853_y5391,18869,mouse,NCBI:txid10090,Pvalb-T2A-CreERT2;Ai166,cell morphology,fMOST,SSp-n,cells,1,SEU-Allen Joint Center,Hanchuan Peng,,zeng_fmost,BIL,/bil/data/ee/01/ee01a74d90e26226/mouseID_396477-18869/,,,82,Female,,https://download.neuroxiv.org/SEU-A1876/SEU-ALLEN_full_18869_4625_x5853_y5391_CCFv3.swc,https://neuroxiv.org/?id=SEU-ALLEN_full_18869_4625_x5853_y5391_CCFv3,5962.52,2790.98,9386.67
18869_4629_x8451_y4031,18869,mouse,NCBI:txid10090,Pvalb-T2A-CreERT2;Ai166,cell morphology,fMOST,SSp-ul,cells,1,SEU-Allen Joint Center,Hanchuan Peng,,zeng_fmost,BIL,/bil/data/ee/01/ee01a74d90e26226/mouseID_396477-18869/,,,82,Female,,https://download.neuroxiv.org/SEU-A1876/SEU-ALLEN_full_18869_4629_x8451_y4031_CCFv3.swc,https://neuroxiv.org/?id=SEU-ALLEN_full_18869_4629_x8451_y4031_CCFv3,5916.52,1945.53,8151.92
18869_4662_x10221_y8547,18869,mouse,NCBI:txid10090,Pvalb-T2A-CreERT2;Ai166,cell morphology,fMOST,RT,cells,1,SEU-Allen Joint Center,Hanchuan Peng,,zeng_fmost,BIL,/bil/data/ee/01/ee01a74d90e26226/mouseID_396477-18869/,,,82,Female,,https://download.neuroxiv.org/SEU-A1876/SEU-ALLEN_full_18869_4662_x10221_y8547_CCFv3.swc,https://neuroxiv.org/?id=SEU-ALLEN_full_18869_4662_x10221_y8547_CCFv3,6069.88,4098.15,6970.27
18869_4693_x19236_y9148,18869,mouse,NCBI:txid10090,Pvalb-T2A-CreERT2;Ai166,cell morphology,fMOST,RT,cells,1,SEU-Allen Joint Center,Hanchuan Peng,,zeng_fmost,BIL,/bil/data/ee/01/ee01a74d90e26226/mouseID_396477-18869/,,,82,Female,,https://download.neuroxiv.org/SEU-A1876/SEU-ALLEN_full_18869_4693_x19236_y9148_CCFv3.swc,https://neuroxiv.org/?id=SEU-ALLEN_full_18869_4693_x19236_y9148_CCFv3,6292.88,4322.58,3622.6
18869_4722_x18329_y4110,18869,mouse,NCBI:txid10090,Pvalb-T2A-CreERT2;Ai166,cell morphology,fMOST,SSp-ll,cells,1,SEU-Allen Joint Center,Hanchuan Peng,,zeng_fmost,BIL,/bil/data/ee/01/ee01a74d90e26226/mouseID_396477-18869/,,,82,Female,,https://download.neuroxiv.org/SEU-A1876/SEU-ALLEN_full_18869_4722_x18329_y4110_CCFv3.swc,https://neuroxiv.org/?id=SEU-ALLEN_full_18869_4722_x18329_y4110_CCFv3,6074.4,1686.12,4114.42
18869_4727_x9851_y8415,18869,mouse,NCBI:txid10090,Pvalb-T2A-CreERT2;Ai166,cell morphology,fMOST,RT,cells,1,SEU-Allen Joint Center,Hanchuan Peng,,zeng_fmost,BIL,/bil/data/ee/01/ee01a74d90e26226/mouseID_396477-18869/,,,82,Female,,https://download.neuroxiv.org/SEU-A1876/SEU-ALLEN_full_18869_4727_x9851_y8415_CCFv3.swc,https://neuroxiv.org/?id=SEU-ALLEN_full_18869_4727_x9851_y8415_CCFv3,6152.2,4045.2,7124.52
18869_4764_x5211_y5995,18869,mouse,NCBI:txid10090,Pvalb-T2A-CreERT2;Ai166,cell morphology,fMOST,SSs,cells,1,SEU-Allen Joint Center,Hanchuan Peng,,zeng_fmost,BIL,/bil/data/ee/01/ee01a74d90e26226/mouseID_396477-18869/,,,82,Female,,https://download.neuroxiv.org/SEU-A1876/SEU-ALLEN_full_18869_4764_x5211_y5995_CCFv3.swc,https://neuroxiv.org/?id=SEU-ALLEN_full_18869_4764_x5211_y5995_CCFv3,6112.17,3135.65,9713.5
18869_4786_x18238_y10268,18869,mouse,NCBI:txid10090,Pvalb-T2A-CreERT2;Ai166,cell morphology,fMOST,RT,cells,1,SEU-Allen Joint Center,Hanchuan Peng,,zeng_fmost,BIL,/bil/data/ee/01/ee01a74d90e26226/mouseID_396477-18869/,,,82,Female,,https://download.neuroxiv.org/SEU-A1876/SEU-ALLEN_full_18869_4786_x18238_y10268_CCFv3.swc,https://neuroxiv.org/?id=SEU-ALLEN_full_18869_4786_x18238_y10268_CCFv3,6330.1,5018.3,3936
18869_4787_x8961_y9647,18869,mouse,NCBI:txid10090,Pvalb-T2A-CreERT2;Ai166,cell morphology,fMOST,RT,cells,1,SEU-Allen Joint Center,Hanchuan Peng,,zeng_fmost,BIL,/bil/data/ee/01/ee01a74d90e26226/mouseID_396477-18869/,,,82,Female,,https://download.neuroxiv.org/SEU-A1876/SEU-ALLEN_full_18869_4787_x8961_y9647_CCFv3.swc,https://neuroxiv.org/?id=SEU-ALLEN_full_18869_4787_x8961_y9647_CCFv3,6251.67,4918.17,7786.23
18869_4837_x18229_y3163,18869,mouse,NCBI:txid10090,Pvalb-T2A-CreERT2;Ai166,cell morphology,fMOST,SSp-tr,cells,1,SEU-Allen Joint Center,Hanchuan Peng,,zeng_fmost,BIL,/bil/data/ee/01/ee01a74d90e26226/mouseID_396477-18869/,,,82,Female,,https://download.neuroxiv.org/SEU-A1876/SEU-ALLEN_full_18869_4837_x18229_y3163_CCFv3.swc,https://neuroxiv.org/?id=SEU-ALLEN_full_18869_4837_x18229_y3163_CCFv3,6030.1,935.775,4124.8
18869_4841_x18666_y8144,18869,mouse,NCBI:txid10090,Pvalb-T2A-CreERT2;Ai166,cell morphology,fMOST,RT,cells,1,SEU-Allen Joint Center,Hanchuan Peng,,zeng_fmost,BIL,/bil/data/ee/01/ee01a74d90e26226/mouseID_396477-18869/,,,82,Female,,https://download.neuroxiv.org/SEU-A1876/SEU-ALLEN_full_18869_4841_x18666_y8144_CCFv3.swc,https://neuroxiv.org/?id=SEU-ALLEN_full_18869_4841_x18666_y8144_CCFv3,6387.33,3634.9,3896.93
18869_4848_x18620_y8132,18869,mouse,NCBI:txid10090,Pvalb-T2A-CreERT2;Ai166,cell morphology,fMOST,RT,cells,1,SEU-Allen Joint Center,Hanchuan Peng,,zeng_fmost,BIL,/bil/data/ee/01/ee01a74d90e26226/mouseID_396477-18869/,,,82,Female,,https://download.neuroxiv.org/SEU-A1876/SEU-ALLEN_full_18869_4848_x18620_y8132_CCFv3.swc,https://neuroxiv.org/?id=SEU-ALLEN_full_18869_4848_x18620_y8132_CCFv3,6384.02,3620.4,3921.25
18869_4883_x18883_y4120,18869,mouse,NCBI:txid10090,Pvalb-T2A-CreERT2;Ai166,cell morphology,fMOST,SSp-ll,cells,1,SEU-Allen Joint Center,Hanchuan Peng,,zeng_fmost,BIL,/bil/data/ee/01/ee01a74d90e26226/mouseID_396477-18869/,,,82,Female,,https://download.neuroxiv.org/SEU-A1876/SEU-ALLEN_full_18869_4883_x18883_y4120_CCFv3.swc,https://neuroxiv.org/?id=SEU-ALLEN_full_18869_4883_x18883_y4120_CCFv3,6285.1,1704.07,3888.57
18869_4890_x8926_y9583,18869,mouse,NCBI:txid10090,Pvalb-T2A-CreERT2;Ai166,cell morphology,fMOST,RT,cells,1,SEU-Allen Joint Center,Hanchuan Peng,,zeng_fmost,BIL,/bil/data/ee/01/ee01a74d90e26226/mouseID_396477-18869/,,,82,Female,,https://download.neuroxiv.org/SEU-A1876/SEU-ALLEN_full_18869_4890_x8926_y9583_CCFv3.swc,https://neuroxiv.org/?id=SEU-ALLEN_full_18869_4890_x8926_y9583_CCFv3,6374.35,4871.45,7786.8
18869_4912_x19648_y8510,18869,mouse,NCBI:txid10090,Pvalb-T2A-CreERT2;Ai166,cell morphology,fMOST,RT,cells,1,SEU-Allen Joint Center,Hanchuan Peng,,zeng_fmost,BIL,/bil/data/ee/01/ee01a74d90e26226/mouseID_396477-18869/,,,82,Female,,https://download.neuroxiv.org/SEU-A1876/SEU-ALLEN_full_18869_4912_x19648_y8510_CCFv3.swc,https://neuroxiv.org/?id=SEU-ALLEN_full_18869_4912_x19648_y8510_CCFv3,6546.75,3855.88,3448.43
18869_4953_x22613_y6076,18869,mouse,NCBI:txid10090,Pvalb-T2A-CreERT2;Ai166,cell morphology,fMOST,SSp-n,cells,1,SEU-Allen Joint Center,Hanchuan Peng,,zeng_fmost,BIL,/bil/data/ee/01/ee01a74d90e26226/mouseID_396477-18869/,,,82,Female,,https://download.neuroxiv.org/SEU-A1876/SEU-ALLEN_full_18869_4953_x22613_y6076_CCFv3.swc,https://neuroxiv.org/?id=SEU-ALLEN_full_18869_4953_x22613_y6076_CCFv3,6716.1,2678.32,2116.02
18869_4997_x13063_y4444,18869,mouse,NCBI:txid10090,Pvalb-T2A-CreERT2;Ai166,cell morphology,fMOST,RSPv,cells,1,SEU-Allen Joint Center,Hanchuan Peng,,zeng_fmost,BIL,/bil/data/ee/01/ee01a74d90e26226/mouseID_396477-18869/,,,82,Female,,https://download.neuroxiv.org/SEU-A1876/SEU-ALLEN_full_18869_4997_x13063_y4444_CCFv3.swc,https://neuroxiv.org/?id=SEU-ALLEN_full_18869_4997_x13063_y4444_CCFv3,6310.42,1866.55,6196.8
18869_5019_x5442_y5910,18869,mouse,NCBI:txid10090,Pvalb-T2A-CreERT2;Ai166,cell morphology,fMOST,SSs,cells,1,SEU-Allen Joint Center,Hanchuan Peng,,zeng_fmost,BIL,/bil/data/ee/01/ee01a74d90e26226/mouseID_396477-18869/,,,82,Female,,https://download.neuroxiv.org/SEU-A1876/SEU-ALLEN_full_18869_5019_x5442_y5910_CCFv3.swc,https://neuroxiv.org/?id=SEU-ALLEN_full_18869_5019_x5442_y5910_CCFv3,6481.83,3100.6,9618.72
18869_5024_x5544_y5480,18869,mouse,NCBI:txid10090,Pvalb-T2A-CreERT2;Ai166,cell morphology,fMOST,SSs,cells,1,SEU-Allen Joint Center,Hanchuan Peng,,zeng_fmost,BIL,/bil/data/ee/01/ee01a74d90e26226/mouseID_396477-18869/,,,82,Female,,https://download.neuroxiv.org/SEU-A1876/SEU-ALLEN_full_18869_5024_x5544_y5480_CCFv3.swc,https://neuroxiv.org/?id=SEU-ALLEN_full_18869_5024_x5544_y5480_CCFv3,6444.35,2838.65,9570.4
18869_5033_x23046_y6158,18869,mouse,NCBI:txid10090,Pvalb-T2A-CreERT2;Ai166,cell morphology,fMOST,SSp-n,cells,1,SEU-Allen Joint Center,Hanchuan Peng,,zeng_fmost,BIL,/bil/data/ee/01/ee01a74d90e26226/mouseID_396477-18869/,,,82,Female,,https://download.neuroxiv.org/SEU-A1876/SEU-ALLEN_full_18869_5033_x23046_y6158_CCFv3.swc,https://neuroxiv.org/?id=SEU-ALLEN_full_18869_5033_x23046_y6158_CCFv3,6788.7,2693.25,1888.28
18869_5108_x7688_y4065,18869,mouse,NCBI:txid10090,Pvalb-T2A-CreERT2;Ai166,cell morphology,fMOST,SSp-bfd,cells,1,SEU-Allen Joint Center,Hanchuan Peng,,zeng_fmost,BIL,/bil/data/ee/01/ee01a74d90e26226/mouseID_396477-18869/,,,82,Female,,https://download.neuroxiv.org/SEU-A1876/SEU-ALLEN_full_18869_5108_x7688_y4065_CCFv3.swc,https://neuroxiv.org/?id=SEU-ALLEN_full_18869_5108_x7688_y4065_CCFv3,6482.58,1996.55,8536.4
18869_5123_x17555_y3609,18869,mouse,NCBI:txid10090,Pvalb-T2A-CreERT2;Ai166,cell morphology,fMOST,RSPagl,cells,1,SEU-Allen Joint Center,Hanchuan Peng,,zeng_fmost,BIL,/bil/data/ee/01/ee01a74d90e26226/mouseID_396477-18869/,,,82,Female,,https://download.neuroxiv.org/SEU-A1876/SEU-ALLEN_full_18869_5123_x17555_y3609_CCFv3.swc,https://neuroxiv.org/?id=SEU-ALLEN_full_18869_5123_x17555_y3609_CCFv3,6464.08,1257.4,4468.55
18869_5126_x8617_y7685,18869,mouse,NCBI:txid10090,Pvalb-T2A-CreERT2;Ai166,cell morphology,fMOST,RT,cells,1,SEU-Allen Joint Center,Hanchuan Peng,,zeng_fmost,BIL,/bil/data/ee/01/ee01a74d90e26226/mouseID_396477-18869/,,,82,Female,,https://download.neuroxiv.org/SEU-A1876/SEU-ALLEN_full_18869_5126_x8617_y7685_CCFv3.swc,https://neuroxiv.org/?id=SEU-ALLEN_full_18869_5126_x8617_y7685_CCFv3,6599.77,3657.05,7877.58
18869_5150_x8933_y7652,18869,mouse,NCBI:txid10090,Pvalb-T2A-CreERT2;Ai166,cell morphology,fMOST,RT,cells,1,SEU-Allen Joint Center,Hanchuan Peng,,zeng_fmost,BIL,/bil/data/ee/01/ee01a74d90e26226/mouseID_396477-18869/,,,82,Female,,https://download.neuroxiv.org/SEU-A1876/SEU-ALLEN_full_18869_5150_x8933_y7652_CCFv3.swc,https://neuroxiv.org/?id=SEU-ALLEN_full_18869_5150_x8933_y7652_CCFv3,6614.4,3581.77,7719.08
18869_5213_x7186_y4274,18869,mouse,NCBI:txid10090,Pvalb-T2A-CreERT2;Ai166,cell morphology,fMOST,SSp-bfd,cells,1,SEU-Allen Joint Center,Hanchuan Peng,,zeng_fmost,BIL,/bil/data/ee/01/ee01a74d90e26226/mouseID_396477-18869/,,,82,Female,,https://download.neuroxiv.org/SEU-A1876/SEU-ALLEN_full_18869_5213_x7186_y4274_CCFv3.swc,https://neuroxiv.org/?id=SEU-ALLEN_full_18869_5213_x7186_y4274_CCFv3,6628.02,2125.3,8778.5
18869_5237_x7485_y4162,18869,mouse,NCBI:txid10090,Pvalb-T2A-CreERT2;Ai166,cell morphology,fMOST,SSp-bfd,cells,1,SEU-Allen Joint Center,Hanchuan Peng,,zeng_fmost,BIL,/bil/data/ee/01/ee01a74d90e26226/mouseID_396477-18869/,,,82,Female,,https://download.neuroxiv.org/SEU-A1876/SEU-ALLEN_full_18869_5237_x7485_y4162_CCFv3.swc,https://neuroxiv.org/?id=SEU-ALLEN_full_18869_5237_x7485_y4162_CCFv3,6655.92,2065.82,8637.08
18869_5286_x15761_y3297,18869,mouse,NCBI:txid10090,Pvalb-T2A-CreERT2;Ai166,cell morphology,fMOST,RSPv,cells,1,SEU-Allen Joint Center,Hanchuan Peng,,zeng_fmost,BIL,/bil/data/ee/01/ee01a74d90e26226/mouseID_396477-18869/,,,82,Female,,https://download.neuroxiv.org/SEU-A1876/SEU-ALLEN_full_18869_5286_x15761_y3297_CCFv3.swc,https://neuroxiv.org/?id=SEU-ALLEN_full_18869_5286_x15761_y3297_CCFv3,6552.88,924.7,5180.45
18869_5317_x6063_y4638,18869,mouse,NCBI:txid10090,Pvalb-T2A-CreERT2;Ai166,cell morphology,fMOST,SSp-bfd,cells,1,SEU-Allen Joint Center,Hanchuan Peng,,zeng_fmost,BIL,/bil/data/ee/01/ee01a74d90e26226/mouseID_396477-18869/,,,82,Female,,https://download.neuroxiv.org/SEU-A1876/SEU-ALLEN_full_18869_5317_x6063_y4638_CCFv3.swc,https://neuroxiv.org/?id=SEU-ALLEN_full_18869_5317_x6063_y4638_CCFv3,6732.42,2332.77,9340.08
18869_5343_x5414_y5337,18869,mouse,NCBI:txid10090,Pvalb-T2A-CreERT2;Ai166,cell morphology,fMOST,SSs,cells,1,SEU-Allen Joint Center,Hanchuan Peng,,zeng_fmost,BIL,/bil/data/ee/01/ee01a74d90e26226/mouseID_396477-18869/,,,82,Female,,https://download.neuroxiv.org/SEU-A1876/SEU-ALLEN_full_18869_5343_x5414_y5337_CCFv3.swc,https://neuroxiv.org/?id=SEU-ALLEN_full_18869_5343_x5414_y5337_CCFv3,6803.77,2757.55,9653.75
18869_5393_x8284_y3671,18869,mouse,NCBI:txid10090,Pvalb-T2A-CreERT2;Ai166,cell morphology,fMOST,SSp-bfd,cells,1,SEU-Allen Joint Center,Hanchuan Peng,,zeng_fmost,BIL,/bil/data/ee/01/ee01a74d90e26226/mouseID_396477-18869/,,,82,Female,,https://download.neuroxiv.org/SEU-A1876/SEU-ALLEN_full_18869_5393_x8284_y3671_CCFv3.swc,https://neuroxiv.org/?id=SEU-ALLEN_full_18869_5393_x8284_y3671_CCFv3,6757.55,1728.68,8277.22
18869_5418_x23277_y4971,18869,mouse,NCBI:txid10090,Pvalb-T2A-CreERT2;Ai166,cell morphology,fMOST,SSp-bfd,cells,1,SEU-Allen Joint Center,Hanchuan Peng,,zeng_fmost,BIL,/bil/data/ee/01/ee01a74d90e26226/mouseID_396477-18869/,,,82,Female,,https://download.neuroxiv.org/SEU-A1876/SEU-ALLEN_full_18869_5418_x23277_y4971_CCFv3.swc,https://neuroxiv.org/?id=SEU-ALLEN_full_18869_5418_x23277_y4971_CCFv3,7059.2,1892.18,1782.2
18869_5431_x21494_y4633,18869,mouse,NCBI:txid10090,Pvalb-T2A-CreERT2;Ai166,cell morphology,fMOST,SSp-bfd,cells,1,SEU-Allen Joint Center,Hanchuan Peng,,zeng_fmost,BIL,/bil/data/ee/01/ee01a74d90e26226/mouseID_396477-18869/,,,82,Female,,https://download.neuroxiv.org/SEU-A1876/SEU-ALLEN_full_18869_5431_x21494_y4633_CCFv3.swc,https://neuroxiv.org/?id=SEU-ALLEN_full_18869_5431_x21494_y4633_CCFv3,7078.8,1883.47,2701.73
18869_5444_x13271_y3998,18869,mouse,NCBI:txid10090,Pvalb-T2A-CreERT2;Ai166,cell morphology,fMOST,RSPv,cells,1,SEU-Allen Joint Center,Hanchuan Peng,,zeng_fmost,BIL,/bil/data/ee/01/ee01a74d90e26226/mouseID_396477-18869/,,,82,Female,,https://download.neuroxiv.org/SEU-A1876/SEU-ALLEN_full_18869_5444_x13271_y3998_CCFv3.swc,https://neuroxiv.org/?id=SEU-ALLEN_full_18869_5444_x13271_y3998_CCFv3,6835.6,1542.07,6132.1
18869_5482_x15126_y4142,18869,mouse,NCBI:txid10090,Pvalb-T2A-CreERT2;Ai166,cell morphology,fMOST,RSPv,cells,1,SEU-Allen Joint Center,Hanchuan Peng,,zeng_fmost,BIL,/bil/data/ee/01/ee01a74d90e26226/mouseID_396477-18869/,,,82,Female,,https://download.neuroxiv.org/SEU-A1876/SEU-ALLEN_full_18869_5482_x15126_y4142_CCFv3.swc,https://neuroxiv.org/?id=SEU-ALLEN_full_18869_5482_x15126_y4142_CCFv3,6940,1592.62,5490.35
18869_5553_x7275_y3994,18869,mouse,NCBI:txid10090,Pvalb-T2A-CreERT2;Ai166,cell morphology,fMOST,SSp-bfd,cells,1,SEU-Allen Joint Center,Hanchuan Peng,,zeng_fmost,BIL,/bil/data/ee/01/ee01a74d90e26226/mouseID_396477-18869/,,,82,Female,,https://download.neuroxiv.org/SEU-A1876/SEU-ALLEN_full_18869_5553_x7275_y3994_CCFv3.swc,https://neuroxiv.org/?id=SEU-ALLEN_full_18869_5553_x7275_y3994_CCFv3,6991.58,1947.1,8753.83
18869_5571_x8792_y4549,18869,mouse,NCBI:txid10090,Pvalb-T2A-CreERT2;Ai166,cell morphology,fMOST,CA3,cells,1,SEU-Allen Joint Center,Hanchuan Peng,,zeng_fmost,BIL,/bil/data/ee/01/ee01a74d90e26226/mouseID_396477-18869/,,,82,Female,,https://download.neuroxiv.org/SEU-A1876/SEU-ALLEN_full_18869_5571_x8792_y4549_CCFv3.swc,https://neuroxiv.org/?id=SEU-ALLEN_full_18869_5571_x8792_y4549_CCFv3,7057.88,2282.5,8016.48
18869_5684_x13521_y3699,18869,mouse,NCBI:txid10090,Pvalb-T2A-CreERT2;Ai166,cell morphology,fMOST,RSPv,cells,1,SEU-Allen Joint Center,Hanchuan Peng,,zeng_fmost,BIL,/bil/data/ee/01/ee01a74d90e26226/mouseID_396477-18869/,,,82,Female,,https://download.neuroxiv.org/SEU-A1876/SEU-ALLEN_full_18869_5684_x13521_y3699_CCFv3.swc,https://neuroxiv.org/?id=SEU-ALLEN_full_18869_5684_x13521_y3699_CCFv3,7111.38,1321.5,6062.55
18869_5692_x6534_y3440,18869,mouse,NCBI:txid10090,Pvalb-T2A-CreERT2;Ai166,cell morphology,fMOST,SSp-bfd,cells,1,SEU-Allen Joint Center,Hanchuan Peng,,zeng_fmost,BIL,/bil/data/ee/01/ee01a74d90e26226/mouseID_396477-18869/,,,82,Female,,https://download.neuroxiv.org/SEU-A1876/SEU-ALLEN_full_18869_5692_x6534_y3440_CCFv3.swc,https://neuroxiv.org/?id=SEU-ALLEN_full_18869_5692_x6534_y3440_CCFv3,7039.62,1513.05,9116.67
18869_5694_x15073_y4098,18869,mouse,NCBI:txid10090,Pvalb-T2A-CreERT2;Ai166,cell morphology,fMOST,RSPv,cells,1,SEU-Allen Joint Center,Hanchuan Peng,,zeng_fmost,BIL,/bil/data/ee/01/ee01a74d90e26226/mouseID_396477-18869/,,,82,Female,,https://download.neuroxiv.org/SEU-A1876/SEU-ALLEN_full_18869_5694_x15073_y4098_CCFv3.swc,https://neuroxiv.org/?id=SEU-ALLEN_full_18869_5694_x15073_y4098_CCFv3,7207.9,1593.82,5511.58
18869_5705_x4706_y6107,18869,mouse,NCBI:txid10090,Pvalb-T2A-CreERT2;Ai166,cell morphology,fMOST,AUDv,cells,1,SEU-Allen Joint Center,Hanchuan Peng,,zeng_fmost,BIL,/bil/data/ee/01/ee01a74d90e26226/mouseID_396477-18869/,,,82,Female,,https://download.neuroxiv.org/SEU-A1876/SEU-ALLEN_full_18869_5705_x4706_y6107_CCFv3.swc,https://neuroxiv.org/?id=SEU-ALLEN_full_18869_5705_x4706_y6107_CCFv3,7277.45,3224.05,9995.28
18869_5754_x7159_y3959,18869,mouse,NCBI:txid10090,Pvalb-T2A-CreERT2;Ai166,cell morphology,fMOST,SSp-bfd,cells,1,SEU-Allen Joint Center,Hanchuan Peng,,zeng_fmost,BIL,/bil/data/ee/01/ee01a74d90e26226/mouseID_396477-18869/,,,82,Female,,https://download.neuroxiv.org/SEU-A1876/SEU-ALLEN_full_18869_5754_x7159_y3959_CCFv3.swc,https://neuroxiv.org/?id=SEU-ALLEN_full_18869_5754_x7159_y3959_CCFv3,7237.45,1912.4,8807.55
18869_5802_x13547_y4406,18869,mouse,NCBI:txid10090,Pvalb-T2A-CreERT2;Ai166,cell morphology,fMOST,RSPv,cells,1,SEU-Allen Joint Center,Hanchuan Peng,,zeng_fmost,BIL,/bil/data/ee/01/ee01a74d90e26226/mouseID_396477-18869/,,,82,Female,,https://download.neuroxiv.org/SEU-A1876/SEU-ALLEN_full_18869_5802_x13547_y4406_CCFv3.swc,https://neuroxiv.org/?id=SEU-ALLEN_full_18869_5802_x13547_y4406_CCFv3,7334.42,1854.38,6057.17
18869_5941_x16325_y2938,18869,mouse,NCBI:txid10090,Pvalb-T2A-CreERT2;Ai166,cell morphology,fMOST,RSPv,cells,1,SEU-Allen Joint Center,Hanchuan Peng,,zeng_fmost,BIL,/bil/data/ee/01/ee01a74d90e26226/mouseID_396477-18869/,,,82,Female,,https://download.neuroxiv.org/SEU-A1876/SEU-ALLEN_full_18869_5941_x16325_y2938_CCFv3.swc,https://neuroxiv.org/?id=SEU-ALLEN_full_18869_5941_x16325_y2938_CCFv3,7434.05,752,4999.92
18869_5980_x7654_y3517,18869,mouse,NCBI:txid10090,Pvalb-T2A-CreERT2;Ai166,cell morphology,fMOST,SSp-bfd,cells,1,SEU-Allen Joint Center,Hanchuan Peng,,zeng_fmost,BIL,/bil/data/ee/01/ee01a74d90e26226/mouseID_396477-18869/,,,82,Female,,https://download.neuroxiv.org/SEU-A1876/SEU-ALLEN_full_18869_5980_x7654_y3517_CCFv3.swc,https://neuroxiv.org/?id=SEU-ALLEN_full_18869_5980_x7654_y3517_CCFv3,7484.75,1587.03,8579.72
18869_6076_x17177_y3306,18869,mouse,NCBI:txid10090,Pvalb-T2A-CreERT2;Ai166,cell morphology,fMOST,RSPagl,cells,1,SEU-Allen Joint Center,Hanchuan Peng,,zeng_fmost,BIL,/bil/data/ee/01/ee01a74d90e26226/mouseID_396477-18869/,,,82,Female,,https://download.neuroxiv.org/SEU-A1876/SEU-ALLEN_full_18869_6076_x17177_y3306_CCFv3.swc,https://neuroxiv.org/?id=SEU-ALLEN_full_18869_6076_x17177_y3306_CCFv3,7705.15,1057.22,4660.55
18869_6241_x19347_y3562,18869,mouse,NCBI:txid10090,Pvalb-T2A-CreERT2;Ai166,cell morphology,fMOST,VISp,cells,1,SEU-Allen Joint Center,Hanchuan Peng,,zeng_fmost,BIL,/bil/data/ee/01/ee01a74d90e26226/mouseID_396477-18869/,,,82,Female,,https://download.neuroxiv.org/SEU-A1876/SEU-ALLEN_full_18869_6241_x19347_y3562_CCFv3.swc,https://neuroxiv.org/?id=SEU-ALLEN_full_18869_6241_x19347_y3562_CCFv3,8011.38,1297.55,3752.8
18869_6291_x15236_y3478,18869,mouse,NCBI:txid10090,Pvalb-T2A-CreERT2;Ai166,cell morphology,fMOST,RSPv,cells,1,SEU-Allen Joint Center,Hanchuan Peng,,zeng_fmost,BIL,/bil/data/ee/01/ee01a74d90e26226/mouseID_396477-18869/,,,82,Female,,https://download.neuroxiv.org/SEU-A1876/SEU-ALLEN_full_18869_6291_x15236_y3478_CCFv3.swc,https://neuroxiv.org/?id=SEU-ALLEN_full_18869_6291_x15236_y3478_CCFv3,7949.12,1119.65,5424.35
18869_6454_x17703_y2478,18869,mouse,NCBI:txid10090,Pvalb-T2A-CreERT2;Ai166,cell morphology,fMOST,RSPagl,cells,1,SEU-Allen Joint Center,Hanchuan Peng,,zeng_fmost,BIL,/bil/data/ee/01/ee01a74d90e26226/mouseID_396477-18869/,,,82,Female,,https://download.neuroxiv.org/SEU-A1876/SEU-ALLEN_full_18869_6454_x17703_y2478_CCFv3.swc,https://neuroxiv.org/?id=SEU-ALLEN_full_18869_6454_x17703_y2478_CCFv3,8133.33,495.675,4432.27
18869_6732_x9649_y3919,18869,mouse,NCBI:txid10090,Pvalb-T2A-CreERT2;Ai166,cell morphology,fMOST,SUB,cells,1,SEU-Allen Joint Center,Hanchuan Peng,,zeng_fmost,BIL,/bil/data/ee/01/ee01a74d90e26226/mouseID_396477-18869/,,,82,Female,,https://download.neuroxiv.org/SEU-A1876/SEU-ALLEN_full_18869_6732_x9649_y3919_CCFv3.swc,https://neuroxiv.org/?id=SEU-ALLEN_full_18869_6732_x9649_y3919_CCFv3,8461.58,1797.88,7708.88
18869_6854_x10735_y2978,18869,mouse,NCBI:txid10090,Pvalb-T2A-CreERT2;Ai166,cell morphology,fMOST,VISp,cells,1,SEU-Allen Joint Center,Hanchuan Peng,,zeng_fmost,BIL,/bil/data/ee/01/ee01a74d90e26226/mouseID_396477-18869/,,,82,Female,,https://download.neuroxiv.org/SEU-A1876/SEU-ALLEN_full_18869_6854_x10735_y2978_CCFv3.swc,https://neuroxiv.org/?id=SEU-ALLEN_full_18869_6854_x10735_y2978_CCFv3,8573.7,1095.15,7253.4
18869_7121_x17742_y2862,18869,mouse,NCBI:txid10090,Pvalb-T2A-CreERT2;Ai166,cell morphology,fMOST,RSPagl,cells,1,SEU-Allen Joint Center,Hanchuan Peng,,zeng_fmost,BIL,/bil/data/ee/01/ee01a74d90e26226/mouseID_396477-18869/,,,82,Female,,https://download.neuroxiv.org/SEU-A1876/SEU-ALLEN_full_18869_7121_x17742_y2862_CCFv3.swc,https://neuroxiv.org/?id=SEU-ALLEN_full_18869_7121_x17742_y2862_CCFv3,9063.5,794.625,4393.77
18869_7358_x8916_y4859,18869,mouse,NCBI:txid10090,Pvalb-T2A-CreERT2;Ai166,cell morphology,fMOST,POST,cells,1,SEU-Allen Joint Center,Hanchuan Peng,,zeng_fmost,BIL,/bil/data/ee/01/ee01a74d90e26226/mouseID_396477-18869/,,,82,Female,,https://download.neuroxiv.org/SEU-A1876/SEU-ALLEN_full_18869_7358_x8916_y4859_CCFv3.swc,https://neuroxiv.org/?id=SEU-ALLEN_full_18869_7358_x8916_y4859_CCFv3,9326.83,2427.25,8070.25
18869_7472_x16444_y11009,18869,mouse,NCBI:txid10090,Pvalb-T2A-CreERT2;Ai166,cell morphology,fMOST,PRNr,cells,1,SEU-Allen Joint Center,Hanchuan Peng,,zeng_fmost,BIL,/bil/data/ee/01/ee01a74d90e26226/mouseID_396477-18869/,,,82,Female,,https://download.neuroxiv.org/SEU-A1876/SEU-ALLEN_full_18869_7472_x16444_y11009_CCFv3.swc,https://neuroxiv.org/?id=SEU-ALLEN_full_18869_7472_x16444_y11009_CCFv3,9718.45,5386.77,4710.25
18869_7986_x18907_y11037,18869,mouse,NCBI:txid10090,Pvalb-T2A-CreERT2;Ai166,cell morphology,fMOST,PSV,cells,1,SEU-Allen Joint Center,Hanchuan Peng,,zeng_fmost,BIL,/bil/data/ee/01/ee01a74d90e26226/mouseID_396477-18869/,,,82,Female,,https://download.neuroxiv.org/SEU-A1876/SEU-ALLEN_full_18869_7986_x18907_y11037_CCFv3.swc,https://neuroxiv.org/?id=SEU-ALLEN_full_18869_7986_x18907_y11037_CCFv3,10411.8,5343.58,3563.3
18869_7989_x9123_y9916,18869,mouse,NCBI:txid10090,Pvalb-T2A-CreERT2;Ai166,cell morphology,fMOST,PSV,cells,1,SEU-Allen Joint Center,Hanchuan Peng,,zeng_fmost,BIL,/bil/data/ee/01/ee01a74d90e26226/mouseID_396477-18869/,,,82,Female,,https://download.neuroxiv.org/SEU-A1876/SEU-ALLEN_full_18869_7989_x9123_y9916_CCFv3.swc,https://neuroxiv.org/?id=SEU-ALLEN_full_18869_7989_x9123_y9916_CCFv3,10192.7,5053.48,7933.33
191801_1996_x10466_y16907,191801,mouse,NCBI:txid10090,Cux2-CreERT2;Ai166,cell morphology,fMOST,AON,cells,1,SEU-Allen Joint Center,Hanchuan Peng,,zeng_fmost,BIL,/bil/data/df/75/df75626840c76c15/mouseID_420489-191801,,,82,Male,,https://download.neuroxiv.org/SEU-A1876/SEU-ALLEN_full_191801_1996_x10466_y16907_CCFv3.swc,https://neuroxiv.org/?id=SEU-ALLEN_full_191801_1996_x10466_y16907_CCFv3,2096.85,5341.17,6744.17
191801_3966_x14363_y10542,191801,mouse,NCBI:txid10090,Cux2-CreERT2;Ai166,cell morphology,fMOST,OT,cells,1,SEU-Allen Joint Center,Hanchuan Peng,,zeng_fmost,BIL,/bil/data/df/75/df75626840c76c15/mouseID_420489-191801,,,82,Male,,https://download.neuroxiv.org/SEU-A1876/SEU-ALLEN_full_191801_3966_x14363_y10542_CCFv3.swc,https://neuroxiv.org/?id=SEU-ALLEN_full_191801_3966_x14363_y10542_CCFv3,4618.15,7012.92,3630.07
191801_4180_x7440_y5386,191801,mouse,NCBI:txid10090,Cux2-CreERT2;Ai166,cell morphology,fMOST,SSp-m,cells,1,SEU-Allen Joint Center,Hanchuan Peng,,zeng_fmost,BIL,/bil/data/df/75/df75626840c76c15/mouseID_420489-191801,,,82,Male,,https://download.neuroxiv.org/SEU-A1876/SEU-ALLEN_full_191801_4180_x7440_y5386_CCFv3.swc,https://neuroxiv.org/?id=SEU-ALLEN_full_191801_4180_x7440_y5386_CCFv3,4910.42,2754.2,1829.22
191801_4228_x15043_y11097,191801,mouse,NCBI:txid10090,Cux2-CreERT2;Ai166,cell morphology,fMOST,OT,cells,1,SEU-Allen Joint Center,Hanchuan Peng,,zeng_fmost,BIL,/bil/data/df/75/df75626840c76c15/mouseID_420489-191801,,,82,Male,,https://download.neuroxiv.org/SEU-A1876/SEU-ALLEN_full_191801_4228_x15043_y11097_CCFv3.swc,https://neuroxiv.org/?id=SEU-ALLEN_full_191801_4228_x15043_y11097_CCFv3,4926.95,7449.25,3817.62
191801_4724_x4226_y10240,191801,mouse,NCBI:txid10090,Cux2-CreERT2;Ai166,cell morphology,fMOST,MOp,cells,1,SEU-Allen Joint Center,Hanchuan Peng,,zeng_fmost,BIL,/bil/data/df/75/df75626840c76c15/mouseID_420489-191801,,,82,Male,,https://download.neuroxiv.org/SEU-A1876/SEU-ALLEN_full_191801_4724_x4226_y10240_CCFv3.swc,https://neuroxiv.org/?id=SEU-ALLEN_full_191801_4724_x4226_y10240_CCFv3,5557.55,954.1,4333.6
191803_8254_x7045_y21580,191803,mouse,NCBI:txid10090,Cux2-CreERT2;Ai166,cell morphology,fMOST,PAR,cells,1,SEU-Allen Joint Center,Hanchuan Peng,,zeng_fmost,BIL,/bil/data/df/75/df75626840c76c15/mouseID_423019-191803,,,68,Male,,https://download.neuroxiv.org/SEU-A1876/SEU-ALLEN_full_191803_8254_x7045_y21580_CCFv3.swc,https://neuroxiv.org/?id=SEU-ALLEN_full_191803_8254_x7045_y21580_CCFv3,9964.85,3474.25,8633.88
191807_2469_x5431_y10056,191807,mouse,NCBI:txid10090,Fezf2-CreER;Ai166,cell morphology,fMOST,AId,cells,1,SEU-Allen Joint Center,Hanchuan Peng,,zeng_fmost,BIL,/bil/data/df/75/df75626840c76c15/mouseID_439168-191807,,,64,Male,,https://download.neuroxiv.org/SEU-A1876/SEU-ALLEN_full_191807_2469_x5431_y10056_CCFv3.swc,https://neuroxiv.org/?id=SEU-ALLEN_full_191807_2469_x5431_y10056_CCFv3,2499.98,3590.5,3789.88
191807_2729_x3750_y9965,191807,mouse,NCBI:txid10090,Fezf2-CreER;Ai166,cell morphology,fMOST,MOs,cells,1,SEU-Allen Joint Center,Hanchuan Peng,,zeng_fmost,BIL,/bil/data/df/75/df75626840c76c15/mouseID_439168-191807,,,64,Male,,https://download.neuroxiv.org/SEU-A1876/SEU-ALLEN_full_191807_2729_x3750_y9965_CCFv3.swc,https://neuroxiv.org/?id=SEU-ALLEN_full_191807_2729_x3750_y9965_CCFv3,2560.8,2629.68,3760.52
191807_3532_x4912_y7973,191807,mouse,NCBI:txid10090,Fezf2-CreER;Ai166,cell morphology,fMOST,MOp,cells,1,SEU-Allen Joint Center,Hanchuan Peng,,zeng_fmost,BIL,/bil/data/df/75/df75626840c76c15/mouseID_439168-191807,,,64,Male,,https://download.neuroxiv.org/SEU-A1876/SEU-ALLEN_full_191807_3532_x4912_y7973_CCFv3.swc,https://neuroxiv.org/?id=SEU-ALLEN_full_191807_3532_x4912_y7973_CCFv3,3712.3,2828.18,2874.05
191807_4114_x3589_y10280,191807,mouse,NCBI:txid10090,Fezf2-CreER;Ai166,cell morphology,fMOST,MOp,cells,1,SEU-Allen Joint Center,Hanchuan Peng,,zeng_fmost,BIL,/bil/data/df/75/df75626840c76c15/mouseID_439168-191807,,,64,Male,,https://download.neuroxiv.org/SEU-A1876/SEU-ALLEN_full_191807_4114_x3589_y10280_CCFv3.swc,https://neuroxiv.org/?id=SEU-ALLEN_full_191807_4114_x3589_y10280_CCFv3,4336.4,1843.5,3888.55
191807_4821_x3698_y18726,191807,mouse,NCBI:txid10090,Fezf2-CreER;Ai166,cell morphology,fMOST,SSp-ll,cells,1,SEU-Allen Joint Center,Hanchuan Peng,,zeng_fmost,BIL,/bil/data/df/75/df75626840c76c15/mouseID_439168-191807,,,64,Male,,https://download.neuroxiv.org/SEU-A1876/SEU-ALLEN_full_191807_4821_x3698_y18726_CCFv3.swc,https://neuroxiv.org/?id=SEU-ALLEN_full_191807_4821_x3698_y18726_CCFv3,5456.42,1650.65,7407.85
191807_4923_x7499_y24194,191807,mouse,NCBI:txid10090,Fezf2-CreER;Ai166,cell morphology,fMOST,SSs,cells,1,SEU-Allen Joint Center,Hanchuan Peng,,zeng_fmost,BIL,/bil/data/df/75/df75626840c76c15/mouseID_439168-191807,,,64,Male,,https://download.neuroxiv.org/SEU-A1876/SEU-ALLEN_full_191807_4923_x7499_y24194_CCFv3.swc,https://neuroxiv.org/?id=SEU-ALLEN_full_191807_4923_x7499_y24194_CCFv3,6316.1,3739.32,9655.83
191807_5031_x5620_y23074,191807,mouse,NCBI:txid10090,Fezf2-CreER;Ai166,cell morphology,fMOST,SSp-n,cells,1,SEU-Allen Joint Center,Hanchuan Peng,,zeng_fmost,BIL,/bil/data/df/75/df75626840c76c15/mouseID_439168-191807,,,64,Male,,https://download.neuroxiv.org/SEU-A1876/SEU-ALLEN_full_191807_5031_x5620_y23074_CCFv3.swc,https://neuroxiv.org/?id=SEU-ALLEN_full_191807_5031_x5620_y23074_CCFv3,6165.27,2738.18,9256.95
191807_5062_x6404_y23808,191807,mouse,NCBI:txid10090,Fezf2-CreER;Ai166,cell morphology,fMOST,SSs,cells,1,SEU-Allen Joint Center,Hanchuan Peng,,zeng_fmost,BIL,/bil/data/df/75/df75626840c76c15/mouseID_439168-191807,,,64,Male,,https://download.neuroxiv.org/SEU-A1876/SEU-ALLEN_full_191807_5062_x6404_y23808_CCFv3.swc,https://neuroxiv.org/?id=SEU-ALLEN_full_191807_5062_x6404_y23808_CCFv3,6302.4,3119.95,9545.05
191807_5178_x5002_y23078,191807,mouse,NCBI:txid10090,Fezf2-CreER;Ai166,cell morphology,fMOST,SSp-bfd,cells,1,SEU-Allen Joint Center,Hanchuan Peng,,zeng_fmost,BIL,/bil/data/df/75/df75626840c76c15/mouseID_439168-191807,,,64,Male,,https://download.neuroxiv.org/SEU-A1876/SEU-ALLEN_full_191807_5178_x5002_y23078_CCFv3.swc,https://neuroxiv.org/?id=SEU-ALLEN_full_191807_5178_x5002_y23078_CCFv3,6163.6,2316.57,9316.45
191807_5199_x3288_y11643,191807,mouse,NCBI:txid10090,Fezf2-CreER;Ai166,cell morphology,fMOST,MOp,cells,1,SEU-Allen Joint Center,Hanchuan Peng,,zeng_fmost,BIL,/bil/data/df/75/df75626840c76c15/mouseID_439168-191807,,,64,Male,,https://download.neuroxiv.org/SEU-A1876/SEU-ALLEN_full_191807_5199_x3288_y11643_CCFv3.swc,https://neuroxiv.org/?id=SEU-ALLEN_full_191807_5199_x3288_y11643_CCFv3,5659.5,1093.4,4449.02
191807_5629_x4661_y9410,191807,mouse,NCBI:txid10090,Fezf2-CreER;Ai166,cell morphology,fMOST,SSp-un,cells,1,SEU-Allen Joint Center,Hanchuan Peng,,zeng_fmost,BIL,/bil/data/df/75/df75626840c76c15/mouseID_439168-191807,,,64,Male,,https://download.neuroxiv.org/SEU-A1876/SEU-ALLEN_full_191807_5629_x4661_y9410_CCFv3.swc,https://neuroxiv.org/?id=SEU-ALLEN_full_191807_5629_x4661_y9410_CCFv3,6383.55,1564.68,3458.75
191807_5811_x3931_y20674,191807,mouse,NCBI:txid10090,Fezf2-CreER;Ai166,cell morphology,fMOST,SSp-bfd,cells,1,SEU-Allen Joint Center,Hanchuan Peng,,zeng_fmost,BIL,/bil/data/df/75/df75626840c76c15/mouseID_439168-191807,,,64,Male,,https://download.neuroxiv.org/SEU-A1876/SEU-ALLEN_full_191807_5811_x3931_y20674_CCFv3.swc,https://neuroxiv.org/?id=SEU-ALLEN_full_191807_5811_x3931_y20674_CCFv3,6753.67,1359.05,8185.67
191807_5921_x4355_y21421,191807,mouse,NCBI:txid10090,Fezf2-CreER;Ai166,cell morphology,fMOST,SSp-bfd,cells,1,SEU-Allen Joint Center,Hanchuan Peng,,zeng_fmost,BIL,/bil/data/df/75/df75626840c76c15/mouseID_439168-191807,,,64,Male,,https://download.neuroxiv.org/SEU-A1876/SEU-ALLEN_full_191807_5921_x4355_y21421_CCFv3.swc,https://neuroxiv.org/?id=SEU-ALLEN_full_191807_5921_x4355_y21421_CCFv3,6972.3,1585.32,8525.25
191812_2734_x6259_y10487,191812,mouse,NCBI:txid10090,Plxnd1-CreER;Ai166,cell morphology,fMOST,MOs,cells,1,SEU-Allen Joint Center,Hanchuan Peng,,zeng_fmost,BIL,/bil/data/df/75/df75626840c76c15/mouseID_380470-191812,,,85,Female,,https://download.neuroxiv.org/SEU-A1876/SEU-ALLEN_full_191812_2734_x6259_y10487_CCFv3.swc,https://neuroxiv.org/?id=SEU-ALLEN_full_191812_2734_x6259_y10487_CCFv3,3006.48,2295.55,3501.32
191812_2978_x7903_y22705,191812,mouse,NCBI:txid10090,Plxnd1-CreER;Ai166,cell morphology,fMOST,MOp,cells,1,SEU-Allen Joint Center,Hanchuan Peng,,zeng_fmost,BIL,/bil/data/df/75/df75626840c76c15/mouseID_380470-191812,,,85,Female,,https://download.neuroxiv.org/SEU-A1876/SEU-ALLEN_full_191812_2978_x7903_y22705_CCFv3.swc,https://neuroxiv.org/?id=SEU-ALLEN_full_191812_2978_x7903_y22705_CCFv3,3275.93,3515.77,8876.78
191812_3140_x5204_y12992,191812,mouse,NCBI:txid10090,Plxnd1-CreER;Ai166,cell morphology,fMOST,MOs,cells,1,SEU-Allen Joint Center,Hanchuan Peng,,zeng_fmost,BIL,/bil/data/df/75/df75626840c76c15/mouseID_380470-191812,,,85,Female,,https://download.neuroxiv.org/SEU-A1876/SEU-ALLEN_full_191812_3140_x5204_y12992_CCFv3.swc,https://neuroxiv.org/?id=SEU-ALLEN_full_191812_3140_x5204_y12992_CCFv3,3548.27,1577.95,4649.15
191812_3163_x6264_y21524,191812,mouse,NCBI:txid10090,Plxnd1-CreER;Ai166,cell morphology,fMOST,MOp,cells,1,SEU-Allen Joint Center,Hanchuan Peng,,zeng_fmost,BIL,/bil/data/df/75/df75626840c76c15/mouseID_380470-191812,,,85,Female,,https://download.neuroxiv.org/SEU-A1876/SEU-ALLEN_full_191812_3163_x6264_y21524_CCFv3.swc,https://neuroxiv.org/?id=SEU-ALLEN_full_191812_3163_x6264_y21524_CCFv3,3564.75,2568.35,8301.08
191812_3176_x5144_y19229,191812,mouse,NCBI:txid10090,Plxnd1-CreER;Ai166,cell morphology,fMOST,MOs,cells,1,SEU-Allen Joint Center,Hanchuan Peng,,zeng_fmost,BIL,/bil/data/df/75/df75626840c76c15/mouseID_380470-191812,,,85,Female,,https://download.neuroxiv.org/SEU-A1876/SEU-ALLEN_full_191812_3176_x5144_y19229_CCFv3.swc,https://neuroxiv.org/?id=SEU-ALLEN_full_191812_3176_x5144_y19229_CCFv3,3604.57,1841.57,7276.95
191812_3438_x6058_y10197,191812,mouse,NCBI:txid10090,Plxnd1-CreER;Ai166,cell morphology,fMOST,MOp,cells,1,SEU-Allen Joint Center,Hanchuan Peng,,zeng_fmost,BIL,/bil/data/df/75/df75626840c76c15/mouseID_380470-191812,,,85,Female,,https://download.neuroxiv.org/SEU-A1876/SEU-ALLEN_full_191812_3438_x6058_y10197_CCFv3.swc,https://neuroxiv.org/?id=SEU-ALLEN_full_191812_3438_x6058_y10197_CCFv3,4018.68,2035.15,3486.6
191812_3494_x7001_y8336,191812,mouse,NCBI:txid10090,Plxnd1-CreER;Ai166,cell morphology,fMOST,SSp-m,cells,1,SEU-Allen Joint Center,Hanchuan Peng,,zeng_fmost,BIL,/bil/data/df/75/df75626840c76c15/mouseID_380470-191812,,,85,Female,,https://download.neuroxiv.org/SEU-A1876/SEU-ALLEN_full_191812_3494_x7001_y8336_CCFv3.swc,https://neuroxiv.org/?id=SEU-ALLEN_full_191812_3494_x7001_y8336_CCFv3,3985.48,2573,2602.98
191812_3675_x8625_y6930,191812,mouse,NCBI:txid10090,Plxnd1-CreER;Ai166,cell morphology,fMOST,SSp-m,cells,1,SEU-Allen Joint Center,Hanchuan Peng,,zeng_fmost,BIL,/bil/data/df/75/df75626840c76c15/mouseID_380470-191812,,,85,Female,,https://download.neuroxiv.org/SEU-A1876/SEU-ALLEN_full_191812_3675_x8625_y6930_CCFv3.swc,https://neuroxiv.org/?id=SEU-ALLEN_full_191812_3675_x8625_y6930_CCFv3,4163.67,3500.2,1915.88
191812_3727_x4996_y18685,191812,mouse,NCBI:txid10090,Plxnd1-CreER;Ai166,cell morphology,fMOST,MOs,cells,1,SEU-Allen Joint Center,Hanchuan Peng,,zeng_fmost,BIL,/bil/data/df/75/df75626840c76c15/mouseID_380470-191812,,,85,Female,,https://download.neuroxiv.org/SEU-A1876/SEU-ALLEN_full_191812_3727_x4996_y18685_CCFv3.swc,https://neuroxiv.org/?id=SEU-ALLEN_full_191812_3727_x4996_y18685_CCFv3,4345.45,1648.9,6998.83
191812_3758_x8791_y24162,191812,mouse,NCBI:txid10090,Plxnd1-CreER;Ai166,cell morphology,fMOST,SSs,cells,1,SEU-Allen Joint Center,Hanchuan Peng,,zeng_fmost,BIL,/bil/data/df/75/df75626840c76c15/mouseID_380470-191812,,,85,Female,,https://download.neuroxiv.org/SEU-A1876/SEU-ALLEN_full_191812_3758_x8791_y24162_CCFv3.swc,https://neuroxiv.org/?id=SEU-ALLEN_full_191812_3758_x8791_y24162_CCFv3,4340.48,3947.75,9438.45
191812_3762_x9097_y24261,191812,mouse,NCBI:txid10090,Plxnd1-CreER;Ai166,cell morphology,fMOST,SSs,cells,1,SEU-Allen Joint Center,Hanchuan Peng,,zeng_fmost,BIL,/bil/data/df/75/df75626840c76c15/mouseID_380470-191812,,,85,Female,,https://download.neuroxiv.org/SEU-A1876/SEU-ALLEN_full_191812_3762_x9097_y24261_CCFv3.swc,https://neuroxiv.org/?id=SEU-ALLEN_full_191812_3762_x9097_y24261_CCFv3,4337.65,4105.05,9491.77
191812_3801_x5383_y20989,191812,mouse,NCBI:txid10090,Plxnd1-CreER;Ai166,cell morphology,fMOST,MOp,cells,1,SEU-Allen Joint Center,Hanchuan Peng,,zeng_fmost,BIL,/bil/data/df/75/df75626840c76c15/mouseID_380470-191812,,,85,Female,,https://download.neuroxiv.org/SEU-A1876/SEU-ALLEN_full_191812_3801_x5383_y20989_CCFv3.swc,https://neuroxiv.org/?id=SEU-ALLEN_full_191812_3801_x5383_y20989_CCFv3,4431.15,1971.7,7977.92
191812_3915_x8011_y24180,191812,mouse,NCBI:txid10090,Plxnd1-CreER;Ai166,cell morphology,fMOST,SSp-m,cells,1,SEU-Allen Joint Center,Hanchuan Peng,,zeng_fmost,BIL,/bil/data/df/75/df75626840c76c15/mouseID_380470-191812,,,85,Female,,https://download.neuroxiv.org/SEU-A1876/SEU-ALLEN_full_191812_3915_x8011_y24180_CCFv3.swc,https://neuroxiv.org/?id=SEU-ALLEN_full_191812_3915_x8011_y24180_CCFv3,4528.02,3533.73,9421.33
191812_3922_x8455_y6768,191812,mouse,NCBI:txid10090,Plxnd1-CreER;Ai166,cell morphology,fMOST,SSp-m,cells,1,SEU-Allen Joint Center,Hanchuan Peng,,zeng_fmost,BIL,/bil/data/df/75/df75626840c76c15/mouseID_380470-191812,,,85,Female,,https://download.neuroxiv.org/SEU-A1876/SEU-ALLEN_full_191812_3922_x8455_y6768_CCFv3.swc,https://neuroxiv.org/?id=SEU-ALLEN_full_191812_3922_x8455_y6768_CCFv3,4499.33,3386.1,1871.45
191812_4003_x5886_y22658,191812,mouse,NCBI:txid10090,Plxnd1-CreER;Ai166,cell morphology,fMOST,SSp-m,cells,1,SEU-Allen Joint Center,Hanchuan Peng,,zeng_fmost,BIL,/bil/data/df/75/df75626840c76c15/mouseID_380470-191812,,,85,Female,,https://download.neuroxiv.org/SEU-A1876/SEU-ALLEN_full_191812_4003_x5886_y22658_CCFv3.swc,https://neuroxiv.org/?id=SEU-ALLEN_full_191812_4003_x5886_y22658_CCFv3,4641.62,2313.35,8713.28
191812_4067_x7961_y6860,191812,mouse,NCBI:txid10090,Plxnd1-CreER;Ai166,cell morphology,fMOST,SSp-m,cells,1,SEU-Allen Joint Center,Hanchuan Peng,,zeng_fmost,BIL,/bil/data/df/75/df75626840c76c15/mouseID_380470-191812,,,85,Female,,https://download.neuroxiv.org/SEU-A1876/SEU-ALLEN_full_191812_4067_x7961_y6860_CCFv3.swc,https://neuroxiv.org/?id=SEU-ALLEN_full_191812_4067_x7961_y6860_CCFv3,4702,3097.05,1951.78
191812_4322_x7645_y6848,191812,mouse,NCBI:txid10090,Plxnd1-CreER;Ai166,cell morphology,fMOST,SSp-n,cells,1,SEU-Allen Joint Center,Hanchuan Peng,,zeng_fmost,BIL,/bil/data/df/75/df75626840c76c15/mouseID_380470-191812,,,85,Female,,https://download.neuroxiv.org/SEU-A1876/SEU-ALLEN_full_191812_4322_x7645_y6848_CCFv3.swc,https://neuroxiv.org/?id=SEU-ALLEN_full_191812_4322_x7645_y6848_CCFv3,5027.5,2909.23,1989.95
191812_4445_x5426_y10324,191812,mouse,NCBI:txid10090,Plxnd1-CreER;Ai166,cell morphology,fMOST,SSp-ll,cells,1,SEU-Allen Joint Center,Hanchuan Peng,,zeng_fmost,BIL,/bil/data/df/75/df75626840c76c15/mouseID_380470-191812,,,85,Female,,https://download.neuroxiv.org/SEU-A1876/SEU-ALLEN_full_191812_4445_x5426_y10324_CCFv3.swc,https://neuroxiv.org/?id=SEU-ALLEN_full_191812_4445_x5426_y10324_CCFv3,5226.42,1543.85,3636.77
191812_4446_x6677_y24393,191812,mouse,NCBI:txid10090,Plxnd1-CreER;Ai166,cell morphology,fMOST,SSp-n,cells,1,SEU-Allen Joint Center,Hanchuan Peng,,zeng_fmost,BIL,/bil/data/df/75/df75626840c76c15/mouseID_380470-191812,,,85,Female,,https://download.neuroxiv.org/SEU-A1876/SEU-ALLEN_full_191812_4446_x6677_y24393_CCFv3.swc,https://neuroxiv.org/?id=SEU-ALLEN_full_191812_4446_x6677_y24393_CCFv3,5178.55,2754.8,9482.65
191812_4664_x8027_y25176,191812,mouse,NCBI:txid10090,Plxnd1-CreER;Ai166,cell morphology,fMOST,SSs,cells,1,SEU-Allen Joint Center,Hanchuan Peng,,zeng_fmost,BIL,/bil/data/df/75/df75626840c76c15/mouseID_380470-191812,,,85,Female,,https://download.neuroxiv.org/SEU-A1876/SEU-ALLEN_full_191812_4664_x8027_y25176_CCFv3.swc,https://neuroxiv.org/?id=SEU-ALLEN_full_191812_4664_x8027_y25176_CCFv3,5480.38,3502.45,9816.62
191812_4686_x10891_y5452,191812,mouse,NCBI:txid10090,Plxnd1-CreER;Ai166,cell morphology,fMOST,VISC,cells,1,SEU-Allen Joint Center,Hanchuan Peng,,zeng_fmost,BIL,/bil/data/df/75/df75626840c76c15/mouseID_380470-191812,,,85,Female,,https://download.neuroxiv.org/SEU-A1876/SEU-ALLEN_full_191812_4686_x10891_y5452_CCFv3.swc,https://neuroxiv.org/?id=SEU-ALLEN_full_191812_4686_x10891_y5452_CCFv3,5426.67,4652.4,1268.57
191812_4775_x5212_y22490,191812,mouse,NCBI:txid10090,Plxnd1-CreER;Ai166,cell morphology,fMOST,SSp-un,cells,1,SEU-Allen Joint Center,Hanchuan Peng,,zeng_fmost,BIL,/bil/data/df/75/df75626840c76c15/mouseID_380470-191812,,,85,Female,,https://download.neuroxiv.org/SEU-A1876/SEU-ALLEN_full_191812_4775_x5212_y22490_CCFv3.swc,https://neuroxiv.org/?id=SEU-ALLEN_full_191812_4775_x5212_y22490_CCFv3,5635.23,1874.22,8602.12
191812_5154_x9610_y25921,191812,mouse,NCBI:txid10090,Plxnd1-CreER;Ai166,cell morphology,fMOST,VISC,cells,1,SEU-Allen Joint Center,Hanchuan Peng,,zeng_fmost,BIL,/bil/data/df/75/df75626840c76c15/mouseID_380470-191812,,,85,Female,,https://download.neuroxiv.org/SEU-A1876/SEU-ALLEN_full_191812_5154_x9610_y25921_CCFv3.swc,https://neuroxiv.org/?id=SEU-ALLEN_full_191812_5154_x9610_y25921_CCFv3,6084.73,4342.7,10112.8
191812_5158_x9017_y25877,191812,mouse,NCBI:txid10090,Plxnd1-CreER;Ai166,cell morphology,fMOST,SSs,cells,1,SEU-Allen Joint Center,Hanchuan Peng,,zeng_fmost,BIL,/bil/data/df/75/df75626840c76c15/mouseID_380470-191812,,,85,Female,,https://download.neuroxiv.org/SEU-A1876/SEU-ALLEN_full_191812_5158_x9017_y25877_CCFv3.swc,https://neuroxiv.org/?id=SEU-ALLEN_full_191812_5158_x9017_y25877_CCFv3,6072.77,4019.23,10101.2
191812_5219_x4127_y21100,191812,mouse,NCBI:txid10090,Plxnd1-CreER;Ai166,cell morphology,fMOST,SSp-ul,cells,1,SEU-Allen Joint Center,Hanchuan Peng,,zeng_fmost,BIL,/bil/data/df/75/df75626840c76c15/mouseID_380470-191812,,,85,Female,,https://download.neuroxiv.org/SEU-A1876/SEU-ALLEN_full_191812_5219_x4127_y21100_CCFv3.swc,https://neuroxiv.org/?id=SEU-ALLEN_full_191812_5219_x4127_y21100_CCFv3,6157.73,1192.35,8024.75
191812_5221_x9028_y25900,191812,mouse,NCBI:txid10090,Plxnd1-CreER;Ai166,cell morphology,fMOST,SSs,cells,1,SEU-Allen Joint Center,Hanchuan Peng,,zeng_fmost,BIL,/bil/data/df/75/df75626840c76c15/mouseID_380470-191812,,,85,Female,,https://download.neuroxiv.org/SEU-A1876/SEU-ALLEN_full_191812_5221_x9028_y25900_CCFv3.swc,https://neuroxiv.org/?id=SEU-ALLEN_full_191812_5221_x9028_y25900_CCFv3,6162.7,4021.12,10105.7
191812_5411_x6011_y24641,191812,mouse,NCBI:txid10090,Plxnd1-CreER;Ai166,cell morphology,fMOST,SSp-bfd,cells,1,SEU-Allen Joint Center,Hanchuan Peng,,zeng_fmost,BIL,/bil/data/df/75/df75626840c76c15/mouseID_380470-191812,,,85,Female,,https://download.neuroxiv.org/SEU-A1876/SEU-ALLEN_full_191812_5411_x6011_y24641_CCFv3.swc,https://neuroxiv.org/?id=SEU-ALLEN_full_191812_5411_x6011_y24641_CCFv3,6427.88,2353.52,9582.6
191812_5586_x4875_y23378,191812,mouse,NCBI:txid10090,Plxnd1-CreER;Ai166,cell morphology,fMOST,SSp-bfd,cells,1,SEU-Allen Joint Center,Hanchuan Peng,,zeng_fmost,BIL,/bil/data/df/75/df75626840c76c15/mouseID_380470-191812,,,85,Female,,https://download.neuroxiv.org/SEU-A1876/SEU-ALLEN_full_191812_5586_x4875_y23378_CCFv3.swc,https://neuroxiv.org/?id=SEU-ALLEN_full_191812_5586_x4875_y23378_CCFv3,6631.8,1688.38,9034.58
191812_5676_x8072_y26215,191812,mouse,NCBI:txid10090,Plxnd1-CreER;Ai166,cell morphology,fMOST,SSs,cells,1,SEU-Allen Joint Center,Hanchuan Peng,,zeng_fmost,BIL,/bil/data/df/75/df75626840c76c15/mouseID_380470-191812,,,85,Female,,https://download.neuroxiv.org/SEU-A1876/SEU-ALLEN_full_191812_5676_x8072_y26215_CCFv3.swc,https://neuroxiv.org/?id=SEU-ALLEN_full_191812_5676_x8072_y26215_CCFv3,6736.48,3486.5,10281.9
191812_5922_x4572_y8645,191812,mouse,NCBI:txid10090,Plxnd1-CreER;Ai166,cell morphology,fMOST,SSp-tr,cells,1,SEU-Allen Joint Center,Hanchuan Peng,,zeng_fmost,BIL,/bil/data/df/75/df75626840c76c15/mouseID_380470-191812,,,85,Female,,https://download.neuroxiv.org/SEU-A1876/SEU-ALLEN_full_191812_5922_x4572_y8645_CCFv3.swc,https://neuroxiv.org/?id=SEU-ALLEN_full_191812_5922_x4572_y8645_CCFv3,6996,1104.2,2866.15
191812_6084_x5026_y7787,191812,mouse,NCBI:txid10090,Plxnd1-CreER;Ai166,cell morphology,fMOST,SSp-bfd,cells,1,SEU-Allen Joint Center,Hanchuan Peng,,zeng_fmost,BIL,/bil/data/df/75/df75626840c76c15/mouseID_380470-191812,,,85,Female,,https://download.neuroxiv.org/SEU-A1876/SEU-ALLEN_full_191812_6084_x5026_y7787_CCFv3.swc,https://neuroxiv.org/?id=SEU-ALLEN_full_191812_6084_x5026_y7787_CCFv3,7211.1,1376.62,2471.2
191812_6351_x5009_y7424,191812,mouse,NCBI:txid10090,Plxnd1-CreER;Ai166,cell morphology,fMOST,SSp-bfd,cells,1,SEU-Allen Joint Center,Hanchuan Peng,,zeng_fmost,BIL,/bil/data/df/75/df75626840c76c15/mouseID_380470-191812,,,85,Female,,https://download.neuroxiv.org/SEU-A1876/SEU-ALLEN_full_191812_6351_x5009_y7424_CCFv3.swc,https://neuroxiv.org/?id=SEU-ALLEN_full_191812_6351_x5009_y7424_CCFv3,7554.5,1381.28,2300.73
236174_2657_x11930_y12250,236174,mouse,NCBI:txid10090,,cell morphology,fMOST,AId,cells,1,SEU-Allen Joint Center,Hanchuan Peng,,zeng_fmost,BIL,,,,,,,https://download.neuroxiv.org/SEU-A1876/SEU-ALLEN_full_236174_2657_x11930_y12250_CCFv3.swc,https://neuroxiv.org/?id=SEU-ALLEN_full_236174_2657_x11930_y12250_CCFv3,3505.57,4261.35,3689.9
236174_2669_x10674_y13239,236174,mouse,NCBI:txid10090,,cell morphology,fMOST,AId,cells,1,SEU-Allen Joint Center,Hanchuan Peng,,zeng_fmost,BIL,,,,,,,https://download.neuroxiv.org/SEU-A1876/SEU-ALLEN_full_236174_2669_x10674_y13239_CCFv3.swc,https://neuroxiv.org/?id=SEU-ALLEN_full_236174_2669_x10674_y13239_CCFv3,3472.85,3676.93,4081.4
236174_2801_x11376_y11451,236174,mouse,NCBI:txid10090,,cell morphology,fMOST,AId,cells,1,SEU-Allen Joint Center,Hanchuan Peng,,zeng_fmost,BIL,,,,,,,https://download.neuroxiv.org/SEU-A1876/SEU-ALLEN_full_236174_2801_x11376_y11451_CCFv3.swc,https://neuroxiv.org/?id=SEU-ALLEN_full_236174_2801_x11376_y11451_CCFv3,3658.15,4072.05,3334.25
236174_3001_x12887_y24248,236174,mouse,NCBI:txid10090,,cell morphology,fMOST,AId,cells,1,SEU-Allen Joint Center,Hanchuan Peng,,zeng_fmost,BIL,,,,,,,https://download.neuroxiv.org/SEU-A1876/SEU-ALLEN_full_236174_3001_x12887_y24248_CCFv3.swc,https://neuroxiv.org/?id=SEU-ALLEN_full_236174_3001_x12887_y24248_CCFv3,4137.7,3983.27,7992.05
236174_3029_x12820_y24699,236174,mouse,NCBI:txid10090,,cell morphology,fMOST,MOp,cells,1,SEU-Allen Joint Center,Hanchuan Peng,,zeng_fmost,BIL,,,,,,,https://download.neuroxiv.org/SEU-A1876/SEU-ALLEN_full_236174_3029_x12820_y24699_CCFv3.swc,https://neuroxiv.org/?id=SEU-ALLEN_full_236174_3029_x12820_y24699_CCFv3,4229.98,3919.82,8176.42
236174_3215_x11999_y11133,236174,mouse,NCBI:txid10090,,cell morphology,fMOST,AId,cells,1,SEU-Allen Joint Center,Hanchuan Peng,,zeng_fmost,BIL,,,,,,,https://download.neuroxiv.org/SEU-A1876/SEU-ALLEN_full_236174_3215_x11999_y11133_CCFv3.swc,https://neuroxiv.org/?id=SEU-ALLEN_full_236174_3215_x11999_y11133_CCFv3,4272.77,4343.65,3282.35
236174_3229_x11884_y10380,236174,mouse,NCBI:txid10090,,cell morphology,fMOST,AId,cells,1,SEU-Allen Joint Center,Hanchuan Peng,,zeng_fmost,BIL,,,,,,,https://download.neuroxiv.org/SEU-A1876/SEU-ALLEN_full_236174_3229_x11884_y10380_CCFv3.swc,https://neuroxiv.org/?id=SEU-ALLEN_full_236174_3229_x11884_y10380_CCFv3,4365.58,4337.85,2949.55
236174_3229_x11951_y11316,236174,mouse,NCBI:txid10090,,cell morphology,fMOST,CLA,cells,1,SEU-Allen Joint Center,Hanchuan Peng,,zeng_fmost,BIL,,,,,,,https://download.neuroxiv.org/SEU-A1876/SEU-ALLEN_full_236174_3229_x11951_y11316_CCFv3.swc,https://neuroxiv.org/?id=SEU-ALLEN_full_236174_3229_x11951_y11316_CCFv3,4352.23,4288.38,3283.88
236174_3229_x12413_y11831,236174,mouse,NCBI:txid10090,,cell morphology,fMOST,CLA,cells,1,SEU-Allen Joint Center,Hanchuan Peng,,zeng_fmost,BIL,,,,,,,https://download.neuroxiv.org/SEU-A1876/SEU-ALLEN_full_236174_3229_x12413_y11831_CCFv3.swc,https://neuroxiv.org/?id=SEU-ALLEN_full_236174_3229_x12413_y11831_CCFv3,4417.7,4458.23,3615.25
236174_3329_x13938_y26099,236174,mouse,NCBI:txid10090,,cell morphology,fMOST,GU,cells,1,SEU-Allen Joint Center,Hanchuan Peng,,zeng_fmost,BIL,,,,,,,https://download.neuroxiv.org/SEU-A1876/SEU-ALLEN_full_236174_3329_x13938_y26099_CCFv3.swc,https://neuroxiv.org/?id=SEU-ALLEN_full_236174_3329_x13938_y26099_CCFv3,4623.15,4309.38,8890.83
236174_3429_x12632_y10625,236174,mouse,NCBI:txid10090,,cell morphology,fMOST,CLA,cells,1,SEU-Allen Joint Center,Hanchuan Peng,,zeng_fmost,BIL,,,,,,,https://download.neuroxiv.org/SEU-A1876/SEU-ALLEN_full_236174_3429_x12632_y10625_CCFv3.swc,https://neuroxiv.org/?id=SEU-ALLEN_full_236174_3429_x12632_y10625_CCFv3,4551.33,4600.62,3081.7
236174_3447_x12562_y10626,236174,mouse,NCBI:txid10090,,cell morphology,fMOST,CLA,cells,1,SEU-Allen Joint Center,Hanchuan Peng,,zeng_fmost,BIL,,,,,,,https://download.neuroxiv.org/SEU-A1876/SEU-ALLEN_full_236174_3447_x12562_y10626_CCFv3.swc,https://neuroxiv.org/?id=SEU-ALLEN_full_236174_3447_x12562_y10626_CCFv3,4515.17,4585.33,3083.2
236174_3529_x12805_y10541,236174,mouse,NCBI:txid10090,,cell morphology,fMOST,CLA,cells,1,SEU-Allen Joint Center,Hanchuan Peng,,zeng_fmost,BIL,,,,,,,https://download.neuroxiv.org/SEU-A1876/SEU-ALLEN_full_236174_3529_x12805_y10541_CCFv3.swc,https://neuroxiv.org/?id=SEU-ALLEN_full_236174_3529_x12805_y10541_CCFv3,4626.62,4666.65,3050.68
236174_3529_x13394_y26567,236174,mouse,NCBI:txid10090,,cell morphology,fMOST,SSp-m,cells,1,SEU-Allen Joint Center,Hanchuan Peng,,zeng_fmost,BIL,,,,,,,https://download.neuroxiv.org/SEU-A1876/SEU-ALLEN_full_236174_3529_x13394_y26567_CCFv3.swc,https://neuroxiv.org/?id=SEU-ALLEN_full_236174_3529_x13394_y26567_CCFv3,4869.15,4034.38,8977.38
236174_3529_x13688_y26111,236174,mouse,NCBI:txid10090,,cell morphology,fMOST,GU,cells,1,SEU-Allen Joint Center,Hanchuan Peng,,zeng_fmost,BIL,,,,,,,https://download.neuroxiv.org/SEU-A1876/SEU-ALLEN_full_236174_3529_x13688_y26111_CCFv3.swc,https://neuroxiv.org/?id=SEU-ALLEN_full_236174_3529_x13688_y26111_CCFv3,4869.65,4175.8,8778.48
236174_3536_x15159_y25525,236174,mouse,NCBI:txid10090,,cell morphology,fMOST,CLA,cells,1,SEU-Allen Joint Center,Hanchuan Peng,,zeng_fmost,BIL,,,,,,,https://download.neuroxiv.org/SEU-A1876/SEU-ALLEN_full_236174_3536_x15159_y25525_CCFv3.swc,https://neuroxiv.org/?id=SEU-ALLEN_full_236174_3536_x15159_y25525_CCFv3,4857.52,4827.02,8759.9
236174_3729_x12692_y9419,236174,mouse,NCBI:txid10090,,cell morphology,fMOST,CLA,cells,1,SEU-Allen Joint Center,Hanchuan Peng,,zeng_fmost,BIL,,,,,,,https://download.neuroxiv.org/SEU-A1876/SEU-ALLEN_full_236174_3729_x12692_y9419_CCFv3.swc,https://neuroxiv.org/?id=SEU-ALLEN_full_236174_3729_x12692_y9419_CCFv3,4828.35,4666.77,2594.98
236174_3729_x13645_y9551,236174,mouse,NCBI:txid10090,,cell morphology,fMOST,CLA,cells,1,SEU-Allen Joint Center,Hanchuan Peng,,zeng_fmost,BIL,,,,,,,https://download.neuroxiv.org/SEU-A1876/SEU-ALLEN_full_236174_3729_x13645_y9551_CCFv3.swc,https://neuroxiv.org/?id=SEU-ALLEN_full_236174_3729_x13645_y9551_CCFv3,4804.38,5038.75,2634.25
236174_3729_x15151_y26698,236174,mouse,NCBI:txid10090,,cell morphology,fMOST,AId,cells,1,SEU-Allen Joint Center,Hanchuan Peng,,zeng_fmost,BIL,,,,,,,https://download.neuroxiv.org/SEU-A1876/SEU-ALLEN_full_236174_3729_x15151_y26698_CCFv3.swc,https://neuroxiv.org/?id=SEU-ALLEN_full_236174_3729_x15151_y26698_CCFv3,5132.9,4769.95,9223.05
236174_3829_x13590_y9284,236174,mouse,NCBI:txid10090,,cell morphology,fMOST,CLA,cells,1,SEU-Allen Joint Center,Hanchuan Peng,,zeng_fmost,BIL,,,,,,,https://download.neuroxiv.org/SEU-A1876/SEU-ALLEN_full_236174_3829_x13590_y9284_CCFv3.swc,https://neuroxiv.org/?id=SEU-ALLEN_full_236174_3829_x13590_y9284_CCFv3,4914.58,5023.12,2545.7
236174_3829_x14826_y27255,236174,mouse,NCBI:txid10090,,cell morphology,fMOST,GU,cells,1,SEU-Allen Joint Center,Hanchuan Peng,,zeng_fmost,BIL,,,,,,,https://download.neuroxiv.org/SEU-A1876/SEU-ALLEN_full_236174_3829_x14826_y27255_CCFv3.swc,https://neuroxiv.org/?id=SEU-ALLEN_full_236174_3829_x14826_y27255_CCFv3,5207.27,4610.08,9413.92
236174_3829_x16301_y26647,236174,mouse,NCBI:txid10090,,cell morphology,fMOST,CLA,cells,1,SEU-Allen Joint Center,Hanchuan Peng,,zeng_fmost,BIL,,,,,,,https://download.neuroxiv.org/SEU-A1876/SEU-ALLEN_full_236174_3829_x16301_y26647_CCFv3.swc,https://neuroxiv.org/?id=SEU-ALLEN_full_236174_3829_x16301_y26647_CCFv3,5279.85,5243.62,9358.42
236174_3893_x17507_y26071,236174,mouse,NCBI:txid10090,,cell morphology,fMOST,EPd,cells,1,SEU-Allen Joint Center,Hanchuan Peng,,zeng_fmost,BIL,,,,,,,https://download.neuroxiv.org/SEU-A1876/SEU-ALLEN_full_236174_3893_x17507_y26071_CCFv3.swc,https://neuroxiv.org/?id=SEU-ALLEN_full_236174_3893_x17507_y26071_CCFv3,5307.88,5730.92,9301.15
236174_3929_x12721_y8845,236174,mouse,NCBI:txid10090,,cell morphology,fMOST,AId,cells,1,SEU-Allen Joint Center,Hanchuan Peng,,zeng_fmost,BIL,,,,,,,https://download.neuroxiv.org/SEU-A1876/SEU-ALLEN_full_236174_3929_x12721_y8845_CCFv3.swc,https://neuroxiv.org/?id=SEU-ALLEN_full_236174_3929_x12721_y8845_CCFv3,5003.23,4698.15,2386.73
236174_3929_x13599_y9165,236174,mouse,NCBI:txid10090,,cell morphology,fMOST,CLA,cells,1,SEU-Allen Joint Center,Hanchuan Peng,,zeng_fmost,BIL,,,,,,,https://download.neuroxiv.org/SEU-A1876/SEU-ALLEN_full_236174_3929_x13599_y9165_CCFv3.swc,https://neuroxiv.org/?id=SEU-ALLEN_full_236174_3929_x13599_y9165_CCFv3,4990.95,5027.92,2510.45
236174_3970_x13439_y8678,236174,mouse,NCBI:txid10090,,cell morphology,fMOST,CLA,cells,1,SEU-Allen Joint Center,Hanchuan Peng,,zeng_fmost,BIL,,,,,,,https://download.neuroxiv.org/SEU-A1876/SEU-ALLEN_full_236174_3970_x13439_y8678_CCFv3.swc,https://neuroxiv.org/?id=SEU-ALLEN_full_236174_3970_x13439_y8678_CCFv3,5113.83,4989.83,2334.55
236174_4029_x13079_y8858,236174,mouse,NCBI:txid10090,,cell morphology,fMOST,CLA,cells,1,SEU-Allen Joint Center,Hanchuan Peng,,zeng_fmost,BIL,,,,,,,https://download.neuroxiv.org/SEU-A1876/SEU-ALLEN_full_236174_4029_x13079_y8858_CCFv3.swc,https://neuroxiv.org/?id=SEU-ALLEN_full_236174_4029_x13079_y8858_CCFv3,5084.8,4834.9,2401.62
236174_4129_x16214_y10304,236174,mouse,NCBI:txid10090,,cell morphology,fMOST,FS,cells,1,SEU-Allen Joint Center,Hanchuan Peng,,zeng_fmost,BIL,,,,,,,https://download.neuroxiv.org/SEU-A1876/SEU-ALLEN_full_236174_4129_x16214_y10304_CCFv3.swc,https://neuroxiv.org/?id=SEU-ALLEN_full_236174_4129_x16214_y10304_CCFv3,5297.5,5951.88,3068.93
236174_4229_x13663_y8589,236174,mouse,NCBI:txid10090,,cell morphology,fMOST,CLA,cells,1,SEU-Allen Joint Center,Hanchuan Peng,,zeng_fmost,BIL,,,,,,,https://download.neuroxiv.org/SEU-A1876/SEU-ALLEN_full_236174_4229_x13663_y8589_CCFv3.swc,https://neuroxiv.org/?id=SEU-ALLEN_full_236174_4229_x13663_y8589_CCFv3,5282.62,5075.6,2323.12
236174_4266_x13848_y8550,236174,mouse,NCBI:txid10090,,cell morphology,fMOST,AIp,cells,1,SEU-Allen Joint Center,Hanchuan Peng,,zeng_fmost,BIL,,,,,,,https://download.neuroxiv.org/SEU-A1876/SEU-ALLEN_full_236174_4266_x13848_y8550_CCFv3.swc,https://neuroxiv.org/?id=SEU-ALLEN_full_236174_4266_x13848_y8550_CCFv3,5346.5,5156.77,2318.7
236174_4429_x13147_y8003,236174,mouse,NCBI:txid10090,,cell morphology,fMOST,CLA,cells,1,SEU-Allen Joint Center,Hanchuan Peng,,zeng_fmost,BIL,,,,,,,https://download.neuroxiv.org/SEU-A1876/SEU-ALLEN_full_236174_4429_x13147_y8003_CCFv3.swc,https://neuroxiv.org/?id=SEU-ALLEN_full_236174_4429_x13147_y8003_CCFv3,5568.27,4894.1,2110.05
236174_4647_x16405_y27845,236174,mouse,NCBI:txid10090,,cell morphology,fMOST,CLA,cells,1,SEU-Allen Joint Center,Hanchuan Peng,,zeng_fmost,BIL,,,,,,,https://download.neuroxiv.org/SEU-A1876/SEU-ALLEN_full_236174_4647_x16405_y27845_CCFv3.swc,https://neuroxiv.org/?id=SEU-ALLEN_full_236174_4647_x16405_y27845_CCFv3,6130.55,5202.08,9686.97
236174_4729_x16869_y27809,236174,mouse,NCBI:txid10090,,cell morphology,fMOST,EPd,cells,1,SEU-Allen Joint Center,Hanchuan Peng,,zeng_fmost,BIL,,,,,,,https://download.neuroxiv.org/SEU-A1876/SEU-ALLEN_full_236174_4729_x16869_y27809_CCFv3.swc,https://neuroxiv.org/?id=SEU-ALLEN_full_236174_4729_x16869_y27809_CCFv3,6254.2,5396.92,9715.98
236174_5138_x16501_y28259,236174,mouse,NCBI:txid10090,,cell morphology,fMOST,CLA,cells,1,SEU-Allen Joint Center,Hanchuan Peng,,zeng_fmost,BIL,,,,,,,https://download.neuroxiv.org/SEU-A1876/SEU-ALLEN_full_236174_5138_x16501_y28259_CCFv3.swc,https://neuroxiv.org/?id=SEU-ALLEN_full_236174_5138_x16501_y28259_CCFv3,6616.5,5172.08,9794.98
236174_5338_x13590_y7348,236174,mouse,NCBI:txid10090,,cell morphology,fMOST,AIp,cells,1,SEU-Allen Joint Center,Hanchuan Peng,,zeng_fmost,BIL,,,,,,,https://download.neuroxiv.org/SEU-A1876/SEU-ALLEN_full_236174_5338_x13590_y7348_CCFv3.swc,https://neuroxiv.org/?id=SEU-ALLEN_full_236174_5338_x13590_y7348_CCFv3,6640,5106.42,1948.03
236174_5670_x14073_y29439,236174,mouse,NCBI:txid10090,,cell morphology,fMOST,SSs,cells,1,SEU-Allen Joint Center,Hanchuan Peng,,zeng_fmost,BIL,,,,,,,https://download.neuroxiv.org/SEU-A1876/SEU-ALLEN_full_236174_5670_x14073_y29439_CCFv3.swc,https://neuroxiv.org/?id=SEU-ALLEN_full_236174_5670_x14073_y29439_CCFv3,7183.75,3811.95,10025.6
236174_5738_x11712_y6818,236174,mouse,NCBI:txid10090,,cell morphology,fMOST,VISC,cells,1,SEU-Allen Joint Center,Hanchuan Peng,,zeng_fmost,BIL,,,,,,,https://download.neuroxiv.org/SEU-A1876/SEU-ALLEN_full_236174_5738_x11712_y6818_CCFv3.swc,https://neuroxiv.org/?id=SEU-ALLEN_full_236174_5738_x11712_y6818_CCFv3,7002.52,4234.2,1615.53
236174_5840_x15240_y29741,236174,mouse,NCBI:txid10090,,cell morphology,fMOST,TEa,cells,1,SEU-Allen Joint Center,Hanchuan Peng,,zeng_fmost,BIL,,,,,,,https://download.neuroxiv.org/SEU-A1876/SEU-ALLEN_full_236174_5840_x15240_y29741_CCFv3.swc,https://neuroxiv.org/?id=SEU-ALLEN_full_236174_5840_x15240_y29741_CCFv3,7367.15,4351.1,10208.4
236174_6338_x12092_y5845,236174,mouse,NCBI:txid10090,,cell morphology,fMOST,ECT,cells,1,SEU-Allen Joint Center,Hanchuan Peng,,zeng_fmost,BIL,,,,,,,https://download.neuroxiv.org/SEU-A1876/SEU-ALLEN_full_236174_6338_x12092_y5845_CCFv3.swc,https://neuroxiv.org/?id=SEU-ALLEN_full_236174_6338_x12092_y5845_CCFv3,7675.48,4417.27,1149.68
236174_6338_x12496_y6617,236174,mouse,NCBI:txid10090,,cell morphology,fMOST,ECT,cells,1,SEU-Allen Joint Center,Hanchuan Peng,,zeng_fmost,BIL,,,,,,,https://download.neuroxiv.org/SEU-A1876/SEU-ALLEN_full_236174_6338_x12496_y6617_CCFv3.swc,https://neuroxiv.org/?id=SEU-ALLEN_full_236174_6338_x12496_y6617_CCFv3,7730.9,4528.4,1496.65
236174_6438_x12218_y5897,236174,mouse,NCBI:txid10090,,cell morphology,fMOST,ECT,cells,1,SEU-Allen Joint Center,Hanchuan Peng,,zeng_fmost,BIL,,,,,,,https://download.neuroxiv.org/SEU-A1876/SEU-ALLEN_full_236174_6438_x12218_y5897_CCFv3.swc,https://neuroxiv.org/?id=SEU-ALLEN_full_236174_6438_x12218_y5897_CCFv3,7773.95,4446.95,1174.82
236174_6855_x15550_y29832,236174,mouse,NCBI:txid10090,,cell morphology,fMOST,ECT,cells,1,SEU-Allen Joint Center,Hanchuan Peng,,zeng_fmost,BIL,,,,,,,https://download.neuroxiv.org/SEU-A1876/SEU-ALLEN_full_236174_6855_x15550_y29832_CCFv3.swc,https://neuroxiv.org/?id=SEU-ALLEN_full_236174_6855_x15550_y29832_CCFv3,8281.5,4285.83,10211.5
236174_7077_x14579_y30892,236174,mouse,NCBI:txid10090,,cell morphology,fMOST,TEa,cells,1,SEU-Allen Joint Center,Hanchuan Peng,,zeng_fmost,BIL,,,,,,,https://download.neuroxiv.org/SEU-A1876/SEU-ALLEN_full_236174_7077_x14579_y30892_CCFv3.swc,https://neuroxiv.org/?id=SEU-ALLEN_full_236174_7077_x14579_y30892_CCFv3,8486.38,3752.02,10589.2
pre_17781_00066,17781,mouse,NCBI:txid10090,Gnb4-IRES2-CreERT2;Ai82;Ai140,cell morphology,fMOST,AId,cells,1,SEU-Allen Joint Center,Hanchuan Peng,,zeng_fmost,BIL,/bil/data/biccn/zeng/luo/fmost/mouseID_339951-17781,,,97,Female,,https://download.neuroxiv.org/SEU-A1876/SEU-ALLEN_full_pre_17781_00066_CCFv3.swc,https://neuroxiv.org/?id=SEU-ALLEN_full_pre_17781_00066_CCFv3,3455.4,3953.5,3527.02
pre_18047_00009,18047,mouse,NCBI:txid10090,Fezf2-CreER;Ai166,cell morphology,fMOST,MOp,cells,1,SEU-Allen Joint Center,Hanchuan Peng,,zeng_fmost,BIL,/bil/data/f1/dc/f1dcaeb016197373/358361-18047,,,107,Male,,https://download.neuroxiv.org/SEU-A1876/SEU-ALLEN_full_pre_18047_00009_CCFv3.swc,https://neuroxiv.org/?id=SEU-ALLEN_full_pre_18047_00009_CCFv3,3608.2,2494.68,7895.83
pre_182712_00003,182712,mouse,NCBI:txid10090,PhP.eB-Syn-CreERT2;Ai139,cell morphology,fMOST,OT,cells,1,SEU-Allen Joint Center,Hanchuan Peng,,zeng_fmost,BIL,/bil/proj/u19zeng/fMOST_raw_data/mouseID_372164-182712,,,,,,https://download.neuroxiv.org/SEU-A1876/SEU-ALLEN_full_pre_182712_00003_CCFv3.swc,https://neuroxiv.org/?id=SEU-ALLEN_full_pre_182712_00003_CCFv3,4897.12,7400.45,7716.62
pre_182712_00004,182712,mouse,NCBI:txid10090,PhP.eB-Syn-CreERT2;Ai139,cell morphology,fMOST,OT,cells,1,SEU-Allen Joint Center,Hanchuan Peng,,zeng_fmost,BIL,/bil/proj/u19zeng/fMOST_raw_data/mouseID_372164-182712,,,,,,https://download.neuroxiv.org/SEU-A1876/SEU-ALLEN_full_pre_182712_00004_CCFv3.swc,https://neuroxiv.org/?id=SEU-ALLEN_full_pre_182712_00004_CCFv3,4798.02,7381.48,7314.95
pre_182712_00027,182712,mouse,NCBI:txid10090,PhP.eB-Syn-CreERT2;Ai139,cell morphology,fMOST,PAA,cells,1,SEU-Allen Joint Center,Hanchuan Peng,,zeng_fmost,BIL,/bil/proj/u19zeng/fMOST_raw_data/mouseID_372164-182712,,,,,,https://download.neuroxiv.org/SEU-A1876/SEU-ALLEN_full_pre_182712_00027_CCFv3.swc,https://neuroxiv.org/?id=SEU-ALLEN_full_pre_182712_00027_CCFv3,5591.9,7162.1,3054.25
pre_18454_00305,18454,mouse,NCBI:txid10090,Tnnt1-IRES2-CreERT2;Ai82;Ai140,cell morphology,fMOST,CP,cells,1,SEU-Allen Joint Center,Hanchuan Peng,,zeng_fmost,BIL,/bil/data/biccn/zeng/luo/fmost/mouseID_373367-18454,,,108,Female,,https://download.neuroxiv.org/SEU-A1876/SEU-ALLEN_full_pre_18454_00305_CCFv3.swc,https://neuroxiv.org/?id=SEU-ALLEN_full_pre_18454_00305_CCFv3,5291.38,3002.32,3942.5
pre_18454_00376,18454,mouse,NCBI:txid10090,Tnnt1-IRES2-CreERT2;Ai82;Ai140,cell morphology,fMOST,CP,cells,1,SEU-Allen Joint Center,Hanchuan Peng,,zeng_fmost,BIL,/bil/data/biccn/zeng/luo/fmost/mouseID_373367-18454,,,108,Female,,https://download.neuroxiv.org/SEU-A1876/SEU-ALLEN_full_pre_18454_00376_CCFv3.swc,https://neuroxiv.org/?id=SEU-ALLEN_full_pre_18454_00376_CCFv3,4209.58,3574.82,3685.4
pre_18454_00377,18454,mouse,NCBI:txid10090,Tnnt1-IRES2-CreERT2;Ai82;Ai140,cell morphology,fMOST,AId,cells,1,SEU-Allen Joint Center,Hanchuan Peng,,zeng_fmost,BIL,/bil/data/biccn/zeng/luo/fmost/mouseID_373367-18454,,,108,Female,,https://download.neuroxiv.org/SEU-A1876/SEU-ALLEN_full_pre_18454_00377_CCFv3.swc,https://neuroxiv.org/?id=SEU-ALLEN_full_pre_18454_00377_CCFv3,3303.32,3868.98,3511.8
pre_18454_00450,18454,mouse,NCBI:txid10090,Tnnt1-IRES2-CreERT2;Ai82;Ai140,cell morphology,fMOST,CP,cells,1,SEU-Allen Joint Center,Hanchuan Peng,,zeng_fmost,BIL,/bil/data/biccn/zeng/luo/fmost/mouseID_373367-18454,,,108,Female,,https://download.neuroxiv.org/SEU-A1876/SEU-ALLEN_full_pre_18454_00450_CCFv3.swc,https://neuroxiv.org/?id=SEU-ALLEN_full_pre_18454_00450_CCFv3,4213.33,3522.07,3474.85
pre_18454_00579,18454,mouse,NCBI:txid10090,Tnnt1-IRES2-CreERT2;Ai82;Ai140,cell morphology,fMOST,CP,cells,1,SEU-Allen Joint Center,Hanchuan Peng,,zeng_fmost,BIL,/bil/data/biccn/zeng/luo/fmost/mouseID_373367-18454,,,108,Female,,https://download.neuroxiv.org/SEU-A1876/SEU-ALLEN_full_pre_18454_00579_CCFv3.swc,https://neuroxiv.org/?id=SEU-ALLEN_full_pre_18454_00579_CCFv3,5476.75,3379.48,3019.93
pre_18454_00865,18454,mouse,NCBI:txid10090,Tnnt1-IRES2-CreERT2;Ai82;Ai140,cell morphology,fMOST,CP,cells,1,SEU-Allen Joint Center,Hanchuan Peng,,zeng_fmost,BIL,/bil/data/biccn/zeng/luo/fmost/mouseID_373367-18454,,,108,Female,,https://download.neuroxiv.org/SEU-A1876/SEU-ALLEN_full_pre_18454_00865_CCFv3.swc,https://neuroxiv.org/?id=SEU-ALLEN_full_pre_18454_00865_CCFv3,5855.42,4313.33,2099.35
pre_18455_00241,18455,mouse,NCBI:txid10090,Tnnt1-IRES2-CreERT2;Ai82;Ai140,cell morphology,fMOST,NDB,cells,1,SEU-Allen Joint Center,Hanchuan Peng,,zeng_fmost,BIL,/bil/data/biccn/zeng/luo/fmost/mouseID_373368-18455,,,108,Female,,https://download.neuroxiv.org/SEU-A1876/SEU-ALLEN_full_pre_18455_00241_CCFv3.swc,https://neuroxiv.org/?id=SEU-ALLEN_full_pre_18455_00241_CCFv3,4980.67,6849.52,4616.55
pre_18458_00348,18458,mouse,NCBI:txid10090,Vipr2-IRES2-Cre-neo;Ai166,cell morphology,fMOST,CA1,cells,1,SEU-Allen Joint Center,Hanchuan Peng,,zeng_fmost,BIL,/bil/data/df/75/df75626840c76c15/mouseID_381487-18458,,,60,Male,,https://download.neuroxiv.org/SEU-A1876/SEU-ALLEN_full_pre_18458_00348_CCFv3.swc,https://neuroxiv.org/?id=SEU-ALLEN_full_pre_18458_00348_CCFv3,6811.8,2101.6,4337.42
pre_18458_00351,18458,mouse,NCBI:txid10090,Vipr2-IRES2-Cre-neo;Ai166,cell morphology,fMOST,CA1,cells,1,SEU-Allen Joint Center,Hanchuan Peng,,zeng_fmost,BIL,/bil/data/df/75/df75626840c76c15/mouseID_381487-18458,,,60,Male,,https://download.neuroxiv.org/SEU-A1876/SEU-ALLEN_full_pre_18458_00351_CCFv3.swc,https://neuroxiv.org/?id=SEU-ALLEN_full_pre_18458_00351_CCFv3,6973.33,2058.4,4303.45
pre_18458_00354,18458,mouse,NCBI:txid10090,Vipr2-IRES2-Cre-neo;Ai166,cell morphology,fMOST,DG,cells,1,SEU-Allen Joint Center,Hanchuan Peng,,zeng_fmost,BIL,/bil/data/df/75/df75626840c76c15/mouseID_381487-18458,,,60,Male,,https://download.neuroxiv.org/SEU-A1876/SEU-ALLEN_full_pre_18458_00354_CCFv3.swc,https://neuroxiv.org/?id=SEU-ALLEN_full_pre_18458_00354_CCFv3,7626.1,2103.88,4367.17
pre_18458_00356,18458,mouse,NCBI:txid10090,Vipr2-IRES2-Cre-neo;Ai166,cell morphology,fMOST,DG,cells,1,SEU-Allen Joint Center,Hanchuan Peng,,zeng_fmost,BIL,/bil/data/df/75/df75626840c76c15/mouseID_381487-18458,,,60,Male,,https://download.neuroxiv.org/SEU-A1876/SEU-ALLEN_full_pre_18458_00356_CCFv3.swc,https://neuroxiv.org/?id=SEU-ALLEN_full_pre_18458_00356_CCFv3,7374.42,2092.95,4275.83
pre_18458_00357,18458,mouse,NCBI:txid10090,Vipr2-IRES2-Cre-neo;Ai166,cell morphology,fMOST,DG,cells,1,SEU-Allen Joint Center,Hanchuan Peng,,zeng_fmost,BIL,/bil/data/df/75/df75626840c76c15/mouseID_381487-18458,,,60,Male,,https://download.neuroxiv.org/SEU-A1876/SEU-ALLEN_full_pre_18458_00357_CCFv3.swc,https://neuroxiv.org/?id=SEU-ALLEN_full_pre_18458_00357_CCFv3,7431.17,2236.43,4205.05
pre_18458_00360,18458,mouse,NCBI:txid10090,Vipr2-IRES2-Cre-neo;Ai166,cell morphology,fMOST,DG,cells,1,SEU-Allen Joint Center,Hanchuan Peng,,zeng_fmost,BIL,/bil/data/df/75/df75626840c76c15/mouseID_381487-18458,,,60,Male,,https://download.neuroxiv.org/SEU-A1876/SEU-ALLEN_full_pre_18458_00360_CCFv3.swc,https://neuroxiv.org/?id=SEU-ALLEN_full_pre_18458_00360_CCFv3,7479.45,2221.8,4240.12
pre_18458_00367,18458,mouse,NCBI:txid10090,Vipr2-IRES2-Cre-neo;Ai166,cell morphology,fMOST,DG,cells,1,SEU-Allen Joint Center,Hanchuan Peng,,zeng_fmost,BIL,/bil/data/df/75/df75626840c76c15/mouseID_381487-18458,,,60,Male,,https://download.neuroxiv.org/SEU-A1876/SEU-ALLEN_full_pre_18458_00367_CCFv3.swc,https://neuroxiv.org/?id=SEU-ALLEN_full_pre_18458_00367_CCFv3,7231.67,2326.75,4048.93
pre_18458_00369,18458,mouse,NCBI:txid10090,Vipr2-IRES2-Cre-neo;Ai166,cell morphology,fMOST,DG,cells,1,SEU-Allen Joint Center,Hanchuan Peng,,zeng_fmost,BIL,/bil/data/df/75/df75626840c76c15/mouseID_381487-18458,,,60,Male,,https://download.neuroxiv.org/SEU-A1876/SEU-ALLEN_full_pre_18458_00369_CCFv3.swc,https://neuroxiv.org/?id=SEU-ALLEN_full_pre_18458_00369_CCFv3,7041.85,2342.52,4177
pre_18458_00373,18458,mouse,NCBI:txid10090,Vipr2-IRES2-Cre-neo;Ai166,cell morphology,fMOST,DG,cells,1,SEU-Allen Joint Center,Hanchuan Peng,,zeng_fmost,BIL,/bil/data/df/75/df75626840c76c15/mouseID_381487-18458,,,60,Male,,https://download.neuroxiv.org/SEU-A1876/SEU-ALLEN_full_pre_18458_00373_CCFv3.swc,https://neuroxiv.org/?id=SEU-ALLEN_full_pre_18458_00373_CCFv3,7597.98,2463.2,3316.5
pre_18458_00374,18458,mouse,NCBI:txid10090,Vipr2-IRES2-Cre-neo;Ai166,cell morphology,fMOST,DG,cells,1,SEU-Allen Joint Center,Hanchuan Peng,,zeng_fmost,BIL,/bil/data/df/75/df75626840c76c15/mouseID_381487-18458,,,60,Male,,https://download.neuroxiv.org/SEU-A1876/SEU-ALLEN_full_pre_18458_00374_CCFv3.swc,https://neuroxiv.org/?id=SEU-ALLEN_full_pre_18458_00374_CCFv3,7702.9,2585.05,3074.88
pre_18464_00077,18464,mouse,NCBI:txid10090,Vipr2-IRES2-Cre-neo;Ai166,cell morphology,fMOST,CP,cells,1,SEU-Allen Joint Center,Hanchuan Peng,,zeng_fmost,BIL,/bil/data/df/75/df75626840c76c15/mouseID_381488-18464,,,60,Male,,https://download.neuroxiv.org/SEU-A1876/SEU-ALLEN_full_pre_18464_00077_CCFv3.swc,https://neuroxiv.org/?id=SEU-ALLEN_full_pre_18464_00077_CCFv3,5882.88,3812.45,8096.25
pre_18464_00086,18464,mouse,NCBI:txid10090,Vipr2-IRES2-Cre-neo;Ai166,cell morphology,fMOST,CP,cells,1,SEU-Allen Joint Center,Hanchuan Peng,,zeng_fmost,BIL,/bil/data/df/75/df75626840c76c15/mouseID_381488-18464,,,60,Male,,https://download.neuroxiv.org/SEU-A1876/SEU-ALLEN_full_pre_18464_00086_CCFv3.swc,https://neuroxiv.org/?id=SEU-ALLEN_full_pre_18464_00086_CCFv3,4526.38,3891.48,7383.38
pre_18464_00087,18464,mouse,NCBI:txid10090,Vipr2-IRES2-Cre-neo;Ai166,cell morphology,fMOST,CP,cells,1,SEU-Allen Joint Center,Hanchuan Peng,,zeng_fmost,BIL,/bil/data/df/75/df75626840c76c15/mouseID_381488-18464,,,60,Male,,https://download.neuroxiv.org/SEU-A1876/SEU-ALLEN_full_pre_18464_00087_CCFv3.swc,https://neuroxiv.org/?id=SEU-ALLEN_full_pre_18464_00087_CCFv3,4508.02,3940.4,6901.25
pre_18464_00099,18464,mouse,NCBI:txid10090,Vipr2-IRES2-Cre-neo;Ai166,cell morphology,fMOST,CA1,cells,1,SEU-Allen Joint Center,Hanchuan Peng,,zeng_fmost,BIL,/bil/data/df/75/df75626840c76c15/mouseID_381488-18464,,,60,Male,,https://download.neuroxiv.org/SEU-A1876/SEU-ALLEN_full_pre_18464_00099_CCFv3.swc,https://neuroxiv.org/?id=SEU-ALLEN_full_pre_18464_00099_CCFv3,7563.17,1873.72,7435.52
pre_18464_00102,18464,mouse,NCBI:txid10090,Vipr2-IRES2-Cre-neo;Ai166,cell morphology,fMOST,CA1,cells,1,SEU-Allen Joint Center,Hanchuan Peng,,zeng_fmost,BIL,/bil/data/df/75/df75626840c76c15/mouseID_381488-18464,,,60,Male,,https://download.neuroxiv.org/SEU-A1876/SEU-ALLEN_full_pre_18464_00102_CCFv3.swc,https://neuroxiv.org/?id=SEU-ALLEN_full_pre_18464_00102_CCFv3,7103.35,2351.15,6343.92
pre_18464_00103,18464,mouse,NCBI:txid10090,Vipr2-IRES2-Cre-neo;Ai166,cell morphology,fMOST,CA1,cells,1,SEU-Allen Joint Center,Hanchuan Peng,,zeng_fmost,BIL,/bil/data/df/75/df75626840c76c15/mouseID_381488-18464,,,60,Male,,https://download.neuroxiv.org/SEU-A1876/SEU-ALLEN_full_pre_18464_00103_CCFv3.swc,https://neuroxiv.org/?id=SEU-ALLEN_full_pre_18464_00103_CCFv3,7386.27,2395.82,6378.7
pre_18464_00138,18464,mouse,NCBI:txid10090,Vipr2-IRES2-Cre-neo;Ai166,cell morphology,fMOST,CA1,cells,1,SEU-Allen Joint Center,Hanchuan Peng,,zeng_fmost,BIL,/bil/data/df/75/df75626840c76c15/mouseID_381488-18464,,,60,Male,,https://download.neuroxiv.org/SEU-A1876/SEU-ALLEN_full_pre_18464_00138_CCFv3.swc,https://neuroxiv.org/?id=SEU-ALLEN_full_pre_18464_00138_CCFv3,7388.9,1997.28,3947.4
pre_18464_00159,18464,mouse,NCBI:txid10090,Vipr2-IRES2-Cre-neo;Ai166,cell morphology,fMOST,EPd,cells,1,SEU-Allen Joint Center,Hanchuan Peng,,zeng_fmost,BIL,/bil/data/df/75/df75626840c76c15/mouseID_381488-18464,,,60,Male,,https://download.neuroxiv.org/SEU-A1876/SEU-ALLEN_full_pre_18464_00159_CCFv3.swc,https://neuroxiv.org/?id=SEU-ALLEN_full_pre_18464_00159_CCFv3,4666.55,5566.48,8513.25
pre_18464_00163,18464,mouse,NCBI:txid10090,Vipr2-IRES2-Cre-neo;Ai166,cell morphology,fMOST,CP,cells,1,SEU-Allen Joint Center,Hanchuan Peng,,zeng_fmost,BIL,/bil/data/df/75/df75626840c76c15/mouseID_381488-18464,,,60,Male,,https://download.neuroxiv.org/SEU-A1876/SEU-ALLEN_full_pre_18464_00163_CCFv3.swc,https://neuroxiv.org/?id=SEU-ALLEN_full_pre_18464_00163_CCFv3,4086.9,4705.12,6942.05
pre_18464_00168,18464,mouse,NCBI:txid10090,Vipr2-IRES2-Cre-neo;Ai166,cell morphology,fMOST,BST,cells,1,SEU-Allen Joint Center,Hanchuan Peng,,zeng_fmost,BIL,/bil/data/df/75/df75626840c76c15/mouseID_381488-18464,,,60,Male,,https://download.neuroxiv.org/SEU-A1876/SEU-ALLEN_full_pre_18464_00168_CCFv3.swc,https://neuroxiv.org/?id=SEU-ALLEN_full_pre_18464_00168_CCFv3,5200.52,5097.5,6789.33
pre_18464_00169,18464,mouse,NCBI:txid10090,Vipr2-IRES2-Cre-neo;Ai166,cell morphology,fMOST,BST,cells,1,SEU-Allen Joint Center,Hanchuan Peng,,zeng_fmost,BIL,/bil/data/df/75/df75626840c76c15/mouseID_381488-18464,,,60,Male,,https://download.neuroxiv.org/SEU-A1876/SEU-ALLEN_full_pre_18464_00169_CCFv3.swc,https://neuroxiv.org/?id=SEU-ALLEN_full_pre_18464_00169_CCFv3,5133.35,5216.45,6823.83
pre_18464_00180,18464,mouse,NCBI:txid10090,Vipr2-IRES2-Cre-neo;Ai166,cell morphology,fMOST,OT,cells,1,SEU-Allen Joint Center,Hanchuan Peng,,zeng_fmost,BIL,/bil/data/df/75/df75626840c76c15/mouseID_381488-18464,,,60,Male,,https://download.neuroxiv.org/SEU-A1876/SEU-ALLEN_full_pre_18464_00180_CCFv3.swc,https://neuroxiv.org/?id=SEU-ALLEN_full_pre_18464_00180_CCFv3,5037.38,6641.2,8329
pre_18464_00182,18464,mouse,NCBI:txid10090,Vipr2-IRES2-Cre-neo;Ai166,cell morphology,fMOST,OT,cells,1,SEU-Allen Joint Center,Hanchuan Peng,,zeng_fmost,BIL,/bil/data/df/75/df75626840c76c15/mouseID_381488-18464,,,60,Male,,https://download.neuroxiv.org/SEU-A1876/SEU-ALLEN_full_pre_18464_00182_CCFv3.swc,https://neuroxiv.org/?id=SEU-ALLEN_full_pre_18464_00182_CCFv3,3508,6473.88,6421.77
pre_18465_00102,18465,mouse,NCBI:txid10090,Vipr2-IRES2-Cre-neo;Ai166,cell morphology,fMOST,DG,cells,1,SEU-Allen Joint Center,Hanchuan Peng,,zeng_fmost,BIL,/bil/data/df/75/df75626840c76c15/mouseID_383128-18465,,,56,Female,,https://download.neuroxiv.org/SEU-A1876/SEU-ALLEN_full_pre_18465_00102_CCFv3.swc,https://neuroxiv.org/?id=SEU-ALLEN_full_pre_18465_00102_CCFv3,7658.73,2297.12,7305.27
pre_18465_00267,18465,mouse,NCBI:txid10090,Vipr2-IRES2-Cre-neo;Ai166,cell morphology,fMOST,ProS,cells,1,SEU-Allen Joint Center,Hanchuan Peng,,zeng_fmost,BIL,/bil/data/df/75/df75626840c76c15/mouseID_383128-18465,,,56,Female,,https://download.neuroxiv.org/SEU-A1876/SEU-ALLEN_full_pre_18465_00267_CCFv3.swc,https://neuroxiv.org/?id=SEU-ALLEN_full_pre_18465_00267_CCFv3,8951.33,5002.65,8820.77
pre_18465_00268,18465,mouse,NCBI:txid10090,Vipr2-IRES2-Cre-neo;Ai166,cell morphology,fMOST,CA1,cells,1,SEU-Allen Joint Center,Hanchuan Peng,,zeng_fmost,BIL,/bil/data/df/75/df75626840c76c15/mouseID_383128-18465,,,56,Female,,https://download.neuroxiv.org/SEU-A1876/SEU-ALLEN_full_pre_18465_00268_CCFv3.swc,https://neuroxiv.org/?id=SEU-ALLEN_full_pre_18465_00268_CCFv3,8868.53,5183.84,8654.57
pre_18465_00366,18465,mouse,NCBI:txid10090,Vipr2-IRES2-Cre-neo;Ai166,cell morphology,fMOST,CA3,cells,1,SEU-Allen Joint Center,Hanchuan Peng,,zeng_fmost,BIL,/bil/data/df/75/df75626840c76c15/mouseID_383128-18465,,,56,Female,,https://download.neuroxiv.org/SEU-A1876/SEU-ALLEN_full_pre_18465_00366_CCFv3.swc,https://neuroxiv.org/?id=SEU-ALLEN_full_pre_18465_00366_CCFv3,8370.1,3175.15,8492.38
pre_18465_00367,18465,mouse,NCBI:txid10090,Vipr2-IRES2-Cre-neo;Ai166,cell morphology,fMOST,DG,cells,1,SEU-Allen Joint Center,Hanchuan Peng,,zeng_fmost,BIL,/bil/data/df/75/df75626840c76c15/mouseID_383128-18465,,,56,Female,,https://download.neuroxiv.org/SEU-A1876/SEU-ALLEN_full_pre_18465_00367_CCFv3.swc,https://neuroxiv.org/?id=SEU-ALLEN_full_pre_18465_00367_CCFv3,8478.03,3031.57,8302.3
pre_18465_00368,18465,mouse,NCBI:txid10090,Vipr2-IRES2-Cre-neo;Ai166,cell morphology,fMOST,DG,cells,1,SEU-Allen Joint Center,Hanchuan Peng,,zeng_fmost,BIL,/bil/data/df/75/df75626840c76c15/mouseID_383128-18465,,,56,Female,,https://download.neuroxiv.org/SEU-A1876/SEU-ALLEN_full_pre_18465_00368_CCFv3.swc,https://neuroxiv.org/?id=SEU-ALLEN_full_pre_18465_00368_CCFv3,8473.38,3085.98,8377.25
pre_18465_00369,18465,mouse,NCBI:txid10090,Vipr2-IRES2-Cre-neo;Ai166,cell morphology,fMOST,DG,cells,1,SEU-Allen Joint Center,Hanchuan Peng,,zeng_fmost,BIL,/bil/data/df/75/df75626840c76c15/mouseID_383128-18465,,,56,Female,,https://download.neuroxiv.org/SEU-A1876/SEU-ALLEN_full_pre_18465_00369_CCFv3.swc,https://neuroxiv.org/?id=SEU-ALLEN_full_pre_18465_00369_CCFv3,8589.12,3138.68,8089.38
pre_18465_00370,18465,mouse,NCBI:txid10090,Vipr2-IRES2-Cre-neo;Ai166,cell morphology,fMOST,DG,cells,1,SEU-Allen Joint Center,Hanchuan Peng,,zeng_fmost,BIL,/bil/data/df/75/df75626840c76c15/mouseID_383128-18465,,,56,Female,,https://download.neuroxiv.org/SEU-A1876/SEU-ALLEN_full_pre_18465_00370_CCFv3.swc,https://neuroxiv.org/?id=SEU-ALLEN_full_pre_18465_00370_CCFv3,8496.6,3144.23,8087.55
pre_18465_00371,18465,mouse,NCBI:txid10090,Vipr2-IRES2-Cre-neo;Ai166,cell morphology,fMOST,DG,cells,1,SEU-Allen Joint Center,Hanchuan Peng,,zeng_fmost,BIL,/bil/data/df/75/df75626840c76c15/mouseID_383128-18465,,,56,Female,,https://download.neuroxiv.org/SEU-A1876/SEU-ALLEN_full_pre_18465_00371_CCFv3.swc,https://neuroxiv.org/?id=SEU-ALLEN_full_pre_18465_00371_CCFv3,8617.67,3073.95,8045.55
pre_18465_00373,18465,mouse,NCBI:txid10090,Vipr2-IRES2-Cre-neo;Ai166,cell morphology,fMOST,DG,cells,1,SEU-Allen Joint Center,Hanchuan Peng,,zeng_fmost,BIL,/bil/data/df/75/df75626840c76c15/mouseID_383128-18465,,,56,Female,,https://download.neuroxiv.org/SEU-A1876/SEU-ALLEN_full_pre_18465_00373_CCFv3.swc,https://neuroxiv.org/?id=SEU-ALLEN_full_pre_18465_00373_CCFv3,8718.25,2929.3,8070.12
pre_18467_00104,18467,mouse,NCBI:txid10090,Esr2-IRES2-Cre;Ai166,cell morphology,fMOST,AUDp,cells,1,SEU-Allen Joint Center,Hanchuan Peng,,zeng_fmost,BIL,,,,,,,https://download.neuroxiv.org/SEU-A1876/SEU-ALLEN_full_pre_18467_00104_CCFv3.swc,https://neuroxiv.org/?id=SEU-ALLEN_full_pre_18467_00104_CCFv3,7933.05,3386.3,10131.3
pre_18467_00342,18467,mouse,NCBI:txid10090,Esr2-IRES2-Cre;Ai166,cell morphology,fMOST,AAA,cells,1,SEU-Allen Joint Center,Hanchuan Peng,,zeng_fmost,BIL,,,,,,,https://download.neuroxiv.org/SEU-A1876/SEU-ALLEN_full_pre_18467_00342_CCFv3.swc,https://neuroxiv.org/?id=SEU-ALLEN_full_pre_18467_00342_CCFv3,5755.42,6827.77,7644.25
pre_18467_00495,18467,mouse,NCBI:txid10090,Esr2-IRES2-Cre;Ai166,cell morphology,fMOST,TR,cells,1,SEU-Allen Joint Center,Hanchuan Peng,,zeng_fmost,BIL,,,,,,,https://download.neuroxiv.org/SEU-A1876/SEU-ALLEN_full_pre_18467_00495_CCFv3.swc,https://neuroxiv.org/?id=SEU-ALLEN_full_pre_18467_00495_CCFv3,8544.17,5993.92,2029.3
pre_18469_00001,18469,mouse,NCBI:txid10090,Fezf2-CreER;Ai166,cell morphology,fMOST,SSp-ll,cells,1,SEU-Allen Joint Center,Hanchuan Peng,,zeng_fmost,BIL,/bil/data/df/75/df75626840c76c15/mouseID_378667-18469,,,81,Male,,https://download.neuroxiv.org/SEU-A1876/SEU-ALLEN_full_pre_18469_00001_CCFv3.swc,https://neuroxiv.org/?id=SEU-ALLEN_full_pre_18469_00001_CCFv3,6106.5,1165.72,3763.05
pre_18469_00002,18469,mouse,NCBI:txid10090,Fezf2-CreER;Ai166,cell morphology,fMOST,SSp-ul,cells,1,SEU-Allen Joint Center,Hanchuan Peng,,zeng_fmost,BIL,/bil/data/df/75/df75626840c76c15/mouseID_378667-18469,,,81,Male,,https://download.neuroxiv.org/SEU-A1876/SEU-ALLEN_full_pre_18469_00002_CCFv3.swc,https://neuroxiv.org/?id=SEU-ALLEN_full_pre_18469_00002_CCFv3,6389.9,1194.93,3397.57
pre_18469_00086,18469,mouse,NCBI:txid10090,Fezf2-CreER;Ai166,cell morphology,fMOST,RSPd,cells,1,SEU-Allen Joint Center,Hanchuan Peng,,zeng_fmost,BIL,/bil/data/df/75/df75626840c76c15/mouseID_378667-18469,,,81,Male,,https://download.neuroxiv.org/SEU-A1876/SEU-ALLEN_full_pre_18469_00086_CCFv3.swc,https://neuroxiv.org/?id=SEU-ALLEN_full_pre_18469_00086_CCFv3,6762.62,732.45,5274.65
pre_18864_00003,18864,mouse,NCBI:txid10090,Cux2-CreERT2;Ai166,cell morphology,fMOST,MOs,cells,1,SEU-Allen Joint Center,Hanchuan Peng,,zeng_fmost,BIL,,,,75,Female,,https://download.neuroxiv.org/SEU-A1876/SEU-ALLEN_full_pre_18864_00003_CCFv3.swc,https://neuroxiv.org/?id=SEU-ALLEN_full_pre_18864_00003_CCFv3,3684.75,1776.43,7652.83
pre_18864_00008,18864,mouse,NCBI:txid10090,Cux2-CreERT2;Ai166,cell morphology,fMOST,RSPd,cells,1,SEU-Allen Joint Center,Hanchuan Peng,,zeng_fmost,BIL,,,,75,Female,,https://download.neuroxiv.org/SEU-A1876/SEU-ALLEN_full_pre_18864_00008_CCFv3.swc,https://neuroxiv.org/?id=SEU-ALLEN_full_pre_18864_00008_CCFv3,7032.4,580.325,6640.35
pre_18864_00012,18864,mouse,NCBI:txid10090,Cux2-CreERT2;Ai166,cell morphology,fMOST,SSp-ul,cells,1,SEU-Allen Joint Center,Hanchuan Peng,,zeng_fmost,BIL,,,,75,Female,,https://download.neuroxiv.org/SEU-A1876/SEU-ALLEN_full_pre_18864_00012_CCFv3.swc,https://neuroxiv.org/?id=SEU-ALLEN_full_pre_18864_00012_CCFv3,5793.27,1139.47,8055.1
pre_18864_00014,18864,mouse,NCBI:txid10090,Cux2-CreERT2;Ai166,cell morphology,fMOST,SSp-ul,cells,1,SEU-Allen Joint Center,Hanchuan Peng,,zeng_fmost,BIL,,,,75,Female,,https://download.neuroxiv.org/SEU-A1876/SEU-ALLEN_full_pre_18864_00014_CCFv3.swc,https://neuroxiv.org/?id=SEU-ALLEN_full_pre_18864_00014_CCFv3,5190.55,1446.43,8099.42
pre_18864_00016,18864,mouse,NCBI:txid10090,Cux2-CreERT2;Ai166,cell morphology,fMOST,SSp-ul,cells,1,SEU-Allen Joint Center,Hanchuan Peng,,zeng_fmost,BIL,,,,75,Female,,https://download.neuroxiv.org/SEU-A1876/SEU-ALLEN_full_pre_18864_00016_CCFv3.swc,https://neuroxiv.org/?id=SEU-ALLEN_full_pre_18864_00016_CCFv3,5787.5,1195.53,8110.52
pre_18864_00018,18864,mouse,NCBI:txid10090,Cux2-CreERT2;Ai166,cell morphology,fMOST,SSp-ll,cells,1,SEU-Allen Joint Center,Hanchuan Peng,,zeng_fmost,BIL,,,,75,Female,,https://download.neuroxiv.org/SEU-A1876/SEU-ALLEN_full_pre_18864_00018_CCFv3.swc,https://neuroxiv.org/?id=SEU-ALLEN_full_pre_18864_00018_CCFv3,5974.25,979.625,3498.02
pre_18864_00021,18864,mouse,NCBI:txid10090,Cux2-CreERT2;Ai166,cell morphology,fMOST,VISpm,cells,1,SEU-Allen Joint Center,Hanchuan Peng,,zeng_fmost,BIL,,,,75,Female,,https://download.neuroxiv.org/SEU-A1876/SEU-ALLEN_full_pre_18864_00021_CCFv3.swc,https://neuroxiv.org/?id=SEU-ALLEN_full_pre_18864_00021_CCFv3,8079.45,489.925,7373.15
pre_18864_00025,18864,mouse,NCBI:txid10090,Cux2-CreERT2;Ai166,cell morphology,fMOST,MOs,cells,1,SEU-Allen Joint Center,Hanchuan Peng,,zeng_fmost,BIL,,,,75,Female,,https://download.neuroxiv.org/SEU-A1876/SEU-ALLEN_full_pre_18864_00025_CCFv3.swc,https://neuroxiv.org/?id=SEU-ALLEN_full_pre_18864_00025_CCFv3,2951.12,2204.25,3728.65
pre_18864_00026,18864,mouse,NCBI:txid10090,Cux2-CreERT2;Ai166,cell morphology,fMOST,MOp,cells,1,SEU-Allen Joint Center,Hanchuan Peng,,zeng_fmost,BIL,,,,75,Female,,https://download.neuroxiv.org/SEU-A1876/SEU-ALLEN_full_pre_18864_00026_CCFv3.swc,https://neuroxiv.org/?id=SEU-ALLEN_full_pre_18864_00026_CCFv3,4299.55,1930.9,8237.65
pre_18864_00027,18864,mouse,NCBI:txid10090,Cux2-CreERT2;Ai166,cell morphology,fMOST,SSp-ul,cells,1,SEU-Allen Joint Center,Hanchuan Peng,,zeng_fmost,BIL,,,,75,Female,,https://download.neuroxiv.org/SEU-A1876/SEU-ALLEN_full_pre_18864_00027_CCFv3.swc,https://neuroxiv.org/?id=SEU-ALLEN_full_pre_18864_00027_CCFv3,5416.58,1400.53,8176.38
pre_18864_00036,18864,mouse,NCBI:txid10090,Cux2-CreERT2;Ai166,cell morphology,fMOST,MOp,cells,1,SEU-Allen Joint Center,Hanchuan Peng,,zeng_fmost,BIL,,,,75,Female,,https://download.neuroxiv.org/SEU-A1876/SEU-ALLEN_full_pre_18864_00036_CCFv3.swc,https://neuroxiv.org/?id=SEU-ALLEN_full_pre_18864_00036_CCFv3,4097.38,1723.3,3656.38
pre_18864_00038,18864,mouse,NCBI:txid10090,Cux2-CreERT2;Ai166,cell morphology,fMOST,MOp,cells,1,SEU-Allen Joint Center,Hanchuan Peng,,zeng_fmost,BIL,,,,75,Female,,https://download.neuroxiv.org/SEU-A1876/SEU-ALLEN_full_pre_18864_00038_CCFv3.swc,https://neuroxiv.org/?id=SEU-ALLEN_full_pre_18864_00038_CCFv3,4266.83,1648.05,3969.07
pre_18864_00039,18864,mouse,NCBI:txid10090,Cux2-CreERT2;Ai166,cell morphology,fMOST,VISpm,cells,1,SEU-Allen Joint Center,Hanchuan Peng,,zeng_fmost,BIL,,,,75,Female,,https://download.neuroxiv.org/SEU-A1876/SEU-ALLEN_full_pre_18864_00039_CCFv3.swc,https://neuroxiv.org/?id=SEU-ALLEN_full_pre_18864_00039_CCFv3,8539.7,433.225,7113.75
pre_18864_00042,18864,mouse,NCBI:txid10090,Cux2-CreERT2;Ai166,cell morphology,fMOST,RSPagl,cells,1,SEU-Allen Joint Center,Hanchuan Peng,,zeng_fmost,BIL,,,,75,Female,,https://download.neuroxiv.org/SEU-A1876/SEU-ALLEN_full_pre_18864_00042_CCFv3.swc,https://neuroxiv.org/?id=SEU-ALLEN_full_pre_18864_00042_CCFv3,8004.8,510.5,4466.73
pre_18864_00043,18864,mouse,NCBI:txid10090,Cux2-CreERT2;Ai166,cell morphology,fMOST,MOp,cells,1,SEU-Allen Joint Center,Hanchuan Peng,,zeng_fmost,BIL,,,,75,Female,,https://download.neuroxiv.org/SEU-A1876/SEU-ALLEN_full_pre_18864_00043_CCFv3.swc,https://neuroxiv.org/?id=SEU-ALLEN_full_pre_18864_00043_CCFv3,4586.12,1569.05,3739.82
pre_18864_00044,18864,mouse,NCBI:txid10090,Cux2-CreERT2;Ai166,cell morphology,fMOST,SSp-m,cells,1,SEU-Allen Joint Center,Hanchuan Peng,,zeng_fmost,BIL,,,,75,Female,,https://download.neuroxiv.org/SEU-A1876/SEU-ALLEN_full_pre_18864_00044_CCFv3.swc,https://neuroxiv.org/?id=SEU-ALLEN_full_pre_18864_00044_CCFv3,4756.83,1954.95,8788.38
pre_18864_00046,18864,mouse,NCBI:txid10090,Cux2-CreERT2;Ai166,cell morphology,fMOST,VISam,cells,1,SEU-Allen Joint Center,Hanchuan Peng,,zeng_fmost,BIL,,,,75,Female,,https://download.neuroxiv.org/SEU-A1876/SEU-ALLEN_full_pre_18864_00046_CCFv3.swc,https://neuroxiv.org/?id=SEU-ALLEN_full_pre_18864_00046_CCFv3,7862.23,607.175,3835.9
pre_18864_00048,18864,mouse,NCBI:txid10090,Cux2-CreERT2;Ai166,cell morphology,fMOST,VISam,cells,1,SEU-Allen Joint Center,Hanchuan Peng,,zeng_fmost,BIL,,,,75,Female,,https://download.neuroxiv.org/SEU-A1876/SEU-ALLEN_full_pre_18864_00048_CCFv3.swc,https://neuroxiv.org/?id=SEU-ALLEN_full_pre_18864_00048_CCFv3,7648.58,667.1,3645.6
pre_18864_00051,18864,mouse,NCBI:txid10090,Cux2-CreERT2;Ai166,cell morphology,fMOST,SSp-ul,cells,1,SEU-Allen Joint Center,Hanchuan Peng,,zeng_fmost,BIL,,,,75,Female,,https://download.neuroxiv.org/SEU-A1876/SEU-ALLEN_full_pre_18864_00051_CCFv3.swc,https://neuroxiv.org/?id=SEU-ALLEN_full_pre_18864_00051_CCFv3,5229.85,1643.95,8196.93
pre_18864_00059,18864,mouse,NCBI:txid10090,Cux2-CreERT2;Ai166,cell morphology,fMOST,MOp,cells,1,SEU-Allen Joint Center,Hanchuan Peng,,zeng_fmost,BIL,,,,75,Female,,https://download.neuroxiv.org/SEU-A1876/SEU-ALLEN_full_pre_18864_00059_CCFv3.swc,https://neuroxiv.org/?id=SEU-ALLEN_full_pre_18864_00059_CCFv3,4724.62,1633.5,4066.62
pre_18864_00060,18864,mouse,NCBI:txid10090,Cux2-CreERT2;Ai166,cell morphology,fMOST,SSp-bfd,cells,1,SEU-Allen Joint Center,Hanchuan Peng,,zeng_fmost,BIL,,,,75,Female,,https://download.neuroxiv.org/SEU-A1876/SEU-ALLEN_full_pre_18864_00060_CCFv3.swc,https://neuroxiv.org/?id=SEU-ALLEN_full_pre_18864_00060_CCFv3,7156.77,995.9,8448.45
pre_18864_00062,18864,mouse,NCBI:txid10090,Cux2-CreERT2;Ai166,cell morphology,fMOST,MOp,cells,1,SEU-Allen Joint Center,Hanchuan Peng,,zeng_fmost,BIL,,,,75,Female,,https://download.neuroxiv.org/SEU-A1876/SEU-ALLEN_full_pre_18864_00062_CCFv3.swc,https://neuroxiv.org/?id=SEU-ALLEN_full_pre_18864_00062_CCFv3,3620.98,2139.35,3333.02
pre_18864_00065,18864,mouse,NCBI:txid10090,Cux2-CreERT2;Ai166,cell morphology,fMOST,SSp-ul,cells,1,SEU-Allen Joint Center,Hanchuan Peng,,zeng_fmost,BIL,,,,75,Female,,https://download.neuroxiv.org/SEU-A1876/SEU-ALLEN_full_pre_18864_00065_CCFv3.swc,https://neuroxiv.org/?id=SEU-ALLEN_full_pre_18864_00065_CCFv3,4891.65,1668.1,2911.85
pre_18864_00067,18864,mouse,NCBI:txid10090,Cux2-CreERT2;Ai166,cell morphology,fMOST,SSp-ul,cells,1,SEU-Allen Joint Center,Hanchuan Peng,,zeng_fmost,BIL,,,,75,Female,,https://download.neuroxiv.org/SEU-A1876/SEU-ALLEN_full_pre_18864_00067_CCFv3.swc,https://neuroxiv.org/?id=SEU-ALLEN_full_pre_18864_00067_CCFv3,5161.75,1869,8407.9
pre_18864_00069,18864,mouse,NCBI:txid10090,Cux2-CreERT2;Ai166,cell morphology,fMOST,MOp,cells,1,SEU-Allen Joint Center,Hanchuan Peng,,zeng_fmost,BIL,,,,75,Female,,https://download.neuroxiv.org/SEU-A1876/SEU-ALLEN_full_pre_18864_00069_CCFv3.swc,https://neuroxiv.org/?id=SEU-ALLEN_full_pre_18864_00069_CCFv3,3268.4,2585.77,8310.15
pre_18864_00073,18864,mouse,NCBI:txid10090,Cux2-CreERT2;Ai166,cell morphology,fMOST,SSp-bfd,cells,1,SEU-Allen Joint Center,Hanchuan Peng,,zeng_fmost,BIL,,,,75,Female,,https://download.neuroxiv.org/SEU-A1876/SEU-ALLEN_full_pre_18864_00073_CCFv3.swc,https://neuroxiv.org/?id=SEU-ALLEN_full_pre_18864_00073_CCFv3,6418.38,1379.1,8972.23
pre_18864_00074,18864,mouse,NCBI:txid10090,Cux2-CreERT2;Ai166,cell morphology,fMOST,MOp,cells,1,SEU-Allen Joint Center,Hanchuan Peng,,zeng_fmost,BIL,,,,75,Female,,https://download.neuroxiv.org/SEU-A1876/SEU-ALLEN_full_pre_18864_00074_CCFv3.swc,https://neuroxiv.org/?id=SEU-ALLEN_full_pre_18864_00074_CCFv3,4166.9,2006.82,3430.8
pre_18864_00079,18864,mouse,NCBI:txid10090,Cux2-CreERT2;Ai166,cell morphology,fMOST,SSp-bfd,cells,1,SEU-Allen Joint Center,Hanchuan Peng,,zeng_fmost,BIL,,,,75,Female,,https://download.neuroxiv.org/SEU-A1876/SEU-ALLEN_full_pre_18864_00079_CCFv3.swc,https://neuroxiv.org/?id=SEU-ALLEN_full_pre_18864_00079_CCFv3,6942.45,1228.78,8442.03
pre_18864_00081,18864,mouse,NCBI:txid10090,Cux2-CreERT2;Ai166,cell morphology,fMOST,MOs,cells,1,SEU-Allen Joint Center,Hanchuan Peng,,zeng_fmost,BIL,,,,75,Female,,https://download.neuroxiv.org/SEU-A1876/SEU-ALLEN_full_pre_18864_00081_CCFv3.swc,https://neuroxiv.org/?id=SEU-ALLEN_full_pre_18864_00081_CCFv3,2779.6,2803.93,8328.18
pre_18864_00082,18864,mouse,NCBI:txid10090,Cux2-CreERT2;Ai166,cell morphology,fMOST,SSp-m,cells,1,SEU-Allen Joint Center,Hanchuan Peng,,zeng_fmost,BIL,,,,75,Female,,https://download.neuroxiv.org/SEU-A1876/SEU-ALLEN_full_pre_18864_00082_CCFv3.swc,https://neuroxiv.org/?id=SEU-ALLEN_full_pre_18864_00082_CCFv3,4137.5,2474.27,8761.6
pre_18864_00083,18864,mouse,NCBI:txid10090,Cux2-CreERT2;Ai166,cell morphology,fMOST,VISp,cells,1,SEU-Allen Joint Center,Hanchuan Peng,,zeng_fmost,BIL,,,,75,Female,,https://download.neuroxiv.org/SEU-A1876/SEU-ALLEN_full_pre_18864_00083_CCFv3.swc,https://neuroxiv.org/?id=SEU-ALLEN_full_pre_18864_00083_CCFv3,8161.92,730.5,3258.6
pre_18864_00084,18864,mouse,NCBI:txid10090,Cux2-CreERT2;Ai166,cell morphology,fMOST,SSp-ll,cells,1,SEU-Allen Joint Center,Hanchuan Peng,,zeng_fmost,BIL,,,,75,Female,,https://download.neuroxiv.org/SEU-A1876/SEU-ALLEN_full_pre_18864_00084_CCFv3.swc,https://neuroxiv.org/?id=SEU-ALLEN_full_pre_18864_00084_CCFv3,5741.8,1517.4,3696.65
pre_18864_00088,18864,mouse,NCBI:txid10090,Cux2-CreERT2;Ai166,cell morphology,fMOST,VISp,cells,1,SEU-Allen Joint Center,Hanchuan Peng,,zeng_fmost,BIL,,,,75,Female,,https://download.neuroxiv.org/SEU-A1876/SEU-ALLEN_full_pre_18864_00088_CCFv3.swc,https://neuroxiv.org/?id=SEU-ALLEN_full_pre_18864_00088_CCFv3,8137.5,941.475,8176.48
pre_18864_00098,18864,mouse,NCBI:txid10090,Cux2-CreERT2;Ai166,cell morphology,fMOST,VISp,cells,1,SEU-Allen Joint Center,Hanchuan Peng,,zeng_fmost,BIL,,,,75,Female,,https://download.neuroxiv.org/SEU-A1876/SEU-ALLEN_full_pre_18864_00098_CCFv3.swc,https://neuroxiv.org/?id=SEU-ALLEN_full_pre_18864_00098_CCFv3,8645,793.4,3552.57
pre_18864_00108,18864,mouse,NCBI:txid10090,Cux2-CreERT2;Ai166,cell morphology,fMOST,SSp-n,cells,1,SEU-Allen Joint Center,Hanchuan Peng,,zeng_fmost,BIL,,,,75,Female,,https://download.neuroxiv.org/SEU-A1876/SEU-ALLEN_full_pre_18864_00108_CCFv3.swc,https://neuroxiv.org/?id=SEU-ALLEN_full_pre_18864_00108_CCFv3,5616.75,1882.8,2325.15
pre_18864_00111,18864,mouse,NCBI:txid10090,Cux2-CreERT2;Ai166,cell morphology,fMOST,SSp-n,cells,1,SEU-Allen Joint Center,Hanchuan Peng,,zeng_fmost,BIL,,,,75,Female,,https://download.neuroxiv.org/SEU-A1876/SEU-ALLEN_full_pre_18864_00111_CCFv3.swc,https://neuroxiv.org/?id=SEU-ALLEN_full_pre_18864_00111_CCFv3,5511.67,1992.75,1964.12
pre_18864_00113,18864,mouse,NCBI:txid10090,Cux2-CreERT2;Ai166,cell morphology,fMOST,SSp-n,cells,1,SEU-Allen Joint Center,Hanchuan Peng,,zeng_fmost,BIL,,,,75,Female,,https://download.neuroxiv.org/SEU-A1876/SEU-ALLEN_full_pre_18864_00113_CCFv3.swc,https://neuroxiv.org/?id=SEU-ALLEN_full_pre_18864_00113_CCFv3,5632.83,2307.45,9540.2
pre_18864_00114,18864,mouse,NCBI:txid10090,Cux2-CreERT2;Ai166,cell morphology,fMOST,SSp-m,cells,1,SEU-Allen Joint Center,Hanchuan Peng,,zeng_fmost,BIL,,,,75,Female,,https://download.neuroxiv.org/SEU-A1876/SEU-ALLEN_full_pre_18864_00114_CCFv3.swc,https://neuroxiv.org/?id=SEU-ALLEN_full_pre_18864_00114_CCFv3,4414.2,2852.5,9371.88
pre_18864_00147,18864,mouse,NCBI:txid10090,Cux2-CreERT2;Ai166,cell morphology,fMOST,SSp-bfd,cells,1,SEU-Allen Joint Center,Hanchuan Peng,,zeng_fmost,BIL,,,,75,Female,,https://download.neuroxiv.org/SEU-A1876/SEU-ALLEN_full_pre_18864_00147_CCFv3.swc,https://neuroxiv.org/?id=SEU-ALLEN_full_pre_18864_00147_CCFv3,7780.25,1572.28,1848.93
pre_18864_00153,18864,mouse,NCBI:txid10090,Cux2-CreERT2;Ai166,cell morphology,fMOST,MOp,cells,1,SEU-Allen Joint Center,Hanchuan Peng,,zeng_fmost,BIL,,,,75,Female,,https://download.neuroxiv.org/SEU-A1876/SEU-ALLEN_full_pre_18864_00153_CCFv3.swc,https://neuroxiv.org/?id=SEU-ALLEN_full_pre_18864_00153_CCFv3,2882.55,3540.3,8634.32
pre_18864_00163,18864,mouse,NCBI:txid10090,Cux2-CreERT2;Ai166,cell morphology,fMOST,SSs,cells,1,SEU-Allen Joint Center,Hanchuan Peng,,zeng_fmost,BIL,,,,75,Female,,https://download.neuroxiv.org/SEU-A1876/SEU-ALLEN_full_pre_18864_00163_CCFv3.swc,https://neuroxiv.org/?id=SEU-ALLEN_full_pre_18864_00163_CCFv3,7500.12,1875.2,1571.1
pre_18864_00174,18864,mouse,NCBI:txid10090,Cux2-CreERT2;Ai166,cell morphology,fMOST,MOp,cells,1,SEU-Allen Joint Center,Hanchuan Peng,,zeng_fmost,BIL,,,,75,Female,,https://download.neuroxiv.org/SEU-A1876/SEU-ALLEN_full_pre_18864_00174_CCFv3.swc,https://neuroxiv.org/?id=SEU-ALLEN_full_pre_18864_00174_CCFv3,3299.15,3643.43,2621.18
pre_18864_00180,18864,mouse,NCBI:txid10090,Cux2-CreERT2;Ai166,cell morphology,fMOST,AUDd,cells,1,SEU-Allen Joint Center,Hanchuan Peng,,zeng_fmost,BIL,,,,75,Female,,https://download.neuroxiv.org/SEU-A1876/SEU-ALLEN_full_pre_18864_00180_CCFv3.swc,https://neuroxiv.org/?id=SEU-ALLEN_full_pre_18864_00180_CCFv3,7585.58,2215.7,1191.03
pre_18864_00225,18864,mouse,NCBI:txid10090,Cux2-CreERT2;Ai166,cell morphology,fMOST,VISC,cells,1,SEU-Allen Joint Center,Hanchuan Peng,,zeng_fmost,BIL,,,,75,Female,,https://download.neuroxiv.org/SEU-A1876/SEU-ALLEN_full_pre_18864_00225_CCFv3.swc,https://neuroxiv.org/?id=SEU-ALLEN_full_pre_18864_00225_CCFv3,5017.88,4438.42,1409.9
pre_18864_00247,18864,mouse,NCBI:txid10090,Cux2-CreERT2;Ai166,cell morphology,fMOST,MOp,cells,1,SEU-Allen Joint Center,Hanchuan Peng,,zeng_fmost,BIL,,,,75,Female,,https://download.neuroxiv.org/SEU-A1876/SEU-ALLEN_full_pre_18864_00247_CCFv3.swc,https://neuroxiv.org/?id=SEU-ALLEN_full_pre_18864_00247_CCFv3,3175.45,3284.1,2796.4
pre_18864_00286,18864,mouse,NCBI:txid10090,Cux2-CreERT2;Ai166,cell morphology,fMOST,MOp,cells,1,SEU-Allen Joint Center,Hanchuan Peng,,zeng_fmost,BIL,,,,75,Female,,https://download.neuroxiv.org/SEU-A1876/SEU-ALLEN_full_pre_18864_00286_CCFv3.swc,https://neuroxiv.org/?id=SEU-ALLEN_full_pre_18864_00286_CCFv3,4772.05,1416.5,3865.12
pre_18864_00411,18864,mouse,NCBI:txid10090,Cux2-CreERT2;Ai166,cell morphology,fMOST,MOs,cells,1,SEU-Allen Joint Center,Hanchuan Peng,,zeng_fmost,BIL,,,,75,Female,,https://download.neuroxiv.org/SEU-A1876/SEU-ALLEN_full_pre_18864_00411_CCFv3.swc,https://neuroxiv.org/?id=SEU-ALLEN_full_pre_18864_00411_CCFv3,2517.65,2062.1,6567.95
pre_18864_00413,18864,mouse,NCBI:txid10090,Cux2-CreERT2;Ai166,cell morphology,fMOST,MOs,cells,1,SEU-Allen Joint Center,Hanchuan Peng,,zeng_fmost,BIL,,,,75,Female,,https://download.neuroxiv.org/SEU-A1876/SEU-ALLEN_full_pre_18864_00413_CCFv3.swc,https://neuroxiv.org/?id=SEU-ALLEN_full_pre_18864_00413_CCFv3,3000.15,1786.47,6726.1
pre_18864_00414,18864,mouse,NCBI:txid10090,Cux2-CreERT2;Ai166,cell morphology,fMOST,MOs,cells,1,SEU-Allen Joint Center,Hanchuan Peng,,zeng_fmost,BIL,,,,75,Female,,https://download.neuroxiv.org/SEU-A1876/SEU-ALLEN_full_pre_18864_00414_CCFv3.swc,https://neuroxiv.org/?id=SEU-ALLEN_full_pre_18864_00414_CCFv3,2296.25,2348.25,6955
pre_18864_00420,18864,mouse,NCBI:txid10090,Cux2-CreERT2;Ai166,cell morphology,fMOST,ORBl,cells,1,SEU-Allen Joint Center,Hanchuan Peng,,zeng_fmost,BIL,,,,75,Female,,https://download.neuroxiv.org/SEU-A1876/SEU-ALLEN_full_pre_18864_00420_CCFv3.swc,https://neuroxiv.org/?id=SEU-ALLEN_full_pre_18864_00420_CCFv3,2206.48,3134.62,6949.83
pre_18864_00424,18864,mouse,NCBI:txid10090,Cux2-CreERT2;Ai166,cell morphology,fMOST,MOp,cells,1,SEU-Allen Joint Center,Hanchuan Peng,,zeng_fmost,BIL,,,,75,Female,,https://download.neuroxiv.org/SEU-A1876/SEU-ALLEN_full_pre_18864_00424_CCFv3.swc,https://neuroxiv.org/?id=SEU-ALLEN_full_pre_18864_00424_CCFv3,2864.27,3273.1,8591.45
pre_18864_00426,18864,mouse,NCBI:txid10090,Cux2-CreERT2;Ai166,cell morphology,fMOST,MOs,cells,1,SEU-Allen Joint Center,Hanchuan Peng,,zeng_fmost,BIL,,,,75,Female,,https://download.neuroxiv.org/SEU-A1876/SEU-ALLEN_full_pre_18864_00426_CCFv3.swc,https://neuroxiv.org/?id=SEU-ALLEN_full_pre_18864_00426_CCFv3,3531.68,1533.97,6445.6
pre_18864_00427,18864,mouse,NCBI:txid10090,Cux2-CreERT2;Ai166,cell morphology,fMOST,MOs,cells,1,SEU-Allen Joint Center,Hanchuan Peng,,zeng_fmost,BIL,,,,75,Female,,https://download.neuroxiv.org/SEU-A1876/SEU-ALLEN_full_pre_18864_00427_CCFv3.swc,https://neuroxiv.org/?id=SEU-ALLEN_full_pre_18864_00427_CCFv3,3919.75,1566.43,6066.88
pre_18864_00432,18864,mouse,NCBI:txid10090,Cux2-CreERT2;Ai166,cell morphology,fMOST,MOp,cells,1,SEU-Allen Joint Center,Hanchuan Peng,,zeng_fmost,BIL,,,,75,Female,,https://download.neuroxiv.org/SEU-A1876/SEU-ALLEN_full_pre_18864_00432_CCFv3.swc,https://neuroxiv.org/?id=SEU-ALLEN_full_pre_18864_00432_CCFv3,4426.55,1795.35,8002.25
pre_18864_00442,18864,mouse,NCBI:txid10090,Cux2-CreERT2;Ai166,cell morphology,fMOST,SSp-bfd,cells,1,SEU-Allen Joint Center,Hanchuan Peng,,zeng_fmost,BIL,,,,75,Female,,https://download.neuroxiv.org/SEU-A1876/SEU-ALLEN_full_pre_18864_00442_CCFv3.swc,https://neuroxiv.org/?id=SEU-ALLEN_full_pre_18864_00442_CCFv3,6247.17,1709.65,9251.35
pre_18864_00457,18864,mouse,NCBI:txid10090,Cux2-CreERT2;Ai166,cell morphology,fMOST,RSPagl,cells,1,SEU-Allen Joint Center,Hanchuan Peng,,zeng_fmost,BIL,,,,75,Female,,https://download.neuroxiv.org/SEU-A1876/SEU-ALLEN_full_pre_18864_00457_CCFv3.swc,https://neuroxiv.org/?id=SEU-ALLEN_full_pre_18864_00457_CCFv3,6933.98,662.1,6856.42
pre_18864_00460,18864,mouse,NCBI:txid10090,Cux2-CreERT2;Ai166,cell morphology,fMOST,SSp-tr,cells,1,SEU-Allen Joint Center,Hanchuan Peng,,zeng_fmost,BIL,,,,75,Female,,https://download.neuroxiv.org/SEU-A1876/SEU-ALLEN_full_pre_18864_00460_CCFv3.swc,https://neuroxiv.org/?id=SEU-ALLEN_full_pre_18864_00460_CCFv3,6431.48,638.8,7304.58
pre_18866_00139,18866,mouse,NCBI:txid10090,Oxtr-T2A-Cre+Pvalb-T2A-FlpO;Ai188-hyg,cell morphology,fMOST,DG,cells,1,SEU-Allen Joint Center,Hanchuan Peng,,zeng_fmost,BIL,/bil/proj/u19zeng/fMOST_raw_data/mouseID_395870-18866,,,,,,https://download.neuroxiv.org/SEU-A1876/SEU-ALLEN_full_pre_18866_00139_CCFv3.swc,https://neuroxiv.org/?id=SEU-ALLEN_full_pre_18866_00139_CCFv3,8863.05,2990.9,2928.25
pre_18866_00186,18866,mouse,NCBI:txid10090,Oxtr-T2A-Cre+Pvalb-T2A-FlpO;Ai188-hyg,cell morphology,fMOST,DG,cells,1,SEU-Allen Joint Center,Hanchuan Peng,,zeng_fmost,BIL,/bil/proj/u19zeng/fMOST_raw_data/mouseID_395870-18866,,,,,,https://download.neuroxiv.org/SEU-A1876/SEU-ALLEN_full_pre_18866_00186_CCFv3.swc,https://neuroxiv.org/?id=SEU-ALLEN_full_pre_18866_00186_CCFv3,8981.7,3217.1,2748.62
pre_18866_00299,18866,mouse,NCBI:txid10090,Oxtr-T2A-Cre+Pvalb-T2A-FlpO;Ai188-hyg,cell morphology,fMOST,DG,cells,1,SEU-Allen Joint Center,Hanchuan Peng,,zeng_fmost,BIL,/bil/proj/u19zeng/fMOST_raw_data/mouseID_395870-18866,,,,,,https://download.neuroxiv.org/SEU-A1876/SEU-ALLEN_full_pre_18866_00299_CCFv3.swc,https://neuroxiv.org/?id=SEU-ALLEN_full_pre_18866_00299_CCFv3,8832.3,4223.08,2225.6
pre_18866_01458,18866,mouse,NCBI:txid10090,Oxtr-T2A-Cre+Pvalb-T2A-FlpO;Ai188-hyg,cell morphology,fMOST,DG,cells,1,SEU-Allen Joint Center,Hanchuan Peng,,zeng_fmost,BIL,/bil/proj/u19zeng/fMOST_raw_data/mouseID_395870-18866,,,,,,https://download.neuroxiv.org/SEU-A1876/SEU-ALLEN_full_pre_18866_01458_CCFv3.swc,https://neuroxiv.org/?id=SEU-ALLEN_full_pre_18866_01458_CCFv3,8174.88,2511.77,8034.25
pre_18868_00443,18868,mouse,NCBI:txid10090,Pvalb-T2A-CreERT2;Ai166,cell morphology,fMOST,MOp,cells,1,SEU-Allen Joint Center,Hanchuan Peng,,zeng_fmost,BIL,/bil/proj/u19zeng/fMOST_terafly/mouseID_396476-18868,,,82,Female,,https://download.neuroxiv.org/SEU-A1876/SEU-ALLEN_full_pre_18868_00443_CCFv3.swc,https://neuroxiv.org/?id=SEU-ALLEN_full_pre_18868_00443_CCFv3,3811.3,2546.48,7872.52
pre_18868_00465,18868,mouse,NCBI:txid10090,Pvalb-T2A-CreERT2;Ai166,cell morphology,fMOST,MOp,cells,1,SEU-Allen Joint Center,Hanchuan Peng,,zeng_fmost,BIL,/bil/proj/u19zeng/fMOST_terafly/mouseID_396476-18868,,,82,Female,,https://download.neuroxiv.org/SEU-A1876/SEU-ALLEN_full_pre_18868_00465_CCFv3.swc,https://neuroxiv.org/?id=SEU-ALLEN_full_pre_18868_00465_CCFv3,3134.02,3521.77,8448.73
190908_01,190908,mouse,NCBI:txid10090,PlexinD1-creER,cell morphology,fMOST,SSp-ul,cells,1,Huazhong University of Science and Technology,Qingming Luo,1U19MH114821-01,huang_fmost,BIL,/bil/proj/u19huang/mouseID_19022717-190908,,,22w,female,pass,,,NA,NA,NA
190908_02,190908,mouse,NCBI:txid10090,PlexinD1-creER,cell morphology,fMOST,SSp-ul,cells,1,Huazhong University of Science and Technology,Qingming Luo,1U19MH114821-01,huang_fmost,BIL,/bil/proj/u19huang/mouseID_19022717-190908,,,22w,female,pass,,,NA,NA,NA
182448_01,182448,mouse,NCBI:txid10090,PlexinD1-creER,cell morphology,fMOST,MOp,cells,1,Huazhong University of Science and Technology,Qingming Luo,1U19MH114821-01,huang_fmost,BIL,/bil/proj/u19huang/mouseID_18112111-182448,,,14w,female,pass,,,NA,NA,NA
182448_02,182448,mouse,NCBI:txid10090,PlexinD1-creER,cell morphology,fMOST,MOp,cells,1,Huazhong University of Science and Technology,Qingming Luo,1U19MH114821-01,huang_fmost,BIL,/bil/proj/u19huang/mouseID_18112111-182448,,,14w,female,pass,,,NA,NA,NA
182448_03,182448,mouse,NCBI:txid10090,PlexinD1-creER,cell morphology,fMOST,MOp,cells,1,Huazhong University of Science and Technology,Qingming Luo,1U19MH114821-01,huang_fmost,BIL,/bil/proj/u19huang/mouseID_18112111-182448,,,14w,female,pass,,,NA,NA,NA
182448_04,182448,mouse,NCBI:txid10090,PlexinD1-creER,cell morphology,fMOST,MOp,cells,1,Huazhong University of Science and Technology,Qingming Luo,1U19MH114821-01,huang_fmost,BIL,/bil/proj/u19huang/mouseID_18112111-182448,,,14w,female,pass,,,NA,NA,NA
182931_01,182931,mouse,NCBI:txid10090,PlexinD1-creER,cell morphology,fMOST,MOs,cells,1,Huazhong University of Science and Technology,Qingming Luo,1U19MH114821-01,huang_fmost,BIL,/bil/proj/u19huang/mouseID_18121216-182931,,,13w,male,pass,,,NA,NA,NA
182931_02,182931,mouse,NCBI:txid10090,PlexinD1-creER,cell morphology,fMOST,MOs,cells,1,Huazhong University of Science and Technology,Qingming Luo,1U19MH114821-01,huang_fmost,BIL,/bil/proj/u19huang/mouseID_18121216-182931,,,13w,male,pass,,,NA,NA,NA
182931_03,182931,mouse,NCBI:txid10090,PlexinD1-creER,cell morphology,fMOST,MOs,cells,1,Huazhong University of Science and Technology,Qingming Luo,1U19MH114821-01,huang_fmost,BIL,/bil/proj/u19huang/mouseID_18121216-182931,,,13w,male,pass,,,NA,NA,NA
182931_04,182931,mouse,NCBI:txid10090,PlexinD1-creER,cell morphology,fMOST,MOs,cells,1,Huazhong University of Science and Technology,Qingming Luo,1U19MH114821-01,huang_fmost,BIL,/bil/proj/u19huang/mouseID_18121216-182931,,,13w,male,pass,,,NA,NA,NA
182931_05,182931,mouse,NCBI:txid10090,PlexinD1-creER,cell morphology,fMOST,MOs,cells,1,Huazhong University of Science and Technology,Qingming Luo,1U19MH114821-01,huang_fmost,BIL,/bil/proj/u19huang/mouseID_18121216-182931,,,13w,male,pass,,,NA,NA,NA
190129_01,190129,mouse,NCBI:txid10090,PlexinD1-creER,cell morphology,fMOST,SSp-ul,cells,1,Huazhong University of Science and Technology,Qingming Luo,1U19MH114821-01,huang_fmost,BIL,/bil/proj/u19huang/mouseID_19010308-190129,,,19w,female,pass,,,NA,NA,NA
190129_02,190129,mouse,NCBI:txid10090,PlexinD1-creER,cell morphology,fMOST,SSp-ul,cells,1,Huazhong University of Science and Technology,Qingming Luo,1U19MH114821-01,huang_fmost,BIL,/bil/proj/u19huang/mouseID_19010308-190129,,,19w,female,pass,,,NA,NA,NA
190129_03,190129,mouse,NCBI:txid10090,PlexinD1-creER,cell morphology,fMOST,SSp-ul,cells,1,Huazhong University of Science and Technology,Qingming Luo,1U19MH114821-01,huang_fmost,BIL,/bil/proj/u19huang/mouseID_19010308-190129,,,19w,female,pass,,,NA,NA,NA
190129_04,190129,mouse,NCBI:txid10090,PlexinD1-creER,cell morphology,fMOST,SSp-ul,cells,1,Huazhong University of Science and Technology,Qingming Luo,1U19MH114821-01,huang_fmost,BIL,/bil/proj/u19huang/mouseID_19010308-190129,,,19w,female,pass,,,NA,NA,NA
190129_05,190129,mouse,NCBI:txid10090,PlexinD1-creER,cell morphology,fMOST,SSp-ul,cells,1,Huazhong University of Science and Technology,Qingming Luo,1U19MH114821-01,huang_fmost,BIL,/bil/proj/u19huang/mouseID_19010308-190129,,,19w,female,pass,,,NA,NA,NA
190131_01,190131,mouse,NCBI:txid10090,PlexinD1-creER,cell morphology,fMOST,SSp-ul,cells,1,Huazhong University of Science and Technology,Qingming Luo,1U19MH114821-01,huang_fmost,BIL,/bil/proj/u19huang/mouseID_19010307-190131,,,19w,female,pass,,,NA,NA,NA
190131_02,190131,mouse,NCBI:txid10090,PlexinD1-creER,cell morphology,fMOST,SSp-ul,cells,1,Huazhong University of Science and Technology,Qingming Luo,1U19MH114821-01,huang_fmost,BIL,/bil/proj/u19huang/mouseID_19010307-190131,,,19w,female,pass,,,NA,NA,NA
182444_01,182444,mouse,NCBI:txid10090,PlexinD1-creER,cell morphology,fMOST,MOs,cells,1,Huazhong University of Science and Technology,Qingming Luo,1U19MH114821-01,huang_fmost,BIL,#N/A,,,14w,female,pass,,,NA,NA,NA
182444_02,182444,mouse,NCBI:txid10090,PlexinD1-creER,cell morphology,fMOST,MOs,cells,1,Huazhong University of Science and Technology,Qingming Luo,1U19MH114821-01,huang_fmost,BIL,#N/A,,,14w,female,pass,,,NA,NA,NA
182444_03,182444,mouse,NCBI:txid10090,PlexinD1-creER,cell morphology,fMOST,MOs,cells,1,Huazhong University of Science and Technology,Qingming Luo,1U19MH114821-01,huang_fmost,BIL,#N/A,,,14w,female,pass,,,NA,NA,NA
182444_04,182444,mouse,NCBI:txid10090,PlexinD1-creER,cell morphology,fMOST,MOs,cells,1,Huazhong University of Science and Technology,Qingming Luo,1U19MH114821-01,huang_fmost,BIL,#N/A,,,14w,female,pass,,,NA,NA,NA
182444_05,182444,mouse,NCBI:txid10090,PlexinD1-creER,cell morphology,fMOST,MOs,cells,1,Huazhong University of Science and Technology,Qingming Luo,1U19MH114821-01,huang_fmost,BIL,#N/A,,,14w,female,pass,,,NA,NA,NA
182444_06,182444,mouse,NCBI:txid10090,PlexinD1-creER,cell morphology,fMOST,MOs,cells,1,Huazhong University of Science and Technology,Qingming Luo,1U19MH114821-01,huang_fmost,BIL,#N/A,,,14w,female,pass,,,NA,NA,NA
182444_07,182444,mouse,NCBI:txid10090,PlexinD1-creER,cell morphology,fMOST,MOs,cells,1,Huazhong University of Science and Technology,Qingming Luo,1U19MH114821-01,huang_fmost,BIL,#N/A,,,14w,female,pass,,,NA,NA,NA
182444_08,182444,mouse,NCBI:txid10090,PlexinD1-creER,cell morphology,fMOST,MOs,cells,1,Huazhong University of Science and Technology,Qingming Luo,1U19MH114821-01,huang_fmost,BIL,#N/A,,,14w,female,pass,,,NA,NA,NA
182444_09,182444,mouse,NCBI:txid10090,PlexinD1-creER,cell morphology,fMOST,MOs,cells,1,Huazhong University of Science and Technology,Qingming Luo,1U19MH114821-01,huang_fmost,BIL,#N/A,,,14w,female,pass,,,NA,NA,NA
182444_10,182444,mouse,NCBI:txid10090,PlexinD1-creER,cell morphology,fMOST,MOs,cells,1,Huazhong University of Science and Technology,Qingming Luo,1U19MH114821-01,huang_fmost,BIL,#N/A,,,14w,female,pass,,,NA,NA,NA
182444_11,182444,mouse,NCBI:txid10090,PlexinD1-creER,cell morphology,fMOST,MOs,cells,1,Huazhong University of Science and Technology,Qingming Luo,1U19MH114821-01,huang_fmost,BIL,#N/A,,,14w,female,pass,,,NA,NA,NA
182444_12,182444,mouse,NCBI:txid10090,PlexinD1-creER,cell morphology,fMOST,MOs,cells,1,Huazhong University of Science and Technology,Qingming Luo,1U19MH114821-01,huang_fmost,BIL,#N/A,,,14w,female,pass,,,NA,NA,NA
182444_13,182444,mouse,NCBI:txid10090,PlexinD1-creER,cell morphology,fMOST,MOs,cells,1,Huazhong University of Science and Technology,Qingming Luo,1U19MH114821-01,huang_fmost,BIL,#N/A,,,14w,female,pass,,,NA,NA,NA
182444_14,182444,mouse,NCBI:txid10090,PlexinD1-creER,cell morphology,fMOST,MOs,cells,1,Huazhong University of Science and Technology,Qingming Luo,1U19MH114821-01,huang_fmost,BIL,#N/A,,,14w,female,pass,,,NA,NA,NA
182444_15,182444,mouse,NCBI:txid10090,PlexinD1-creER,cell morphology,fMOST,MOs,cells,1,Huazhong University of Science and Technology,Qingming Luo,1U19MH114821-01,huang_fmost,BIL,#N/A,,,14w,female,pass,,,NA,NA,NA
182681_01,182681,mouse,NCBI:txid10090,Fezf2-CreER,cell morphology,fMOST,SSp-ul,cells,1,Huazhong University of Science and Technology,Qingming Luo,1U19MH114821-01,huang_fmost,BIL,/bil/proj/u19huang/mouseID_18112614-182681,,,13w,male,pass,,,NA,NA,NA
182681_02,182681,mouse,NCBI:txid10090,Fezf2-CreER,cell morphology,fMOST,SSp-ul,cells,1,Huazhong University of Science and Technology,Qingming Luo,1U19MH114821-01,huang_fmost,BIL,/bil/proj/u19huang/mouseID_18112614-182681,,,13w,male,pass,,,NA,NA,NA
182681_03,182681,mouse,NCBI:txid10090,Fezf2-CreER,cell morphology,fMOST,SSp-ul,cells,1,Huazhong University of Science and Technology,Qingming Luo,1U19MH114821-01,huang_fmost,BIL,/bil/proj/u19huang/mouseID_18112614-182681,,,13w,male,pass,,,NA,NA,NA
182681_04,182681,mouse,NCBI:txid10090,Fezf2-CreER,cell morphology,fMOST,SSp-ul,cells,1,Huazhong University of Science and Technology,Qingming Luo,1U19MH114821-01,huang_fmost,BIL,/bil/proj/u19huang/mouseID_18112614-182681,,,13w,male,pass,,,NA,NA,NA
182681_05,182681,mouse,NCBI:txid10090,Fezf2-CreER,cell morphology,fMOST,SSp-ul,cells,1,Huazhong University of Science and Technology,Qingming Luo,1U19MH114821-01,huang_fmost,BIL,/bil/proj/u19huang/mouseID_18112614-182681,,,13w,male,pass,,,NA,NA,NA
182681_06,182681,mouse,NCBI:txid10090,Fezf2-CreER,cell morphology,fMOST,SSp-ul,cells,1,Huazhong University of Science and Technology,Qingming Luo,1U19MH114821-01,huang_fmost,BIL,/bil/proj/u19huang/mouseID_18112614-182681,,,13w,male,pass,,,NA,NA,NA
182681_07,182681,mouse,NCBI:txid10090,Fezf2-CreER,cell morphology,fMOST,SSp-ul,cells,1,Huazhong University of Science and Technology,Qingming Luo,1U19MH114821-01,huang_fmost,BIL,/bil/proj/u19huang/mouseID_18112614-182681,,,13w,male,pass,,,NA,NA,NA
182681_08,182681,mouse,NCBI:txid10090,Fezf2-CreER,cell morphology,fMOST,SSp-ul,cells,1,Huazhong University of Science and Technology,Qingming Luo,1U19MH114821-01,huang_fmost,BIL,/bil/proj/u19huang/mouseID_18112614-182681,,,13w,male,pass,,,NA,NA,NA
182681_09,182681,mouse,NCBI:txid10090,Fezf2-CreER,cell morphology,fMOST,SSp-ul,cells,1,Huazhong University of Science and Technology,Qingming Luo,1U19MH114821-01,huang_fmost,BIL,/bil/proj/u19huang/mouseID_18112614-182681,,,13w,male,pass,,,NA,NA,NA
182681_10,182681,mouse,NCBI:txid10090,Fezf2-CreER,cell morphology,fMOST,SSp-ul,cells,1,Huazhong University of Science and Technology,Qingming Luo,1U19MH114821-01,huang_fmost,BIL,/bil/proj/u19huang/mouseID_18112614-182681,,,13w,male,pass,,,NA,NA,NA
182681_11,182681,mouse,NCBI:txid10090,Fezf2-CreER,cell morphology,fMOST,SSp-ul,cells,1,Huazhong University of Science and Technology,Qingming Luo,1U19MH114821-01,huang_fmost,BIL,/bil/proj/u19huang/mouseID_18112614-182681,,,13w,male,pass,,,NA,NA,NA
182681_12,182681,mouse,NCBI:txid10090,Fezf2-CreER,cell morphology,fMOST,SSp-ul,cells,1,Huazhong University of Science and Technology,Qingming Luo,1U19MH114821-01,huang_fmost,BIL,/bil/proj/u19huang/mouseID_18112614-182681,,,13w,male,pass,,,NA,NA,NA
182681_13,182681,mouse,NCBI:txid10090,Fezf2-CreER,cell morphology,fMOST,SSp-ul,cells,1,Huazhong University of Science and Technology,Qingming Luo,1U19MH114821-01,huang_fmost,BIL,/bil/proj/u19huang/mouseID_18112614-182681,,,13w,male,pass,,,NA,NA,NA
182681_14,182681,mouse,NCBI:txid10090,Fezf2-CreER,cell morphology,fMOST,SSp-ul,cells,1,Huazhong University of Science and Technology,Qingming Luo,1U19MH114821-01,huang_fmost,BIL,/bil/proj/u19huang/mouseID_18112614-182681,,,13w,male,pass,,,NA,NA,NA
182681_15,182681,mouse,NCBI:txid10090,Fezf2-CreER,cell morphology,fMOST,SSp-ul,cells,1,Huazhong University of Science and Technology,Qingming Luo,1U19MH114821-01,huang_fmost,BIL,/bil/proj/u19huang/mouseID_18112614-182681,,,13w,male,pass,,,NA,NA,NA
182681_16,182681,mouse,NCBI:txid10090,Fezf2-CreER,cell morphology,fMOST,SSp-ul,cells,1,Huazhong University of Science and Technology,Qingming Luo,1U19MH114821-01,huang_fmost,BIL,/bil/proj/u19huang/mouseID_18112614-182681,,,13w,male,pass,,,NA,NA,NA
182681_17,182681,mouse,NCBI:txid10090,Fezf2-CreER,cell morphology,fMOST,SSp-ul,cells,1,Huazhong University of Science and Technology,Qingming Luo,1U19MH114821-01,huang_fmost,BIL,/bil/proj/u19huang/mouseID_18112614-182681,,,13w,male,pass,,,NA,NA,NA
182681_18,182681,mouse,NCBI:txid10090,Fezf2-CreER,cell morphology,fMOST,SSp-ul,cells,1,Huazhong University of Science and Technology,Qingming Luo,1U19MH114821-01,huang_fmost,BIL,/bil/proj/u19huang/mouseID_18112614-182681,,,13w,male,pass,,,NA,NA,NA
182681_19,182681,mouse,NCBI:txid10090,Fezf2-CreER,cell morphology,fMOST,SSp-ul,cells,1,Huazhong University of Science and Technology,Qingming Luo,1U19MH114821-01,huang_fmost,BIL,/bil/proj/u19huang/mouseID_18112614-182681,,,13w,male,pass,,,NA,NA,NA
182681_20,182681,mouse,NCBI:txid10090,Fezf2-CreER,cell morphology,fMOST,SSp-ul,cells,1,Huazhong University of Science and Technology,Qingming Luo,1U19MH114821-01,huang_fmost,BIL,/bil/proj/u19huang/mouseID_18112614-182681,,,13w,male,pass,,,NA,NA,NA
182681_21,182681,mouse,NCBI:txid10090,Fezf2-CreER,cell morphology,fMOST,SSp-ul,cells,1,Huazhong University of Science and Technology,Qingming Luo,1U19MH114821-01,huang_fmost,BIL,/bil/proj/u19huang/mouseID_18112614-182681,,,13w,male,pass,,,NA,NA,NA
182681_22,182681,mouse,NCBI:txid10090,Fezf2-CreER,cell morphology,fMOST,SSp-ul,cells,1,Huazhong University of Science and Technology,Qingming Luo,1U19MH114821-01,huang_fmost,BIL,/bil/proj/u19huang/mouseID_18112614-182681,,,13w,male,pass,,,NA,NA,NA
182681_23,182681,mouse,NCBI:txid10090,Fezf2-CreER,cell morphology,fMOST,SSp-ul,cells,1,Huazhong University of Science and Technology,Qingming Luo,1U19MH114821-01,huang_fmost,BIL,/bil/proj/u19huang/mouseID_18112614-182681,,,13w,male,pass,,,NA,NA,NA
182681_24,182681,mouse,NCBI:txid10090,Fezf2-CreER,cell morphology,fMOST,SSp-ul,cells,1,Huazhong University of Science and Technology,Qingming Luo,1U19MH114821-01,huang_fmost,BIL,/bil/proj/u19huang/mouseID_18112614-182681,,,13w,male,pass,,,NA,NA,NA
182681_25,182681,mouse,NCBI:txid10090,Fezf2-CreER,cell morphology,fMOST,SSp-ul,cells,1,Huazhong University of Science and Technology,Qingming Luo,1U19MH114821-01,huang_fmost,BIL,/bil/proj/u19huang/mouseID_18112614-182681,,,13w,male,pass,,,NA,NA,NA
182681_26,182681,mouse,NCBI:txid10090,Fezf2-CreER,cell morphology,fMOST,SSp-ul,cells,1,Huazhong University of Science and Technology,Qingming Luo,1U19MH114821-01,huang_fmost,BIL,/bil/proj/u19huang/mouseID_18112614-182681,,,13w,male,pass,,,NA,NA,NA
182681_27,182681,mouse,NCBI:txid10090,Fezf2-CreER,cell morphology,fMOST,SSp-ul,cells,1,Huazhong University of Science and Technology,Qingming Luo,1U19MH114821-01,huang_fmost,BIL,/bil/proj/u19huang/mouseID_18112614-182681,,,13w,male,pass,,,NA,NA,NA
182681_28,182681,mouse,NCBI:txid10090,Fezf2-CreER,cell morphology,fMOST,SSp-ul,cells,1,Huazhong University of Science and Technology,Qingming Luo,1U19MH114821-01,huang_fmost,BIL,/bil/proj/u19huang/mouseID_18112614-182681,,,13w,male,pass,,,NA,NA,NA
182681_29,182681,mouse,NCBI:txid10090,Fezf2-CreER,cell morphology,fMOST,SSp-ul,cells,1,Huazhong University of Science and Technology,Qingming Luo,1U19MH114821-01,huang_fmost,BIL,/bil/proj/u19huang/mouseID_18112614-182681,,,13w,male,pass,,,NA,NA,NA
182681_30,182681,mouse,NCBI:txid10090,Fezf2-CreER,cell morphology,fMOST,SSp-ul,cells,1,Huazhong University of Science and Technology,Qingming Luo,1U19MH114821-01,huang_fmost,BIL,/bil/proj/u19huang/mouseID_18112614-182681,,,13w,male,pass,,,NA,NA,NA
182681_31,182681,mouse,NCBI:txid10090,Fezf2-CreER,cell morphology,fMOST,SSp-ul,cells,1,Huazhong University of Science and Technology,Qingming Luo,1U19MH114821-01,huang_fmost,BIL,/bil/proj/u19huang/mouseID_18112614-182681,,,13w,male,pass,,,NA,NA,NA
182681_32,182681,mouse,NCBI:txid10090,Fezf2-CreER,cell morphology,fMOST,SSp-ul,cells,1,Huazhong University of Science and Technology,Qingming Luo,1U19MH114821-01,huang_fmost,BIL,/bil/proj/u19huang/mouseID_18112614-182681,,,13w,male,pass,,,NA,NA,NA
182681_33,182681,mouse,NCBI:txid10090,Fezf2-CreER,cell morphology,fMOST,SSp-ul,cells,1,Huazhong University of Science and Technology,Qingming Luo,1U19MH114821-01,huang_fmost,BIL,/bil/proj/u19huang/mouseID_18112614-182681,,,13w,male,pass,,,NA,NA,NA
182681_34,182681,mouse,NCBI:txid10090,Fezf2-CreER,cell morphology,fMOST,SSp-ul,cells,1,Huazhong University of Science and Technology,Qingming Luo,1U19MH114821-01,huang_fmost,BIL,/bil/proj/u19huang/mouseID_18112614-182681,,,13w,male,pass,,,NA,NA,NA
182681_35,182681,mouse,NCBI:txid10090,Fezf2-CreER,cell morphology,fMOST,SSp-ul,cells,1,Huazhong University of Science and Technology,Qingming Luo,1U19MH114821-01,huang_fmost,BIL,/bil/proj/u19huang/mouseID_18112614-182681,,,13w,male,pass,,,NA,NA,NA
182681_36,182681,mouse,NCBI:txid10090,Fezf2-CreER,cell morphology,fMOST,SSp-ul,cells,1,Huazhong University of Science and Technology,Qingming Luo,1U19MH114821-01,huang_fmost,BIL,/bil/proj/u19huang/mouseID_18112614-182681,,,13w,male,pass,,,NA,NA,NA
182681_37,182681,mouse,NCBI:txid10090,Fezf2-CreER,cell morphology,fMOST,SSp-ul,cells,1,Huazhong University of Science and Technology,Qingming Luo,1U19MH114821-01,huang_fmost,BIL,/bil/proj/u19huang/mouseID_18112614-182681,,,13w,male,pass,,,NA,NA,NA
182681_38,182681,mouse,NCBI:txid10090,Fezf2-CreER,cell morphology,fMOST,SSp-ul,cells,1,Huazhong University of Science and Technology,Qingming Luo,1U19MH114821-01,huang_fmost,BIL,/bil/proj/u19huang/mouseID_18112614-182681,,,13w,male,pass,,,NA,NA,NA
182681_39,182681,mouse,NCBI:txid10090,Fezf2-CreER,cell morphology,fMOST,SSp-ul,cells,1,Huazhong University of Science and Technology,Qingming Luo,1U19MH114821-01,huang_fmost,BIL,/bil/proj/u19huang/mouseID_18112614-182681,,,13w,male,pass,,,NA,NA,NA
182681_40,182681,mouse,NCBI:txid10090,Fezf2-CreER,cell morphology,fMOST,SSp-ul,cells,1,Huazhong University of Science and Technology,Qingming Luo,1U19MH114821-01,huang_fmost,BIL,/bil/proj/u19huang/mouseID_18112614-182681,,,13w,male,pass,,,NA,NA,NA
182681_41,182681,mouse,NCBI:txid10090,Fezf2-CreER,cell morphology,fMOST,SSp-ul,cells,1,Huazhong University of Science and Technology,Qingming Luo,1U19MH114821-01,huang_fmost,BIL,/bil/proj/u19huang/mouseID_18112614-182681,,,13w,male,pass,,,NA,NA,NA
182681_42,182681,mouse,NCBI:txid10090,Fezf2-CreER,cell morphology,fMOST,SSp-ul,cells,1,Huazhong University of Science and Technology,Qingming Luo,1U19MH114821-01,huang_fmost,BIL,/bil/proj/u19huang/mouseID_18112614-182681,,,13w,male,pass,,,NA,NA,NA
182683_01,182683,mouse,NCBI:txid10090,Fezf2-CreER,cell morphology,fMOST,SSp-ul,cells,1,Huazhong University of Science and Technology,Qingming Luo,1U19MH114821-01,huang_fmost,BIL,#N/A,,,13w,male,pass,,,NA,NA,NA
182683_02,182683,mouse,NCBI:txid10090,Fezf2-CreER,cell morphology,fMOST,SSp-ul,cells,1,Huazhong University of Science and Technology,Qingming Luo,1U19MH114821-01,huang_fmost,BIL,#N/A,,,13w,male,pass,,,NA,NA,NA
182683_03,182683,mouse,NCBI:txid10090,Fezf2-CreER,cell morphology,fMOST,SSp-ul,cells,1,Huazhong University of Science and Technology,Qingming Luo,1U19MH114821-01,huang_fmost,BIL,#N/A,,,13w,male,pass,,,NA,NA,NA
182683_04,182683,mouse,NCBI:txid10090,Fezf2-CreER,cell morphology,fMOST,SSp-ul,cells,1,Huazhong University of Science and Technology,Qingming Luo,1U19MH114821-01,huang_fmost,BIL,#N/A,,,13w,male,pass,,,NA,NA,NA
182683_05,182683,mouse,NCBI:txid10090,Fezf2-CreER,cell morphology,fMOST,SSp-ul,cells,1,Huazhong University of Science and Technology,Qingming Luo,1U19MH114821-01,huang_fmost,BIL,#N/A,,,13w,male,pass,,,NA,NA,NA
182683_06,182683,mouse,NCBI:txid10090,Fezf2-CreER,cell morphology,fMOST,SSp-ul,cells,1,Huazhong University of Science and Technology,Qingming Luo,1U19MH114821-01,huang_fmost,BIL,#N/A,,,13w,male,pass,,,NA,NA,NA
182683_07,182683,mouse,NCBI:txid10090,Fezf2-CreER,cell morphology,fMOST,SSp-ul,cells,1,Huazhong University of Science and Technology,Qingming Luo,1U19MH114821-01,huang_fmost,BIL,#N/A,,,13w,male,pass,,,NA,NA,NA
182683_08,182683,mouse,NCBI:txid10090,Fezf2-CreER,cell morphology,fMOST,SSp-ul,cells,1,Huazhong University of Science and Technology,Qingming Luo,1U19MH114821-01,huang_fmost,BIL,#N/A,,,13w,male,pass,,,NA,NA,NA
182683_09,182683,mouse,NCBI:txid10090,Fezf2-CreER,cell morphology,fMOST,SSp-ul,cells,1,Huazhong University of Science and Technology,Qingming Luo,1U19MH114821-01,huang_fmost,BIL,#N/A,,,13w,male,pass,,,NA,NA,NA
182683_10,182683,mouse,NCBI:txid10090,Fezf2-CreER,cell morphology,fMOST,SSp-ul,cells,1,Huazhong University of Science and Technology,Qingming Luo,1U19MH114821-01,huang_fmost,BIL,#N/A,,,13w,male,pass,,,NA,NA,NA
182683_11,182683,mouse,NCBI:txid10090,Fezf2-CreER,cell morphology,fMOST,SSp-ul,cells,1,Huazhong University of Science and Technology,Qingming Luo,1U19MH114821-01,huang_fmost,BIL,#N/A,,,13w,male,pass,,,NA,NA,NA
182683_12,182683,mouse,NCBI:txid10090,Fezf2-CreER,cell morphology,fMOST,SSp-ul,cells,1,Huazhong University of Science and Technology,Qingming Luo,1U19MH114821-01,huang_fmost,BIL,#N/A,,,13w,male,pass,,,NA,NA,NA
182683_13,182683,mouse,NCBI:txid10090,Fezf2-CreER,cell morphology,fMOST,SSp-ul,cells,1,Huazhong University of Science and Technology,Qingming Luo,1U19MH114821-01,huang_fmost,BIL,#N/A,,,13w,male,pass,,,NA,NA,NA
182683_14,182683,mouse,NCBI:txid10090,Fezf2-CreER,cell morphology,fMOST,SSp-ul,cells,1,Huazhong University of Science and Technology,Qingming Luo,1U19MH114821-01,huang_fmost,BIL,#N/A,,,13w,male,pass,,,NA,NA,NA
182683_15,182683,mouse,NCBI:txid10090,Fezf2-CreER,cell morphology,fMOST,SSp-ul,cells,1,Huazhong University of Science and Technology,Qingming Luo,1U19MH114821-01,huang_fmost,BIL,#N/A,,,13w,male,pass,,,NA,NA,NA
182683_16,182683,mouse,NCBI:txid10090,Fezf2-CreER,cell morphology,fMOST,SSp-ul,cells,1,Huazhong University of Science and Technology,Qingming Luo,1U19MH114821-01,huang_fmost,BIL,#N/A,,,13w,male,pass,,,NA,NA,NA
182683_17,182683,mouse,NCBI:txid10090,Fezf2-CreER,cell morphology,fMOST,SSp-ul,cells,1,Huazhong University of Science and Technology,Qingming Luo,1U19MH114821-01,huang_fmost,BIL,#N/A,,,13w,male,pass,,,NA,NA,NA
182683_18,182683,mouse,NCBI:txid10090,Fezf2-CreER,cell morphology,fMOST,SSp-ul,cells,1,Huazhong University of Science and Technology,Qingming Luo,1U19MH114821-01,huang_fmost,BIL,#N/A,,,13w,male,pass,,,NA,NA,NA
182683_19,182683,mouse,NCBI:txid10090,Fezf2-CreER,cell morphology,fMOST,SSp-ul,cells,1,Huazhong University of Science and Technology,Qingming Luo,1U19MH114821-01,huang_fmost,BIL,#N/A,,,13w,male,pass,,,NA,NA,NA
182683_20,182683,mouse,NCBI:txid10090,Fezf2-CreER,cell morphology,fMOST,SSp-ul,cells,1,Huazhong University of Science and Technology,Qingming Luo,1U19MH114821-01,huang_fmost,BIL,#N/A,,,13w,male,pass,,,NA,NA,NA
182683_21,182683,mouse,NCBI:txid10090,Fezf2-CreER,cell morphology,fMOST,SSp-ul,cells,1,Huazhong University of Science and Technology,Qingming Luo,1U19MH114821-01,huang_fmost,BIL,#N/A,,,13w,male,pass,,,NA,NA,NA
182683_22,182683,mouse,NCBI:txid10090,Fezf2-CreER,cell morphology,fMOST,SSp-ul,cells,1,Huazhong University of Science and Technology,Qingming Luo,1U19MH114821-01,huang_fmost,BIL,#N/A,,,13w,male,pass,,,NA,NA,NA
182683_23,182683,mouse,NCBI:txid10090,Fezf2-CreER,cell morphology,fMOST,SSp-ul,cells,1,Huazhong University of Science and Technology,Qingming Luo,1U19MH114821-01,huang_fmost,BIL,#N/A,,,13w,male,pass,,,NA,NA,NA
182683_24,182683,mouse,NCBI:txid10090,Fezf2-CreER,cell morphology,fMOST,SSp-ul,cells,1,Huazhong University of Science and Technology,Qingming Luo,1U19MH114821-01,huang_fmost,BIL,#N/A,,,13w,male,pass,,,NA,NA,NA
182683_25,182683,mouse,NCBI:txid10090,Fezf2-CreER,cell morphology,fMOST,SSp-ul,cells,1,Huazhong University of Science and Technology,Qingming Luo,1U19MH114821-01,huang_fmost,BIL,#N/A,,,13w,male,pass,,,NA,NA,NA
182683_26,182683,mouse,NCBI:txid10090,Fezf2-CreER,cell morphology,fMOST,SSp-ul,cells,1,Huazhong University of Science and Technology,Qingming Luo,1U19MH114821-01,huang_fmost,BIL,#N/A,,,13w,male,pass,,,NA,NA,NA
182683_27,182683,mouse,NCBI:txid10090,Fezf2-CreER,cell morphology,fMOST,SSp-ul,cells,1,Huazhong University of Science and Technology,Qingming Luo,1U19MH114821-01,huang_fmost,BIL,#N/A,,,13w,male,pass,,,NA,NA,NA
182683_28,182683,mouse,NCBI:txid10090,Fezf2-CreER,cell morphology,fMOST,SSp-ul,cells,1,Huazhong University of Science and Technology,Qingming Luo,1U19MH114821-01,huang_fmost,BIL,#N/A,,,13w,male,pass,,,NA,NA,NA
182683_29,182683,mouse,NCBI:txid10090,Fezf2-CreER,cell morphology,fMOST,SSp-ul,cells,1,Huazhong University of Science and Technology,Qingming Luo,1U19MH114821-01,huang_fmost,BIL,#N/A,,,13w,male,pass,,,NA,NA,NA
182683_30,182683,mouse,NCBI:txid10090,Fezf2-CreER,cell morphology,fMOST,SSp-ul,cells,1,Huazhong University of Science and Technology,Qingming Luo,1U19MH114821-01,huang_fmost,BIL,#N/A,,,13w,male,pass,,,NA,NA,NA
182683_31,182683,mouse,NCBI:txid10090,Fezf2-CreER,cell morphology,fMOST,SSp-ul,cells,1,Huazhong University of Science and Technology,Qingming Luo,1U19MH114821-01,huang_fmost,BIL,#N/A,,,13w,male,pass,,,NA,NA,NA
182683_32,182683,mouse,NCBI:txid10090,Fezf2-CreER,cell morphology,fMOST,SSp-ul,cells,1,Huazhong University of Science and Technology,Qingming Luo,1U19MH114821-01,huang_fmost,BIL,#N/A,,,13w,male,pass,,,NA,NA,NA
182683_33,182683,mouse,NCBI:txid10090,Fezf2-CreER,cell morphology,fMOST,SSp-ul,cells,1,Huazhong University of Science and Technology,Qingming Luo,1U19MH114821-01,huang_fmost,BIL,#N/A,,,13w,male,pass,,,NA,NA,NA
182683_34,182683,mouse,NCBI:txid10090,Fezf2-CreER,cell morphology,fMOST,SSp-ul,cells,1,Huazhong University of Science and Technology,Qingming Luo,1U19MH114821-01,huang_fmost,BIL,#N/A,,,13w,male,pass,,,NA,NA,NA
182683_35,182683,mouse,NCBI:txid10090,Fezf2-CreER,cell morphology,fMOST,SSp-ul,cells,1,Huazhong University of Science and Technology,Qingming Luo,1U19MH114821-01,huang_fmost,BIL,#N/A,,,13w,male,pass,,,NA,NA,NA
182683_36,182683,mouse,NCBI:txid10090,Fezf2-CreER,cell morphology,fMOST,SSp-ul,cells,1,Huazhong University of Science and Technology,Qingming Luo,1U19MH114821-01,huang_fmost,BIL,#N/A,,,13w,male,pass,,,NA,NA,NA
182683_37,182683,mouse,NCBI:txid10090,Fezf2-CreER,cell morphology,fMOST,SSp-ul,cells,1,Huazhong University of Science and Technology,Qingming Luo,1U19MH114821-01,huang_fmost,BIL,#N/A,,,13w,male,pass,,,NA,NA,NA
182683_38,182683,mouse,NCBI:txid10090,Fezf2-CreER,cell morphology,fMOST,SSp-ul,cells,1,Huazhong University of Science and Technology,Qingming Luo,1U19MH114821-01,huang_fmost,BIL,#N/A,,,13w,male,pass,,,NA,NA,NA
190132_01,190132,mouse,NCBI:txid10090,PlexinD1-creER,cell morphology,fMOST,MOp,cells,1,Huazhong University of Science and Technology,Qingming Luo,1U19MH114821-01,huang_fmost,BIL,/bil/proj/u19huang/mouseID_19010302-190132,,,16w,female,pass,,,NA,NA,NA
190138_01,190138,mouse,NCBI:txid10090,PlexinD1-creER,cell morphology,fMOST,MOs,cells,1,Huazhong University of Science and Technology,Qingming Luo,1U19MH114821-01,huang_fmost,BIL,/bil/proj/u19huang/mouseID_19010309-190138,,,19w,female,pass,,,NA,NA,NA
190138_02,190138,mouse,NCBI:txid10090,PlexinD1-creER,cell morphology,fMOST,MOs,cells,1,Huazhong University of Science and Technology,Qingming Luo,1U19MH114821-01,huang_fmost,BIL,/bil/proj/u19huang/mouseID_19010309-190138,,,19w,female,pass,,,NA,NA,NA
190138_03,190138,mouse,NCBI:txid10090,PlexinD1-creER,cell morphology,fMOST,MOs,cells,1,Huazhong University of Science and Technology,Qingming Luo,1U19MH114821-01,huang_fmost,BIL,/bil/proj/u19huang/mouseID_19010309-190138,,,19w,female,pass,,,NA,NA,NA
190138_04,190138,mouse,NCBI:txid10090,PlexinD1-creER,cell morphology,fMOST,MOs,cells,1,Huazhong University of Science and Technology,Qingming Luo,1U19MH114821-01,huang_fmost,BIL,/bil/proj/u19huang/mouseID_19010309-190138,,,19w,female,pass,,,NA,NA,NA
190138_05,190138,mouse,NCBI:txid10090,PlexinD1-creER,cell morphology,fMOST,MOs,cells,1,Huazhong University of Science and Technology,Qingming Luo,1U19MH114821-01,huang_fmost,BIL,/bil/proj/u19huang/mouseID_19010309-190138,,,19w,female,pass,,,NA,NA,NA
190138_06,190138,mouse,NCBI:txid10090,PlexinD1-creER,cell morphology,fMOST,MOs,cells,1,Huazhong University of Science and Technology,Qingming Luo,1U19MH114821-01,huang_fmost,BIL,/bil/proj/u19huang/mouseID_19010309-190138,,,19w,female,pass,,,NA,NA,NA
190138_07,190138,mouse,NCBI:txid10090,PlexinD1-creER,cell morphology,fMOST,MOs,cells,1,Huazhong University of Science and Technology,Qingming Luo,1U19MH114821-01,huang_fmost,BIL,/bil/proj/u19huang/mouseID_19010309-190138,,,19w,female,pass,,,NA,NA,NA
190138_08,190138,mouse,NCBI:txid10090,PlexinD1-creER,cell morphology,fMOST,MOs,cells,1,Huazhong University of Science and Technology,Qingming Luo,1U19MH114821-01,huang_fmost,BIL,/bil/proj/u19huang/mouseID_19010309-190138,,,19w,female,pass,,,NA,NA,NA
190138_09,190138,mouse,NCBI:txid10090,PlexinD1-creER,cell morphology,fMOST,MOs,cells,1,Huazhong University of Science and Technology,Qingming Luo,1U19MH114821-01,huang_fmost,BIL,/bil/proj/u19huang/mouseID_19010309-190138,,,19w,female,pass,,,NA,NA,NA
190128_01,190128,mouse,NCBI:txid10090,PlexinD1-creER,cell morphology,fMOST,MOs,cells,1,Huazhong University of Science and Technology,Qingming Luo,1U19MH114821-01,huang_fmost,BIL,/bil/proj/u19huang/mouseID_19010305-190128,,,31w,male,pass,,,NA,NA,NA
190128_02,190128,mouse,NCBI:txid10090,PlexinD1-creER,cell morphology,fMOST,MOs,cells,1,Huazhong University of Science and Technology,Qingming Luo,1U19MH114821-01,huang_fmost,BIL,/bil/proj/u19huang/mouseID_19010305-190128,,,31w,male,pass,,,NA,NA,NA
190128_03,190128,mouse,NCBI:txid10090,PlexinD1-creER,cell morphology,fMOST,MOs,cells,1,Huazhong University of Science and Technology,Qingming Luo,1U19MH114821-01,huang_fmost,BIL,/bil/proj/u19huang/mouseID_19010305-190128,,,31w,male,pass,,,NA,NA,NA
190128_04,190128,mouse,NCBI:txid10090,PlexinD1-creER,cell morphology,fMOST,MOs,cells,1,Huazhong University of Science and Technology,Qingming Luo,1U19MH114821-01,huang_fmost,BIL,/bil/proj/u19huang/mouseID_19010305-190128,,,31w,male,pass,,,NA,NA,NA
190128_05,190128,mouse,NCBI:txid10090,PlexinD1-creER,cell morphology,fMOST,MOs,cells,1,Huazhong University of Science and Technology,Qingming Luo,1U19MH114821-01,huang_fmost,BIL,/bil/proj/u19huang/mouseID_19010305-190128,,,31w,male,pass,,,NA,NA,NA
190128_06,190128,mouse,NCBI:txid10090,PlexinD1-creER,cell morphology,fMOST,MOs,cells,1,Huazhong University of Science and Technology,Qingming Luo,1U19MH114821-01,huang_fmost,BIL,/bil/proj/u19huang/mouseID_19010305-190128,,,31w,male,pass,,,NA,NA,NA
190128_07,190128,mouse,NCBI:txid10090,PlexinD1-creER,cell morphology,fMOST,MOs,cells,1,Huazhong University of Science and Technology,Qingming Luo,1U19MH114821-01,huang_fmost,BIL,/bil/proj/u19huang/mouseID_19010305-190128,,,31w,male,pass,,,NA,NA,NA
190128_08,190128,mouse,NCBI:txid10090,PlexinD1-creER,cell morphology,fMOST,MOs,cells,1,Huazhong University of Science and Technology,Qingming Luo,1U19MH114821-01,huang_fmost,BIL,/bil/proj/u19huang/mouseID_19010305-190128,,,31w,male,pass,,,NA,NA,NA
190128_09,190128,mouse,NCBI:txid10090,PlexinD1-creER,cell morphology,fMOST,MOs,cells,1,Huazhong University of Science and Technology,Qingming Luo,1U19MH114821-01,huang_fmost,BIL,/bil/proj/u19huang/mouseID_19010305-190128,,,31w,male,pass,,,NA,NA,NA
190128_10,190128,mouse,NCBI:txid10090,PlexinD1-creER,cell morphology,fMOST,MOs,cells,1,Huazhong University of Science and Technology,Qingming Luo,1U19MH114821-01,huang_fmost,BIL,/bil/proj/u19huang/mouseID_19010305-190128,,,31w,male,pass,,,NA,NA,NA
190128_11,190128,mouse,NCBI:txid10090,PlexinD1-creER,cell morphology,fMOST,MOs,cells,1,Huazhong University of Science and Technology,Qingming Luo,1U19MH114821-01,huang_fmost,BIL,/bil/proj/u19huang/mouseID_19010305-190128,,,31w,male,pass,,,NA,NA,NA
190128_12,190128,mouse,NCBI:txid10090,PlexinD1-creER,cell morphology,fMOST,MOs,cells,1,Huazhong University of Science and Technology,Qingming Luo,1U19MH114821-01,huang_fmost,BIL,/bil/proj/u19huang/mouseID_19010305-190128,,,31w,male,pass,,,NA,NA,NA
190128_13,190128,mouse,NCBI:txid10090,PlexinD1-creER,cell morphology,fMOST,MOs,cells,1,Huazhong University of Science and Technology,Qingming Luo,1U19MH114821-01,huang_fmost,BIL,/bil/proj/u19huang/mouseID_19010305-190128,,,31w,male,pass,,,NA,NA,NA
190128_14,190128,mouse,NCBI:txid10090,PlexinD1-creER,cell morphology,fMOST,MOs,cells,1,Huazhong University of Science and Technology,Qingming Luo,1U19MH114821-01,huang_fmost,BIL,/bil/proj/u19huang/mouseID_19010305-190128,,,31w,male,pass,,,NA,NA,NA
190128_15,190128,mouse,NCBI:txid10090,PlexinD1-creER,cell morphology,fMOST,MOs,cells,1,Huazhong University of Science and Technology,Qingming Luo,1U19MH114821-01,huang_fmost,BIL,/bil/proj/u19huang/mouseID_19010305-190128,,,31w,male,pass,,,NA,NA,NA
190128_16,190128,mouse,NCBI:txid10090,PlexinD1-creER,cell morphology,fMOST,MOs,cells,1,Huazhong University of Science and Technology,Qingming Luo,1U19MH114821-01,huang_fmost,BIL,/bil/proj/u19huang/mouseID_19010305-190128,,,31w,male,pass,,,NA,NA,NA
190128_17,190128,mouse,NCBI:txid10090,PlexinD1-creER,cell morphology,fMOST,MOs,cells,1,Huazhong University of Science and Technology,Qingming Luo,1U19MH114821-01,huang_fmost,BIL,/bil/proj/u19huang/mouseID_19010305-190128,,,31w,male,pass,,,NA,NA,NA
190128_18,190128,mouse,NCBI:txid10090,PlexinD1-creER,cell morphology,fMOST,MOs,cells,1,Huazhong University of Science and Technology,Qingming Luo,1U19MH114821-01,huang_fmost,BIL,/bil/proj/u19huang/mouseID_19010305-190128,,,31w,male,pass,,,NA,NA,NA
193374_01,193374,mouse,NCBI:txid10090,Fezf2-CreER,cell morphology,fMOST,SSp,cells,1,Huazhong University of Science and Technology,Qingming Luo,1U19MH114821-01,huang_fmost,BIL,/bil/proj/u19huang/mouseID_019081503-193374,,,19w,male,pass,,,NA,NA,NA
193374_02,193374,mouse,NCBI:txid10090,Fezf2-CreER,cell morphology,fMOST,SSp,cells,1,Huazhong University of Science and Technology,Qingming Luo,1U19MH114821-01,huang_fmost,BIL,/bil/proj/u19huang/mouseID_019081503-193374,,,19w,male,pass,,,NA,NA,NA
193374_03,193374,mouse,NCBI:txid10090,Fezf2-CreER,cell morphology,fMOST,SSp,cells,1,Huazhong University of Science and Technology,Qingming Luo,1U19MH114821-01,huang_fmost,BIL,/bil/proj/u19huang/mouseID_019081503-193374,,,19w,male,pass,,,NA,NA,NA
193374_04,193374,mouse,NCBI:txid10090,Fezf2-CreER,cell morphology,fMOST,SSp,cells,1,Huazhong University of Science and Technology,Qingming Luo,1U19MH114821-01,huang_fmost,BIL,/bil/proj/u19huang/mouseID_019081503-193374,,,19w,male,pass,,,NA,NA,NA
193374_05,193374,mouse,NCBI:txid10090,Fezf2-CreER,cell morphology,fMOST,SSp,cells,1,Huazhong University of Science and Technology,Qingming Luo,1U19MH114821-01,huang_fmost,BIL,/bil/proj/u19huang/mouseID_019081503-193374,,,19w,male,pass,,,NA,NA,NA
193377_01,193377,mouse,NCBI:txid10090,Fezf2-CreER,cell morphology,fMOST,MOp,cells,1,Huazhong University of Science and Technology,Qingming Luo,1U19MH114821-01,huang_fmost,BIL,/bil/proj/u19huang/mouseID_019081506-193377,,,20w,female,pass,,,NA,NA,NA
193377_02,193377,mouse,NCBI:txid10090,Fezf2-CreER,cell morphology,fMOST,MOp,cells,1,Huazhong University of Science and Technology,Qingming Luo,1U19MH114821-01,huang_fmost,BIL,/bil/proj/u19huang/mouseID_019081506-193377,,,20w,female,pass,,,NA,NA,NA
193377_03,193377,mouse,NCBI:txid10090,Fezf2-CreER,cell morphology,fMOST,MOp,cells,1,Huazhong University of Science and Technology,Qingming Luo,1U19MH114821-01,huang_fmost,BIL,/bil/proj/u19huang/mouseID_019081506-193377,,,20w,female,incomplete,,,NA,NA,NA
193377_04,193377,mouse,NCBI:txid10090,Fezf2-CreER,cell morphology,fMOST,MOp,cells,1,Huazhong University of Science and Technology,Qingming Luo,1U19MH114821-01,huang_fmost,BIL,/bil/proj/u19huang/mouseID_019081506-193377,,,20w,female,pass,,,NA,NA,NA
193377_05,193377,mouse,NCBI:txid10090,Fezf2-CreER,cell morphology,fMOST,MOp,cells,1,Huazhong University of Science and Technology,Qingming Luo,1U19MH114821-01,huang_fmost,BIL,/bil/proj/u19huang/mouseID_019081506-193377,,,20w,female,incomplete,,,NA,NA,NA
193377_06,193377,mouse,NCBI:txid10090,Fezf2-CreER,cell morphology,fMOST,MOp,cells,1,Huazhong University of Science and Technology,Qingming Luo,1U19MH114821-01,huang_fmost,BIL,/bil/proj/u19huang/mouseID_019081506-193377,,,20w,female,incomplete,,,NA,NA,NA
193377_07,193377,mouse,NCBI:txid10090,Fezf2-CreER,cell morphology,fMOST,MOp,cells,1,Huazhong University of Science and Technology,Qingming Luo,1U19MH114821-01,huang_fmost,BIL,/bil/proj/u19huang/mouseID_019081506-193377,,,20w,female,incomplete,,,NA,NA,NA
193379_01,193379,mouse,NCBI:txid10090,Fezf2-CreER,cell morphology,fMOST,MOs,cells,1,Huazhong University of Science and Technology,Qingming Luo,1U19MH114821-01,huang_fmost,BIL,/bil/proj/u19huang/mouseID_019081508-193379,,,27w,male,pass,,,NA,NA,NA
193379_02,193379,mouse,NCBI:txid10090,Fezf2-CreER,cell morphology,fMOST,MOs,cells,1,Huazhong University of Science and Technology,Qingming Luo,1U19MH114821-01,huang_fmost,BIL,/bil/proj/u19huang/mouseID_019081508-193379,,,27w,male,pass,,,NA,NA,NA
193379_03,193379,mouse,NCBI:txid10090,Fezf2-CreER,cell morphology,fMOST,MOs,cells,1,Huazhong University of Science and Technology,Qingming Luo,1U19MH114821-01,huang_fmost,BIL,/bil/proj/u19huang/mouseID_019081508-193379,,,27w,male,pass,,,NA,NA,NA
193379_04,193379,mouse,NCBI:txid10090,Fezf2-CreER,cell morphology,fMOST,MOs,cells,1,Huazhong University of Science and Technology,Qingming Luo,1U19MH114821-01,huang_fmost,BIL,/bil/proj/u19huang/mouseID_019081508-193379,,,27w,male,pass,,,NA,NA,NA
193644_01,193644,mouse,NCBI:txid10090,PlexinD1-creER,cell morphology,fMOST,MOs,cells,1,Huazhong University of Science and Technology,Qingming Luo,1U19MH114821-01,huang_fmost,BIL,/bil/proj/u19huang/mouseID_w19082902-193644,,,22w,male,pass,,,NA,NA,NA
193644_02,193644,mouse,NCBI:txid10090,PlexinD1-creER,cell morphology,fMOST,MOs,cells,1,Huazhong University of Science and Technology,Qingming Luo,1U19MH114821-01,huang_fmost,BIL,/bil/proj/u19huang/mouseID_w19082902-193644,,,22w,male,pass,,,NA,NA,NA
193644_03,193644,mouse,NCBI:txid10090,PlexinD1-creER,cell morphology,fMOST,MOs,cells,1,Huazhong University of Science and Technology,Qingming Luo,1U19MH114821-01,huang_fmost,BIL,/bil/proj/u19huang/mouseID_w19082902-193644,,,22w,male,pass,,,NA,NA,NA
193644_04,193644,mouse,NCBI:txid10090,PlexinD1-creER,cell morphology,fMOST,MOs,cells,1,Huazhong University of Science and Technology,Qingming Luo,1U19MH114821-01,huang_fmost,BIL,/bil/proj/u19huang/mouseID_w19082902-193644,,,22w,male,pass,,,NA,NA,NA
193644_05,193644,mouse,NCBI:txid10090,PlexinD1-creER,cell morphology,fMOST,MOs,cells,1,Huazhong University of Science and Technology,Qingming Luo,1U19MH114821-01,huang_fmost,BIL,/bil/proj/u19huang/mouseID_w19082902-193644,,,22w,male,pass,,,NA,NA,NA
193651_01,193651,mouse,NCBI:txid10090,PlexinD1-creER,cell morphology,fMOST,SSs,cells,1,Huazhong University of Science and Technology,Qingming Luo,1U19MH114821-01,huang_fmost,BIL,/bil/proj/u19huang/mouseID_w19082909-193651,,,22w,female,pass,,,NA,NA,NA
193651_02,193651,mouse,NCBI:txid10090,PlexinD1-creER,cell morphology,fMOST,SSs,cells,1,Huazhong University of Science and Technology,Qingming Luo,1U19MH114821-01,huang_fmost,BIL,/bil/proj/u19huang/mouseID_w19082909-193651,,,22w,female,pass,,,NA,NA,NA
193651_03,193651,mouse,NCBI:txid10090,PlexinD1-creER,cell morphology,fMOST,SSs,cells,1,Huazhong University of Science and Technology,Qingming Luo,1U19MH114821-01,huang_fmost,BIL,/bil/proj/u19huang/mouseID_w19082909-193651,,,22w,female,pass,,,NA,NA,NA
193663_01,193663,mouse,NCBI:txid10090,PlexinD1-creER,cell morphology,fMOST,MOp,cells,1,Huazhong University of Science and Technology,Qingming Luo,1U19MH114821-01,huang_fmost,BIL,/bil/proj/u19huang/mouseID_w19082922-193663,,,22w,female,pass,,,NA,NA,NA
193663_02,193663,mouse,NCBI:txid10090,PlexinD1-creER,cell morphology,fMOST,MOp,cells,1,Huazhong University of Science and Technology,Qingming Luo,1U19MH114821-01,huang_fmost,BIL,/bil/proj/u19huang/mouseID_w19082922-193663,,,22w,female,pass,,,NA,NA,NA
193663_03,193663,mouse,NCBI:txid10090,PlexinD1-creER,cell morphology,fMOST,MOp,cells,1,Huazhong University of Science and Technology,Qingming Luo,1U19MH114821-01,huang_fmost,BIL,/bil/proj/u19huang/mouseID_w19082922-193663,,,22w,female,pass,,,NA,NA,NA
193663_04,193663,mouse,NCBI:txid10090,PlexinD1-creER,cell morphology,fMOST,MOp,cells,1,Huazhong University of Science and Technology,Qingming Luo,1U19MH114821-01,huang_fmost,BIL,/bil/proj/u19huang/mouseID_w19082922-193663,,,22w,female,pass,,,NA,NA,NA
193666_01,193666,mouse,NCBI:txid10090,PlexinD1-creER,cell morphology,fMOST,SSp,cells,1,Huazhong University of Science and Technology,Qingming Luo,1U19MH114821-01,huang_fmost,BIL,/bil/proj/u19huang/mouseID_w19082925-193666,,,19w,male,pass,,,NA,NA,NA
193666_02,193666,mouse,NCBI:txid10090,PlexinD1-creER,cell morphology,fMOST,SSp,cells,1,Huazhong University of Science and Technology,Qingming Luo,1U19MH114821-01,huang_fmost,BIL,/bil/proj/u19huang/mouseID_w19082925-193666,,,19w,male,pass,,,NA,NA,NA
193666_03,193666,mouse,NCBI:txid10090,PlexinD1-creER,cell morphology,fMOST,SSp,cells,1,Huazhong University of Science and Technology,Qingming Luo,1U19MH114821-01,huang_fmost,BIL,/bil/proj/u19huang/mouseID_w19082925-193666,,,19w,male,pass,,,NA,NA,NA
193666_04,193666,mouse,NCBI:txid10090,PlexinD1-creER,cell morphology,fMOST,SSp,cells,1,Huazhong University of Science and Technology,Qingming Luo,1U19MH114821-01,huang_fmost,BIL,/bil/proj/u19huang/mouseID_w19082925-193666,,,19w,male,pass,,,NA,NA,NA
193666_05,193666,mouse,NCBI:txid10090,PlexinD1-creER,cell morphology,fMOST,SSp,cells,1,Huazhong University of Science and Technology,Qingming Luo,1U19MH114821-01,huang_fmost,BIL,/bil/proj/u19huang/mouseID_w19082925-193666,,,19w,male,pass,,,NA,NA,NA
193666_06,193666,mouse,NCBI:txid10090,PlexinD1-creER,cell morphology,fMOST,SSp,cells,1,Huazhong University of Science and Technology,Qingming Luo,1U19MH114821-01,huang_fmost,BIL,/bil/proj/u19huang/mouseID_w19082925-193666,,,19w,male,pass,,,NA,NA,NA
190133_01,190133,mouse,NCBI:txid10090,PlexinD1-creER,cell morphology,fMOST,MOp,cells,1,Huazhong University of Science and Technology,Qingming Luo,1U19MH114821-01,huang_fmost,BIL,/bil/proj/u19huang/mouseID_19010304-190133,,,16w,female,pass,,,NA,NA,NA
190133_02,190133,mouse,NCBI:txid10090,PlexinD1-creER,cell morphology,fMOST,MOp,cells,1,Huazhong University of Science and Technology,Qingming Luo,1U19MH114821-01,huang_fmost,BIL,/bil/proj/u19huang/mouseID_19010304-190133,,,16w,female,pass,,,NA,NA,NA
190134_01,190134,mouse,NCBI:txid10090,PlexinD1-creER,cell morphology,fMOST,MOp,cells,1,Huazhong University of Science and Technology,Qingming Luo,1U19MH114821-01,huang_fmost,BIL,/bil/proj/u19huang/mouseID_19010303-190134,,,16w,female,pass,,,NA,NA,NA
190134_02,190134,mouse,NCBI:txid10090,PlexinD1-creER,cell morphology,fMOST,MOp,cells,1,Huazhong University of Science and Technology,Qingming Luo,1U19MH114821-01,huang_fmost,BIL,/bil/proj/u19huang/mouseID_19010303-190134,,,16w,female,pass,,,NA,NA,NA
190134_03,190134,mouse,NCBI:txid10090,PlexinD1-creER,cell morphology,fMOST,MOp,cells,1,Huazhong University of Science and Technology,Qingming Luo,1U19MH114821-01,huang_fmost,BIL,/bil/proj/u19huang/mouseID_19010303-190134,,,16w,female,pass,,,NA,NA,NA
190134_04,190134,mouse,NCBI:txid10090,PlexinD1-creER,cell morphology,fMOST,MOp,cells,1,Huazhong University of Science and Technology,Qingming Luo,1U19MH114821-01,huang_fmost,BIL,/bil/proj/u19huang/mouseID_19010303-190134,,,16w,female,pass,,,NA,NA,NA
190365_01,190365,mouse,NCBI:txid10090,Fezf2-CreER,cell morphology,fMOST,SSp-ll,cells,1,Huazhong University of Science and Technology,Qingming Luo,1U19MH114821-01,huang_fmost,BIL,/bil/proj/u19huang/mouseID_19011803-190365,,,21w,female,pass,,,NA,NA,NA
190365_02,190365,mouse,NCBI:txid10090,Fezf2-CreER,cell morphology,fMOST,SSp-ll,cells,1,Huazhong University of Science and Technology,Qingming Luo,1U19MH114821-01,huang_fmost,BIL,/bil/proj/u19huang/mouseID_19011803-190365,,,21w,female,pass,,,NA,NA,NA
190365_03,190365,mouse,NCBI:txid10090,Fezf2-CreER,cell morphology,fMOST,SSp-ll,cells,1,Huazhong University of Science and Technology,Qingming Luo,1U19MH114821-01,huang_fmost,BIL,/bil/proj/u19huang/mouseID_19011803-190365,,,21w,female,pass,,,NA,NA,NA
190365_04,190365,mouse,NCBI:txid10090,Fezf2-CreER,cell morphology,fMOST,SSp-ll,cells,1,Huazhong University of Science and Technology,Qingming Luo,1U19MH114821-01,huang_fmost,BIL,/bil/proj/u19huang/mouseID_19011803-190365,,,21w,female,pass,,,NA,NA,NA
190365_05,190365,mouse,NCBI:txid10090,Fezf2-CreER,cell morphology,fMOST,SSp-ll,cells,1,Huazhong University of Science and Technology,Qingming Luo,1U19MH114821-01,huang_fmost,BIL,/bil/proj/u19huang/mouseID_19011803-190365,,,21w,female,pass,,,NA,NA,NA
190365_06,190365,mouse,NCBI:txid10090,Fezf2-CreER,cell morphology,fMOST,SSp-ll,cells,1,Huazhong University of Science and Technology,Qingming Luo,1U19MH114821-01,huang_fmost,BIL,/bil/proj/u19huang/mouseID_19011803-190365,,,21w,female,pass,,,NA,NA,NA
190365_07,190365,mouse,NCBI:txid10090,Fezf2-CreER,cell morphology,fMOST,SSp-ll,cells,1,Huazhong University of Science and Technology,Qingming Luo,1U19MH114821-01,huang_fmost,BIL,/bil/proj/u19huang/mouseID_19011803-190365,,,21w,female,pass,,,NA,NA,NA
190365_08,190365,mouse,NCBI:txid10090,Fezf2-CreER,cell morphology,fMOST,SSp-ll,cells,1,Huazhong University of Science and Technology,Qingming Luo,1U19MH114821-01,huang_fmost,BIL,/bil/proj/u19huang/mouseID_19011803-190365,,,21w,female,pass,,,NA,NA,NA
190365_09,190365,mouse,NCBI:txid10090,Fezf2-CreER,cell morphology,fMOST,SSp-ll,cells,1,Huazhong University of Science and Technology,Qingming Luo,1U19MH114821-01,huang_fmost,BIL,/bil/proj/u19huang/mouseID_19011803-190365,,,21w,female,pass,,,NA,NA,NA
190365_10,190365,mouse,NCBI:txid10090,Fezf2-CreER,cell morphology,fMOST,SSp-ll,cells,1,Huazhong University of Science and Technology,Qingming Luo,1U19MH114821-01,huang_fmost,BIL,/bil/proj/u19huang/mouseID_19011803-190365,,,21w,female,pass,,,NA,NA,NA
190365_11,190365,mouse,NCBI:txid10090,Fezf2-CreER,cell morphology,fMOST,SSp-ll,cells,1,Huazhong University of Science and Technology,Qingming Luo,1U19MH114821-01,huang_fmost,BIL,/bil/proj/u19huang/mouseID_19011803-190365,,,21w,female,pass,,,NA,NA,NA
190365_12,190365,mouse,NCBI:txid10090,Fezf2-CreER,cell morphology,fMOST,SSp-ll,cells,1,Huazhong University of Science and Technology,Qingming Luo,1U19MH114821-01,huang_fmost,BIL,/bil/proj/u19huang/mouseID_19011803-190365,,,21w,female,pass,,,NA,NA,NA
190365_13,190365,mouse,NCBI:txid10090,Fezf2-CreER,cell morphology,fMOST,SSp-ll,cells,1,Huazhong University of Science and Technology,Qingming Luo,1U19MH114821-01,huang_fmost,BIL,/bil/proj/u19huang/mouseID_19011803-190365,,,21w,female,pass,,,NA,NA,NA
190365_14,190365,mouse,NCBI:txid10090,Fezf2-CreER,cell morphology,fMOST,SSp-ll,cells,1,Huazhong University of Science and Technology,Qingming Luo,1U19MH114821-01,huang_fmost,BIL,/bil/proj/u19huang/mouseID_19011803-190365,,,21w,female,pass,,,NA,NA,NA
190365_15,190365,mouse,NCBI:txid10090,Fezf2-CreER,cell morphology,fMOST,SSp-ll,cells,1,Huazhong University of Science and Technology,Qingming Luo,1U19MH114821-01,huang_fmost,BIL,/bil/proj/u19huang/mouseID_19011803-190365,,,21w,female,pass,,,NA,NA,NA
190365_16,190365,mouse,NCBI:txid10090,Fezf2-CreER,cell morphology,fMOST,SSp-ll,cells,1,Huazhong University of Science and Technology,Qingming Luo,1U19MH114821-01,huang_fmost,BIL,/bil/proj/u19huang/mouseID_19011803-190365,,,21w,female,pass,,,NA,NA,NA
190365_17,190365,mouse,NCBI:txid10090,Fezf2-CreER,cell morphology,fMOST,SSp-ll,cells,1,Huazhong University of Science and Technology,Qingming Luo,1U19MH114821-01,huang_fmost,BIL,/bil/proj/u19huang/mouseID_19011803-190365,,,21w,female,pass,,,NA,NA,NA
190365_18,190365,mouse,NCBI:txid10090,Fezf2-CreER,cell morphology,fMOST,SSp-ll,cells,1,Huazhong University of Science and Technology,Qingming Luo,1U19MH114821-01,huang_fmost,BIL,/bil/proj/u19huang/mouseID_19011803-190365,,,21w,female,pass,,,NA,NA,NA
190366_01,190366,mouse,NCBI:txid10090,Fezf2-CreER,cell morphology,fMOST,MOp,cells,1,Huazhong University of Science and Technology,Qingming Luo,1U19MH114821-01,huang_fmost,BIL,/bil/proj/u19huang/mouseID_19011804-190366,,,21w,male,pass,,,NA,NA,NA
190366_02,190366,mouse,NCBI:txid10090,Fezf2-CreER,cell morphology,fMOST,MOp,cells,1,Huazhong University of Science and Technology,Qingming Luo,1U19MH114821-01,huang_fmost,BIL,/bil/proj/u19huang/mouseID_19011804-190366,,,21w,male,pass,,,NA,NA,NA
190366_03,190366,mouse,NCBI:txid10090,Fezf2-CreER,cell morphology,fMOST,MOp,cells,1,Huazhong University of Science and Technology,Qingming Luo,1U19MH114821-01,huang_fmost,BIL,/bil/proj/u19huang/mouseID_19011804-190366,,,21w,male,pass,,,NA,NA,NA
190366_04,190366,mouse,NCBI:txid10090,Fezf2-CreER,cell morphology,fMOST,MOp,cells,1,Huazhong University of Science and Technology,Qingming Luo,1U19MH114821-01,huang_fmost,BIL,/bil/proj/u19huang/mouseID_19011804-190366,,,21w,male,pass,,,NA,NA,NA
190366_05,190366,mouse,NCBI:txid10090,Fezf2-CreER,cell morphology,fMOST,MOp,cells,1,Huazhong University of Science and Technology,Qingming Luo,1U19MH114821-01,huang_fmost,BIL,/bil/proj/u19huang/mouseID_19011804-190366,,,21w,male,pass,,,NA,NA,NA
190366_06,190366,mouse,NCBI:txid10090,Fezf2-CreER,cell morphology,fMOST,MOp,cells,1,Huazhong University of Science and Technology,Qingming Luo,1U19MH114821-01,huang_fmost,BIL,/bil/proj/u19huang/mouseID_19011804-190366,,,21w,male,pass,,,NA,NA,NA
190366_07,190366,mouse,NCBI:txid10090,Fezf2-CreER,cell morphology,fMOST,MOp,cells,1,Huazhong University of Science and Technology,Qingming Luo,1U19MH114821-01,huang_fmost,BIL,/bil/proj/u19huang/mouseID_19011804-190366,,,21w,male,pass,,,NA,NA,NA
190366_08,190366,mouse,NCBI:txid10090,Fezf2-CreER,cell morphology,fMOST,MOp,cells,1,Huazhong University of Science and Technology,Qingming Luo,1U19MH114821-01,huang_fmost,BIL,/bil/proj/u19huang/mouseID_19011804-190366,,,21w,male,pass,,,NA,NA,NA
190366_09,190366,mouse,NCBI:txid10090,Fezf2-CreER,cell morphology,fMOST,MOp,cells,1,Huazhong University of Science and Technology,Qingming Luo,1U19MH114821-01,huang_fmost,BIL,/bil/proj/u19huang/mouseID_19011804-190366,,,21w,male,pass,,,NA,NA,NA
190366_10,190366,mouse,NCBI:txid10090,Fezf2-CreER,cell morphology,fMOST,MOp,cells,1,Huazhong University of Science and Technology,Qingming Luo,1U19MH114821-01,huang_fmost,BIL,/bil/proj/u19huang/mouseID_19011804-190366,,,21w,male,pass,,,NA,NA,NA
190366_11,190366,mouse,NCBI:txid10090,Fezf2-CreER,cell morphology,fMOST,MOp,cells,1,Huazhong University of Science and Technology,Qingming Luo,1U19MH114821-01,huang_fmost,BIL,/bil/proj/u19huang/mouseID_19011804-190366,,,21w,male,pass,,,NA,NA,NA
190366_12,190366,mouse,NCBI:txid10090,Fezf2-CreER,cell morphology,fMOST,MOp,cells,1,Huazhong University of Science and Technology,Qingming Luo,1U19MH114821-01,huang_fmost,BIL,/bil/proj/u19huang/mouseID_19011804-190366,,,21w,male,pass,,,NA,NA,NA
190366_13,190366,mouse,NCBI:txid10090,Fezf2-CreER,cell morphology,fMOST,MOp,cells,1,Huazhong University of Science and Technology,Qingming Luo,1U19MH114821-01,huang_fmost,BIL,/bil/proj/u19huang/mouseID_19011804-190366,,,21w,male,pass,,,NA,NA,NA
190366_14,190366,mouse,NCBI:txid10090,Fezf2-CreER,cell morphology,fMOST,MOp,cells,1,Huazhong University of Science and Technology,Qingming Luo,1U19MH114821-01,huang_fmost,BIL,/bil/proj/u19huang/mouseID_19011804-190366,,,21w,male,pass,,,NA,NA,NA
191175_01,191175,mouse,NCBI:txid10090,Fezf2-2A-CreER*LSL-Flpo,cell morphology,fMOST,MOs,cells,1,Huazhong University of Science and Technology,Qingming Luo,1U19MH114821-01,huang_fmost,BIL,/bil/proj/u19huang/mouseID_19032507-191175,,,14w,male,pass,,,NA,NA,NA
191175_02,191175,mouse,NCBI:txid10090,Fezf2-2A-CreER*LSL-Flpo,cell morphology,fMOST,MOs,cells,1,Huazhong University of Science and Technology,Qingming Luo,1U19MH114821-01,huang_fmost,BIL,/bil/proj/u19huang/mouseID_19032507-191175,,,14w,male,pass,,,NA,NA,NA
191178_01,191178,mouse,NCBI:txid10090,Fezf2-CreER,cell morphology,fMOST,SSp-ll,cells,1,Huazhong University of Science and Technology,Qingming Luo,1U19MH114821-01,huang_fmost,BIL,/bil/proj/u19huang/mouseID_19032517-191178,,,14w,female,pass,,,NA,NA,NA
191178_02,191178,mouse,NCBI:txid10090,Fezf2-CreER,cell morphology,fMOST,SSp-ll,cells,1,Huazhong University of Science and Technology,Qingming Luo,1U19MH114821-01,huang_fmost,BIL,/bil/proj/u19huang/mouseID_19032517-191178,,,14w,female,pass,,,NA,NA,NA
191178_03,191178,mouse,NCBI:txid10090,Fezf2-CreER,cell morphology,fMOST,SSp-ll,cells,1,Huazhong University of Science and Technology,Qingming Luo,1U19MH114821-01,huang_fmost,BIL,/bil/proj/u19huang/mouseID_19032517-191178,,,14w,female,pass,,,NA,NA,NA
191178_04,191178,mouse,NCBI:txid10090,Fezf2-CreER,cell morphology,fMOST,SSp-ll,cells,1,Huazhong University of Science and Technology,Qingming Luo,1U19MH114821-01,huang_fmost,BIL,/bil/proj/u19huang/mouseID_19032517-191178,,,14w,female,pass,,,NA,NA,NA
191178_05,191178,mouse,NCBI:txid10090,Fezf2-CreER,cell morphology,fMOST,SSp-ll,cells,1,Huazhong University of Science and Technology,Qingming Luo,1U19MH114821-01,huang_fmost,BIL,/bil/proj/u19huang/mouseID_19032517-191178,,,14w,female,pass,,,NA,NA,NA
191178_06,191178,mouse,NCBI:txid10090,Fezf2-CreER,cell morphology,fMOST,SSp-ll,cells,1,Huazhong University of Science and Technology,Qingming Luo,1U19MH114821-01,huang_fmost,BIL,/bil/proj/u19huang/mouseID_19032517-191178,,,14w,female,pass,,,NA,NA,NA
191178_07,191178,mouse,NCBI:txid10090,Fezf2-CreER,cell morphology,fMOST,SSp-ll,cells,1,Huazhong University of Science and Technology,Qingming Luo,1U19MH114821-01,huang_fmost,BIL,/bil/proj/u19huang/mouseID_19032517-191178,,,14w,female,pass,,,NA,NA,NA
191178_08,191178,mouse,NCBI:txid10090,Fezf2-CreER,cell morphology,fMOST,SSp-ll,cells,1,Huazhong University of Science and Technology,Qingming Luo,1U19MH114821-01,huang_fmost,BIL,/bil/proj/u19huang/mouseID_19032517-191178,,,14w,female,pass,,,NA,NA,NA
191178_09,191178,mouse,NCBI:txid10090,Fezf2-CreER,cell morphology,fMOST,SSp-ll,cells,1,Huazhong University of Science and Technology,Qingming Luo,1U19MH114821-01,huang_fmost,BIL,/bil/proj/u19huang/mouseID_19032517-191178,,,14w,female,pass,,,NA,NA,NA
191178_10,191178,mouse,NCBI:txid10090,Fezf2-CreER,cell morphology,fMOST,SSp-ll,cells,1,Huazhong University of Science and Technology,Qingming Luo,1U19MH114821-01,huang_fmost,BIL,/bil/proj/u19huang/mouseID_19032517-191178,,,14w,female,pass,,,NA,NA,NA
191178_11,191178,mouse,NCBI:txid10090,Fezf2-CreER,cell morphology,fMOST,SSp-ll,cells,1,Huazhong University of Science and Technology,Qingming Luo,1U19MH114821-01,huang_fmost,BIL,/bil/proj/u19huang/mouseID_19032517-191178,,,14w,female,pass,,,NA,NA,NA
191178_12,191178,mouse,NCBI:txid10090,Fezf2-CreER,cell morphology,fMOST,SSp-ll,cells,1,Huazhong University of Science and Technology,Qingming Luo,1U19MH114821-01,huang_fmost,BIL,/bil/proj/u19huang/mouseID_19032517-191178,,,14w,female,pass,,,NA,NA,NA
191179_01,191179,mouse,NCBI:txid10090,Fezf2-CreER,cell morphology,fMOST,SSp-ll,cells,1,Huazhong University of Science and Technology,Qingming Luo,1U19MH114821-01,huang_fmost,BIL,/bil/proj/u19huang/mouseID_19032519-191179,,,24w,female,pass,,,NA,NA,NA
191179_02,191179,mouse,NCBI:txid10090,Fezf2-CreER,cell morphology,fMOST,SSp-ll,cells,1,Huazhong University of Science and Technology,Qingming Luo,1U19MH114821-01,huang_fmost,BIL,/bil/proj/u19huang/mouseID_19032519-191179,,,24w,female,pass,,,NA,NA,NA
191179_03,191179,mouse,NCBI:txid10090,Fezf2-CreER,cell morphology,fMOST,SSp-ll,cells,1,Huazhong University of Science and Technology,Qingming Luo,1U19MH114821-01,huang_fmost,BIL,/bil/proj/u19huang/mouseID_19032519-191179,,,24w,female,pass,,,NA,NA,NA
191179_04,191179,mouse,NCBI:txid10090,Fezf2-CreER,cell morphology,fMOST,SSp-ll,cells,1,Huazhong University of Science and Technology,Qingming Luo,1U19MH114821-01,huang_fmost,BIL,/bil/proj/u19huang/mouseID_19032519-191179,,,24w,female,pass,,,NA,NA,NA
191179_05,191179,mouse,NCBI:txid10090,Fezf2-CreER,cell morphology,fMOST,SSp-ll,cells,1,Huazhong University of Science and Technology,Qingming Luo,1U19MH114821-01,huang_fmost,BIL,/bil/proj/u19huang/mouseID_19032519-191179,,,24w,female,pass,,,NA,NA,NA
191179_06,191179,mouse,NCBI:txid10090,Fezf2-CreER,cell morphology,fMOST,SSp-ll,cells,1,Huazhong University of Science and Technology,Qingming Luo,1U19MH114821-01,huang_fmost,BIL,/bil/proj/u19huang/mouseID_19032519-191179,,,24w,female,pass,,,NA,NA,NA
191179_07,191179,mouse,NCBI:txid10090,Fezf2-CreER,cell morphology,fMOST,SSp-ll,cells,1,Huazhong University of Science and Technology,Qingming Luo,1U19MH114821-01,huang_fmost,BIL,/bil/proj/u19huang/mouseID_19032519-191179,,,24w,female,pass,,,NA,NA,NA
191179_08,191179,mouse,NCBI:txid10090,Fezf2-CreER,cell morphology,fMOST,SSp-ll,cells,1,Huazhong University of Science and Technology,Qingming Luo,1U19MH114821-01,huang_fmost,BIL,/bil/proj/u19huang/mouseID_19032519-191179,,,24w,female,pass,,,NA,NA,NA
191179_09,191179,mouse,NCBI:txid10090,Fezf2-CreER,cell morphology,fMOST,SSp-ll,cells,1,Huazhong University of Science and Technology,Qingming Luo,1U19MH114821-01,huang_fmost,BIL,/bil/proj/u19huang/mouseID_19032519-191179,,,24w,female,pass,,,NA,NA,NA
191179_10,191179,mouse,NCBI:txid10090,Fezf2-CreER,cell morphology,fMOST,SSp-ll,cells,1,Huazhong University of Science and Technology,Qingming Luo,1U19MH114821-01,huang_fmost,BIL,/bil/proj/u19huang/mouseID_19032519-191179,,,24w,female,pass,,,NA,NA,NA
191179_11,191179,mouse,NCBI:txid10090,Fezf2-CreER,cell morphology,fMOST,SSp-ll,cells,1,Huazhong University of Science and Technology,Qingming Luo,1U19MH114821-01,huang_fmost,BIL,/bil/proj/u19huang/mouseID_19032519-191179,,,24w,female,pass,,,NA,NA,NA
191179_12,191179,mouse,NCBI:txid10090,Fezf2-CreER,cell morphology,fMOST,SSp-ll,cells,1,Huazhong University of Science and Technology,Qingming Luo,1U19MH114821-01,huang_fmost,BIL,/bil/proj/u19huang/mouseID_19032519-191179,,,24w,female,pass,,,NA,NA,NA
191179_13,191179,mouse,NCBI:txid10090,Fezf2-CreER,cell morphology,fMOST,SSp-ll,cells,1,Huazhong University of Science and Technology,Qingming Luo,1U19MH114821-01,huang_fmost,BIL,/bil/proj/u19huang/mouseID_19032519-191179,,,24w,female,pass,,,NA,NA,NA
191179_14,191179,mouse,NCBI:txid10090,Fezf2-CreER,cell morphology,fMOST,SSp-ll,cells,1,Huazhong University of Science and Technology,Qingming Luo,1U19MH114821-01,huang_fmost,BIL,/bil/proj/u19huang/mouseID_19032519-191179,,,24w,female,pass,,,NA,NA,NA
191179_15,191179,mouse,NCBI:txid10090,Fezf2-CreER,cell morphology,fMOST,SSp-ll,cells,1,Huazhong University of Science and Technology,Qingming Luo,1U19MH114821-01,huang_fmost,BIL,/bil/proj/u19huang/mouseID_19032519-191179,,,24w,female,pass,,,NA,NA,NA
191182_01,191182,mouse,NCBI:txid10090,Fezf2-CreER,cell morphology,fMOST,MOs,cells,1,Huazhong University of Science and Technology,Qingming Luo,1U19MH114821-01,huang_fmost,BIL,/bil/proj/u19huang/mouseID_19032515-191182,,,32w,female,pass,,,NA,NA,NA
191182_02,191182,mouse,NCBI:txid10090,Fezf2-CreER,cell morphology,fMOST,MOs,cells,1,Huazhong University of Science and Technology,Qingming Luo,1U19MH114821-01,huang_fmost,BIL,/bil/proj/u19huang/mouseID_19032515-191182,,,32w,female,pass,,,NA,NA,NA
191182_03,191182,mouse,NCBI:txid10090,Fezf2-CreER,cell morphology,fMOST,MOs,cells,1,Huazhong University of Science and Technology,Qingming Luo,1U19MH114821-01,huang_fmost,BIL,/bil/proj/u19huang/mouseID_19032515-191182,,,32w,female,pass,,,NA,NA,NA
191182_04,191182,mouse,NCBI:txid10090,Fezf2-CreER,cell morphology,fMOST,MOs,cells,1,Huazhong University of Science and Technology,Qingming Luo,1U19MH114821-01,huang_fmost,BIL,/bil/proj/u19huang/mouseID_19032515-191182,,,32w,female,pass,,,NA,NA,NA
191182_05,191182,mouse,NCBI:txid10090,Fezf2-CreER,cell morphology,fMOST,MOs,cells,1,Huazhong University of Science and Technology,Qingming Luo,1U19MH114821-01,huang_fmost,BIL,/bil/proj/u19huang/mouseID_19032515-191182,,,32w,female,pass,,,NA,NA,NA
191182_06,191182,mouse,NCBI:txid10090,Fezf2-CreER,cell morphology,fMOST,MOs,cells,1,Huazhong University of Science and Technology,Qingming Luo,1U19MH114821-01,huang_fmost,BIL,/bil/proj/u19huang/mouseID_19032515-191182,,,32w,female,pass,,,NA,NA,NA
191182_07,191182,mouse,NCBI:txid10090,Fezf2-CreER,cell morphology,fMOST,MOs,cells,1,Huazhong University of Science and Technology,Qingming Luo,1U19MH114821-01,huang_fmost,BIL,/bil/proj/u19huang/mouseID_19032515-191182,,,32w,female,pass,,,NA,NA,NA
191182_08,191182,mouse,NCBI:txid10090,Fezf2-CreER,cell morphology,fMOST,MOs,cells,1,Huazhong University of Science and Technology,Qingming Luo,1U19MH114821-01,huang_fmost,BIL,/bil/proj/u19huang/mouseID_19032515-191182,,,32w,female,pass,,,NA,NA,NA
191182_09,191182,mouse,NCBI:txid10090,Fezf2-CreER,cell morphology,fMOST,MOs,cells,1,Huazhong University of Science and Technology,Qingming Luo,1U19MH114821-01,huang_fmost,BIL,/bil/proj/u19huang/mouseID_19032515-191182,,,32w,female,pass,,,NA,NA,NA
191182_10,191182,mouse,NCBI:txid10090,Fezf2-CreER,cell morphology,fMOST,MOs,cells,1,Huazhong University of Science and Technology,Qingming Luo,1U19MH114821-01,huang_fmost,BIL,/bil/proj/u19huang/mouseID_19032515-191182,,,32w,female,pass,,,NA,NA,NA
191182_11,191182,mouse,NCBI:txid10090,Fezf2-CreER,cell morphology,fMOST,MOs,cells,1,Huazhong University of Science and Technology,Qingming Luo,1U19MH114821-01,huang_fmost,BIL,/bil/proj/u19huang/mouseID_19032515-191182,,,32w,female,pass,,,NA,NA,NA
191182_12,191182,mouse,NCBI:txid10090,Fezf2-CreER,cell morphology,fMOST,MOs,cells,1,Huazhong University of Science and Technology,Qingming Luo,1U19MH114821-01,huang_fmost,BIL,/bil/proj/u19huang/mouseID_19032515-191182,,,32w,female,pass,,,NA,NA,NA
191182_13,191182,mouse,NCBI:txid10090,Fezf2-CreER,cell morphology,fMOST,MOs,cells,1,Huazhong University of Science and Technology,Qingming Luo,1U19MH114821-01,huang_fmost,BIL,/bil/proj/u19huang/mouseID_19032515-191182,,,32w,female,pass,,,NA,NA,NA
191182_14,191182,mouse,NCBI:txid10090,Fezf2-CreER,cell morphology,fMOST,MOs,cells,1,Huazhong University of Science and Technology,Qingming Luo,1U19MH114821-01,huang_fmost,BIL,/bil/proj/u19huang/mouseID_19032515-191182,,,32w,female,pass,,,NA,NA,NA
191182_15,191182,mouse,NCBI:txid10090,Fezf2-CreER,cell morphology,fMOST,MOs,cells,1,Huazhong University of Science and Technology,Qingming Luo,1U19MH114821-01,huang_fmost,BIL,/bil/proj/u19huang/mouseID_19032515-191182,,,32w,female,pass,,,NA,NA,NA
191182_16,191182,mouse,NCBI:txid10090,Fezf2-CreER,cell morphology,fMOST,MOs,cells,1,Huazhong University of Science and Technology,Qingming Luo,1U19MH114821-01,huang_fmost,BIL,/bil/proj/u19huang/mouseID_19032515-191182,,,32w,female,pass,,,NA,NA,NA
191183_01,191183,mouse,NCBI:txid10090,Fezf2-CreER,cell morphology,fMOST,MOs,cells,1,Huazhong University of Science and Technology,Qingming Luo,1U19MH114821-01,huang_fmost,BIL,/bil/proj/u19huang/mouseID_19032514-191183,,,32w,female,pass,,,NA,NA,NA
191183_02,191183,mouse,NCBI:txid10090,Fezf2-CreER,cell morphology,fMOST,MOs,cells,1,Huazhong University of Science and Technology,Qingming Luo,1U19MH114821-01,huang_fmost,BIL,/bil/proj/u19huang/mouseID_19032514-191183,,,32w,female,pass,,,NA,NA,NA
191183_03,191183,mouse,NCBI:txid10090,Fezf2-CreER,cell morphology,fMOST,MOs,cells,1,Huazhong University of Science and Technology,Qingming Luo,1U19MH114821-01,huang_fmost,BIL,/bil/proj/u19huang/mouseID_19032514-191183,,,32w,female,pass,,,NA,NA,NA
191183_04,191183,mouse,NCBI:txid10090,Fezf2-CreER,cell morphology,fMOST,MOs,cells,1,Huazhong University of Science and Technology,Qingming Luo,1U19MH114821-01,huang_fmost,BIL,/bil/proj/u19huang/mouseID_19032514-191183,,,32w,female,pass,,,NA,NA,NA
191183_05,191183,mouse,NCBI:txid10090,Fezf2-CreER,cell morphology,fMOST,MOs,cells,1,Huazhong University of Science and Technology,Qingming Luo,1U19MH114821-01,huang_fmost,BIL,/bil/proj/u19huang/mouseID_19032514-191183,,,32w,female,pass,,,NA,NA,NA
191183_06,191183,mouse,NCBI:txid10090,Fezf2-CreER,cell morphology,fMOST,MOs,cells,1,Huazhong University of Science and Technology,Qingming Luo,1U19MH114821-01,huang_fmost,BIL,/bil/proj/u19huang/mouseID_19032514-191183,,,32w,female,pass,,,NA,NA,NA
191183_07,191183,mouse,NCBI:txid10090,Fezf2-CreER,cell morphology,fMOST,MOs,cells,1,Huazhong University of Science and Technology,Qingming Luo,1U19MH114821-01,huang_fmost,BIL,/bil/proj/u19huang/mouseID_19032514-191183,,,32w,female,pass,,,NA,NA,NA
191183_08,191183,mouse,NCBI:txid10090,Fezf2-CreER,cell morphology,fMOST,MOs,cells,1,Huazhong University of Science and Technology,Qingming Luo,1U19MH114821-01,huang_fmost,BIL,/bil/proj/u19huang/mouseID_19032514-191183,,,32w,female,pass,,,NA,NA,NA
191183_09,191183,mouse,NCBI:txid10090,Fezf2-CreER,cell morphology,fMOST,MOs,cells,1,Huazhong University of Science and Technology,Qingming Luo,1U19MH114821-01,huang_fmost,BIL,/bil/proj/u19huang/mouseID_19032514-191183,,,32w,female,pass,,,NA,NA,NA
191183_10,191183,mouse,NCBI:txid10090,Fezf2-CreER,cell morphology,fMOST,MOs,cells,1,Huazhong University of Science and Technology,Qingming Luo,1U19MH114821-01,huang_fmost,BIL,/bil/proj/u19huang/mouseID_19032514-191183,,,32w,female,pass,,,NA,NA,NA
191183_11,191183,mouse,NCBI:txid10090,Fezf2-CreER,cell morphology,fMOST,MOs,cells,1,Huazhong University of Science and Technology,Qingming Luo,1U19MH114821-01,huang_fmost,BIL,/bil/proj/u19huang/mouseID_19032514-191183,,,32w,female,pass,,,NA,NA,NA
191183_12,191183,mouse,NCBI:txid10090,Fezf2-CreER,cell morphology,fMOST,MOs,cells,1,Huazhong University of Science and Technology,Qingming Luo,1U19MH114821-01,huang_fmost,BIL,/bil/proj/u19huang/mouseID_19032514-191183,,,32w,female,pass,,,NA,NA,NA
191183_13,191183,mouse,NCBI:txid10090,Fezf2-CreER,cell morphology,fMOST,MOs,cells,1,Huazhong University of Science and Technology,Qingming Luo,1U19MH114821-01,huang_fmost,BIL,/bil/proj/u19huang/mouseID_19032514-191183,,,32w,female,pass,,,NA,NA,NA
191183_14,191183,mouse,NCBI:txid10090,Fezf2-CreER,cell morphology,fMOST,MOs,cells,1,Huazhong University of Science and Technology,Qingming Luo,1U19MH114821-01,huang_fmost,BIL,/bil/proj/u19huang/mouseID_19032514-191183,,,32w,female,pass,,,NA,NA,NA
191183_15,191183,mouse,NCBI:txid10090,Fezf2-CreER,cell morphology,fMOST,MOs,cells,1,Huazhong University of Science and Technology,Qingming Luo,1U19MH114821-01,huang_fmost,BIL,/bil/proj/u19huang/mouseID_19032514-191183,,,32w,female,pass,,,NA,NA,NA
191183_16,191183,mouse,NCBI:txid10090,Fezf2-CreER,cell morphology,fMOST,MOs,cells,1,Huazhong University of Science and Technology,Qingming Luo,1U19MH114821-01,huang_fmost,BIL,/bil/proj/u19huang/mouseID_19032514-191183,,,32w,female,pass,,,NA,NA,NA
191183_17,191183,mouse,NCBI:txid10090,Fezf2-CreER,cell morphology,fMOST,MOs,cells,1,Huazhong University of Science and Technology,Qingming Luo,1U19MH114821-01,huang_fmost,BIL,/bil/proj/u19huang/mouseID_19032514-191183,,,32w,female,pass,,,NA,NA,NA
191183_18,191183,mouse,NCBI:txid10090,Fezf2-CreER,cell morphology,fMOST,MOs,cells,1,Huazhong University of Science and Technology,Qingming Luo,1U19MH114821-01,huang_fmost,BIL,/bil/proj/u19huang/mouseID_19032514-191183,,,32w,female,pass,,,NA,NA,NA
191183_19,191183,mouse,NCBI:txid10090,Fezf2-CreER,cell morphology,fMOST,MOs,cells,1,Huazhong University of Science and Technology,Qingming Luo,1U19MH114821-01,huang_fmost,BIL,/bil/proj/u19huang/mouseID_19032514-191183,,,32w,female,pass,,,NA,NA,NA
191183_20,191183,mouse,NCBI:txid10090,Fezf2-CreER,cell morphology,fMOST,MOs,cells,1,Huazhong University of Science and Technology,Qingming Luo,1U19MH114821-01,huang_fmost,BIL,/bil/proj/u19huang/mouseID_19032514-191183,,,32w,female,pass,,,NA,NA,NA
191183_21,191183,mouse,NCBI:txid10090,Fezf2-CreER,cell morphology,fMOST,MOs,cells,1,Huazhong University of Science and Technology,Qingming Luo,1U19MH114821-01,huang_fmost,BIL,/bil/proj/u19huang/mouseID_19032514-191183,,,32w,female,pass,,,NA,NA,NA
191183_22,191183,mouse,NCBI:txid10090,Fezf2-CreER,cell morphology,fMOST,MOs,cells,1,Huazhong University of Science and Technology,Qingming Luo,1U19MH114821-01,huang_fmost,BIL,/bil/proj/u19huang/mouseID_19032514-191183,,,32w,female,pass,,,NA,NA,NA
191185_01,191185,mouse,NCBI:txid10090,Fezf2-2A-CreER*LSL-Flpo,cell morphology,fMOST,MOp;MOs,cells,1,Huazhong University of Science and Technology,Qingming Luo,1U19MH114821-01,huang_fmost,BIL,/bil/proj/u19huang/mouseID_19032505-191185,,,28w,female,pass,,,NA,NA,NA
191185_02,191185,mouse,NCBI:txid10090,Fezf2-2A-CreER*LSL-Flpo,cell morphology,fMOST,MOp;MOs,cells,1,Huazhong University of Science and Technology,Qingming Luo,1U19MH114821-01,huang_fmost,BIL,/bil/proj/u19huang/mouseID_19032505-191185,,,28w,female,pass,,,NA,NA,NA
191185_03,191185,mouse,NCBI:txid10090,Fezf2-2A-CreER*LSL-Flpo,cell morphology,fMOST,MOp;MOs,cells,1,Huazhong University of Science and Technology,Qingming Luo,1U19MH114821-01,huang_fmost,BIL,/bil/proj/u19huang/mouseID_19032505-191185,,,28w,female,pass,,,NA,NA,NA
191185_04,191185,mouse,NCBI:txid10090,Fezf2-2A-CreER*LSL-Flpo,cell morphology,fMOST,MOp;MOs,cells,1,Huazhong University of Science and Technology,Qingming Luo,1U19MH114821-01,huang_fmost,BIL,/bil/proj/u19huang/mouseID_19032505-191185,,,28w,female,pass,,,NA,NA,NA
191196_01,191196,mouse,NCBI:txid10090,PlexinD1-creER,cell morphology,fMOST,MOs,cells,1,Huazhong University of Science and Technology,Qingming Luo,1U19MH114821-01,huang_fmost,BIL,/bil/proj/u19huang/mouseID_19030611-191196,,,13w,male,pass,,,NA,NA,NA
191196_02,191196,mouse,NCBI:txid10090,PlexinD1-creER,cell morphology,fMOST,MOs,cells,1,Huazhong University of Science and Technology,Qingming Luo,1U19MH114821-01,huang_fmost,BIL,/bil/proj/u19huang/mouseID_19030611-191196,,,13w,male,pass,,,NA,NA,NA
191196_03,191196,mouse,NCBI:txid10090,PlexinD1-creER,cell morphology,fMOST,MOs,cells,1,Huazhong University of Science and Technology,Qingming Luo,1U19MH114821-01,huang_fmost,BIL,/bil/proj/u19huang/mouseID_19030611-191196,,,13w,male,pass,,,NA,NA,NA
191196_04,191196,mouse,NCBI:txid10090,PlexinD1-creER,cell morphology,fMOST,MOs,cells,1,Huazhong University of Science and Technology,Qingming Luo,1U19MH114821-01,huang_fmost,BIL,/bil/proj/u19huang/mouseID_19030611-191196,,,13w,male,pass,,,NA,NA,NA
191196_05,191196,mouse,NCBI:txid10090,PlexinD1-creER,cell morphology,fMOST,MOs,cells,1,Huazhong University of Science and Technology,Qingming Luo,1U19MH114821-01,huang_fmost,BIL,/bil/proj/u19huang/mouseID_19030611-191196,,,13w,male,pass,,,NA,NA,NA
191196_06,191196,mouse,NCBI:txid10090,PlexinD1-creER,cell morphology,fMOST,MOs,cells,1,Huazhong University of Science and Technology,Qingming Luo,1U19MH114821-01,huang_fmost,BIL,/bil/proj/u19huang/mouseID_19030611-191196,,,13w,male,pass,,,NA,NA,NA
191196_07,191196,mouse,NCBI:txid10090,PlexinD1-creER,cell morphology,fMOST,MOs,cells,1,Huazhong University of Science and Technology,Qingming Luo,1U19MH114821-01,huang_fmost,BIL,/bil/proj/u19huang/mouseID_19030611-191196,,,13w,male,pass,,,NA,NA,NA
191196_08,191196,mouse,NCBI:txid10090,PlexinD1-creER,cell morphology,fMOST,MOs,cells,1,Huazhong University of Science and Technology,Qingming Luo,1U19MH114821-01,huang_fmost,BIL,/bil/proj/u19huang/mouseID_19030611-191196,,,13w,male,pass,,,NA,NA,NA
191196_09,191196,mouse,NCBI:txid10090,PlexinD1-creER,cell morphology,fMOST,MOs,cells,1,Huazhong University of Science and Technology,Qingming Luo,1U19MH114821-01,huang_fmost,BIL,/bil/proj/u19huang/mouseID_19030611-191196,,,13w,male,pass,,,NA,NA,NA
191196_10,191196,mouse,NCBI:txid10090,PlexinD1-creER,cell morphology,fMOST,MOs,cells,1,Huazhong University of Science and Technology,Qingming Luo,1U19MH114821-01,huang_fmost,BIL,/bil/proj/u19huang/mouseID_19030611-191196,,,13w,male,pass,,,NA,NA,NA
191196_11,191196,mouse,NCBI:txid10090,PlexinD1-creER,cell morphology,fMOST,MOs,cells,1,Huazhong University of Science and Technology,Qingming Luo,1U19MH114821-01,huang_fmost,BIL,/bil/proj/u19huang/mouseID_19030611-191196,,,13w,male,pass,,,NA,NA,NA
191196_12,191196,mouse,NCBI:txid10090,PlexinD1-creER,cell morphology,fMOST,MOs,cells,1,Huazhong University of Science and Technology,Qingming Luo,1U19MH114821-01,huang_fmost,BIL,/bil/proj/u19huang/mouseID_19030611-191196,,,13w,male,pass,,,NA,NA,NA
191196_13,191196,mouse,NCBI:txid10090,PlexinD1-creER,cell morphology,fMOST,MOs,cells,1,Huazhong University of Science and Technology,Qingming Luo,1U19MH114821-01,huang_fmost,BIL,/bil/proj/u19huang/mouseID_19030611-191196,,,13w,male,pass,,,NA,NA,NA
191197_01,191197,mouse,NCBI:txid10090,PlexinD1-creER,cell morphology,fMOST,MOp,cells,1,Huazhong University of Science and Technology,Qingming Luo,1U19MH114821-01,huang_fmost,BIL,/bil/proj/u19huang/mouseID_19030614-191197,,,13w,male,pass,,,NA,NA,NA
191197_02,191197,mouse,NCBI:txid10090,PlexinD1-creER,cell morphology,fMOST,MOp,cells,1,Huazhong University of Science and Technology,Qingming Luo,1U19MH114821-01,huang_fmost,BIL,/bil/proj/u19huang/mouseID_19030614-191197,,,13w,male,pass,,,NA,NA,NA
191197_03,191197,mouse,NCBI:txid10090,PlexinD1-creER,cell morphology,fMOST,MOp,cells,1,Huazhong University of Science and Technology,Qingming Luo,1U19MH114821-01,huang_fmost,BIL,/bil/proj/u19huang/mouseID_19030614-191197,,,13w,male,pass,,,NA,NA,NA
191197_04,191197,mouse,NCBI:txid10090,PlexinD1-creER,cell morphology,fMOST,MOp,cells,1,Huazhong University of Science and Technology,Qingming Luo,1U19MH114821-01,huang_fmost,BIL,/bil/proj/u19huang/mouseID_19030614-191197,,,13w,male,pass,,,NA,NA,NA
191197_05,191197,mouse,NCBI:txid10090,PlexinD1-creER,cell morphology,fMOST,MOp,cells,1,Huazhong University of Science and Technology,Qingming Luo,1U19MH114821-01,huang_fmost,BIL,/bil/proj/u19huang/mouseID_19030614-191197,,,13w,male,pass,,,NA,NA,NA
191197_06,191197,mouse,NCBI:txid10090,PlexinD1-creER,cell morphology,fMOST,MOp,cells,1,Huazhong University of Science and Technology,Qingming Luo,1U19MH114821-01,huang_fmost,BIL,/bil/proj/u19huang/mouseID_19030614-191197,,,13w,male,pass,,,NA,NA,NA
191198_01,191198,mouse,NCBI:txid10090,PlexinD1-creER,cell morphology,fMOST,MOs,cells,1,Huazhong University of Science and Technology,Qingming Luo,1U19MH114821-01,huang_fmost,BIL,/bil/proj/u19huang/mouseID_19030615-191198,,,21w,male,pass,,,NA,NA,NA
191198_02,191198,mouse,NCBI:txid10090,PlexinD1-creER,cell morphology,fMOST,MOs,cells,1,Huazhong University of Science and Technology,Qingming Luo,1U19MH114821-01,huang_fmost,BIL,/bil/proj/u19huang/mouseID_19030615-191198,,,21w,male,pass,,,NA,NA,NA
193383_01,193383,mouse,NCBI:txid10090,Fezf2-CreER,cell morphology,fMOST,MOp;MOs,cells,1,Huazhong University of Science and Technology,Qingming Luo,1U19MH114821-01,huang_fmost,BIL,/bil/proj/u19huang/mouseID_019081512-193383,,,20w,female,pass,,,NA,NA,NA
193383_02,193383,mouse,NCBI:txid10090,Fezf2-CreER,cell morphology,fMOST,MOp;MOs,cells,1,Huazhong University of Science and Technology,Qingming Luo,1U19MH114821-01,huang_fmost,BIL,/bil/proj/u19huang/mouseID_019081512-193383,,,20w,female,pass,,,NA,NA,NA
193383_03,193383,mouse,NCBI:txid10090,Fezf2-CreER,cell morphology,fMOST,MOp;MOs,cells,1,Huazhong University of Science and Technology,Qingming Luo,1U19MH114821-01,huang_fmost,BIL,/bil/proj/u19huang/mouseID_019081512-193383,,,20w,female,pass,,,NA,NA,NA
193383_04,193383,mouse,NCBI:txid10090,Fezf2-CreER,cell morphology,fMOST,MOp;MOs,cells,1,Huazhong University of Science and Technology,Qingming Luo,1U19MH114821-01,huang_fmost,BIL,/bil/proj/u19huang/mouseID_019081512-193383,,,20w,female,pass,,,NA,NA,NA
193383_05,193383,mouse,NCBI:txid10090,Fezf2-CreER,cell morphology,fMOST,MOp;MOs,cells,1,Huazhong University of Science and Technology,Qingming Luo,1U19MH114821-01,huang_fmost,BIL,/bil/proj/u19huang/mouseID_019081512-193383,,,20w,female,pass,,,NA,NA,NA
193383_06,193383,mouse,NCBI:txid10090,Fezf2-CreER,cell morphology,fMOST,MOp;MOs,cells,1,Huazhong University of Science and Technology,Qingming Luo,1U19MH114821-01,huang_fmost,BIL,/bil/proj/u19huang/mouseID_019081512-193383,,,20w,female,pass,,,NA,NA,NA
193383_07,193383,mouse,NCBI:txid10090,Fezf2-CreER,cell morphology,fMOST,MOp;MOs,cells,1,Huazhong University of Science and Technology,Qingming Luo,1U19MH114821-01,huang_fmost,BIL,/bil/proj/u19huang/mouseID_019081512-193383,,,20w,female,pass,,,NA,NA,NA
193383_08,193383,mouse,NCBI:txid10090,Fezf2-CreER,cell morphology,fMOST,MOp;MOs,cells,1,Huazhong University of Science and Technology,Qingming Luo,1U19MH114821-01,huang_fmost,BIL,/bil/proj/u19huang/mouseID_019081512-193383,,,20w,female,pass,,,NA,NA,NA
193383_09,193383,mouse,NCBI:txid10090,Fezf2-CreER,cell morphology,fMOST,MOp;MOs,cells,1,Huazhong University of Science and Technology,Qingming Luo,1U19MH114821-01,huang_fmost,BIL,/bil/proj/u19huang/mouseID_019081512-193383,,,20w,female,pass,,,NA,NA,NA
193383_10,193383,mouse,NCBI:txid10090,Fezf2-CreER,cell morphology,fMOST,MOp;MOs,cells,1,Huazhong University of Science and Technology,Qingming Luo,1U19MH114821-01,huang_fmost,BIL,/bil/proj/u19huang/mouseID_019081512-193383,,,20w,female,pass,,,NA,NA,NA
193383_11,193383,mouse,NCBI:txid10090,Fezf2-CreER,cell morphology,fMOST,MOp;MOs,cells,1,Huazhong University of Science and Technology,Qingming Luo,1U19MH114821-01,huang_fmost,BIL,/bil/proj/u19huang/mouseID_019081512-193383,,,20w,female,pass,,,NA,NA,NA
193383_12,193383,mouse,NCBI:txid10090,Fezf2-CreER,cell morphology,fMOST,MOp;MOs,cells,1,Huazhong University of Science and Technology,Qingming Luo,1U19MH114821-01,huang_fmost,BIL,/bil/proj/u19huang/mouseID_019081512-193383,,,20w,female,pass,,,NA,NA,NA
193383_13,193383,mouse,NCBI:txid10090,Fezf2-CreER,cell morphology,fMOST,MOp;MOs,cells,1,Huazhong University of Science and Technology,Qingming Luo,1U19MH114821-01,huang_fmost,BIL,/bil/proj/u19huang/mouseID_019081512-193383,,,20w,female,pass,,,NA,NA,NA
193383_14,193383,mouse,NCBI:txid10090,Fezf2-CreER,cell morphology,fMOST,MOp;MOs,cells,1,Huazhong University of Science and Technology,Qingming Luo,1U19MH114821-01,huang_fmost,BIL,/bil/proj/u19huang/mouseID_019081512-193383,,,20w,female,pass,,,NA,NA,NA
193383_15,193383,mouse,NCBI:txid10090,Fezf2-CreER,cell morphology,fMOST,MOp;MOs,cells,1,Huazhong University of Science and Technology,Qingming Luo,1U19MH114821-01,huang_fmost,BIL,/bil/proj/u19huang/mouseID_019081512-193383,,,20w,female,pass,,,NA,NA,NA
193383_16,193383,mouse,NCBI:txid10090,Fezf2-CreER,cell morphology,fMOST,MOp;MOs,cells,1,Huazhong University of Science and Technology,Qingming Luo,1U19MH114821-01,huang_fmost,BIL,/bil/proj/u19huang/mouseID_019081512-193383,,,20w,female,pass,,,NA,NA,NA
193388_01,193388,mouse,NCBI:txid10090,Fezf2-CreER,cell morphology,fMOST,MOs,cells,1,Huazhong University of Science and Technology,Qingming Luo,1U19MH114821-01,huang_fmost,BIL,/bil/proj/u19huang/mouseID_019081501-193388,,,20w,male,pass,,,NA,NA,NA
193388_02,193388,mouse,NCBI:txid10090,Fezf2-CreER,cell morphology,fMOST,MOs,cells,1,Huazhong University of Science and Technology,Qingming Luo,1U19MH114821-01,huang_fmost,BIL,/bil/proj/u19huang/mouseID_019081501-193388,,,20w,male,pass,,,NA,NA,NA
192484_01,192484,mouse,NCBI:txid10090,#N/A,cell morphology,fMOST,#N/A,cells,1,Huazhong University of Science and Technology,Qingming Luo,1U19MH114821-01,huang_fmost,BIL,#N/A,#N/A,#N/A,#N/A,#N/A,,,,NA,NA,NA
192484_02,192484,mouse,NCBI:txid10090,#N/A,cell morphology,fMOST,#N/A,cells,1,Huazhong University of Science and Technology,Qingming Luo,1U19MH114821-01,huang_fmost,BIL,#N/A,#N/A,#N/A,#N/A,#N/A,,,,NA,NA,NA
192484_03,192484,mouse,NCBI:txid10090,#N/A,cell morphology,fMOST,#N/A,cells,1,Huazhong University of Science and Technology,Qingming Luo,1U19MH114821-01,huang_fmost,BIL,#N/A,#N/A,#N/A,#N/A,#N/A,,,,NA,NA,NA
192484_04,192484,mouse,NCBI:txid10090,#N/A,cell morphology,fMOST,#N/A,cells,1,Huazhong University of Science and Technology,Qingming Luo,1U19MH114821-01,huang_fmost,BIL,#N/A,#N/A,#N/A,#N/A,#N/A,,,,NA,NA,NA
192484_05,192484,mouse,NCBI:txid10090,#N/A,cell morphology,fMOST,#N/A,cells,1,Huazhong University of Science and Technology,Qingming Luo,1U19MH114821-01,huang_fmost,BIL,#N/A,#N/A,#N/A,#N/A,#N/A,,,,NA,NA,NA
192484_06,192484,mouse,NCBI:txid10090,#N/A,cell morphology,fMOST,#N/A,cells,1,Huazhong University of Science and Technology,Qingming Luo,1U19MH114821-01,huang_fmost,BIL,#N/A,#N/A,#N/A,#N/A,#N/A,,,,NA,NA,NA
192484_07,192484,mouse,NCBI:txid10090,#N/A,cell morphology,fMOST,#N/A,cells,1,Huazhong University of Science and Technology,Qingming Luo,1U19MH114821-01,huang_fmost,BIL,#N/A,#N/A,#N/A,#N/A,#N/A,,,,NA,NA,NA
192484_08,192484,mouse,NCBI:txid10090,#N/A,cell morphology,fMOST,#N/A,cells,1,Huazhong University of Science and Technology,Qingming Luo,1U19MH114821-01,huang_fmost,BIL,#N/A,#N/A,#N/A,#N/A,#N/A,,,,NA,NA,NA
192484_09,192484,mouse,NCBI:txid10090,#N/A,cell morphology,fMOST,#N/A,cells,1,Huazhong University of Science and Technology,Qingming Luo,1U19MH114821-01,huang_fmost,BIL,#N/A,#N/A,#N/A,#N/A,#N/A,,,,NA,NA,NA
192484_10,192484,mouse,NCBI:txid10090,#N/A,cell morphology,fMOST,#N/A,cells,1,Huazhong University of Science and Technology,Qingming Luo,1U19MH114821-01,huang_fmost,BIL,#N/A,#N/A,#N/A,#N/A,#N/A,,,,NA,NA,NA
192484_11,192484,mouse,NCBI:txid10090,#N/A,cell morphology,fMOST,#N/A,cells,1,Huazhong University of Science and Technology,Qingming Luo,1U19MH114821-01,huang_fmost,BIL,#N/A,#N/A,#N/A,#N/A,#N/A,,,,NA,NA,NA
192484_12,192484,mouse,NCBI:txid10090,#N/A,cell morphology,fMOST,#N/A,cells,1,Huazhong University of Science and Technology,Qingming Luo,1U19MH114821-01,huang_fmost,BIL,#N/A,#N/A,#N/A,#N/A,#N/A,,,,NA,NA,NA
192484_13,192484,mouse,NCBI:txid10090,#N/A,cell morphology,fMOST,#N/A,cells,1,Huazhong University of Science and Technology,Qingming Luo,1U19MH114821-01,huang_fmost,BIL,#N/A,#N/A,#N/A,#N/A,#N/A,,,,NA,NA,NA
192484_14,192484,mouse,NCBI:txid10090,#N/A,cell morphology,fMOST,#N/A,cells,1,Huazhong University of Science and Technology,Qingming Luo,1U19MH114821-01,huang_fmost,BIL,#N/A,#N/A,#N/A,#N/A,#N/A,,,,NA,NA,NA
192484_15,192484,mouse,NCBI:txid10090,#N/A,cell morphology,fMOST,#N/A,cells,1,Huazhong University of Science and Technology,Qingming Luo,1U19MH114821-01,huang_fmost,BIL,#N/A,#N/A,#N/A,#N/A,#N/A,,,,NA,NA,NA
192484_16,192484,mouse,NCBI:txid10090,#N/A,cell morphology,fMOST,#N/A,cells,1,Huazhong University of Science and Technology,Qingming Luo,1U19MH114821-01,huang_fmost,BIL,#N/A,#N/A,#N/A,#N/A,#N/A,,,,NA,NA,NA
192484_17,192484,mouse,NCBI:txid10090,#N/A,cell morphology,fMOST,#N/A,cells,1,Huazhong University of Science and Technology,Qingming Luo,1U19MH114821-01,huang_fmost,BIL,#N/A,#N/A,#N/A,#N/A,#N/A,,,,NA,NA,NA
192484_18,192484,mouse,NCBI:txid10090,#N/A,cell morphology,fMOST,#N/A,cells,1,Huazhong University of Science and Technology,Qingming Luo,1U19MH114821-01,huang_fmost,BIL,#N/A,#N/A,#N/A,#N/A,#N/A,,,,NA,NA,NA
192484_19,192484,mouse,NCBI:txid10090,#N/A,cell morphology,fMOST,#N/A,cells,1,Huazhong University of Science and Technology,Qingming Luo,1U19MH114821-01,huang_fmost,BIL,#N/A,#N/A,#N/A,#N/A,#N/A,,,,NA,NA,NA
192484_20,192484,mouse,NCBI:txid10090,#N/A,cell morphology,fMOST,#N/A,cells,1,Huazhong University of Science and Technology,Qingming Luo,1U19MH114821-01,huang_fmost,BIL,#N/A,#N/A,#N/A,#N/A,#N/A,,,,NA,NA,NA
192484_21,192484,mouse,NCBI:txid10090,#N/A,cell morphology,fMOST,#N/A,cells,1,Huazhong University of Science and Technology,Qingming Luo,1U19MH114821-01,huang_fmost,BIL,#N/A,#N/A,#N/A,#N/A,#N/A,,,,NA,NA,NA
192484_22,192484,mouse,NCBI:txid10090,#N/A,cell morphology,fMOST,#N/A,cells,1,Huazhong University of Science and Technology,Qingming Luo,1U19MH114821-01,huang_fmost,BIL,#N/A,#N/A,#N/A,#N/A,#N/A,,,,NA,NA,NA
192484_23,192484,mouse,NCBI:txid10090,#N/A,cell morphology,fMOST,#N/A,cells,1,Huazhong University of Science and Technology,Qingming Luo,1U19MH114821-01,huang_fmost,BIL,#N/A,#N/A,#N/A,#N/A,#N/A,,,,NA,NA,NA
192484_24,192484,mouse,NCBI:txid10090,#N/A,cell morphology,fMOST,#N/A,cells,1,Huazhong University of Science and Technology,Qingming Luo,1U19MH114821-01,huang_fmost,BIL,#N/A,#N/A,#N/A,#N/A,#N/A,,,,NA,NA,NA
192484_25,192484,mouse,NCBI:txid10090,#N/A,cell morphology,fMOST,#N/A,cells,1,Huazhong University of Science and Technology,Qingming Luo,1U19MH114821-01,huang_fmost,BIL,#N/A,#N/A,#N/A,#N/A,#N/A,,,,NA,NA,NA
192484_26,192484,mouse,NCBI:txid10090,#N/A,cell morphology,fMOST,#N/A,cells,1,Huazhong University of Science and Technology,Qingming Luo,1U19MH114821-01,huang_fmost,BIL,#N/A,#N/A,#N/A,#N/A,#N/A,,,,NA,NA,NA
192484_27,192484,mouse,NCBI:txid10090,#N/A,cell morphology,fMOST,#N/A,cells,1,Huazhong University of Science and Technology,Qingming Luo,1U19MH114821-01,huang_fmost,BIL,#N/A,#N/A,#N/A,#N/A,#N/A,,,,NA,NA,NA
192484_28,192484,mouse,NCBI:txid10090,#N/A,cell morphology,fMOST,#N/A,cells,1,Huazhong University of Science and Technology,Qingming Luo,1U19MH114821-01,huang_fmost,BIL,#N/A,#N/A,#N/A,#N/A,#N/A,,,,NA,NA,NA
192484_29,192484,mouse,NCBI:txid10090,#N/A,cell morphology,fMOST,#N/A,cells,1,Huazhong University of Science and Technology,Qingming Luo,1U19MH114821-01,huang_fmost,BIL,#N/A,#N/A,#N/A,#N/A,#N/A,,,,NA,NA,NA
192484_30,192484,mouse,NCBI:txid10090,#N/A,cell morphology,fMOST,#N/A,cells,1,Huazhong University of Science and Technology,Qingming Luo,1U19MH114821-01,huang_fmost,BIL,#N/A,#N/A,#N/A,#N/A,#N/A,,,,NA,NA,NA
192484_31,192484,mouse,NCBI:txid10090,#N/A,cell morphology,fMOST,#N/A,cells,1,Huazhong University of Science and Technology,Qingming Luo,1U19MH114821-01,huang_fmost,BIL,#N/A,#N/A,#N/A,#N/A,#N/A,,,,NA,NA,NA
192484_32,192484,mouse,NCBI:txid10090,#N/A,cell morphology,fMOST,#N/A,cells,1,Huazhong University of Science and Technology,Qingming Luo,1U19MH114821-01,huang_fmost,BIL,#N/A,#N/A,#N/A,#N/A,#N/A,,,,NA,NA,NA
192484_33,192484,mouse,NCBI:txid10090,#N/A,cell morphology,fMOST,#N/A,cells,1,Huazhong University of Science and Technology,Qingming Luo,1U19MH114821-01,huang_fmost,BIL,#N/A,#N/A,#N/A,#N/A,#N/A,,,,NA,NA,NA
192484_34,192484,mouse,NCBI:txid10090,#N/A,cell morphology,fMOST,#N/A,cells,1,Huazhong University of Science and Technology,Qingming Luo,1U19MH114821-01,huang_fmost,BIL,#N/A,#N/A,#N/A,#N/A,#N/A,,,,NA,NA,NA
192484_35,192484,mouse,NCBI:txid10090,#N/A,cell morphology,fMOST,#N/A,cells,1,Huazhong University of Science and Technology,Qingming Luo,1U19MH114821-01,huang_fmost,BIL,#N/A,#N/A,#N/A,#N/A,#N/A,,,,NA,NA,NA
192484_36,192484,mouse,NCBI:txid10090,#N/A,cell morphology,fMOST,#N/A,cells,1,Huazhong University of Science and Technology,Qingming Luo,1U19MH114821-01,huang_fmost,BIL,#N/A,#N/A,#N/A,#N/A,#N/A,,,,NA,NA,NA
192484_37,192484,mouse,NCBI:txid10090,#N/A,cell morphology,fMOST,#N/A,cells,1,Huazhong University of Science and Technology,Qingming Luo,1U19MH114821-01,huang_fmost,BIL,#N/A,#N/A,#N/A,#N/A,#N/A,,,,NA,NA,NA
192484_38,192484,mouse,NCBI:txid10090,#N/A,cell morphology,fMOST,#N/A,cells,1,Huazhong University of Science and Technology,Qingming Luo,1U19MH114821-01,huang_fmost,BIL,#N/A,#N/A,#N/A,#N/A,#N/A,,,,NA,NA,NA
192484_39,192484,mouse,NCBI:txid10090,#N/A,cell morphology,fMOST,#N/A,cells,1,Huazhong University of Science and Technology,Qingming Luo,1U19MH114821-01,huang_fmost,BIL,#N/A,#N/A,#N/A,#N/A,#N/A,,,,NA,NA,NA
192484_40,192484,mouse,NCBI:txid10090,#N/A,cell morphology,fMOST,#N/A,cells,1,Huazhong University of Science and Technology,Qingming Luo,1U19MH114821-01,huang_fmost,BIL,#N/A,#N/A,#N/A,#N/A,#N/A,,,,NA,NA,NA
192484_41,192484,mouse,NCBI:txid10090,#N/A,cell morphology,fMOST,#N/A,cells,1,Huazhong University of Science and Technology,Qingming Luo,1U19MH114821-01,huang_fmost,BIL,#N/A,#N/A,#N/A,#N/A,#N/A,,,,NA,NA,NA
192484_42,192484,mouse,NCBI:txid10090,#N/A,cell morphology,fMOST,#N/A,cells,1,Huazhong University of Science and Technology,Qingming Luo,1U19MH114821-01,huang_fmost,BIL,#N/A,#N/A,#N/A,#N/A,#N/A,,,,NA,NA,NA
192484_43,192484,mouse,NCBI:txid10090,#N/A,cell morphology,fMOST,#N/A,cells,1,Huazhong University of Science and Technology,Qingming Luo,1U19MH114821-01,huang_fmost,BIL,#N/A,#N/A,#N/A,#N/A,#N/A,,,,NA,NA,NA
192484_44,192484,mouse,NCBI:txid10090,#N/A,cell morphology,fMOST,#N/A,cells,1,Huazhong University of Science and Technology,Qingming Luo,1U19MH114821-01,huang_fmost,BIL,#N/A,#N/A,#N/A,#N/A,#N/A,,,,NA,NA,NA
201720_01,201720,mouse,NCBI:txid10090,#N/A,cell morphology,fMOST,#N/A,cells,1,Huazhong University of Science and Technology,Qingming Luo,1U19MH114821-01,huang_fmost,BIL,#N/A,#N/A,#N/A,#N/A,#N/A,,,,NA,NA,NA
201720_02,201720,mouse,NCBI:txid10090,#N/A,cell morphology,fMOST,#N/A,cells,1,Huazhong University of Science and Technology,Qingming Luo,1U19MH114821-01,huang_fmost,BIL,#N/A,#N/A,#N/A,#N/A,#N/A,,,,NA,NA,NA
201720_03,201720,mouse,NCBI:txid10090,#N/A,cell morphology,fMOST,#N/A,cells,1,Huazhong University of Science and Technology,Qingming Luo,1U19MH114821-01,huang_fmost,BIL,#N/A,#N/A,#N/A,#N/A,#N/A,,,,NA,NA,NA
201720_04,201720,mouse,NCBI:txid10090,#N/A,cell morphology,fMOST,#N/A,cells,1,Huazhong University of Science and Technology,Qingming Luo,1U19MH114821-01,huang_fmost,BIL,#N/A,#N/A,#N/A,#N/A,#N/A,,,,NA,NA,NA
201720_05,201720,mouse,NCBI:txid10090,#N/A,cell morphology,fMOST,#N/A,cells,1,Huazhong University of Science and Technology,Qingming Luo,1U19MH114821-01,huang_fmost,BIL,#N/A,#N/A,#N/A,#N/A,#N/A,,,,NA,NA,NA
201720_06,201720,mouse,NCBI:txid10090,#N/A,cell morphology,fMOST,#N/A,cells,1,Huazhong University of Science and Technology,Qingming Luo,1U19MH114821-01,huang_fmost,BIL,#N/A,#N/A,#N/A,#N/A,#N/A,,,,NA,NA,NA
201720_07,201720,mouse,NCBI:txid10090,#N/A,cell morphology,fMOST,#N/A,cells,1,Huazhong University of Science and Technology,Qingming Luo,1U19MH114821-01,huang_fmost,BIL,#N/A,#N/A,#N/A,#N/A,#N/A,,,,NA,NA,NA
201720_08,201720,mouse,NCBI:txid10090,#N/A,cell morphology,fMOST,#N/A,cells,1,Huazhong University of Science and Technology,Qingming Luo,1U19MH114821-01,huang_fmost,BIL,#N/A,#N/A,#N/A,#N/A,#N/A,,,,NA,NA,NA
201720_09,201720,mouse,NCBI:txid10090,#N/A,cell morphology,fMOST,#N/A,cells,1,Huazhong University of Science and Technology,Qingming Luo,1U19MH114821-01,huang_fmost,BIL,#N/A,#N/A,#N/A,#N/A,#N/A,,,,NA,NA,NA
201720_10,201720,mouse,NCBI:txid10090,#N/A,cell morphology,fMOST,#N/A,cells,1,Huazhong University of Science and Technology,Qingming Luo,1U19MH114821-01,huang_fmost,BIL,#N/A,#N/A,#N/A,#N/A,#N/A,,,,NA,NA,NA
201720_11,201720,mouse,NCBI:txid10090,#N/A,cell morphology,fMOST,#N/A,cells,1,Huazhong University of Science and Technology,Qingming Luo,1U19MH114821-01,huang_fmost,BIL,#N/A,#N/A,#N/A,#N/A,#N/A,,,,NA,NA,NA
201720_12,201720,mouse,NCBI:txid10090,#N/A,cell morphology,fMOST,#N/A,cells,1,Huazhong University of Science and Technology,Qingming Luo,1U19MH114821-01,huang_fmost,BIL,#N/A,#N/A,#N/A,#N/A,#N/A,,,,NA,NA,NA
201720_13,201720,mouse,NCBI:txid10090,#N/A,cell morphology,fMOST,#N/A,cells,1,Huazhong University of Science and Technology,Qingming Luo,1U19MH114821-01,huang_fmost,BIL,#N/A,#N/A,#N/A,#N/A,#N/A,,,,NA,NA,NA
201720_14,201720,mouse,NCBI:txid10090,#N/A,cell morphology,fMOST,#N/A,cells,1,Huazhong University of Science and Technology,Qingming Luo,1U19MH114821-01,huang_fmost,BIL,#N/A,#N/A,#N/A,#N/A,#N/A,,,,NA,NA,NA
201720_15,201720,mouse,NCBI:txid10090,#N/A,cell morphology,fMOST,#N/A,cells,1,Huazhong University of Science and Technology,Qingming Luo,1U19MH114821-01,huang_fmost,BIL,#N/A,#N/A,#N/A,#N/A,#N/A,,,,NA,NA,NA
201720_16,201720,mouse,NCBI:txid10090,#N/A,cell morphology,fMOST,#N/A,cells,1,Huazhong University of Science and Technology,Qingming Luo,1U19MH114821-01,huang_fmost,BIL,#N/A,#N/A,#N/A,#N/A,#N/A,,,,NA,NA,NA
201720_17,201720,mouse,NCBI:txid10090,#N/A,cell morphology,fMOST,#N/A,cells,1,Huazhong University of Science and Technology,Qingming Luo,1U19MH114821-01,huang_fmost,BIL,#N/A,#N/A,#N/A,#N/A,#N/A,,,,NA,NA,NA
201720_18,201720,mouse,NCBI:txid10090,#N/A,cell morphology,fMOST,#N/A,cells,1,Huazhong University of Science and Technology,Qingming Luo,1U19MH114821-01,huang_fmost,BIL,#N/A,#N/A,#N/A,#N/A,#N/A,,,,NA,NA,NA
201720_19,201720,mouse,NCBI:txid10090,#N/A,cell morphology,fMOST,#N/A,cells,1,Huazhong University of Science and Technology,Qingming Luo,1U19MH114821-01,huang_fmost,BIL,#N/A,#N/A,#N/A,#N/A,#N/A,,,,NA,NA,NA
201720_20,201720,mouse,NCBI:txid10090,#N/A,cell morphology,fMOST,#N/A,cells,1,Huazhong University of Science and Technology,Qingming Luo,1U19MH114821-01,huang_fmost,BIL,#N/A,#N/A,#N/A,#N/A,#N/A,,,,NA,NA,NA
201720_21,201720,mouse,NCBI:txid10090,#N/A,cell morphology,fMOST,#N/A,cells,1,Huazhong University of Science and Technology,Qingming Luo,1U19MH114821-01,huang_fmost,BIL,#N/A,#N/A,#N/A,#N/A,#N/A,,,,NA,NA,NA
201720_22,201720,mouse,NCBI:txid10090,#N/A,cell morphology,fMOST,#N/A,cells,1,Huazhong University of Science and Technology,Qingming Luo,1U19MH114821-01,huang_fmost,BIL,#N/A,#N/A,#N/A,#N/A,#N/A,,,,NA,NA,NA
201720_23,201720,mouse,NCBI:txid10090,#N/A,cell morphology,fMOST,#N/A,cells,1,Huazhong University of Science and Technology,Qingming Luo,1U19MH114821-01,huang_fmost,BIL,#N/A,#N/A,#N/A,#N/A,#N/A,,,,NA,NA,NA
201720_24,201720,mouse,NCBI:txid10090,#N/A,cell morphology,fMOST,#N/A,cells,1,Huazhong University of Science and Technology,Qingming Luo,1U19MH114821-01,huang_fmost,BIL,#N/A,#N/A,#N/A,#N/A,#N/A,,,,NA,NA,NA
201720_25,201720,mouse,NCBI:txid10090,#N/A,cell morphology,fMOST,#N/A,cells,1,Huazhong University of Science and Technology,Qingming Luo,1U19MH114821-01,huang_fmost,BIL,#N/A,#N/A,#N/A,#N/A,#N/A,,,,NA,NA,NA
201720_26,201720,mouse,NCBI:txid10090,#N/A,cell morphology,fMOST,#N/A,cells,1,Huazhong University of Science and Technology,Qingming Luo,1U19MH114821-01,huang_fmost,BIL,#N/A,#N/A,#N/A,#N/A,#N/A,,,,NA,NA,NA
201720_27,201720,mouse,NCBI:txid10090,#N/A,cell morphology,fMOST,#N/A,cells,1,Huazhong University of Science and Technology,Qingming Luo,1U19MH114821-01,huang_fmost,BIL,#N/A,#N/A,#N/A,#N/A,#N/A,,,,NA,NA,NA
201720_28,201720,mouse,NCBI:txid10090,#N/A,cell morphology,fMOST,#N/A,cells,1,Huazhong University of Science and Technology,Qingming Luo,1U19MH114821-01,huang_fmost,BIL,#N/A,#N/A,#N/A,#N/A,#N/A,,,,NA,NA,NA
192775_01,192775,mouse,NCBI:txid10090,#N/A,cell morphology,fMOST,#N/A,cells,1,Huazhong University of Science and Technology,Qingming Luo,1U19MH114821-01,huang_fmost,BIL,#N/A,#N/A,#N/A,#N/A,#N/A,,,,NA,NA,NA
192775_02,192775,mouse,NCBI:txid10090,#N/A,cell morphology,fMOST,#N/A,cells,1,Huazhong University of Science and Technology,Qingming Luo,1U19MH114821-01,huang_fmost,BIL,#N/A,#N/A,#N/A,#N/A,#N/A,,,,NA,NA,NA
192775_03,192775,mouse,NCBI:txid10090,#N/A,cell morphology,fMOST,#N/A,cells,1,Huazhong University of Science and Technology,Qingming Luo,1U19MH114821-01,huang_fmost,BIL,#N/A,#N/A,#N/A,#N/A,#N/A,,,,NA,NA,NA
192775_04,192775,mouse,NCBI:txid10090,#N/A,cell morphology,fMOST,#N/A,cells,1,Huazhong University of Science and Technology,Qingming Luo,1U19MH114821-01,huang_fmost,BIL,#N/A,#N/A,#N/A,#N/A,#N/A,,,,NA,NA,NA
192775_05,192775,mouse,NCBI:txid10090,#N/A,cell morphology,fMOST,#N/A,cells,1,Huazhong University of Science and Technology,Qingming Luo,1U19MH114821-01,huang_fmost,BIL,#N/A,#N/A,#N/A,#N/A,#N/A,,,,NA,NA,NA
192775_06,192775,mouse,NCBI:txid10090,#N/A,cell morphology,fMOST,#N/A,cells,1,Huazhong University of Science and Technology,Qingming Luo,1U19MH114821-01,huang_fmost,BIL,#N/A,#N/A,#N/A,#N/A,#N/A,,,,NA,NA,NA
192775_07,192775,mouse,NCBI:txid10090,#N/A,cell morphology,fMOST,#N/A,cells,1,Huazhong University of Science and Technology,Qingming Luo,1U19MH114821-01,huang_fmost,BIL,#N/A,#N/A,#N/A,#N/A,#N/A,,,,NA,NA,NA
192775_08,192775,mouse,NCBI:txid10090,#N/A,cell morphology,fMOST,#N/A,cells,1,Huazhong University of Science and Technology,Qingming Luo,1U19MH114821-01,huang_fmost,BIL,#N/A,#N/A,#N/A,#N/A,#N/A,,,,NA,NA,NA
192775_09,192775,mouse,NCBI:txid10090,#N/A,cell morphology,fMOST,#N/A,cells,1,Huazhong University of Science and Technology,Qingming Luo,1U19MH114821-01,huang_fmost,BIL,#N/A,#N/A,#N/A,#N/A,#N/A,,,,NA,NA,NA
192775_10,192775,mouse,NCBI:txid10090,#N/A,cell morphology,fMOST,#N/A,cells,1,Huazhong University of Science and Technology,Qingming Luo,1U19MH114821-01,huang_fmost,BIL,#N/A,#N/A,#N/A,#N/A,#N/A,,,,NA,NA,NA
192775_11,192775,mouse,NCBI:txid10090,#N/A,cell morphology,fMOST,#N/A,cells,1,Huazhong University of Science and Technology,Qingming Luo,1U19MH114821-01,huang_fmost,BIL,#N/A,#N/A,#N/A,#N/A,#N/A,,,,NA,NA,NA
192775_12,192775,mouse,NCBI:txid10090,#N/A,cell morphology,fMOST,#N/A,cells,1,Huazhong University of Science and Technology,Qingming Luo,1U19MH114821-01,huang_fmost,BIL,#N/A,#N/A,#N/A,#N/A,#N/A,,,,NA,NA,NA
192775_13,192775,mouse,NCBI:txid10090,#N/A,cell morphology,fMOST,#N/A,cells,1,Huazhong University of Science and Technology,Qingming Luo,1U19MH114821-01,huang_fmost,BIL,#N/A,#N/A,#N/A,#N/A,#N/A,,,,NA,NA,NA
192775_14,192775,mouse,NCBI:txid10090,#N/A,cell morphology,fMOST,#N/A,cells,1,Huazhong University of Science and Technology,Qingming Luo,1U19MH114821-01,huang_fmost,BIL,#N/A,#N/A,#N/A,#N/A,#N/A,,,,NA,NA,NA
192775_15,192775,mouse,NCBI:txid10090,#N/A,cell morphology,fMOST,#N/A,cells,1,Huazhong University of Science and Technology,Qingming Luo,1U19MH114821-01,huang_fmost,BIL,#N/A,#N/A,#N/A,#N/A,#N/A,,,,NA,NA,NA
192775_16,192775,mouse,NCBI:txid10090,#N/A,cell morphology,fMOST,#N/A,cells,1,Huazhong University of Science and Technology,Qingming Luo,1U19MH114821-01,huang_fmost,BIL,#N/A,#N/A,#N/A,#N/A,#N/A,,,,NA,NA,NA
192775_17,192775,mouse,NCBI:txid10090,#N/A,cell morphology,fMOST,#N/A,cells,1,Huazhong University of Science and Technology,Qingming Luo,1U19MH114821-01,huang_fmost,BIL,#N/A,#N/A,#N/A,#N/A,#N/A,,,,NA,NA,NA
192775_18,192775,mouse,NCBI:txid10090,#N/A,cell morphology,fMOST,#N/A,cells,1,Huazhong University of Science and Technology,Qingming Luo,1U19MH114821-01,huang_fmost,BIL,#N/A,#N/A,#N/A,#N/A,#N/A,,,,NA,NA,NA
192775_19,192775,mouse,NCBI:txid10090,#N/A,cell morphology,fMOST,#N/A,cells,1,Huazhong University of Science and Technology,Qingming Luo,1U19MH114821-01,huang_fmost,BIL,#N/A,#N/A,#N/A,#N/A,#N/A,,,,NA,NA,NA
192775_20,192775,mouse,NCBI:txid10090,#N/A,cell morphology,fMOST,#N/A,cells,1,Huazhong University of Science and Technology,Qingming Luo,1U19MH114821-01,huang_fmost,BIL,#N/A,#N/A,#N/A,#N/A,#N/A,,,,NA,NA,NA
192775_21,192775,mouse,NCBI:txid10090,#N/A,cell morphology,fMOST,#N/A,cells,1,Huazhong University of Science and Technology,Qingming Luo,1U19MH114821-01,huang_fmost,BIL,#N/A,#N/A,#N/A,#N/A,#N/A,,,,NA,NA,NA
192775_22,192775,mouse,NCBI:txid10090,#N/A,cell morphology,fMOST,#N/A,cells,1,Huazhong University of Science and Technology,Qingming Luo,1U19MH114821-01,huang_fmost,BIL,#N/A,#N/A,#N/A,#N/A,#N/A,,,,NA,NA,NA
192774_01,192774,mouse,NCBI:txid10090,#N/A,cell morphology,fMOST,#N/A,cells,1,Huazhong University of Science and Technology,Qingming Luo,1U19MH114821-01,huang_fmost,BIL,#N/A,#N/A,#N/A,#N/A,#N/A,,,,NA,NA,NA
192774_02,192774,mouse,NCBI:txid10090,#N/A,cell morphology,fMOST,#N/A,cells,1,Huazhong University of Science and Technology,Qingming Luo,1U19MH114821-01,huang_fmost,BIL,#N/A,#N/A,#N/A,#N/A,#N/A,,,,NA,NA,NA
192774_03,192774,mouse,NCBI:txid10090,#N/A,cell morphology,fMOST,#N/A,cells,1,Huazhong University of Science and Technology,Qingming Luo,1U19MH114821-01,huang_fmost,BIL,#N/A,#N/A,#N/A,#N/A,#N/A,,,,NA,NA,NA
190367_01,190367,mouse,NCBI:txid10090,Fezf2-CreER,cell morphology,fMOST,MOp,cells,1,Huazhong University of Science and Technology,Qingming Luo,1U19MH114821-01,huang_fmost,BIL,/bil/proj/u19huang/mouseID_19011805-190367,,,21w,male,pass,,,NA,NA,NA
190367_02,190367,mouse,NCBI:txid10090,Fezf2-CreER,cell morphology,fMOST,MOp,cells,1,Huazhong University of Science and Technology,Qingming Luo,1U19MH114821-01,huang_fmost,BIL,/bil/proj/u19huang/mouseID_19011805-190367,,,21w,male,pass,,,NA,NA,NA
190367_03,190367,mouse,NCBI:txid10090,Fezf2-CreER,cell morphology,fMOST,MOp,cells,1,Huazhong University of Science and Technology,Qingming Luo,1U19MH114821-01,huang_fmost,BIL,/bil/proj/u19huang/mouseID_19011805-190367,,,21w,male,pass,,,NA,NA,NA
190367_04,190367,mouse,NCBI:txid10090,Fezf2-CreER,cell morphology,fMOST,MOp,cells,1,Huazhong University of Science and Technology,Qingming Luo,1U19MH114821-01,huang_fmost,BIL,/bil/proj/u19huang/mouseID_19011805-190367,,,21w,male,pass,,,NA,NA,NA
190367_05,190367,mouse,NCBI:txid10090,Fezf2-CreER,cell morphology,fMOST,MOp,cells,1,Huazhong University of Science and Technology,Qingming Luo,1U19MH114821-01,huang_fmost,BIL,/bil/proj/u19huang/mouseID_19011805-190367,,,21w,male,pass,,,NA,NA,NA
190367_06,190367,mouse,NCBI:txid10090,Fezf2-CreER,cell morphology,fMOST,MOp,cells,1,Huazhong University of Science and Technology,Qingming Luo,1U19MH114821-01,huang_fmost,BIL,/bil/proj/u19huang/mouseID_19011805-190367,,,21w,male,pass,,,NA,NA,NA
190367_07,190367,mouse,NCBI:txid10090,Fezf2-CreER,cell morphology,fMOST,MOp,cells,1,Huazhong University of Science and Technology,Qingming Luo,1U19MH114821-01,huang_fmost,BIL,/bil/proj/u19huang/mouseID_19011805-190367,,,21w,male,pass,,,NA,NA,NA
190367_08,190367,mouse,NCBI:txid10090,Fezf2-CreER,cell morphology,fMOST,MOp,cells,1,Huazhong University of Science and Technology,Qingming Luo,1U19MH114821-01,huang_fmost,BIL,/bil/proj/u19huang/mouseID_19011805-190367,,,21w,male,pass,,,NA,NA,NA
190367_09,190367,mouse,NCBI:txid10090,Fezf2-CreER,cell morphology,fMOST,MOp,cells,1,Huazhong University of Science and Technology,Qingming Luo,1U19MH114821-01,huang_fmost,BIL,/bil/proj/u19huang/mouseID_19011805-190367,,,21w,male,pass,,,NA,NA,NA
190367_10,190367,mouse,NCBI:txid10090,Fezf2-CreER,cell morphology,fMOST,MOp,cells,1,Huazhong University of Science and Technology,Qingming Luo,1U19MH114821-01,huang_fmost,BIL,/bil/proj/u19huang/mouseID_19011805-190367,,,21w,male,pass,,,NA,NA,NA
190367_11,190367,mouse,NCBI:txid10090,Fezf2-CreER,cell morphology,fMOST,MOp,cells,1,Huazhong University of Science and Technology,Qingming Luo,1U19MH114821-01,huang_fmost,BIL,/bil/proj/u19huang/mouseID_19011805-190367,,,21w,male,pass,,,NA,NA,NA
190367_12,190367,mouse,NCBI:txid10090,Fezf2-CreER,cell morphology,fMOST,MOp,cells,1,Huazhong University of Science and Technology,Qingming Luo,1U19MH114821-01,huang_fmost,BIL,/bil/proj/u19huang/mouseID_19011805-190367,,,21w,male,pass,,,NA,NA,NA
190367_13,190367,mouse,NCBI:txid10090,Fezf2-CreER,cell morphology,fMOST,MOp,cells,1,Huazhong University of Science and Technology,Qingming Luo,1U19MH114821-01,huang_fmost,BIL,/bil/proj/u19huang/mouseID_19011805-190367,,,21w,male,pass,,,NA,NA,NA
190367_14,190367,mouse,NCBI:txid10090,Fezf2-CreER,cell morphology,fMOST,MOp,cells,1,Huazhong University of Science and Technology,Qingming Luo,1U19MH114821-01,huang_fmost,BIL,/bil/proj/u19huang/mouseID_19011805-190367,,,21w,male,pass,,,NA,NA,NA
190367_15,190367,mouse,NCBI:txid10090,Fezf2-CreER,cell morphology,fMOST,MOp,cells,1,Huazhong University of Science and Technology,Qingming Luo,1U19MH114821-01,huang_fmost,BIL,/bil/proj/u19huang/mouseID_19011805-190367,,,21w,male,pass,,,NA,NA,NA
190367_16,190367,mouse,NCBI:txid10090,Fezf2-CreER,cell morphology,fMOST,MOp,cells,1,Huazhong University of Science and Technology,Qingming Luo,1U19MH114821-01,huang_fmost,BIL,/bil/proj/u19huang/mouseID_19011805-190367,,,21w,male,pass,,,NA,NA,NA
190367_17,190367,mouse,NCBI:txid10090,Fezf2-CreER,cell morphology,fMOST,MOp,cells,1,Huazhong University of Science and Technology,Qingming Luo,1U19MH114821-01,huang_fmost,BIL,/bil/proj/u19huang/mouseID_19011805-190367,,,21w,male,pass,,,NA,NA,NA
190367_18,190367,mouse,NCBI:txid10090,Fezf2-CreER,cell morphology,fMOST,MOp,cells,1,Huazhong University of Science and Technology,Qingming Luo,1U19MH114821-01,huang_fmost,BIL,/bil/proj/u19huang/mouseID_19011805-190367,,,21w,male,pass,,,NA,NA,NA
190367_19,190367,mouse,NCBI:txid10090,Fezf2-CreER,cell morphology,fMOST,MOp,cells,1,Huazhong University of Science and Technology,Qingming Luo,1U19MH114821-01,huang_fmost,BIL,/bil/proj/u19huang/mouseID_19011805-190367,,,21w,male,pass,,,NA,NA,NA
190367_20,190367,mouse,NCBI:txid10090,Fezf2-CreER,cell morphology,fMOST,MOp,cells,1,Huazhong University of Science and Technology,Qingming Luo,1U19MH114821-01,huang_fmost,BIL,/bil/proj/u19huang/mouseID_19011805-190367,,,21w,male,pass,,,NA,NA,NA
190367_21,190367,mouse,NCBI:txid10090,Fezf2-CreER,cell morphology,fMOST,MOp,cells,1,Huazhong University of Science and Technology,Qingming Luo,1U19MH114821-01,huang_fmost,BIL,/bil/proj/u19huang/mouseID_19011805-190367,,,21w,male,pass,,,NA,NA,NA
190367_22,190367,mouse,NCBI:txid10090,Fezf2-CreER,cell morphology,fMOST,MOp,cells,1,Huazhong University of Science and Technology,Qingming Luo,1U19MH114821-01,huang_fmost,BIL,/bil/proj/u19huang/mouseID_19011805-190367,,,21w,male,pass,,,NA,NA,NA
190367_23,190367,mouse,NCBI:txid10090,Fezf2-CreER,cell morphology,fMOST,MOp,cells,1,Huazhong University of Science and Technology,Qingming Luo,1U19MH114821-01,huang_fmost,BIL,/bil/proj/u19huang/mouseID_19011805-190367,,,21w,male,pass,,,NA,NA,NA
190367_24,190367,mouse,NCBI:txid10090,Fezf2-CreER,cell morphology,fMOST,MOp,cells,1,Huazhong University of Science and Technology,Qingming Luo,1U19MH114821-01,huang_fmost,BIL,/bil/proj/u19huang/mouseID_19011805-190367,,,21w,male,pass,,,NA,NA,NA
190367_25,190367,mouse,NCBI:txid10090,Fezf2-CreER,cell morphology,fMOST,MOp,cells,1,Huazhong University of Science and Technology,Qingming Luo,1U19MH114821-01,huang_fmost,BIL,/bil/proj/u19huang/mouseID_19011805-190367,,,21w,male,pass,,,NA,NA,NA
190367_26,190367,mouse,NCBI:txid10090,Fezf2-CreER,cell morphology,fMOST,MOp,cells,1,Huazhong University of Science and Technology,Qingming Luo,1U19MH114821-01,huang_fmost,BIL,/bil/proj/u19huang/mouseID_19011805-190367,,,21w,male,pass,,,NA,NA,NA
190367_27,190367,mouse,NCBI:txid10090,Fezf2-CreER,cell morphology,fMOST,MOp,cells,1,Huazhong University of Science and Technology,Qingming Luo,1U19MH114821-01,huang_fmost,BIL,/bil/proj/u19huang/mouseID_19011805-190367,,,21w,male,pass,,,NA,NA,NA
190367_28,190367,mouse,NCBI:txid10090,Fezf2-CreER,cell morphology,fMOST,MOp,cells,1,Huazhong University of Science and Technology,Qingming Luo,1U19MH114821-01,huang_fmost,BIL,/bil/proj/u19huang/mouseID_19011805-190367,,,21w,male,pass,,,NA,NA,NA
190367_29,190367,mouse,NCBI:txid10090,Fezf2-CreER,cell morphology,fMOST,MOp,cells,1,Huazhong University of Science and Technology,Qingming Luo,1U19MH114821-01,huang_fmost,BIL,/bil/proj/u19huang/mouseID_19011805-190367,,,21w,male,pass,,,NA,NA,NA
190367_30,190367,mouse,NCBI:txid10090,Fezf2-CreER,cell morphology,fMOST,MOp,cells,1,Huazhong University of Science and Technology,Qingming Luo,1U19MH114821-01,huang_fmost,BIL,/bil/proj/u19huang/mouseID_19011805-190367,,,21w,male,pass,,,NA,NA,NA
190367_31,190367,mouse,NCBI:txid10090,Fezf2-CreER,cell morphology,fMOST,MOp,cells,1,Huazhong University of Science and Technology,Qingming Luo,1U19MH114821-01,huang_fmost,BIL,/bil/proj/u19huang/mouseID_19011805-190367,,,21w,male,pass,,,NA,NA,NA
190367_32,190367,mouse,NCBI:txid10090,Fezf2-CreER,cell morphology,fMOST,MOp,cells,1,Huazhong University of Science and Technology,Qingming Luo,1U19MH114821-01,huang_fmost,BIL,/bil/proj/u19huang/mouseID_19011805-190367,,,21w,male,pass,,,NA,NA,NA
190367_33,190367,mouse,NCBI:txid10090,Fezf2-CreER,cell morphology,fMOST,MOp,cells,1,Huazhong University of Science and Technology,Qingming Luo,1U19MH114821-01,huang_fmost,BIL,/bil/proj/u19huang/mouseID_19011805-190367,,,21w,male,pass,,,NA,NA,NA
190367_34,190367,mouse,NCBI:txid10090,Fezf2-CreER,cell morphology,fMOST,MOp,cells,1,Huazhong University of Science and Technology,Qingming Luo,1U19MH114821-01,huang_fmost,BIL,/bil/proj/u19huang/mouseID_19011805-190367,,,21w,male,pass,,,NA,NA,NA
190367_35,190367,mouse,NCBI:txid10090,Fezf2-CreER,cell morphology,fMOST,MOp,cells,1,Huazhong University of Science and Technology,Qingming Luo,1U19MH114821-01,huang_fmost,BIL,/bil/proj/u19huang/mouseID_19011805-190367,,,21w,male,pass,,,NA,NA,NA
190367_36,190367,mouse,NCBI:txid10090,Fezf2-CreER,cell morphology,fMOST,MOp,cells,1,Huazhong University of Science and Technology,Qingming Luo,1U19MH114821-01,huang_fmost,BIL,/bil/proj/u19huang/mouseID_19011805-190367,,,21w,male,pass,,,NA,NA,NA
190367_37,190367,mouse,NCBI:txid10090,Fezf2-CreER,cell morphology,fMOST,MOp,cells,1,Huazhong University of Science and Technology,Qingming Luo,1U19MH114821-01,huang_fmost,BIL,/bil/proj/u19huang/mouseID_19011805-190367,,,21w,male,pass,,,NA,NA,NA
190367_38,190367,mouse,NCBI:txid10090,Fezf2-CreER,cell morphology,fMOST,MOp,cells,1,Huazhong University of Science and Technology,Qingming Luo,1U19MH114821-01,huang_fmost,BIL,/bil/proj/u19huang/mouseID_19011805-190367,,,21w,male,pass,,,NA,NA,NA
190367_39,190367,mouse,NCBI:txid10090,Fezf2-CreER,cell morphology,fMOST,MOp,cells,1,Huazhong University of Science and Technology,Qingming Luo,1U19MH114821-01,huang_fmost,BIL,/bil/proj/u19huang/mouseID_19011805-190367,,,21w,male,pass,,,NA,NA,NA
190367_40,190367,mouse,NCBI:txid10090,Fezf2-CreER,cell morphology,fMOST,MOp,cells,1,Huazhong University of Science and Technology,Qingming Luo,1U19MH114821-01,huang_fmost,BIL,/bil/proj/u19huang/mouseID_19011805-190367,,,21w,male,pass,,,NA,NA,NA
190367_41,190367,mouse,NCBI:txid10090,Fezf2-CreER,cell morphology,fMOST,MOp,cells,1,Huazhong University of Science and Technology,Qingming Luo,1U19MH114821-01,huang_fmost,BIL,/bil/proj/u19huang/mouseID_19011805-190367,,,21w,male,pass,,,NA,NA,NA
190367_42,190367,mouse,NCBI:txid10090,Fezf2-CreER,cell morphology,fMOST,MOp,cells,1,Huazhong University of Science and Technology,Qingming Luo,1U19MH114821-01,huang_fmost,BIL,/bil/proj/u19huang/mouseID_19011805-190367,,,21w,male,pass,,,NA,NA,NA
190367_43,190367,mouse,NCBI:txid10090,Fezf2-CreER,cell morphology,fMOST,MOp,cells,1,Huazhong University of Science and Technology,Qingming Luo,1U19MH114821-01,huang_fmost,BIL,/bil/proj/u19huang/mouseID_19011805-190367,,,21w,male,pass,,,NA,NA,NA
190367_44,190367,mouse,NCBI:txid10090,Fezf2-CreER,cell morphology,fMOST,MOp,cells,1,Huazhong University of Science and Technology,Qingming Luo,1U19MH114821-01,huang_fmost,BIL,/bil/proj/u19huang/mouseID_19011805-190367,,,21w,male,pass,,,NA,NA,NA
190367_45,190367,mouse,NCBI:txid10090,Fezf2-CreER,cell morphology,fMOST,MOp,cells,1,Huazhong University of Science and Technology,Qingming Luo,1U19MH114821-01,huang_fmost,BIL,/bil/proj/u19huang/mouseID_19011805-190367,,,21w,male,pass,,,NA,NA,NA
190367_46,190367,mouse,NCBI:txid10090,Fezf2-CreER,cell morphology,fMOST,MOp,cells,1,Huazhong University of Science and Technology,Qingming Luo,1U19MH114821-01,huang_fmost,BIL,/bil/proj/u19huang/mouseID_19011805-190367,,,21w,male,pass,,,NA,NA,NA
190367_47,190367,mouse,NCBI:txid10090,Fezf2-CreER,cell morphology,fMOST,MOp,cells,1,Huazhong University of Science and Technology,Qingming Luo,1U19MH114821-01,huang_fmost,BIL,/bil/proj/u19huang/mouseID_19011805-190367,,,21w,male,pass,,,NA,NA,NA
194094_01,194094,mouse,NCBI:txid10090,Fezf2-CreER,cell morphology,fMOST,SSp-ll,cells,1,Huazhong University of Science and Technology,Qingming Luo,1U19MH114821-01,huang_fmost,BIL,/bil/proj/u19huang/mouseID_w19091709-194094,,,13w,female,pass,,,NA,NA,NA
194094_02,194094,mouse,NCBI:txid10090,Fezf2-CreER,cell morphology,fMOST,SSp-ll,cells,1,Huazhong University of Science and Technology,Qingming Luo,1U19MH114821-01,huang_fmost,BIL,/bil/proj/u19huang/mouseID_w19091709-194094,,,13w,female,pass,,,NA,NA,NA
194094_03,194094,mouse,NCBI:txid10090,Fezf2-CreER,cell morphology,fMOST,SSp-ll,cells,1,Huazhong University of Science and Technology,Qingming Luo,1U19MH114821-01,huang_fmost,BIL,/bil/proj/u19huang/mouseID_w19091709-194094,,,13w,female,pass,,,NA,NA,NA
194094_04,194094,mouse,NCBI:txid10090,Fezf2-CreER,cell morphology,fMOST,SSp-ll,cells,1,Huazhong University of Science and Technology,Qingming Luo,1U19MH114821-01,huang_fmost,BIL,/bil/proj/u19huang/mouseID_w19091709-194094,,,13w,female,pass,,,NA,NA,NA
194094_05,194094,mouse,NCBI:txid10090,Fezf2-CreER,cell morphology,fMOST,SSp-ll,cells,1,Huazhong University of Science and Technology,Qingming Luo,1U19MH114821-01,huang_fmost,BIL,/bil/proj/u19huang/mouseID_w19091709-194094,,,13w,female,pass,,,NA,NA,NA
194094_06,194094,mouse,NCBI:txid10090,Fezf2-CreER,cell morphology,fMOST,SSp-ll,cells,1,Huazhong University of Science and Technology,Qingming Luo,1U19MH114821-01,huang_fmost,BIL,/bil/proj/u19huang/mouseID_w19091709-194094,,,13w,female,pass,,,NA,NA,NA
194094_07,194094,mouse,NCBI:txid10090,Fezf2-CreER,cell morphology,fMOST,SSp-ll,cells,1,Huazhong University of Science and Technology,Qingming Luo,1U19MH114821-01,huang_fmost,BIL,/bil/proj/u19huang/mouseID_w19091709-194094,,,13w,female,pass,,,NA,NA,NA
194094_08,194094,mouse,NCBI:txid10090,Fezf2-CreER,cell morphology,fMOST,SSp-ll,cells,1,Huazhong University of Science and Technology,Qingming Luo,1U19MH114821-01,huang_fmost,BIL,/bil/proj/u19huang/mouseID_w19091709-194094,,,13w,female,pass,,,NA,NA,NA
194094_09,194094,mouse,NCBI:txid10090,Fezf2-CreER,cell morphology,fMOST,SSp-ll,cells,1,Huazhong University of Science and Technology,Qingming Luo,1U19MH114821-01,huang_fmost,BIL,/bil/proj/u19huang/mouseID_w19091709-194094,,,13w,female,pass,,,NA,NA,NA
194094_10,194094,mouse,NCBI:txid10090,Fezf2-CreER,cell morphology,fMOST,SSp-ll,cells,1,Huazhong University of Science and Technology,Qingming Luo,1U19MH114821-01,huang_fmost,BIL,/bil/proj/u19huang/mouseID_w19091709-194094,,,13w,female,pass,,,NA,NA,NA
194094_11,194094,mouse,NCBI:txid10090,Fezf2-CreER,cell morphology,fMOST,SSp-ll,cells,1,Huazhong University of Science and Technology,Qingming Luo,1U19MH114821-01,huang_fmost,BIL,/bil/proj/u19huang/mouseID_w19091709-194094,,,13w,female,pass,,,NA,NA,NA
194094_12,194094,mouse,NCBI:txid10090,Fezf2-CreER,cell morphology,fMOST,SSp-ll,cells,1,Huazhong University of Science and Technology,Qingming Luo,1U19MH114821-01,huang_fmost,BIL,/bil/proj/u19huang/mouseID_w19091709-194094,,,13w,female,pass,,,NA,NA,NA
201716_01,201716,mouse,NCBI:txid10090,#N/A,cell morphology,fMOST,#N/A,cells,1,Huazhong University of Science and Technology,Qingming Luo,1U19MH114821-01,huang_fmost,BIL,#N/A,#N/A,#N/A,#N/A,#N/A,,,,NA,NA,NA
201716_02,201716,mouse,NCBI:txid10090,#N/A,cell morphology,fMOST,#N/A,cells,1,Huazhong University of Science and Technology,Qingming Luo,1U19MH114821-01,huang_fmost,BIL,#N/A,#N/A,#N/A,#N/A,#N/A,,,,NA,NA,NA
201716_03,201716,mouse,NCBI:txid10090,#N/A,cell morphology,fMOST,#N/A,cells,1,Huazhong University of Science and Technology,Qingming Luo,1U19MH114821-01,huang_fmost,BIL,#N/A,#N/A,#N/A,#N/A,#N/A,,,,NA,NA,NA
201716_04,201716,mouse,NCBI:txid10090,#N/A,cell morphology,fMOST,#N/A,cells,1,Huazhong University of Science and Technology,Qingming Luo,1U19MH114821-01,huang_fmost,BIL,#N/A,#N/A,#N/A,#N/A,#N/A,,,,NA,NA,NA
201716_05,201716,mouse,NCBI:txid10090,#N/A,cell morphology,fMOST,#N/A,cells,1,Huazhong University of Science and Technology,Qingming Luo,1U19MH114821-01,huang_fmost,BIL,#N/A,#N/A,#N/A,#N/A,#N/A,,,,NA,NA,NA
201716_06,201716,mouse,NCBI:txid10090,#N/A,cell morphology,fMOST,#N/A,cells,1,Huazhong University of Science and Technology,Qingming Luo,1U19MH114821-01,huang_fmost,BIL,#N/A,#N/A,#N/A,#N/A,#N/A,,,,NA,NA,NA
201716_07,201716,mouse,NCBI:txid10090,#N/A,cell morphology,fMOST,#N/A,cells,1,Huazhong University of Science and Technology,Qingming Luo,1U19MH114821-01,huang_fmost,BIL,#N/A,#N/A,#N/A,#N/A,#N/A,,,,NA,NA,NA
201716_08,201716,mouse,NCBI:txid10090,#N/A,cell morphology,fMOST,#N/A,cells,1,Huazhong University of Science and Technology,Qingming Luo,1U19MH114821-01,huang_fmost,BIL,#N/A,#N/A,#N/A,#N/A,#N/A,,,,NA,NA,NA
201716_09,201716,mouse,NCBI:txid10090,#N/A,cell morphology,fMOST,#N/A,cells,1,Huazhong University of Science and Technology,Qingming Luo,1U19MH114821-01,huang_fmost,BIL,#N/A,#N/A,#N/A,#N/A,#N/A,,,,NA,NA,NA
201716_10,201716,mouse,NCBI:txid10090,#N/A,cell morphology,fMOST,#N/A,cells,1,Huazhong University of Science and Technology,Qingming Luo,1U19MH114821-01,huang_fmost,BIL,#N/A,#N/A,#N/A,#N/A,#N/A,,,,NA,NA,NA
201716_11,201716,mouse,NCBI:txid10090,#N/A,cell morphology,fMOST,#N/A,cells,1,Huazhong University of Science and Technology,Qingming Luo,1U19MH114821-01,huang_fmost,BIL,#N/A,#N/A,#N/A,#N/A,#N/A,,,,NA,NA,NA
201716_12,201716,mouse,NCBI:txid10090,#N/A,cell morphology,fMOST,#N/A,cells,1,Huazhong University of Science and Technology,Qingming Luo,1U19MH114821-01,huang_fmost,BIL,#N/A,#N/A,#N/A,#N/A,#N/A,,,,NA,NA,NA
201716_13,201716,mouse,NCBI:txid10090,#N/A,cell morphology,fMOST,#N/A,cells,1,Huazhong University of Science and Technology,Qingming Luo,1U19MH114821-01,huang_fmost,BIL,#N/A,#N/A,#N/A,#N/A,#N/A,,,,NA,NA,NA
201716_14,201716,mouse,NCBI:txid10090,#N/A,cell morphology,fMOST,#N/A,cells,1,Huazhong University of Science and Technology,Qingming Luo,1U19MH114821-01,huang_fmost,BIL,#N/A,#N/A,#N/A,#N/A,#N/A,,,,NA,NA,NA
201716_15,201716,mouse,NCBI:txid10090,#N/A,cell morphology,fMOST,#N/A,cells,1,Huazhong University of Science and Technology,Qingming Luo,1U19MH114821-01,huang_fmost,BIL,#N/A,#N/A,#N/A,#N/A,#N/A,,,,NA,NA,NA
201716_16,201716,mouse,NCBI:txid10090,#N/A,cell morphology,fMOST,#N/A,cells,1,Huazhong University of Science and Technology,Qingming Luo,1U19MH114821-01,huang_fmost,BIL,#N/A,#N/A,#N/A,#N/A,#N/A,,,,NA,NA,NA
201716_17,201716,mouse,NCBI:txid10090,#N/A,cell morphology,fMOST,#N/A,cells,1,Huazhong University of Science and Technology,Qingming Luo,1U19MH114821-01,huang_fmost,BIL,#N/A,#N/A,#N/A,#N/A,#N/A,,,,NA,NA,NA
201716_18,201716,mouse,NCBI:txid10090,#N/A,cell morphology,fMOST,#N/A,cells,1,Huazhong University of Science and Technology,Qingming Luo,1U19MH114821-01,huang_fmost,BIL,#N/A,#N/A,#N/A,#N/A,#N/A,,,,NA,NA,NA
201716_19,201716,mouse,NCBI:txid10090,#N/A,cell morphology,fMOST,#N/A,cells,1,Huazhong University of Science and Technology,Qingming Luo,1U19MH114821-01,huang_fmost,BIL,#N/A,#N/A,#N/A,#N/A,#N/A,,,,NA,NA,NA
201716_20,201716,mouse,NCBI:txid10090,#N/A,cell morphology,fMOST,#N/A,cells,1,Huazhong University of Science and Technology,Qingming Luo,1U19MH114821-01,huang_fmost,BIL,#N/A,#N/A,#N/A,#N/A,#N/A,,,,NA,NA,NA
191184_01,191184,mouse,NCBI:txid10090,Fezf2-CreER,cell morphology,fMOST,SSp-ul,cells,1,Huazhong University of Science and Technology,Qingming Luo,1U19MH114821-01,huang_fmost,BIL,/bil/proj/u19huang/mouseID_19032506-191184,,,28w,female,pass,,,NA,NA,NA
191184_02,191184,mouse,NCBI:txid10090,Fezf2-CreER,cell morphology,fMOST,SSp-ul,cells,1,Huazhong University of Science and Technology,Qingming Luo,1U19MH114821-01,huang_fmost,BIL,/bil/proj/u19huang/mouseID_19032506-191184,,,28w,female,pass,,,NA,NA,NA
191184_03,191184,mouse,NCBI:txid10090,Fezf2-CreER,cell morphology,fMOST,SSp-ul,cells,1,Huazhong University of Science and Technology,Qingming Luo,1U19MH114821-01,huang_fmost,BIL,/bil/proj/u19huang/mouseID_19032506-191184,,,28w,female,pass,,,NA,NA,NA
191184_04,191184,mouse,NCBI:txid10090,Fezf2-CreER,cell morphology,fMOST,SSp-ul,cells,1,Huazhong University of Science and Technology,Qingming Luo,1U19MH114821-01,huang_fmost,BIL,/bil/proj/u19huang/mouseID_19032506-191184,,,28w,female,pass,,,NA,NA,NA
191184_05,191184,mouse,NCBI:txid10090,Fezf2-CreER,cell morphology,fMOST,SSp-ul,cells,1,Huazhong University of Science and Technology,Qingming Luo,1U19MH114821-01,huang_fmost,BIL,/bil/proj/u19huang/mouseID_19032506-191184,,,28w,female,pass,,,NA,NA,NA
191184_06,191184,mouse,NCBI:txid10090,Fezf2-CreER,cell morphology,fMOST,SSp-ul,cells,1,Huazhong University of Science and Technology,Qingming Luo,1U19MH114821-01,huang_fmost,BIL,/bil/proj/u19huang/mouseID_19032506-191184,,,28w,female,pass,,,NA,NA,NA
191184_07,191184,mouse,NCBI:txid10090,Fezf2-CreER,cell morphology,fMOST,SSp-ul,cells,1,Huazhong University of Science and Technology,Qingming Luo,1U19MH114821-01,huang_fmost,BIL,/bil/proj/u19huang/mouseID_19032506-191184,,,28w,female,pass,,,NA,NA,NA
191184_08,191184,mouse,NCBI:txid10090,Fezf2-CreER,cell morphology,fMOST,SSp-ul,cells,1,Huazhong University of Science and Technology,Qingming Luo,1U19MH114821-01,huang_fmost,BIL,/bil/proj/u19huang/mouseID_19032506-191184,,,28w,female,pass,,,NA,NA,NA
191184_09,191184,mouse,NCBI:txid10090,Fezf2-CreER,cell morphology,fMOST,SSp-ul,cells,1,Huazhong University of Science and Technology,Qingming Luo,1U19MH114821-01,huang_fmost,BIL,/bil/proj/u19huang/mouseID_19032506-191184,,,28w,female,pass,,,NA,NA,NA
191184_10,191184,mouse,NCBI:txid10090,Fezf2-CreER,cell morphology,fMOST,SSp-ul,cells,1,Huazhong University of Science and Technology,Qingming Luo,1U19MH114821-01,huang_fmost,BIL,/bil/proj/u19huang/mouseID_19032506-191184,,,28w,female,pass,,,NA,NA,NA
191184_11,191184,mouse,NCBI:txid10090,Fezf2-CreER,cell morphology,fMOST,SSp-ul,cells,1,Huazhong University of Science and Technology,Qingming Luo,1U19MH114821-01,huang_fmost,BIL,/bil/proj/u19huang/mouseID_19032506-191184,,,28w,female,pass,,,NA,NA,NA
191184_12,191184,mouse,NCBI:txid10090,Fezf2-CreER,cell morphology,fMOST,SSp-ul,cells,1,Huazhong University of Science and Technology,Qingming Luo,1U19MH114821-01,huang_fmost,BIL,/bil/proj/u19huang/mouseID_19032506-191184,,,28w,female,pass,,,NA,NA,NA
191184_13,191184,mouse,NCBI:txid10090,Fezf2-CreER,cell morphology,fMOST,SSp-ul,cells,1,Huazhong University of Science and Technology,Qingming Luo,1U19MH114821-01,huang_fmost,BIL,/bil/proj/u19huang/mouseID_19032506-191184,,,28w,female,pass,,,NA,NA,NA
191184_14,191184,mouse,NCBI:txid10090,Fezf2-CreER,cell morphology,fMOST,SSp-ul,cells,1,Huazhong University of Science and Technology,Qingming Luo,1U19MH114821-01,huang_fmost,BIL,/bil/proj/u19huang/mouseID_19032506-191184,,,28w,female,pass,,,NA,NA,NA
191184_15,191184,mouse,NCBI:txid10090,Fezf2-CreER,cell morphology,fMOST,SSp-ul,cells,1,Huazhong University of Science and Technology,Qingming Luo,1U19MH114821-01,huang_fmost,BIL,/bil/proj/u19huang/mouseID_19032506-191184,,,28w,female,pass,,,NA,NA,NA
191184_16,191184,mouse,NCBI:txid10090,Fezf2-CreER,cell morphology,fMOST,SSp-ul,cells,1,Huazhong University of Science and Technology,Qingming Luo,1U19MH114821-01,huang_fmost,BIL,/bil/proj/u19huang/mouseID_19032506-191184,,,28w,female,pass,,,NA,NA,NA
191184_17,191184,mouse,NCBI:txid10090,Fezf2-CreER,cell morphology,fMOST,SSp-ul,cells,1,Huazhong University of Science and Technology,Qingming Luo,1U19MH114821-01,huang_fmost,BIL,/bil/proj/u19huang/mouseID_19032506-191184,,,28w,female,pass,,,NA,NA,NA
191184_18,191184,mouse,NCBI:txid10090,Fezf2-CreER,cell morphology,fMOST,SSp-ul,cells,1,Huazhong University of Science and Technology,Qingming Luo,1U19MH114821-01,huang_fmost,BIL,/bil/proj/u19huang/mouseID_19032506-191184,,,28w,female,pass,,,NA,NA,NA
191184_19,191184,mouse,NCBI:txid10090,Fezf2-CreER,cell morphology,fMOST,SSp-ul,cells,1,Huazhong University of Science and Technology,Qingming Luo,1U19MH114821-01,huang_fmost,BIL,/bil/proj/u19huang/mouseID_19032506-191184,,,28w,female,pass,,,NA,NA,NA
191184_20,191184,mouse,NCBI:txid10090,Fezf2-CreER,cell morphology,fMOST,SSp-ul,cells,1,Huazhong University of Science and Technology,Qingming Luo,1U19MH114821-01,huang_fmost,BIL,/bil/proj/u19huang/mouseID_19032506-191184,,,28w,female,pass,,,NA,NA,NA
191184_21,191184,mouse,NCBI:txid10090,Fezf2-CreER,cell morphology,fMOST,SSp-ul,cells,1,Huazhong University of Science and Technology,Qingming Luo,1U19MH114821-01,huang_fmost,BIL,/bil/proj/u19huang/mouseID_19032506-191184,,,28w,female,pass,,,NA,NA,NA
191184_22,191184,mouse,NCBI:txid10090,Fezf2-CreER,cell morphology,fMOST,SSp-ul,cells,1,Huazhong University of Science and Technology,Qingming Luo,1U19MH114821-01,huang_fmost,BIL,/bil/proj/u19huang/mouseID_19032506-191184,,,28w,female,pass,,,NA,NA,NA
191184_23,191184,mouse,NCBI:txid10090,Fezf2-CreER,cell morphology,fMOST,SSp-ul,cells,1,Huazhong University of Science and Technology,Qingming Luo,1U19MH114821-01,huang_fmost,BIL,/bil/proj/u19huang/mouseID_19032506-191184,,,28w,female,pass,,,NA,NA,NA
191184_24,191184,mouse,NCBI:txid10090,Fezf2-CreER,cell morphology,fMOST,SSp-ul,cells,1,Huazhong University of Science and Technology,Qingming Luo,1U19MH114821-01,huang_fmost,BIL,/bil/proj/u19huang/mouseID_19032506-191184,,,28w,female,pass,,,NA,NA,NA
191184_25,191184,mouse,NCBI:txid10090,Fezf2-CreER,cell morphology,fMOST,SSp-ul,cells,1,Huazhong University of Science and Technology,Qingming Luo,1U19MH114821-01,huang_fmost,BIL,/bil/proj/u19huang/mouseID_19032506-191184,,,28w,female,pass,,,NA,NA,NA
191184_26,191184,mouse,NCBI:txid10090,Fezf2-CreER,cell morphology,fMOST,SSp-ul,cells,1,Huazhong University of Science and Technology,Qingming Luo,1U19MH114821-01,huang_fmost,BIL,/bil/proj/u19huang/mouseID_19032506-191184,,,28w,female,pass,,,NA,NA,NA
191184_27,191184,mouse,NCBI:txid10090,Fezf2-CreER,cell morphology,fMOST,SSp-ul,cells,1,Huazhong University of Science and Technology,Qingming Luo,1U19MH114821-01,huang_fmost,BIL,/bil/proj/u19huang/mouseID_19032506-191184,,,28w,female,pass,,,NA,NA,NA
191184_28,191184,mouse,NCBI:txid10090,Fezf2-CreER,cell morphology,fMOST,SSp-ul,cells,1,Huazhong University of Science and Technology,Qingming Luo,1U19MH114821-01,huang_fmost,BIL,/bil/proj/u19huang/mouseID_19032506-191184,,,28w,female,pass,,,NA,NA,NA
191184_29,191184,mouse,NCBI:txid10090,Fezf2-CreER,cell morphology,fMOST,SSp-ul,cells,1,Huazhong University of Science and Technology,Qingming Luo,1U19MH114821-01,huang_fmost,BIL,/bil/proj/u19huang/mouseID_19032506-191184,,,28w,female,pass,,,NA,NA,NA
191184_30,191184,mouse,NCBI:txid10090,Fezf2-CreER,cell morphology,fMOST,SSp-ul,cells,1,Huazhong University of Science and Technology,Qingming Luo,1U19MH114821-01,huang_fmost,BIL,/bil/proj/u19huang/mouseID_19032506-191184,,,28w,female,pass,,,NA,NA,NA
191184_31,191184,mouse,NCBI:txid10090,Fezf2-CreER,cell morphology,fMOST,SSp-ul,cells,1,Huazhong University of Science and Technology,Qingming Luo,1U19MH114821-01,huang_fmost,BIL,/bil/proj/u19huang/mouseID_19032506-191184,,,28w,female,pass,,,NA,NA,NA
191184_32,191184,mouse,NCBI:txid10090,Fezf2-CreER,cell morphology,fMOST,SSp-ul,cells,1,Huazhong University of Science and Technology,Qingming Luo,1U19MH114821-01,huang_fmost,BIL,/bil/proj/u19huang/mouseID_19032506-191184,,,28w,female,pass,,,NA,NA,NA
191171_01,191171,mouse,NCBI:txid10090,Fezf2-2A-CreER*LSL-Flpo,cell morphology,fMOST,MOp,cells,1,Huazhong University of Science and Technology,Qingming Luo,1U19MH114821-01,huang_fmost,BIL,/bil/proj/u19huang/mouseID_19032508-191171,,,14w,male,pass,,,NA,NA,NA
191171_02,191171,mouse,NCBI:txid10090,Fezf2-2A-CreER*LSL-Flpo,cell morphology,fMOST,MOp,cells,1,Huazhong University of Science and Technology,Qingming Luo,1U19MH114821-01,huang_fmost,BIL,/bil/proj/u19huang/mouseID_19032508-191171,,,14w,male,pass,,,NA,NA,NA
191171_03,191171,mouse,NCBI:txid10090,Fezf2-2A-CreER*LSL-Flpo,cell morphology,fMOST,MOp,cells,1,Huazhong University of Science and Technology,Qingming Luo,1U19MH114821-01,huang_fmost,BIL,/bil/proj/u19huang/mouseID_19032508-191171,,,14w,male,pass,,,NA,NA,NA
191171_04,191171,mouse,NCBI:txid10090,Fezf2-2A-CreER*LSL-Flpo,cell morphology,fMOST,MOp,cells,1,Huazhong University of Science and Technology,Qingming Luo,1U19MH114821-01,huang_fmost,BIL,/bil/proj/u19huang/mouseID_19032508-191171,,,14w,male,pass,,,NA,NA,NA
191171_05,191171,mouse,NCBI:txid10090,Fezf2-2A-CreER*LSL-Flpo,cell morphology,fMOST,MOp,cells,1,Huazhong University of Science and Technology,Qingming Luo,1U19MH114821-01,huang_fmost,BIL,/bil/proj/u19huang/mouseID_19032508-191171,,,14w,male,pass,,,NA,NA,NA
191171_06,191171,mouse,NCBI:txid10090,Fezf2-2A-CreER*LSL-Flpo,cell morphology,fMOST,MOp,cells,1,Huazhong University of Science and Technology,Qingming Luo,1U19MH114821-01,huang_fmost,BIL,/bil/proj/u19huang/mouseID_19032508-191171,,,14w,male,pass,,,NA,NA,NA
191171_07,191171,mouse,NCBI:txid10090,Fezf2-2A-CreER*LSL-Flpo,cell morphology,fMOST,MOp,cells,1,Huazhong University of Science and Technology,Qingming Luo,1U19MH114821-01,huang_fmost,BIL,/bil/proj/u19huang/mouseID_19032508-191171,,,14w,male,pass,,,NA,NA,NA
191171_08,191171,mouse,NCBI:txid10090,Fezf2-2A-CreER*LSL-Flpo,cell morphology,fMOST,MOp,cells,1,Huazhong University of Science and Technology,Qingming Luo,1U19MH114821-01,huang_fmost,BIL,/bil/proj/u19huang/mouseID_19032508-191171,,,14w,male,pass,,,NA,NA,NA
191171_09,191171,mouse,NCBI:txid10090,Fezf2-2A-CreER*LSL-Flpo,cell morphology,fMOST,MOp,cells,1,Huazhong University of Science and Technology,Qingming Luo,1U19MH114821-01,huang_fmost,BIL,/bil/proj/u19huang/mouseID_19032508-191171,,,14w,male,pass,,,NA,NA,NA
191171_10,191171,mouse,NCBI:txid10090,Fezf2-2A-CreER*LSL-Flpo,cell morphology,fMOST,MOp,cells,1,Huazhong University of Science and Technology,Qingming Luo,1U19MH114821-01,huang_fmost,BIL,/bil/proj/u19huang/mouseID_19032508-191171,,,14w,male,pass,,,NA,NA,NA
191171_11,191171,mouse,NCBI:txid10090,Fezf2-2A-CreER*LSL-Flpo,cell morphology,fMOST,MOp,cells,1,Huazhong University of Science and Technology,Qingming Luo,1U19MH114821-01,huang_fmost,BIL,/bil/proj/u19huang/mouseID_19032508-191171,,,14w,male,pass,,,NA,NA,NA
191171_12,191171,mouse,NCBI:txid10090,Fezf2-2A-CreER*LSL-Flpo,cell morphology,fMOST,MOp,cells,1,Huazhong University of Science and Technology,Qingming Luo,1U19MH114821-01,huang_fmost,BIL,/bil/proj/u19huang/mouseID_19032508-191171,,,14w,male,pass,,,NA,NA,NA
191171_13,191171,mouse,NCBI:txid10090,Fezf2-2A-CreER*LSL-Flpo,cell morphology,fMOST,MOp,cells,1,Huazhong University of Science and Technology,Qingming Luo,1U19MH114821-01,huang_fmost,BIL,/bil/proj/u19huang/mouseID_19032508-191171,,,14w,male,pass,,,NA,NA,NA
191171_14,191171,mouse,NCBI:txid10090,Fezf2-2A-CreER*LSL-Flpo,cell morphology,fMOST,MOp,cells,1,Huazhong University of Science and Technology,Qingming Luo,1U19MH114821-01,huang_fmost,BIL,/bil/proj/u19huang/mouseID_19032508-191171,,,14w,male,pass,,,NA,NA,NA
191171_15,191171,mouse,NCBI:txid10090,Fezf2-2A-CreER*LSL-Flpo,cell morphology,fMOST,MOp,cells,1,Huazhong University of Science and Technology,Qingming Luo,1U19MH114821-01,huang_fmost,BIL,/bil/proj/u19huang/mouseID_19032508-191171,,,14w,male,pass,,,NA,NA,NA
191171_16,191171,mouse,NCBI:txid10090,Fezf2-2A-CreER*LSL-Flpo,cell morphology,fMOST,MOp,cells,1,Huazhong University of Science and Technology,Qingming Luo,1U19MH114821-01,huang_fmost,BIL,/bil/proj/u19huang/mouseID_19032508-191171,,,14w,male,pass,,,NA,NA,NA
191171_17,191171,mouse,NCBI:txid10090,Fezf2-2A-CreER*LSL-Flpo,cell morphology,fMOST,MOp,cells,1,Huazhong University of Science and Technology,Qingming Luo,1U19MH114821-01,huang_fmost,BIL,/bil/proj/u19huang/mouseID_19032508-191171,,,14w,male,pass,,,NA,NA,NA
191171_18,191171,mouse,NCBI:txid10090,Fezf2-2A-CreER*LSL-Flpo,cell morphology,fMOST,MOp,cells,1,Huazhong University of Science and Technology,Qingming Luo,1U19MH114821-01,huang_fmost,BIL,/bil/proj/u19huang/mouseID_19032508-191171,,,14w,male,pass,,,NA,NA,NA
191171_19,191171,mouse,NCBI:txid10090,Fezf2-2A-CreER*LSL-Flpo,cell morphology,fMOST,MOp,cells,1,Huazhong University of Science and Technology,Qingming Luo,1U19MH114821-01,huang_fmost,BIL,/bil/proj/u19huang/mouseID_19032508-191171,,,14w,male,pass,,,NA,NA,NA
191171_20,191171,mouse,NCBI:txid10090,Fezf2-2A-CreER*LSL-Flpo,cell morphology,fMOST,MOp,cells,1,Huazhong University of Science and Technology,Qingming Luo,1U19MH114821-01,huang_fmost,BIL,/bil/proj/u19huang/mouseID_19032508-191171,,,14w,male,pass,,,NA,NA,NA
194092_01,194092,mouse,NCBI:txid10090,Fezf2-CreER,cell morphology,fMOST,SSp,cells,1,Huazhong University of Science and Technology,Qingming Luo,1U19MH114821-01,huang_fmost,BIL,/bil/proj/u19huang/mouseID_w19091707-194092,,,13w,male,pass,,,NA,NA,NA
194092_02,194092,mouse,NCBI:txid10090,Fezf2-CreER,cell morphology,fMOST,SSp,cells,1,Huazhong University of Science and Technology,Qingming Luo,1U19MH114821-01,huang_fmost,BIL,/bil/proj/u19huang/mouseID_w19091707-194092,,,13w,male,pass,,,NA,NA,NA
194092_03,194092,mouse,NCBI:txid10090,Fezf2-CreER,cell morphology,fMOST,SSp,cells,1,Huazhong University of Science and Technology,Qingming Luo,1U19MH114821-01,huang_fmost,BIL,/bil/proj/u19huang/mouseID_w19091707-194092,,,13w,male,pass,,,NA,NA,NA
194092_04,194092,mouse,NCBI:txid10090,Fezf2-CreER,cell morphology,fMOST,SSp,cells,1,Huazhong University of Science and Technology,Qingming Luo,1U19MH114821-01,huang_fmost,BIL,/bil/proj/u19huang/mouseID_w19091707-194092,,,13w,male,pass,,,NA,NA,NA
194092_05,194092,mouse,NCBI:txid10090,Fezf2-CreER,cell morphology,fMOST,SSp,cells,1,Huazhong University of Science and Technology,Qingming Luo,1U19MH114821-01,huang_fmost,BIL,/bil/proj/u19huang/mouseID_w19091707-194092,,,13w,male,pass,,,NA,NA,NA
194092_06,194092,mouse,NCBI:txid10090,Fezf2-CreER,cell morphology,fMOST,SSp,cells,1,Huazhong University of Science and Technology,Qingming Luo,1U19MH114821-01,huang_fmost,BIL,/bil/proj/u19huang/mouseID_w19091707-194092,,,13w,male,pass,,,NA,NA,NA
194092_07,194092,mouse,NCBI:txid10090,Fezf2-CreER,cell morphology,fMOST,SSp,cells,1,Huazhong University of Science and Technology,Qingming Luo,1U19MH114821-01,huang_fmost,BIL,/bil/proj/u19huang/mouseID_w19091707-194092,,,13w,male,pass,,,NA,NA,NA
194092_08,194092,mouse,NCBI:txid10090,Fezf2-CreER,cell morphology,fMOST,SSp,cells,1,Huazhong University of Science and Technology,Qingming Luo,1U19MH114821-01,huang_fmost,BIL,/bil/proj/u19huang/mouseID_w19091707-194092,,,13w,male,pass,,,NA,NA,NA
194092_09,194092,mouse,NCBI:txid10090,Fezf2-CreER,cell morphology,fMOST,SSp,cells,1,Huazhong University of Science and Technology,Qingming Luo,1U19MH114821-01,huang_fmost,BIL,/bil/proj/u19huang/mouseID_w19091707-194092,,,13w,male,pass,,,NA,NA,NA
194092_10,194092,mouse,NCBI:txid10090,Fezf2-CreER,cell morphology,fMOST,SSp,cells,1,Huazhong University of Science and Technology,Qingming Luo,1U19MH114821-01,huang_fmost,BIL,/bil/proj/u19huang/mouseID_w19091707-194092,,,13w,male,pass,,,NA,NA,NA
194092_11,194092,mouse,NCBI:txid10090,Fezf2-CreER,cell morphology,fMOST,SSp,cells,1,Huazhong University of Science and Technology,Qingming Luo,1U19MH114821-01,huang_fmost,BIL,/bil/proj/u19huang/mouseID_w19091707-194092,,,13w,male,pass,,,NA,NA,NA
194092_12,194092,mouse,NCBI:txid10090,Fezf2-CreER,cell morphology,fMOST,SSp,cells,1,Huazhong University of Science and Technology,Qingming Luo,1U19MH114821-01,huang_fmost,BIL,/bil/proj/u19huang/mouseID_w19091707-194092,,,13w,male,pass,,,NA,NA,NA
194092_13,194092,mouse,NCBI:txid10090,Fezf2-CreER,cell morphology,fMOST,SSp,cells,1,Huazhong University of Science and Technology,Qingming Luo,1U19MH114821-01,huang_fmost,BIL,/bil/proj/u19huang/mouseID_w19091707-194092,,,13w,male,pass,,,NA,NA,NA
194092_14,194092,mouse,NCBI:txid10090,Fezf2-CreER,cell morphology,fMOST,SSp,cells,1,Huazhong University of Science and Technology,Qingming Luo,1U19MH114821-01,huang_fmost,BIL,/bil/proj/u19huang/mouseID_w19091707-194092,,,13w,male,pass,,,NA,NA,NA
194092_15,194092,mouse,NCBI:txid10090,Fezf2-CreER,cell morphology,fMOST,SSp,cells,1,Huazhong University of Science and Technology,Qingming Luo,1U19MH114821-01,huang_fmost,BIL,/bil/proj/u19huang/mouseID_w19091707-194092,,,13w,male,pass,,,NA,NA,NA
194092_16,194092,mouse,NCBI:txid10090,Fezf2-CreER,cell morphology,fMOST,SSp,cells,1,Huazhong University of Science and Technology,Qingming Luo,1U19MH114821-01,huang_fmost,BIL,/bil/proj/u19huang/mouseID_w19091707-194092,,,13w,male,pass,,,NA,NA,NA
194092_17,194092,mouse,NCBI:txid10090,Fezf2-CreER,cell morphology,fMOST,SSp,cells,1,Huazhong University of Science and Technology,Qingming Luo,1U19MH114821-01,huang_fmost,BIL,/bil/proj/u19huang/mouseID_w19091707-194092,,,13w,male,pass,,,NA,NA,NA
194092_18,194092,mouse,NCBI:txid10090,Fezf2-CreER,cell morphology,fMOST,SSp,cells,1,Huazhong University of Science and Technology,Qingming Luo,1U19MH114821-01,huang_fmost,BIL,/bil/proj/u19huang/mouseID_w19091707-194092,,,13w,male,pass,,,NA,NA,NA
194093_01,194093,mouse,NCBI:txid10090,Fezf2-CreER,cell morphology,fMOST,SSp,cells,1,Huazhong University of Science and Technology,Qingming Luo,1U19MH114821-01,huang_fmost,BIL,/bil/proj/u19huang/mouseID_w19091708-194093,,,13w,male,pass,,,NA,NA,NA
194093_02,194093,mouse,NCBI:txid10090,Fezf2-CreER,cell morphology,fMOST,SSp,cells,1,Huazhong University of Science and Technology,Qingming Luo,1U19MH114821-01,huang_fmost,BIL,/bil/proj/u19huang/mouseID_w19091708-194093,,,13w,male,pass,,,NA,NA,NA
194093_03,194093,mouse,NCBI:txid10090,Fezf2-CreER,cell morphology,fMOST,SSp,cells,1,Huazhong University of Science and Technology,Qingming Luo,1U19MH114821-01,huang_fmost,BIL,/bil/proj/u19huang/mouseID_w19091708-194093,,,13w,male,pass,,,NA,NA,NA
194093_04,194093,mouse,NCBI:txid10090,Fezf2-CreER,cell morphology,fMOST,SSp,cells,1,Huazhong University of Science and Technology,Qingming Luo,1U19MH114821-01,huang_fmost,BIL,/bil/proj/u19huang/mouseID_w19091708-194093,,,13w,male,pass,,,NA,NA,NA
194093_05,194093,mouse,NCBI:txid10090,Fezf2-CreER,cell morphology,fMOST,SSp,cells,1,Huazhong University of Science and Technology,Qingming Luo,1U19MH114821-01,huang_fmost,BIL,/bil/proj/u19huang/mouseID_w19091708-194093,,,13w,male,pass,,,NA,NA,NA
194093_06,194093,mouse,NCBI:txid10090,Fezf2-CreER,cell morphology,fMOST,SSp,cells,1,Huazhong University of Science and Technology,Qingming Luo,1U19MH114821-01,huang_fmost,BIL,/bil/proj/u19huang/mouseID_w19091708-194093,,,13w,male,pass,,,NA,NA,NA
194093_07,194093,mouse,NCBI:txid10090,Fezf2-CreER,cell morphology,fMOST,SSp,cells,1,Huazhong University of Science and Technology,Qingming Luo,1U19MH114821-01,huang_fmost,BIL,/bil/proj/u19huang/mouseID_w19091708-194093,,,13w,male,pass,,,NA,NA,NA
194093_08,194093,mouse,NCBI:txid10090,Fezf2-CreER,cell morphology,fMOST,SSp,cells,1,Huazhong University of Science and Technology,Qingming Luo,1U19MH114821-01,huang_fmost,BIL,/bil/proj/u19huang/mouseID_w19091708-194093,,,13w,male,pass,,,NA,NA,NA
194093_09,194093,mouse,NCBI:txid10090,Fezf2-CreER,cell morphology,fMOST,SSp,cells,1,Huazhong University of Science and Technology,Qingming Luo,1U19MH114821-01,huang_fmost,BIL,/bil/proj/u19huang/mouseID_w19091708-194093,,,13w,male,pass,,,NA,NA,NA
194093_10,194093,mouse,NCBI:txid10090,Fezf2-CreER,cell morphology,fMOST,SSp,cells,1,Huazhong University of Science and Technology,Qingming Luo,1U19MH114821-01,huang_fmost,BIL,/bil/proj/u19huang/mouseID_w19091708-194093,,,13w,male,pass,,,NA,NA,NA
194093_11,194093,mouse,NCBI:txid10090,Fezf2-CreER,cell morphology,fMOST,SSp,cells,1,Huazhong University of Science and Technology,Qingming Luo,1U19MH114821-01,huang_fmost,BIL,/bil/proj/u19huang/mouseID_w19091708-194093,,,13w,male,pass,,,NA,NA,NA
194093_12,194093,mouse,NCBI:txid10090,Fezf2-CreER,cell morphology,fMOST,SSp,cells,1,Huazhong University of Science and Technology,Qingming Luo,1U19MH114821-01,huang_fmost,BIL,/bil/proj/u19huang/mouseID_w19091708-194093,,,13w,male,pass,,,NA,NA,NA
194093_13,194093,mouse,NCBI:txid10090,Fezf2-CreER,cell morphology,fMOST,SSp,cells,1,Huazhong University of Science and Technology,Qingming Luo,1U19MH114821-01,huang_fmost,BIL,/bil/proj/u19huang/mouseID_w19091708-194093,,,13w,male,pass,,,NA,NA,NA
194093_14,194093,mouse,NCBI:txid10090,Fezf2-CreER,cell morphology,fMOST,SSp,cells,1,Huazhong University of Science and Technology,Qingming Luo,1U19MH114821-01,huang_fmost,BIL,/bil/proj/u19huang/mouseID_w19091708-194093,,,13w,male,pass,,,NA,NA,NA
194093_15,194093,mouse,NCBI:txid10090,Fezf2-CreER,cell morphology,fMOST,SSp,cells,1,Huazhong University of Science and Technology,Qingming Luo,1U19MH114821-01,huang_fmost,BIL,/bil/proj/u19huang/mouseID_w19091708-194093,,,13w,male,pass,,,NA,NA,NA
194093_16,194093,mouse,NCBI:txid10090,Fezf2-CreER,cell morphology,fMOST,SSp,cells,1,Huazhong University of Science and Technology,Qingming Luo,1U19MH114821-01,huang_fmost,BIL,/bil/proj/u19huang/mouseID_w19091708-194093,,,13w,male,pass,,,NA,NA,NA
194093_17,194093,mouse,NCBI:txid10090,Fezf2-CreER,cell morphology,fMOST,SSp,cells,1,Huazhong University of Science and Technology,Qingming Luo,1U19MH114821-01,huang_fmost,BIL,/bil/proj/u19huang/mouseID_w19091708-194093,,,13w,male,pass,,,NA,NA,NA
194093_18,194093,mouse,NCBI:txid10090,Fezf2-CreER,cell morphology,fMOST,SSp,cells,1,Huazhong University of Science and Technology,Qingming Luo,1U19MH114821-01,huang_fmost,BIL,/bil/proj/u19huang/mouseID_w19091708-194093,,,13w,male,pass,,,NA,NA,NA
194093_19,194093,mouse,NCBI:txid10090,Fezf2-CreER,cell morphology,fMOST,SSp,cells,1,Huazhong University of Science and Technology,Qingming Luo,1U19MH114821-01,huang_fmost,BIL,/bil/proj/u19huang/mouseID_w19091708-194093,,,13w,male,pass,,,NA,NA,NA
182280_01,182280,mouse,NCBI:txid10090,#N/A,cell morphology,fMOST,#N/A,cells,1,Huazhong University of Science and Technology,Qingming Luo,1U19MH114821-01,huang_fmost,BIL,#N/A,#N/A,#N/A,#N/A,#N/A,,,,NA,NA,NA
182280_02,182280,mouse,NCBI:txid10090,#N/A,cell morphology,fMOST,#N/A,cells,1,Huazhong University of Science and Technology,Qingming Luo,1U19MH114821-01,huang_fmost,BIL,#N/A,#N/A,#N/A,#N/A,#N/A,,,,NA,NA,NA
182280_03,182280,mouse,NCBI:txid10090,#N/A,cell morphology,fMOST,#N/A,cells,1,Huazhong University of Science and Technology,Qingming Luo,1U19MH114821-01,huang_fmost,BIL,#N/A,#N/A,#N/A,#N/A,#N/A,,,,NA,NA,NA
195401_01,195401,mouse,NCBI:txid10090,#N/A,cell morphology,fMOST,#N/A,cells,1,Huazhong University of Science and Technology,Qingming Luo,1U19MH114821-01,huang_fmost,BIL,#N/A,#N/A,#N/A,#N/A,#N/A,,,,NA,NA,NA
195401_02,195401,mouse,NCBI:txid10090,#N/A,cell morphology,fMOST,#N/A,cells,1,Huazhong University of Science and Technology,Qingming Luo,1U19MH114821-01,huang_fmost,BIL,#N/A,#N/A,#N/A,#N/A,#N/A,,,,NA,NA,NA
195401_03,195401,mouse,NCBI:txid10090,#N/A,cell morphology,fMOST,#N/A,cells,1,Huazhong University of Science and Technology,Qingming Luo,1U19MH114821-01,huang_fmost,BIL,#N/A,#N/A,#N/A,#N/A,#N/A,,,,NA,NA,NA
195401_04,195401,mouse,NCBI:txid10090,#N/A,cell morphology,fMOST,#N/A,cells,1,Huazhong University of Science and Technology,Qingming Luo,1U19MH114821-01,huang_fmost,BIL,#N/A,#N/A,#N/A,#N/A,#N/A,,,,NA,NA,NA
195401_05,195401,mouse,NCBI:txid10090,#N/A,cell morphology,fMOST,#N/A,cells,1,Huazhong University of Science and Technology,Qingming Luo,1U19MH114821-01,huang_fmost,BIL,#N/A,#N/A,#N/A,#N/A,#N/A,,,,NA,NA,NA
195401_06,195401,mouse,NCBI:txid10090,#N/A,cell morphology,fMOST,#N/A,cells,1,Huazhong University of Science and Technology,Qingming Luo,1U19MH114821-01,huang_fmost,BIL,#N/A,#N/A,#N/A,#N/A,#N/A,,,,NA,NA,NA
195401_07,195401,mouse,NCBI:txid10090,#N/A,cell morphology,fMOST,#N/A,cells,1,Huazhong University of Science and Technology,Qingming Luo,1U19MH114821-01,huang_fmost,BIL,#N/A,#N/A,#N/A,#N/A,#N/A,,,,NA,NA,NA
195401_08,195401,mouse,NCBI:txid10090,#N/A,cell morphology,fMOST,#N/A,cells,1,Huazhong University of Science and Technology,Qingming Luo,1U19MH114821-01,huang_fmost,BIL,#N/A,#N/A,#N/A,#N/A,#N/A,,,,NA,NA,NA
195401_09,195401,mouse,NCBI:txid10090,#N/A,cell morphology,fMOST,#N/A,cells,1,Huazhong University of Science and Technology,Qingming Luo,1U19MH114821-01,huang_fmost,BIL,#N/A,#N/A,#N/A,#N/A,#N/A,,,,NA,NA,NA
195401_10,195401,mouse,NCBI:txid10090,#N/A,cell morphology,fMOST,#N/A,cells,1,Huazhong University of Science and Technology,Qingming Luo,1U19MH114821-01,huang_fmost,BIL,#N/A,#N/A,#N/A,#N/A,#N/A,,,,NA,NA,NA
195401_11,195401,mouse,NCBI:txid10090,#N/A,cell morphology,fMOST,#N/A,cells,1,Huazhong University of Science and Technology,Qingming Luo,1U19MH114821-01,huang_fmost,BIL,#N/A,#N/A,#N/A,#N/A,#N/A,,,,NA,NA,NA
195401_12,195401,mouse,NCBI:txid10090,#N/A,cell morphology,fMOST,#N/A,cells,1,Huazhong University of Science and Technology,Qingming Luo,1U19MH114821-01,huang_fmost,BIL,#N/A,#N/A,#N/A,#N/A,#N/A,,,,NA,NA,NA
195401_13,195401,mouse,NCBI:txid10090,#N/A,cell morphology,fMOST,#N/A,cells,1,Huazhong University of Science and Technology,Qingming Luo,1U19MH114821-01,huang_fmost,BIL,#N/A,#N/A,#N/A,#N/A,#N/A,,,,NA,NA,NA
195401_14,195401,mouse,NCBI:txid10090,#N/A,cell morphology,fMOST,#N/A,cells,1,Huazhong University of Science and Technology,Qingming Luo,1U19MH114821-01,huang_fmost,BIL,#N/A,#N/A,#N/A,#N/A,#N/A,,,,NA,NA,NA
195401_15,195401,mouse,NCBI:txid10090,#N/A,cell morphology,fMOST,#N/A,cells,1,Huazhong University of Science and Technology,Qingming Luo,1U19MH114821-01,huang_fmost,BIL,#N/A,#N/A,#N/A,#N/A,#N/A,,,,NA,NA,NA
195401_16,195401,mouse,NCBI:txid10090,#N/A,cell morphology,fMOST,#N/A,cells,1,Huazhong University of Science and Technology,Qingming Luo,1U19MH114821-01,huang_fmost,BIL,#N/A,#N/A,#N/A,#N/A,#N/A,,,,NA,NA,NA
195401_17,195401,mouse,NCBI:txid10090,#N/A,cell morphology,fMOST,#N/A,cells,1,Huazhong University of Science and Technology,Qingming Luo,1U19MH114821-01,huang_fmost,BIL,#N/A,#N/A,#N/A,#N/A,#N/A,,,,NA,NA,NA
195401_18,195401,mouse,NCBI:txid10090,#N/A,cell morphology,fMOST,#N/A,cells,1,Huazhong University of Science and Technology,Qingming Luo,1U19MH114821-01,huang_fmost,BIL,#N/A,#N/A,#N/A,#N/A,#N/A,,,,NA,NA,NA
195401_19,195401,mouse,NCBI:txid10090,#N/A,cell morphology,fMOST,#N/A,cells,1,Huazhong University of Science and Technology,Qingming Luo,1U19MH114821-01,huang_fmost,BIL,#N/A,#N/A,#N/A,#N/A,#N/A,,,,NA,NA,NA
195401_20,195401,mouse,NCBI:txid10090,#N/A,cell morphology,fMOST,#N/A,cells,1,Huazhong University of Science and Technology,Qingming Luo,1U19MH114821-01,huang_fmost,BIL,#N/A,#N/A,#N/A,#N/A,#N/A,,,,NA,NA,NA
195401_21,195401,mouse,NCBI:txid10090,#N/A,cell morphology,fMOST,#N/A,cells,1,Huazhong University of Science and Technology,Qingming Luo,1U19MH114821-01,huang_fmost,BIL,#N/A,#N/A,#N/A,#N/A,#N/A,,,,NA,NA,NA
195401_22,195401,mouse,NCBI:txid10090,#N/A,cell morphology,fMOST,#N/A,cells,1,Huazhong University of Science and Technology,Qingming Luo,1U19MH114821-01,huang_fmost,BIL,#N/A,#N/A,#N/A,#N/A,#N/A,,,,NA,NA,NA
195401_23,195401,mouse,NCBI:txid10090,#N/A,cell morphology,fMOST,#N/A,cells,1,Huazhong University of Science and Technology,Qingming Luo,1U19MH114821-01,huang_fmost,BIL,#N/A,#N/A,#N/A,#N/A,#N/A,,,,NA,NA,NA
195401_24,195401,mouse,NCBI:txid10090,#N/A,cell morphology,fMOST,#N/A,cells,1,Huazhong University of Science and Technology,Qingming Luo,1U19MH114821-01,huang_fmost,BIL,#N/A,#N/A,#N/A,#N/A,#N/A,,,,NA,NA,NA
195401_25,195401,mouse,NCBI:txid10090,#N/A,cell morphology,fMOST,#N/A,cells,1,Huazhong University of Science and Technology,Qingming Luo,1U19MH114821-01,huang_fmost,BIL,#N/A,#N/A,#N/A,#N/A,#N/A,,,,NA,NA,NA
195401_26,195401,mouse,NCBI:txid10090,#N/A,cell morphology,fMOST,#N/A,cells,1,Huazhong University of Science and Technology,Qingming Luo,1U19MH114821-01,huang_fmost,BIL,#N/A,#N/A,#N/A,#N/A,#N/A,,,,NA,NA,NA
195401_27,195401,mouse,NCBI:txid10090,#N/A,cell morphology,fMOST,#N/A,cells,1,Huazhong University of Science and Technology,Qingming Luo,1U19MH114821-01,huang_fmost,BIL,#N/A,#N/A,#N/A,#N/A,#N/A,,,,NA,NA,NA
195401_28,195401,mouse,NCBI:txid10090,#N/A,cell morphology,fMOST,#N/A,cells,1,Huazhong University of Science and Technology,Qingming Luo,1U19MH114821-01,huang_fmost,BIL,#N/A,#N/A,#N/A,#N/A,#N/A,,,,NA,NA,NA
195401_29,195401,mouse,NCBI:txid10090,#N/A,cell morphology,fMOST,#N/A,cells,1,Huazhong University of Science and Technology,Qingming Luo,1U19MH114821-01,huang_fmost,BIL,#N/A,#N/A,#N/A,#N/A,#N/A,,,,NA,NA,NA
195401_30,195401,mouse,NCBI:txid10090,#N/A,cell morphology,fMOST,#N/A,cells,1,Huazhong University of Science and Technology,Qingming Luo,1U19MH114821-01,huang_fmost,BIL,#N/A,#N/A,#N/A,#N/A,#N/A,,,,NA,NA,NA
195401_31,195401,mouse,NCBI:txid10090,#N/A,cell morphology,fMOST,#N/A,cells,1,Huazhong University of Science and Technology,Qingming Luo,1U19MH114821-01,huang_fmost,BIL,#N/A,#N/A,#N/A,#N/A,#N/A,,,,NA,NA,NA
195401_32,195401,mouse,NCBI:txid10090,#N/A,cell morphology,fMOST,#N/A,cells,1,Huazhong University of Science and Technology,Qingming Luo,1U19MH114821-01,huang_fmost,BIL,#N/A,#N/A,#N/A,#N/A,#N/A,,,,NA,NA,NA
195401_33,195401,mouse,NCBI:txid10090,#N/A,cell morphology,fMOST,#N/A,cells,1,Huazhong University of Science and Technology,Qingming Luo,1U19MH114821-01,huang_fmost,BIL,#N/A,#N/A,#N/A,#N/A,#N/A,,,,NA,NA,NA
195401_34,195401,mouse,NCBI:txid10090,#N/A,cell morphology,fMOST,#N/A,cells,1,Huazhong University of Science and Technology,Qingming Luo,1U19MH114821-01,huang_fmost,BIL,#N/A,#N/A,#N/A,#N/A,#N/A,,,,NA,NA,NA
195401_35,195401,mouse,NCBI:txid10090,#N/A,cell morphology,fMOST,#N/A,cells,1,Huazhong University of Science and Technology,Qingming Luo,1U19MH114821-01,huang_fmost,BIL,#N/A,#N/A,#N/A,#N/A,#N/A,,,,NA,NA,NA
195401_36,195401,mouse,NCBI:txid10090,#N/A,cell morphology,fMOST,#N/A,cells,1,Huazhong University of Science and Technology,Qingming Luo,1U19MH114821-01,huang_fmost,BIL,#N/A,#N/A,#N/A,#N/A,#N/A,,,,NA,NA,NA
195401_37,195401,mouse,NCBI:txid10090,#N/A,cell morphology,fMOST,#N/A,cells,1,Huazhong University of Science and Technology,Qingming Luo,1U19MH114821-01,huang_fmost,BIL,#N/A,#N/A,#N/A,#N/A,#N/A,,,,NA,NA,NA
195401_38,195401,mouse,NCBI:txid10090,#N/A,cell morphology,fMOST,#N/A,cells,1,Huazhong University of Science and Technology,Qingming Luo,1U19MH114821-01,huang_fmost,BIL,#N/A,#N/A,#N/A,#N/A,#N/A,,,,NA,NA,NA
195401_39,195401,mouse,NCBI:txid10090,#N/A,cell morphology,fMOST,#N/A,cells,1,Huazhong University of Science and Technology,Qingming Luo,1U19MH114821-01,huang_fmost,BIL,#N/A,#N/A,#N/A,#N/A,#N/A,,,,NA,NA,NA
195401_40,195401,mouse,NCBI:txid10090,#N/A,cell morphology,fMOST,#N/A,cells,1,Huazhong University of Science and Technology,Qingming Luo,1U19MH114821-01,huang_fmost,BIL,#N/A,#N/A,#N/A,#N/A,#N/A,,,,NA,NA,NA
195401_41,195401,mouse,NCBI:txid10090,#N/A,cell morphology,fMOST,#N/A,cells,1,Huazhong University of Science and Technology,Qingming Luo,1U19MH114821-01,huang_fmost,BIL,#N/A,#N/A,#N/A,#N/A,#N/A,,,,NA,NA,NA
195401_42,195401,mouse,NCBI:txid10090,#N/A,cell morphology,fMOST,#N/A,cells,1,Huazhong University of Science and Technology,Qingming Luo,1U19MH114821-01,huang_fmost,BIL,#N/A,#N/A,#N/A,#N/A,#N/A,,,,NA,NA,NA
195401_43,195401,mouse,NCBI:txid10090,#N/A,cell morphology,fMOST,#N/A,cells,1,Huazhong University of Science and Technology,Qingming Luo,1U19MH114821-01,huang_fmost,BIL,#N/A,#N/A,#N/A,#N/A,#N/A,,,,NA,NA,NA
195401_44,195401,mouse,NCBI:txid10090,#N/A,cell morphology,fMOST,#N/A,cells,1,Huazhong University of Science and Technology,Qingming Luo,1U19MH114821-01,huang_fmost,BIL,#N/A,#N/A,#N/A,#N/A,#N/A,,,,NA,NA,NA
195401_45,195401,mouse,NCBI:txid10090,#N/A,cell morphology,fMOST,#N/A,cells,1,Huazhong University of Science and Technology,Qingming Luo,1U19MH114821-01,huang_fmost,BIL,#N/A,#N/A,#N/A,#N/A,#N/A,,,,NA,NA,NA
195401_46,195401,mouse,NCBI:txid10090,#N/A,cell morphology,fMOST,#N/A,cells,1,Huazhong University of Science and Technology,Qingming Luo,1U19MH114821-01,huang_fmost,BIL,#N/A,#N/A,#N/A,#N/A,#N/A,,,,NA,NA,NA
195401_47,195401,mouse,NCBI:txid10090,#N/A,cell morphology,fMOST,#N/A,cells,1,Huazhong University of Science and Technology,Qingming Luo,1U19MH114821-01,huang_fmost,BIL,#N/A,#N/A,#N/A,#N/A,#N/A,,,,NA,NA,NA
195401_48,195401,mouse,NCBI:txid10090,#N/A,cell morphology,fMOST,#N/A,cells,1,Huazhong University of Science and Technology,Qingming Luo,1U19MH114821-01,huang_fmost,BIL,#N/A,#N/A,#N/A,#N/A,#N/A,,,,NA,NA,NA
195401_49,195401,mouse,NCBI:txid10090,#N/A,cell morphology,fMOST,#N/A,cells,1,Huazhong University of Science and Technology,Qingming Luo,1U19MH114821-01,huang_fmost,BIL,#N/A,#N/A,#N/A,#N/A,#N/A,,,,NA,NA,NA
195409_01,195409,mouse,NCBI:txid10090,#N/A,cell morphology,fMOST,#N/A,cells,1,Huazhong University of Science and Technology,Qingming Luo,1U19MH114821-01,huang_fmost,BIL,#N/A,#N/A,#N/A,#N/A,#N/A,,,,NA,NA,NA
195409_02,195409,mouse,NCBI:txid10090,#N/A,cell morphology,fMOST,#N/A,cells,1,Huazhong University of Science and Technology,Qingming Luo,1U19MH114821-01,huang_fmost,BIL,#N/A,#N/A,#N/A,#N/A,#N/A,,,,NA,NA,NA
195409_03,195409,mouse,NCBI:txid10090,#N/A,cell morphology,fMOST,#N/A,cells,1,Huazhong University of Science and Technology,Qingming Luo,1U19MH114821-01,huang_fmost,BIL,#N/A,#N/A,#N/A,#N/A,#N/A,,,,NA,NA,NA
195409_04,195409,mouse,NCBI:txid10090,#N/A,cell morphology,fMOST,#N/A,cells,1,Huazhong University of Science and Technology,Qingming Luo,1U19MH114821-01,huang_fmost,BIL,#N/A,#N/A,#N/A,#N/A,#N/A,,,,NA,NA,NA
195409_05,195409,mouse,NCBI:txid10090,#N/A,cell morphology,fMOST,#N/A,cells,1,Huazhong University of Science and Technology,Qingming Luo,1U19MH114821-01,huang_fmost,BIL,#N/A,#N/A,#N/A,#N/A,#N/A,,,,NA,NA,NA
195409_06,195409,mouse,NCBI:txid10090,#N/A,cell morphology,fMOST,#N/A,cells,1,Huazhong University of Science and Technology,Qingming Luo,1U19MH114821-01,huang_fmost,BIL,#N/A,#N/A,#N/A,#N/A,#N/A,,,,NA,NA,NA
195409_07,195409,mouse,NCBI:txid10090,#N/A,cell morphology,fMOST,#N/A,cells,1,Huazhong University of Science and Technology,Qingming Luo,1U19MH114821-01,huang_fmost,BIL,#N/A,#N/A,#N/A,#N/A,#N/A,,,,NA,NA,NA
195409_08,195409,mouse,NCBI:txid10090,#N/A,cell morphology,fMOST,#N/A,cells,1,Huazhong University of Science and Technology,Qingming Luo,1U19MH114821-01,huang_fmost,BIL,#N/A,#N/A,#N/A,#N/A,#N/A,,,,NA,NA,NA
195409_09,195409,mouse,NCBI:txid10090,#N/A,cell morphology,fMOST,#N/A,cells,1,Huazhong University of Science and Technology,Qingming Luo,1U19MH114821-01,huang_fmost,BIL,#N/A,#N/A,#N/A,#N/A,#N/A,,,,NA,NA,NA
195409_10,195409,mouse,NCBI:txid10090,#N/A,cell morphology,fMOST,#N/A,cells,1,Huazhong University of Science and Technology,Qingming Luo,1U19MH114821-01,huang_fmost,BIL,#N/A,#N/A,#N/A,#N/A,#N/A,,,,NA,NA,NA
195409_11,195409,mouse,NCBI:txid10090,#N/A,cell morphology,fMOST,#N/A,cells,1,Huazhong University of Science and Technology,Qingming Luo,1U19MH114821-01,huang_fmost,BIL,#N/A,#N/A,#N/A,#N/A,#N/A,,,,NA,NA,NA
195409_12,195409,mouse,NCBI:txid10090,#N/A,cell morphology,fMOST,#N/A,cells,1,Huazhong University of Science and Technology,Qingming Luo,1U19MH114821-01,huang_fmost,BIL,#N/A,#N/A,#N/A,#N/A,#N/A,,,,NA,NA,NA
195409_13,195409,mouse,NCBI:txid10090,#N/A,cell morphology,fMOST,#N/A,cells,1,Huazhong University of Science and Technology,Qingming Luo,1U19MH114821-01,huang_fmost,BIL,#N/A,#N/A,#N/A,#N/A,#N/A,,,,NA,NA,NA
195409_14,195409,mouse,NCBI:txid10090,#N/A,cell morphology,fMOST,#N/A,cells,1,Huazhong University of Science and Technology,Qingming Luo,1U19MH114821-01,huang_fmost,BIL,#N/A,#N/A,#N/A,#N/A,#N/A,,,,NA,NA,NA
195409_15,195409,mouse,NCBI:txid10090,#N/A,cell morphology,fMOST,#N/A,cells,1,Huazhong University of Science and Technology,Qingming Luo,1U19MH114821-01,huang_fmost,BIL,#N/A,#N/A,#N/A,#N/A,#N/A,,,,NA,NA,NA
195409_16,195409,mouse,NCBI:txid10090,#N/A,cell morphology,fMOST,#N/A,cells,1,Huazhong University of Science and Technology,Qingming Luo,1U19MH114821-01,huang_fmost,BIL,#N/A,#N/A,#N/A,#N/A,#N/A,,,,NA,NA,NA
195409_17,195409,mouse,NCBI:txid10090,#N/A,cell morphology,fMOST,#N/A,cells,1,Huazhong University of Science and Technology,Qingming Luo,1U19MH114821-01,huang_fmost,BIL,#N/A,#N/A,#N/A,#N/A,#N/A,,,,NA,NA,NA
195409_18,195409,mouse,NCBI:txid10090,#N/A,cell morphology,fMOST,#N/A,cells,1,Huazhong University of Science and Technology,Qingming Luo,1U19MH114821-01,huang_fmost,BIL,#N/A,#N/A,#N/A,#N/A,#N/A,,,,NA,NA,NA
195409_19,195409,mouse,NCBI:txid10090,#N/A,cell morphology,fMOST,#N/A,cells,1,Huazhong University of Science and Technology,Qingming Luo,1U19MH114821-01,huang_fmost,BIL,#N/A,#N/A,#N/A,#N/A,#N/A,,,,NA,NA,NA
195409_20,195409,mouse,NCBI:txid10090,#N/A,cell morphology,fMOST,#N/A,cells,1,Huazhong University of Science and Technology,Qingming Luo,1U19MH114821-01,huang_fmost,BIL,#N/A,#N/A,#N/A,#N/A,#N/A,,,,NA,NA,NA
195409_21,195409,mouse,NCBI:txid10090,#N/A,cell morphology,fMOST,#N/A,cells,1,Huazhong University of Science and Technology,Qingming Luo,1U19MH114821-01,huang_fmost,BIL,#N/A,#N/A,#N/A,#N/A,#N/A,,,,NA,NA,NA
195409_22,195409,mouse,NCBI:txid10090,#N/A,cell morphology,fMOST,#N/A,cells,1,Huazhong University of Science and Technology,Qingming Luo,1U19MH114821-01,huang_fmost,BIL,#N/A,#N/A,#N/A,#N/A,#N/A,,,,NA,NA,NA
17543_6014_x3691_y17288,17543,mouse,NCBI:txid10090,Tlx3-Cre_PL56/wt;Ai82(TITL-GFP)/Ai161(TIT2L-GFP-ICR-tTA2),cell morphology,fMOST,VISp6a,cells,1,Allen Institute for Brain Science ,Sorensen ,1-U19-MH114830-01,zeng_fmost,BIL,,,,56 Days,Female,,,,9074.697,1454.394,8171.302
182709_6172_x3564_y6968,182709,mouse,NCBI:txid10090,Ai82(TITL-GFP)/Ai139(TIT2L-GFP-ICL-TPT),cell morphology,fMOST,VISal2/3,cells,1,Allen Institute for Brain Science ,Sorensen ,1-U19-MH114830-01,zeng_fmost,BIL,,,,248 Days,Male,,,,8016.125,1409.868,1884.558
182709_6204_x2976_y9977,182709,mouse,NCBI:txid10090,Ai82(TITL-GFP)/Ai139(TIT2L-GFP-ICL-TPT),cell morphology,fMOST,VISp5,cells,1,Allen Institute for Brain Science ,Sorensen ,1-U19-MH114830-01,zeng_fmost,BIL,,,,248 Days,Male,,,,7968.953,1039.191,3232.77
182709_6592_x3030_y10077,182709,mouse,NCBI:txid10090,Ai82(TITL-GFP)/Ai139(TIT2L-GFP-ICL-TPT),cell morphology,fMOST,VISp5,cells,1,Allen Institute for Brain Science ,Sorensen ,1-U19-MH114830-01,zeng_fmost,BIL,,,,248 Days,Male,,,,8439.762,1137.898,3313.748
182709_6812_x3137_y8659,182709,mouse,NCBI:txid10090,Ai82(TITL-GFP)/Ai139(TIT2L-GFP-ICL-TPT),cell morphology,fMOST,VISp4,cells,1,Allen Institute for Brain Science ,Sorensen ,1-U19-MH114830-01,zeng_fmost,BIL,,,,248 Days,Male,,,,8772.639,1255.991,2709.035
182709_6886_x3406_y21258,182709,mouse,NCBI:txid10090,Ai82(TITL-GFP)/Ai139(TIT2L-GFP-ICL-TPT),cell morphology,fMOST,VISp2/3,cells,1,Allen Institute for Brain Science ,Sorensen ,1-U19-MH114830-01,zeng_fmost,BIL,,,,248 Days,Male,,,,8543.104,790.683,8037.035
182709_6984_x2452_y12423,182709,mouse,NCBI:txid10090,Ai82(TITL-GFP)/Ai139(TIT2L-GFP-ICL-TPT),cell morphology,fMOST,VISpm5,cells,1,Allen Institute for Brain Science ,Sorensen ,1-U19-MH114830-01,zeng_fmost,BIL,,,,248 Days,Male,,,,8899.823,643.262,4324.473
182709_7010_x2644_y10852,182709,mouse,NCBI:txid10090,Ai82(TITL-GFP)/Ai139(TIT2L-GFP-ICL-TPT),cell morphology,fMOST,VISp4,cells,1,Allen Institute for Brain Science ,Sorensen ,1-U19-MH114830-01,zeng_fmost,BIL,,,,248 Days,Male,,,,8963.312,854.76,3643.659
182709_7120_x2261_y10934,182709,mouse,NCBI:txid10090,Ai82(TITL-GFP)/Ai139(TIT2L-GFP-ICL-TPT),cell morphology,fMOST,VISp2/3,cells,1,Allen Institute for Brain Science ,Sorensen ,1-U19-MH114830-01,zeng_fmost,BIL,,,,248 Days,Male,,,,9119.875,608.654,3674.486
182709_7126_x2913_y10535,182709,mouse,NCBI:txid10090,Ai82(TITL-GFP)/Ai139(TIT2L-GFP-ICL-TPT),cell morphology,fMOST,VISp5,cells,1,Allen Institute for Brain Science ,Sorensen ,1-U19-MH114830-01,zeng_fmost,BIL,,,,248 Days,Male,,,,9117.453,1064.075,3550.508
182709_7144_x3121_y9346,182709,mouse,NCBI:txid10090,Ai82(TITL-GFP)/Ai139(TIT2L-GFP-ICL-TPT),cell morphology,fMOST,VISp4,cells,1,Allen Institute for Brain Science ,Sorensen ,1-U19-MH114830-01,zeng_fmost,BIL,,,,248 Days,Male,,,,9179.982,1259.032,3034.112
182709_7463_x3586_y20695,182709,mouse,NCBI:txid10090,Ai82(TITL-GFP)/Ai139(TIT2L-GFP-ICL-TPT),cell morphology,fMOST,VISp5,cells,1,Allen Institute for Brain Science ,Sorensen ,1-U19-MH114830-01,zeng_fmost,BIL,,,,248 Days,Male,,,,9333.772,1015.418,7785.019
182709_7486_x4577_y22503,182709,mouse,NCBI:txid10090,Ai82(TITL-GFP)/Ai139(TIT2L-GFP-ICL-TPT),cell morphology,fMOST,VISp4,cells,1,Allen Institute for Brain Science ,Sorensen ,1-U19-MH114830-01,zeng_fmost,BIL,,,,248 Days,Male,,,,9296.082,1468.736,8581.92
182709_7886_x5075_y22541_2,182709,mouse,NCBI:txid10090,Ai82(TITL-GFP)/Ai139(TIT2L-GFP-ICL-TPT),cell morphology,fMOST,VISp5,cells,1,Allen Institute for Brain Science ,Sorensen ,1-U19-MH114830-01,zeng_fmost,BIL,,,,248 Days,Male,,,,9843.388,1753.256,8668.147
182709_7918_x5201_y22656,182709,mouse,NCBI:txid10090,Ai82(TITL-GFP)/Ai139(TIT2L-GFP-ICL-TPT),cell morphology,fMOST,VISp5,cells,1,Allen Institute for Brain Science ,Sorensen ,1-U19-MH114830-01,zeng_fmost,BIL,,,,248 Days,Male,,,,9868.08,1820.972,8721.293
182724_6175_x3782_y10859,182724,mouse,NCBI:txid10090,Fezf2-CreER/wt;Ai166(TIT2L-MORF-ICL-tTA2)/wt,cell morphology,fMOST,VISa5,cells,1,Allen Institute for Brain Science ,Sorensen ,1-U19-MH114830-01,zeng_fmost,BIL,,,,88 Days,Male,,,,7512.552,927.64,3519.999
182724_6305_x3647_y18869,182724,mouse,NCBI:txid10090,Fezf2-CreER/wt;Ai166(TIT2L-MORF-ICL-tTA2)/wt,cell morphology,fMOST,VISam5,cells,1,Allen Institute for Brain Science ,Sorensen ,1-U19-MH114830-01,zeng_fmost,BIL,,,,88 Days,Male,,,,7333.945,769.852,7024.327
182724_6354_x4834_y8105,182724,mouse,NCBI:txid10090,Fezf2-CreER/wt;Ai166(TIT2L-MORF-ICL-tTA2)/wt,cell morphology,fMOST,VISrl5,cells,1,Allen Institute for Brain Science ,Sorensen ,1-U19-MH114830-01,zeng_fmost,BIL,,,,88 Days,Male,,,,7890.754,1516.527,2363.827
182724_6360_x3448_y12540,182724,mouse,NCBI:txid10090,Fezf2-CreER/wt;Ai166(TIT2L-MORF-ICL-tTA2)/wt,cell morphology,fMOST,VISam5,cells,1,Allen Institute for Brain Science ,Sorensen ,1-U19-MH114830-01,zeng_fmost,BIL,,,,88 Days,Male,,,,7660.996,750.794,4297.691
182724_6361_x3802_y10603,182724,mouse,NCBI:txid10090,Fezf2-CreER/wt;Ai166(TIT2L-MORF-ICL-tTA2)/wt,cell morphology,fMOST,VISa5,cells,1,Allen Institute for Brain Science ,Sorensen ,1-U19-MH114830-01,zeng_fmost,BIL,,,,88 Days,Male,,,,7749.152,956.36,3444.288
182724_6391_x3524_y11978,182724,mouse,NCBI:txid10090,Fezf2-CreER/wt;Ai166(TIT2L-MORF-ICL-tTA2)/wt,cell morphology,fMOST,VISam5,cells,1,Allen Institute for Brain Science ,Sorensen ,1-U19-MH114830-01,zeng_fmost,BIL,,,,88 Days,Male,,,,7721.301,811.548,4052.603
182724_6396_x3762_y10790,182724,mouse,NCBI:txid10090,Fezf2-CreER/wt;Ai166(TIT2L-MORF-ICL-tTA2)/wt,cell morphology,fMOST,VISam5,cells,1,Allen Institute for Brain Science ,Sorensen ,1-U19-MH114830-01,zeng_fmost,BIL,,,,88 Days,Male,,,,7783.461,946.608,3533.884
182724_6416_x3689_y10398,182724,mouse,NCBI:txid10090,Fezf2-CreER/wt;Ai166(TIT2L-MORF-ICL-tTA2)/wt,cell morphology,fMOST,VISp4,cells,1,Allen Institute for Brain Science ,Sorensen ,1-U19-MH114830-01,zeng_fmost,BIL,,,,88 Days,Male,,,,7828.436,873.12,3361.464
182724_6450_x3505_y11792,182724,mouse,NCBI:txid10090,Fezf2-CreER/wt;Ai166(TIT2L-MORF-ICL-tTA2)/wt,cell morphology,fMOST,VISam5,cells,1,Allen Institute for Brain Science ,Sorensen ,1-U19-MH114830-01,zeng_fmost,BIL,,,,88 Days,Male,,,,7809.119,805.472,3986.337
182724_6457_x3810_y19182,182724,mouse,NCBI:txid10090,Fezf2-CreER/wt;Ai166(TIT2L-MORF-ICL-tTA2)/wt,cell morphology,fMOST,VISam5,cells,1,Allen Institute for Brain Science ,Sorensen ,1-U19-MH114830-01,zeng_fmost,BIL,,,,88 Days,Male,,,,7516.665,865.834,7173.605
182724_6644_x4183_y20666,182724,mouse,NCBI:txid10090,Fezf2-CreER/wt;Ai166(TIT2L-MORF-ICL-tTA2)/wt,cell morphology,fMOST,VISa5,cells,1,Allen Institute for Brain Science ,Sorensen ,1-U19-MH114830-01,zeng_fmost,BIL,,,,88 Days,Male,,,,7678.901,1022.238,7826.035
182724_6690_x3748_y10610,182724,mouse,NCBI:txid10090,Fezf2-CreER/wt;Ai166(TIT2L-MORF-ICL-tTA2)/wt,cell morphology,fMOST,VISp5,cells,1,Allen Institute for Brain Science ,Sorensen ,1-U19-MH114830-01,zeng_fmost,BIL,,,,88 Days,Male,,,,8148.379,953.538,3507.787
182724_6704_x3301_y12214,182724,mouse,NCBI:txid10090,Fezf2-CreER/wt;Ai166(TIT2L-MORF-ICL-tTA2)/wt,cell morphology,fMOST,VISpm5,cells,1,Allen Institute for Brain Science ,Sorensen ,1-U19-MH114830-01,zeng_fmost,BIL,,,,88 Days,Male,,,,8100.336,671.148,4212.901
182724_7371_x5043_y7827,182724,mouse,NCBI:txid10090,Fezf2-CreER/wt;Ai166(TIT2L-MORF-ICL-tTA2)/wt,cell morphology,fMOST,VISp5,cells,1,Allen Institute for Brain Science ,Sorensen ,1-U19-MH114830-01,zeng_fmost,BIL,,,,88 Days,Male,,,,9129.992,1673.093,2399.425
182724_7600_x5645_y23085,182724,mouse,NCBI:txid10090,Fezf2-CreER/wt;Ai166(TIT2L-MORF-ICL-tTA2)/wt,cell morphology,fMOST,VISl5,cells,1,Allen Institute for Brain Science ,Sorensen ,1-U19-MH114830-01,zeng_fmost,BIL,,,,88 Days,Male,,,,8892.898,1771.353,8993.98
182724_7822_x5447_y22786,182724,mouse,NCBI:txid10090,Fezf2-CreER/wt;Ai166(TIT2L-MORF-ICL-tTA2)/wt,cell morphology,fMOST,VISp5,cells,1,Allen Institute for Brain Science ,Sorensen ,1-U19-MH114830-01,zeng_fmost,BIL,,,,88 Days,Male,,,,9194.703,1674.562,8876.23
182724_7871_x4578_y21040,182724,mouse,NCBI:txid10090,Fezf2-CreER/wt;Ai166(TIT2L-MORF-ICL-tTA2)/wt,cell morphology,fMOST,VISp5,cells,1,Allen Institute for Brain Science ,Sorensen ,1-U19-MH114830-01,zeng_fmost,BIL,,,,88 Days,Male,,,,9326.061,1243.258,8085.741
182724_8055_x5917_y23103,182724,mouse,NCBI:txid10090,Fezf2-CreER/wt;Ai166(TIT2L-MORF-ICL-tTA2)/wt,cell morphology,fMOST,VISl5,cells,1,Allen Institute for Brain Science ,Sorensen ,1-U19-MH114830-01,zeng_fmost,BIL,,,,88 Days,Male,,,,9493.86,1954.984,9050.566
182724_8100_x5413_y22190,182724,mouse,NCBI:txid10090,Fezf2-CreER/wt;Ai166(TIT2L-MORF-ICL-tTA2)/wt,cell morphology,fMOST,VISp5,cells,1,Allen Institute for Brain Science ,Sorensen ,1-U19-MH114830-01,zeng_fmost,BIL,,,,88 Days,Male,,,,9598.448,1691.075,8632.11
182724_8150_x4450_y19864,182724,mouse,NCBI:txid10090,Fezf2-CreER/wt;Ai166(TIT2L-MORF-ICL-tTA2)/wt,cell morphology,fMOST,VISp5,cells,1,Allen Institute for Brain Science ,Sorensen ,1-U19-MH114830-01,zeng_fmost,BIL,,,,88 Days,Male,,,,9749.017,1190.386,7604.287
182724_8155_x4575_y20238,182724,mouse,NCBI:txid10090,Fezf2-CreER/wt;Ai166(TIT2L-MORF-ICL-tTA2)/wt,cell morphology,fMOST,VISp5,cells,1,Allen Institute for Brain Science ,Sorensen ,1-U19-MH114830-01,zeng_fmost,BIL,,,,88 Days,Male,,,,9751.809,1261.223,7771.476
182724_8159_x4833_y21213,182724,mouse,NCBI:txid10090,Fezf2-CreER/wt;Ai166(TIT2L-MORF-ICL-tTA2)/wt,cell morphology,fMOST,VISp5,cells,1,Allen Institute for Brain Science ,Sorensen ,1-U19-MH114830-01,zeng_fmost,BIL,,,,88 Days,Male,,,,9710.51,1386.967,8196.594
182724_8257_x5319_y21978,182724,mouse,NCBI:txid10090,Fezf2-CreER/wt;Ai166(TIT2L-MORF-ICL-tTA2)/wt,cell morphology,fMOST,VISp4,cells,1,Allen Institute for Brain Science ,Sorensen ,1-U19-MH114830-01,zeng_fmost,BIL,,,,88 Days,Male,,,,9821.415,1652.195,8564.057
182724_8281_x5491_y21925,182724,mouse,NCBI:txid10090,Fezf2-CreER/wt;Ai166(TIT2L-MORF-ICL-tTA2)/wt,cell morphology,fMOST,VISp5,cells,1,Allen Institute for Brain Science ,Sorensen ,1-U19-MH114830-01,zeng_fmost,BIL,,,,88 Days,Male,,,,9849.867,1745.94,8534.561
182725_7482_x7429_y6760,182725,mouse,NCBI:txid10090,Fezf2-CreER/wt;Ai166(TIT2L-MORF-ICL-tTA2)/wt,cell morphology,fMOST,VISp4,cells,1,Allen Institute for Brain Science ,Sorensen ,1-U19-MH114830-01,zeng_fmost,BIL,,,,88 Days,Female,,,,9718.594,1789.149,2598.237
182725_7649_x3440_y17884,182725,mouse,NCBI:txid10090,Fezf2-CreER/wt;Ai166(TIT2L-MORF-ICL-tTA2)/wt,cell morphology,fMOST,VISp4,cells,1,Allen Institute for Brain Science ,Sorensen ,1-U19-MH114830-01,zeng_fmost,BIL,,,,88 Days,Female,,,,9343.496,867.847,7569.286
182725_7657_x3644_y17105,182725,mouse,NCBI:txid10090,Fezf2-CreER/wt;Ai166(TIT2L-MORF-ICL-tTA2)/wt,cell morphology,fMOST,VISp5,cells,1,Allen Institute for Brain Science ,Sorensen ,1-U19-MH114830-01,zeng_fmost,BIL,,,,88 Days,Female,,,,9408.151,887.789,7201.789
182725_7677_x7858_y6794,182725,mouse,NCBI:txid10090,Fezf2-CreER/wt;Ai166(TIT2L-MORF-ICL-tTA2)/wt,cell morphology,fMOST,VISpl5,cells,1,Allen Institute for Brain Science ,Sorensen ,1-U19-MH114830-01,zeng_fmost,BIL,,,,88 Days,Female,,,,9984.318,2024.008,2583.876
182725_7714_x7032_y7882,182725,mouse,NCBI:txid10090,Fezf2-CreER/wt;Ai166(TIT2L-MORF-ICL-tTA2)/wt,cell morphology,fMOST,VISp5,cells,1,Allen Institute for Brain Science ,Sorensen ,1-U19-MH114830-01,zeng_fmost,BIL,,,,88 Days,Female,,,,10022.002,1703.114,3141.146
182725_7762_x3772_y19585,182725,mouse,NCBI:txid10090,Fezf2-CreER/wt;Ai166(TIT2L-MORF-ICL-tTA2)/wt,cell morphology,fMOST,VISp4,cells,1,Allen Institute for Brain Science ,Sorensen ,1-U19-MH114830-01,zeng_fmost,BIL,,,,88 Days,Female,,,,9385.934,1229.662,8260.793
182725_7988_x4540_y20706,182725,mouse,NCBI:txid10090,Fezf2-CreER/wt;Ai166(TIT2L-MORF-ICL-tTA2)/wt,cell morphology,fMOST,VISp5,cells,1,Allen Institute for Brain Science ,Sorensen ,1-U19-MH114830-01,zeng_fmost,BIL,,,,88 Days,Female,,,,9719.628,1773.613,8685.069
182725_8028_x4256_y19926,182725,mouse,NCBI:txid10090,Fezf2-CreER/wt;Ai166(TIT2L-MORF-ICL-tTA2)/wt,cell morphology,fMOST,VISp5,cells,1,Allen Institute for Brain Science ,Sorensen ,1-U19-MH114830-01,zeng_fmost,BIL,,,,88 Days,Female,,,,9827.001,1544.628,8380.033
18453_5701_x28505_y4297,18453,mouse,NCBI:txid10090,Cux2-CreERT2/wt;Ai166(TIT2L-MORF-ICL-tTA2)/wt,cell morphology,fMOST,VISrl2/3,cells,1,Allen Institute for Brain Science ,Sorensen ,1-U19-MH114830-01,zeng_fmost,BIL,,,,103 Days,Female,,,,7699.119,968.186,2858.141
18453_6035_x24820_y3039,18453,mouse,NCBI:txid10090,Cux2-CreERT2/wt;Ai166(TIT2L-MORF-ICL-tTA2)/wt,cell morphology,fMOST,VISam2/3,cells,1,Allen Institute for Brain Science ,Sorensen ,1-U19-MH114830-01,zeng_fmost,BIL,,,,103 Days,Female,,,,8059.867,511.637,4154.09
18469_5755_x6174_y22049,18469,mouse,NCBI:txid10090,Fezf2-CreER;Ai166,cell morphology,fMOST,VISam5,cells,1,Allen Institute for Brain Science ,Sorensen ,1-U19-MH114830-01,zeng_fmost,BIL,,,,81 Days,Male,,,,7536.602,794.378,3979.452
18469_5853_x6133_y22657,18469,mouse,NCBI:txid10090,Fezf2-CreER;Ai166,cell morphology,fMOST,VISam5,cells,1,Allen Institute for Brain Science ,Sorensen ,1-U19-MH114830-01,zeng_fmost,BIL,,,,81 Days,Male,,,,7731.849,805.886,4138.983
18469_5924_x6028_y22963,18469,mouse,NCBI:txid10090,Fezf2-CreER;Ai166,cell morphology,fMOST,VISam5,cells,1,Allen Institute for Brain Science ,Sorensen ,1-U19-MH114830-01,zeng_fmost,BIL,,,,81 Days,Male,,,,7811.316,774.519,4232.97
18469_6120_x7370_y17612,18469,mouse,NCBI:txid10090,Fezf2-CreER;Ai166,cell morphology,fMOST,VISrl5,cells,1,Allen Institute for Brain Science ,Sorensen ,1-U19-MH114830-01,zeng_fmost,BIL,,,,81 Days,Male,,,,7939.246,1391.984,2796.089
18469_6185_x6027_y36689,18469,mouse,NCBI:txid10090,Fezf2-CreER;Ai166,cell morphology,fMOST,VISp5,cells,1,Allen Institute for Brain Science ,Sorensen ,1-U19-MH114830-01,zeng_fmost,BIL,,,,81 Days,Male,,,,8141.611,1041.388,7878.024
18469_6420_x7388_y41840_2,18469,mouse,NCBI:txid10090,Fezf2-CreER;Ai166,cell morphology,fMOST,VISal5,cells,1,Allen Institute for Brain Science ,Sorensen ,1-U19-MH114830-01,zeng_fmost,BIL,,,,81 Days,Male,,,,8383.886,1667.518,9179.41
18469_6572_x5325_y34608,18469,mouse,NCBI:txid10090,Fezf2-CreER;Ai166,cell morphology,fMOST,VISpm5,cells,1,Allen Institute for Brain Science ,Sorensen ,1-U19-MH114830-01,zeng_fmost,BIL,,,,81 Days,Male,,,,8701.193,775.079,7278.117
18469_6590_x7059_y41111,18469,mouse,NCBI:txid10090,Fezf2-CreER;Ai166,cell morphology,fMOST,VISp5,cells,1,Allen Institute for Brain Science ,Sorensen ,1-U19-MH114830-01,zeng_fmost,BIL,,,,81 Days,Male,,,,8631.791,1582.65,8965.651
18469_6673_x5500_y35752,18469,mouse,NCBI:txid10090,Fezf2-CreER;Ai166,cell morphology,fMOST,VISp5,cells,1,Allen Institute for Brain Science ,Sorensen ,1-U19-MH114830-01,zeng_fmost,BIL,,,,81 Days,Male,,,,8842.443,920.705,7583.802
18469_6680_x6305_y38542,18469,mouse,NCBI:txid10090,Fezf2-CreER;Ai166,cell morphology,fMOST,VISp5,cells,1,Allen Institute for Brain Science ,Sorensen ,1-U19-MH114830-01,zeng_fmost,BIL,,,,81 Days,Male,,,,8871.156,1285.307,8296.349
18469_6767_x5786_y37391,18469,mouse,NCBI:txid10090,Fezf2-CreER;Ai166,cell morphology,fMOST,VISp5,cells,1,Allen Institute for Brain Science ,Sorensen ,1-U19-MH114830-01,zeng_fmost,BIL,,,,81 Days,Male,,,,8952.525,1088.176,8001.378
18469_6822_x8235_y15661,18469,mouse,NCBI:txid10090,Fezf2-CreER;Ai166,cell morphology,fMOST,VISl5,cells,1,Allen Institute for Brain Science ,Sorensen ,1-U19-MH114830-01,zeng_fmost,BIL,,,,81 Days,Male,,,,8923.268,1797.801,2253.073
18469_6907_x5348_y34515,18469,mouse,NCBI:txid10090,Fezf2-CreER;Ai166,cell morphology,fMOST,VISp5,cells,1,Allen Institute for Brain Science ,Sorensen ,1-U19-MH114830-01,zeng_fmost,BIL,,,,81 Days,Male,,,,9231.351,883.294,7219.118
18469_6933_x5678_y23165,18469,mouse,NCBI:txid10090,Fezf2-CreER;Ai166,cell morphology,fMOST,VISpm5,cells,1,Allen Institute for Brain Science ,Sorensen ,1-U19-MH114830-01,zeng_fmost,BIL,,,,81 Days,Male,,,,9211.031,830.353,4252.218
18469_7024_x5427_y35160,18469,mouse,NCBI:txid10090,Fezf2-CreER;Ai166,cell morphology,fMOST,VISp5,cells,1,Allen Institute for Brain Science ,Sorensen ,1-U19-MH114830-01,zeng_fmost,BIL,,,,81 Days,Male,,,,9379.125,954.592,7374.316
18469_7048_x7499_y17640,18469,mouse,NCBI:txid10090,Fezf2-CreER;Ai166,cell morphology,fMOST,VISp5,cells,1,Allen Institute for Brain Science ,Sorensen ,1-U19-MH114830-01,zeng_fmost,BIL,,,,81 Days,Male,,,,9243.276,1576.593,2736.873
18469_7066_x6108_y38587,18469,mouse,NCBI:txid10090,Fezf2-CreER;Ai166,cell morphology,fMOST,VISp5,cells,1,Allen Institute for Brain Science ,Sorensen ,1-U19-MH114830-01,zeng_fmost,BIL,,,,81 Days,Male,,,,9346.634,1301.91,8275.528
18469_7279_x7753_y17170,18469,mouse,NCBI:txid10090,Fezf2-CreER;Ai166,cell morphology,fMOST,VISp5,cells,1,Allen Institute for Brain Science ,Sorensen ,1-U19-MH114830-01,zeng_fmost,BIL,,,,81 Days,Male,,,,9483.323,1697.565,2585.87
18469_7376_x7022_y19051,18469,mouse,NCBI:txid10090,Fezf2-CreER;Ai166,cell morphology,fMOST,VISp5,cells,1,Allen Institute for Brain Science ,Sorensen ,1-U19-MH114830-01,zeng_fmost,BIL,,,,81 Days,Male,,,,9804.07,1505.899,3071.17
18864_6345_x3603_y9891,18864,mouse,NCBI:txid10090,Cux2-CreERT2/wt;Ai166(TIT2L-MORF-ICL-tTA2)/wt,cell morphology,fMOST,VISa2/3,cells,1,Allen Institute for Brain Science ,Sorensen ,1-U19-MH114830-01,zeng_fmost,BIL,,,,75 Days,Female,,,,7591.806,692.399,3277.837
18864_6523_x3601_y10609,18864,mouse,NCBI:txid10090,Cux2-CreERT2/wt;Ai166(TIT2L-MORF-ICL-tTA2)/wt,cell morphology,fMOST,VISpm2/3,cells,1,Allen Institute for Brain Science ,Sorensen ,1-U19-MH114830-01,zeng_fmost,BIL,,,,75 Days,Female,,,,7835.271,639.243,3506.555
18864_6571_x4315_y24999,18864,mouse,NCBI:txid10090,Cux2-CreERT2/wt;Ai166(TIT2L-MORF-ICL-tTA2)/wt,cell morphology,fMOST,VISp4,cells,1,Allen Institute for Brain Science ,Sorensen ,1-U19-MH114830-01,zeng_fmost,BIL,,,,75 Days,Female,,,,8061.143,895.65,8006.827
18864_6631_x3319_y22547,18864,mouse,NCBI:txid10090,Cux2-CreERT2/wt;Ai166(TIT2L-MORF-ICL-tTA2)/wt,cell morphology,fMOST,VISam2/3,cells,1,Allen Institute for Brain Science ,Sorensen ,1-U19-MH114830-01,zeng_fmost,BIL,,,,75 Days,Female,,,,8053.459,466.063,7228.364
18864_6672_x3537_y12829,18864,mouse,NCBI:txid10090,Cux2-CreERT2/wt;Ai166(TIT2L-MORF-ICL-tTA2)/wt,cell morphology,fMOST,VISam2/3,cells,1,Allen Institute for Brain Science ,Sorensen ,1-U19-MH114830-01,zeng_fmost,BIL,,,,75 Days,Female,,,,8057.011,502.81,4218.233
18864_6741_x4187_y8695,18864,mouse,NCBI:txid10090,Cux2-CreERT2/wt;Ai166(TIT2L-MORF-ICL-tTA2)/wt,cell morphology,fMOST,VISp2/3,cells,1,Allen Institute for Brain Science ,Sorensen ,1-U19-MH114830-01,zeng_fmost,BIL,,,,75 Days,Female,,,,8155.106,884.398,2911.999
18864_7078_x6476_y5135,18864,mouse,NCBI:txid10090,Cux2-CreERT2/wt;Ai166(TIT2L-MORF-ICL-tTA2)/wt,cell morphology,fMOST,VISl2/3,cells,1,Allen Institute for Brain Science ,Sorensen ,1-U19-MH114830-01,zeng_fmost,BIL,,,,75 Days,Female,,,,8815.163,1697.316,1826.077
18864_7117_x4611_y9823,18864,mouse,NCBI:txid10090,Cux2-CreERT2/wt;Ai166(TIT2L-MORF-ICL-tTA2)/wt,cell morphology,fMOST,VISp4,cells,1,Allen Institute for Brain Science ,Sorensen ,1-U19-MH114830-01,zeng_fmost,BIL,,,,75 Days,Female,,,,8707.499,982.671,3294.812
18864_7516_x6276_y6366,18864,mouse,NCBI:txid10090,Cux2-CreERT2/wt;Ai166(TIT2L-MORF-ICL-tTA2)/wt,cell morphology,fMOST,VISp2/3,cells,1,Allen Institute for Brain Science ,Sorensen ,1-U19-MH114830-01,zeng_fmost,BIL,,,,75 Days,Female,,,,9368.244,1540.201,2232.954
191807_6402_x3434_y19231,191807,mouse,NCBI:txid10090,Fezf2-CreER/wt;Ai166(TIT2L-MORF-ICL-tTA2)/wt,cell morphology,fMOST,VISam5,cells,1,Allen Institute for Brain Science ,Sorensen ,1-U19-MH114830-01,zeng_fmost,BIL,,,,64 Days,Male,,,,7647.071,946.594,7541.79
191807_6423_x3900_y9358,191807,mouse,NCBI:txid10090,Fezf2-CreER/wt;Ai166(TIT2L-MORF-ICL-tTA2)/wt,cell morphology,fMOST,VISa5,cells,1,Allen Institute for Brain Science ,Sorensen ,1-U19-MH114830-01,zeng_fmost,BIL,,,,64 Days,Male,,,,7626.147,1103.735,3220.759
191807_6488_x3597_y11254,191807,mouse,NCBI:txid10090,Fezf2-CreER/wt;Ai166(TIT2L-MORF-ICL-tTA2)/wt,cell morphology,fMOST,VISam5,cells,1,Allen Institute for Brain Science ,Sorensen ,1-U19-MH114830-01,zeng_fmost,BIL,,,,64 Days,Male,,,,7660.946,830.586,4046.572
191807_6489_x5135_y23408,191807,mouse,NCBI:txid10090,Fezf2-CreER/wt;Ai166(TIT2L-MORF-ICL-tTA2)/wt,cell morphology,fMOST,VISal5,cells,1,Allen Institute for Brain Science ,Sorensen ,1-U19-MH114830-01,zeng_fmost,BIL,,,,64 Days,Male,,,,8021.104,1844.962,9377.861
191807_6504_x3953_y21204,191807,mouse,NCBI:txid10090,Fezf2-CreER/wt;Ai166(TIT2L-MORF-ICL-tTA2)/wt,cell morphology,fMOST,VISp5,cells,1,Allen Institute for Brain Science ,Sorensen ,1-U19-MH114830-01,zeng_fmost,BIL,,,,64 Days,Male,,,,7869.834,1189.666,8393.071
191807_6556_x3678_y10670,191807,mouse,NCBI:txid10090,Fezf2-CreER/wt;Ai166(TIT2L-MORF-ICL-tTA2)/wt,cell morphology,fMOST,VISam5,cells,1,Allen Institute for Brain Science ,Sorensen ,1-U19-MH114830-01,zeng_fmost,BIL,,,,64 Days,Male,,,,7747.642,895.942,3793.208
191807_6625_x5034_y23319,191807,mouse,NCBI:txid10090,Fezf2-CreER/wt;Ai166(TIT2L-MORF-ICL-tTA2)/wt,cell morphology,fMOST,VISal5,cells,1,Allen Institute for Brain Science ,Sorensen ,1-U19-MH114830-01,zeng_fmost,BIL,,,,64 Days,Male,,,,8197.701,1743.243,9347.817
191807_6718_x5217_y7243,191807,mouse,NCBI:txid10090,Fezf2-CreER/wt;Ai166(TIT2L-MORF-ICL-tTA2)/wt,cell morphology,fMOST,VISal5,cells,1,Allen Institute for Brain Science ,Sorensen ,1-U19-MH114830-01,zeng_fmost,BIL,,,,64 Days,Male,,,,8245.502,1661.016,2240.229
191807_6735_x4456_y21792,191807,mouse,NCBI:txid10090,Fezf2-CreER/wt;Ai166(TIT2L-MORF-ICL-tTA2)/wt,cell morphology,fMOST,VISp5,cells,1,Allen Institute for Brain Science ,Sorensen ,1-U19-MH114830-01,zeng_fmost,BIL,,,,64 Days,Male,,,,8242.3,1397.768,8636.636
191807_6796_x5727_y6613,191807,mouse,NCBI:txid10090,Fezf2-CreER/wt;Ai166(TIT2L-MORF-ICL-tTA2)/wt,cell morphology,fMOST,VISal5,cells,1,Allen Institute for Brain Science ,Sorensen ,1-U19-MH114830-01,zeng_fmost,BIL,,,,64 Days,Male,,,,8353.01,1908.68,1935.624
191807_6822_x4235_y21316,191807,mouse,NCBI:txid10090,Fezf2-CreER/wt;Ai166(TIT2L-MORF-ICL-tTA2)/wt,cell morphology,fMOST,VISp5,cells,1,Allen Institute for Brain Science ,Sorensen ,1-U19-MH114830-01,zeng_fmost,BIL,,,,64 Days,Male,,,,8314.855,1241.996,8425.092
191807_6836_x4405_y10082,191807,mouse,NCBI:txid10090,Fezf2-CreER/wt;Ai166(TIT2L-MORF-ICL-tTA2)/wt,cell morphology,fMOST,VISp6a,cells,1,Allen Institute for Brain Science ,Sorensen ,1-U19-MH114830-01,zeng_fmost,BIL,,,,64 Days,Male,,,,8179.596,1315.539,3547.303
191807_6864_x4028_y18389,191807,mouse,NCBI:txid10090,Fezf2-CreER/wt;Ai166(TIT2L-MORF-ICL-tTA2)/wt,cell morphology,fMOST,VISpm6a,cells,1,Allen Institute for Brain Science ,Sorensen ,1-U19-MH114830-01,zeng_fmost,BIL,,,,64 Days,Male,,,,8298.651,1023.61,7156.514
191807_6909_x3717_y18949,191807,mouse,NCBI:txid10090,Fezf2-CreER/wt;Ai166(TIT2L-MORF-ICL-tTA2)/wt,cell morphology,fMOST,VISpm5,cells,1,Allen Institute for Brain Science ,Sorensen ,1-U19-MH114830-01,zeng_fmost,BIL,,,,64 Days,Male,,,,8318.051,859.788,7396.717
191807_6912_x3878_y19387,191807,mouse,NCBI:txid10090,Fezf2-CreER/wt;Ai166(TIT2L-MORF-ICL-tTA2)/wt,cell morphology,fMOST,VISpm5,cells,1,Allen Institute for Brain Science ,Sorensen ,1-U19-MH114830-01,zeng_fmost,BIL,,,,64 Days,Male,,,,8337.775,971.701,7576.902
191807_6920_x5119_y8302,191807,mouse,NCBI:txid10090,Fezf2-CreER/wt;Ai166(TIT2L-MORF-ICL-tTA2)/wt,cell morphology,fMOST,VISp6a,cells,1,Allen Institute for Brain Science ,Sorensen ,1-U19-MH114830-01,zeng_fmost,BIL,,,,64 Days,Male,,,,8486.825,1604.779,2741.714
191807_6927_x3598_y18516,191807,mouse,NCBI:txid10090,Fezf2-CreER/wt;Ai166(TIT2L-MORF-ICL-tTA2)/wt,cell morphology,fMOST,VISpm5,cells,1,Allen Institute for Brain Science ,Sorensen ,1-U19-MH114830-01,zeng_fmost,BIL,,,,64 Days,Male,,,,8305.409,762.5,7215.746
191807_7017_x4048_y11120,191807,mouse,NCBI:txid10090,Fezf2-CreER/wt;Ai166(TIT2L-MORF-ICL-tTA2)/wt,cell morphology,fMOST,VISpm5,cells,1,Allen Institute for Brain Science ,Sorensen ,1-U19-MH114830-01,zeng_fmost,BIL,,,,64 Days,Male,,,,8368.709,904.722,3964.364
191807_7098_x4655_y10334,191807,mouse,NCBI:txid10090,Fezf2-CreER/wt;Ai166(TIT2L-MORF-ICL-tTA2)/wt,cell morphology,fMOST,VISp6a,cells,1,Allen Institute for Brain Science ,Sorensen ,1-U19-MH114830-01,zeng_fmost,BIL,,,,64 Days,Male,,,,8572.984,1274.582,3612.813
191807_7110_x4076_y20205,191807,mouse,NCBI:txid10090,Fezf2-CreER/wt;Ai166(TIT2L-MORF-ICL-tTA2)/wt,cell morphology,fMOST,VISp5,cells,1,Allen Institute for Brain Science ,Sorensen ,1-U19-MH114830-01,zeng_fmost,BIL,,,,64 Days,Male,,,,8611.911,1026,7923.163
191807_7249_x4135_y19813,191807,mouse,NCBI:txid10090,Fezf2-CreER/wt;Ai166(TIT2L-MORF-ICL-tTA2)/wt,cell morphology,fMOST,VISp5,cells,1,Allen Institute for Brain Science ,Sorensen ,1-U19-MH114830-01,zeng_fmost,BIL,,,,64 Days,Male,,,,8786.264,992.662,7745.819
191807_7281_x4351_y20216,191807,mouse,NCBI:txid10090,Fezf2-CreER/wt;Ai166(TIT2L-MORF-ICL-tTA2)/wt,cell morphology,fMOST,VISp5,cells,1,Allen Institute for Brain Science ,Sorensen ,1-U19-MH114830-01,zeng_fmost,BIL,,,,64 Days,Male,,,,8877.982,1114.516,7916.975
191807_7289_x4771_y9549,191807,mouse,NCBI:txid10090,Fezf2-CreER/wt;Ai166(TIT2L-MORF-ICL-tTA2)/wt,cell morphology,fMOST,VISp5,cells,1,Allen Institute for Brain Science ,Sorensen ,1-U19-MH114830-01,zeng_fmost,BIL,,,,64 Days,Male,,,,8833.469,1247.036,3270.215
191807_7300_x5089_y9978,191807,mouse,NCBI:txid10090,Fezf2-CreER/wt;Ai166(TIT2L-MORF-ICL-tTA2)/wt,cell morphology,fMOST,VISp6a,cells,1,Allen Institute for Brain Science ,Sorensen ,1-U19-MH114830-01,zeng_fmost,BIL,,,,64 Days,Male,,,,8860.337,1470.83,3451.272
191807_7326_x5555_y22776,191807,mouse,NCBI:txid10090,Fezf2-CreER/wt;Ai166(TIT2L-MORF-ICL-tTA2)/wt,cell morphology,fMOST,VISl5,cells,1,Allen Institute for Brain Science ,Sorensen ,1-U19-MH114830-01,zeng_fmost,BIL,,,,64 Days,Male,,,,9140.636,1778.7,9068.912
191807_7364_x7270_y23865,191807,mouse,NCBI:txid10090,Fezf2-CreER/wt;Ai166(TIT2L-MORF-ICL-tTA2)/wt,cell morphology,fMOST,VISpor6a,cells,1,Allen Institute for Brain Science ,Sorensen ,1-U19-MH114830-01,zeng_fmost,BIL,,,,64 Days,Male,,,,9389.721,2717.907,9511.937
191807_7399_x8056_y6157,191807,mouse,NCBI:txid10090,Fezf2-CreER/wt;Ai166(TIT2L-MORF-ICL-tTA2)/wt,cell morphology,fMOST,VISpor6a,cells,1,Allen Institute for Brain Science ,Sorensen ,1-U19-MH114830-01,zeng_fmost,BIL,,,,64 Days,Male,,,,9310.131,2915.407,1682.582
191807_7405_x4847_y21105,191807,mouse,NCBI:txid10090,Fezf2-CreER/wt;Ai166(TIT2L-MORF-ICL-tTA2)/wt,cell morphology,fMOST,VISp5,cells,1,Allen Institute for Brain Science ,Sorensen ,1-U19-MH114830-01,zeng_fmost,BIL,,,,64 Days,Male,,,,9115.779,1353.268,8306.62
191807_7423_x4013_y19283,191807,mouse,NCBI:txid10090,Fezf2-CreER/wt;Ai166(TIT2L-MORF-ICL-tTA2)/wt,cell morphology,fMOST,VISp4,cells,1,Allen Institute for Brain Science ,Sorensen ,1-U19-MH114830-01,zeng_fmost,BIL,,,,64 Days,Male,,,,8990.442,822.881,7514.439
191807_7425_x7635_y24763,191807,mouse,NCBI:txid10090,Fezf2-CreER/wt;Ai166(TIT2L-MORF-ICL-tTA2)/wt,cell morphology,fMOST,VISpor5,cells,1,Allen Institute for Brain Science ,Sorensen ,1-U19-MH114830-01,zeng_fmost,BIL,,,,64 Days,Male,,,,9461.432,2879.951,9930.79
191807_7439_x5230_y8737,191807,mouse,NCBI:txid10090,Fezf2-CreER/wt;Ai166(TIT2L-MORF-ICL-tTA2)/wt,cell morphology,fMOST,VISp5,cells,1,Allen Institute for Brain Science ,Sorensen ,1-U19-MH114830-01,zeng_fmost,BIL,,,,64 Days,Male,,,,9085.798,1411.907,2904.174
191807_7446_x4048_y18753,191807,mouse,NCBI:txid10090,Fezf2-CreER/wt;Ai166(TIT2L-MORF-ICL-tTA2)/wt,cell morphology,fMOST,VISpm5,cells,1,Allen Institute for Brain Science ,Sorensen ,1-U19-MH114830-01,zeng_fmost,BIL,,,,64 Days,Male,,,,9014.616,791.032,7275.987
191807_7494_x6168_y8596,191807,mouse,NCBI:txid10090,Fezf2-CreER/wt;Ai166(TIT2L-MORF-ICL-tTA2)/wt,cell morphology,fMOST,VISp6a,cells,1,Allen Institute for Brain Science ,Sorensen ,1-U19-MH114830-01,zeng_fmost,BIL,,,,64 Days,Male,,,,9318.95,1952.991,2819.28
191807_7500_x4057_y19214,191807,mouse,NCBI:txid10090,Fezf2-CreER/wt;Ai166(TIT2L-MORF-ICL-tTA2)/wt,cell morphology,fMOST,VISp4,cells,1,Allen Institute for Brain Science ,Sorensen ,1-U19-MH114830-01,zeng_fmost,BIL,,,,64 Days,Male,,,,9091.705,811.309,7478.925
191807_7508_x7743_y23907,191807,mouse,NCBI:txid10090,Fezf2-CreER/wt;Ai166(TIT2L-MORF-ICL-tTA2)/wt,cell morphology,fMOST,VISpor6a,cells,1,Allen Institute for Brain Science ,Sorensen ,1-U19-MH114830-01,zeng_fmost,BIL,,,,64 Days,Male,,,,9581.567,2925.684,9525.676
191807_7525_x6122_y8722,191807,mouse,NCBI:txid10090,Fezf2-CreER/wt;Ai166(TIT2L-MORF-ICL-tTA2)/wt,cell morphology,fMOST,VISp6a,cells,1,Allen Institute for Brain Science ,Sorensen ,1-U19-MH114830-01,zeng_fmost,BIL,,,,64 Days,Male,,,,9340.905,1918.198,2870.021
191807_7529_x5296_y9002,191807,mouse,NCBI:txid10090,Fezf2-CreER/wt;Ai166(TIT2L-MORF-ICL-tTA2)/wt,cell morphology,fMOST,VISp5,cells,1,Allen Institute for Brain Science ,Sorensen ,1-U19-MH114830-01,zeng_fmost,BIL,,,,64 Days,Male,,,,9212.304,1406.92,3033.8
191807_7537_x7637_y23814,191807,mouse,NCBI:txid10090,Fezf2-CreER/wt;Ai166(TIT2L-MORF-ICL-tTA2)/wt,cell morphology,fMOST,VISpor6a,cells,1,Allen Institute for Brain Science ,Sorensen ,1-U19-MH114830-01,zeng_fmost,BIL,,,,64 Days,Male,,,,9605.638,2850.953,9493.633
191807_7574_x4648_y20365,191807,mouse,NCBI:txid10090,Fezf2-CreER/wt;Ai166(TIT2L-MORF-ICL-tTA2)/wt,cell morphology,fMOST,VISp5,cells,1,Allen Institute for Brain Science ,Sorensen ,1-U19-MH114830-01,zeng_fmost,BIL,,,,64 Days,Male,,,,9274.124,1157.209,7969.522
191807_7612_x8075_y6623,191807,mouse,NCBI:txid10090,Fezf2-CreER/wt;Ai166(TIT2L-MORF-ICL-tTA2)/wt,cell morphology,fMOST,VISpor6a,cells,1,Allen Institute for Brain Science ,Sorensen ,1-U19-MH114830-01,zeng_fmost,BIL,,,,64 Days,Male,,,,9539.228,2865.524,1874.117
191807_7712_x5701_y8560,191807,mouse,NCBI:txid10090,Fezf2-CreER/wt;Ai166(TIT2L-MORF-ICL-tTA2)/wt,cell morphology,fMOST,VISp5,cells,1,Allen Institute for Brain Science ,Sorensen ,1-U19-MH114830-01,zeng_fmost,BIL,,,,64 Days,Male,,,,9421.983,1563.584,2782.073
191807_7779_x4433_y18625,191807,mouse,NCBI:txid10090,Fezf2-CreER/wt;Ai166(TIT2L-MORF-ICL-tTA2)/wt,cell morphology,fMOST,VISp4,cells,1,Allen Institute for Brain Science ,Sorensen ,1-U19-MH114830-01,zeng_fmost,BIL,,,,64 Days,Male,,,,9503.385,864.301,7181.676
191807_7779_x6262_y9318,191807,mouse,NCBI:txid10090,Fezf2-CreER/wt;Ai166(TIT2L-MORF-ICL-tTA2)/wt,cell morphology,fMOST,VISp6a,cells,1,Allen Institute for Brain Science ,Sorensen ,1-U19-MH114830-01,zeng_fmost,BIL,,,,64 Days,Male,,,,9612.317,1860.426,3111.354
191807_7786_x4425_y19023,191807,mouse,NCBI:txid10090,Fezf2-CreER/wt;Ai166(TIT2L-MORF-ICL-tTA2)/wt,cell morphology,fMOST,VISp4,cells,1,Allen Institute for Brain Science ,Sorensen ,1-U19-MH114830-01,zeng_fmost,BIL,,,,64 Days,Male,,,,9509.205,885.918,7360.914
191807_7802_x7356_y7036,191807,mouse,NCBI:txid10090,Fezf2-CreER/wt;Ai166(TIT2L-MORF-ICL-tTA2)/wt,cell morphology,fMOST,VISpor5,cells,1,Allen Institute for Brain Science ,Sorensen ,1-U19-MH114830-01,zeng_fmost,BIL,,,,64 Days,Male,,,,9685.003,2391.11,2042.601
191807_7822_x4840_y19927,191807,mouse,NCBI:txid10090,Fezf2-CreER/wt;Ai166(TIT2L-MORF-ICL-tTA2)/wt,cell morphology,fMOST,VISp5,cells,1,Allen Institute for Brain Science ,Sorensen ,1-U19-MH114830-01,zeng_fmost,BIL,,,,64 Days,Male,,,,9622.56,1140.947,7755.927
191807_7954_x5660_y20932,191807,mouse,NCBI:txid10090,Fezf2-CreER/wt;Ai166(TIT2L-MORF-ICL-tTA2)/wt,cell morphology,fMOST,VISp5,cells,1,Allen Institute for Brain Science ,Sorensen ,1-U19-MH114830-01,zeng_fmost,BIL,,,,64 Days,Male,,,,9895.399,1565.543,8206.189
191807_7964_x7019_y7647,191807,mouse,NCBI:txid10090,Fezf2-CreER/wt;Ai166(TIT2L-MORF-ICL-tTA2)/wt,cell morphology,fMOST,VISpl5,cells,1,Allen Institute for Brain Science ,Sorensen ,1-U19-MH114830-01,zeng_fmost,BIL,,,,64 Days,Male,,,,9810.02,2146.909,2298.535
191807_7971_x7500_y7211,191807,mouse,NCBI:txid10090,Fezf2-CreER/wt;Ai166(TIT2L-MORF-ICL-tTA2)/wt,cell morphology,fMOST,VISpl5,cells,1,Allen Institute for Brain Science ,Sorensen ,1-U19-MH114830-01,zeng_fmost,BIL,,,,64 Days,Male,,,,9851.293,2396.399,2099.718
191807_7985_x5473_y10063,191807,mouse,NCBI:txid10090,Fezf2-CreER/wt;Ai166(TIT2L-MORF-ICL-tTA2)/wt,cell morphology,fMOST,VISp5,cells,1,Allen Institute for Brain Science ,Sorensen ,1-U19-MH114830-01,zeng_fmost,BIL,,,,64 Days,Male,,,,9722.543,1288.541,3473.915
191807_8102_x5725_y9586,191807,mouse,NCBI:txid10090,Fezf2-CreER/wt;Ai166(TIT2L-MORF-ICL-tTA2)/wt,cell morphology,fMOST,VISp5,cells,1,Allen Institute for Brain Science ,Sorensen ,1-U19-MH114830-01,zeng_fmost,BIL,,,,64 Days,Male,,,,9845.501,1400.493,3239.178
191807_8158_x7179_y9304,191807,mouse,NCBI:txid10090,Fezf2-CreER/wt;Ai166(TIT2L-MORF-ICL-tTA2)/wt,cell morphology,fMOST,VISpl5,cells,1,Allen Institute for Brain Science ,Sorensen ,1-U19-MH114830-01,zeng_fmost,BIL,,,,64 Days,Male,,,,10045.68,2154.942,3018.935
191812_5915_x3305_y21307,191812,mouse,NCBI:txid10090,Plxnd1-CreER/wt;Ai166(TIT2L-MORF-ICL-tTA2)/wt,cell morphology,fMOST,VISa2/3,cells,1,Allen Institute for Brain Science ,Sorensen ,1-U19-MH114830-01,zeng_fmost,BIL,,,,85 Days,Female,,,,7183.654,956.747,8229.2
191812_6207_x4040_y8998,191812,mouse,NCBI:txid10090,Plxnd1-CreER/wt;Ai166(TIT2L-MORF-ICL-tTA2)/wt,cell morphology,fMOST,VISrl4,cells,1,Allen Institute for Brain Science ,Sorensen ,1-U19-MH114830-01,zeng_fmost,BIL,,,,85 Days,Female,,,,7438.578,1035.433,3024.784
191812_6251_x3178_y20913,191812,mouse,NCBI:txid10090,Plxnd1-CreER/wt;Ai166(TIT2L-MORF-ICL-tTA2)/wt,cell morphology,fMOST,VISa4,cells,1,Allen Institute for Brain Science ,Sorensen ,1-U19-MH114830-01,zeng_fmost,BIL,,,,85 Days,Female,,,,7584.106,918.409,8035.378
191812_6426_x4032_y23056,191812,mouse,NCBI:txid10090,Plxnd1-CreER/wt;Ai166(TIT2L-MORF-ICL-tTA2)/wt,cell morphology,fMOST,VISrl4,cells,1,Allen Institute for Brain Science ,Sorensen ,1-U19-MH114830-01,zeng_fmost,BIL,,,,85 Days,Female,,,,7836.355,1381.661,8973.471
191812_6431_x3967_y9193,191812,mouse,NCBI:txid10090,Plxnd1-CreER/wt;Ai166(TIT2L-MORF-ICL-tTA2)/wt,cell morphology,fMOST,VISp5,cells,1,Allen Institute for Brain Science ,Sorensen ,1-U19-MH114830-01,zeng_fmost,BIL,,,,85 Days,Female,,,,7727.032,1050.953,3142.997
191812_6463_x3826_y9703,191812,mouse,NCBI:txid10090,Plxnd1-CreER/wt;Ai166(TIT2L-MORF-ICL-tTA2)/wt,cell morphology,fMOST,VISa5,cells,1,Allen Institute for Brain Science ,Sorensen ,1-U19-MH114830-01,zeng_fmost,BIL,,,,85 Days,Female,,,,7758.382,1001.066,3366.993
191812_6476_x3744_y9656,191812,mouse,NCBI:txid10090,Plxnd1-CreER/wt;Ai166(TIT2L-MORF-ICL-tTA2)/wt,cell morphology,fMOST,VISp4,cells,1,Allen Institute for Brain Science ,Sorensen ,1-U19-MH114830-01,zeng_fmost,BIL,,,,85 Days,Female,,,,7780.815,940.145,3339.094
191812_6477_x4010_y9201,191812,mouse,NCBI:txid10090,Plxnd1-CreER/wt;Ai166(TIT2L-MORF-ICL-tTA2)/wt,cell morphology,fMOST,VISp5,cells,1,Allen Institute for Brain Science ,Sorensen ,1-U19-MH114830-01,zeng_fmost,BIL,,,,85 Days,Female,,,,7783.97,1089.174,3156.509
191812_6568_x3828_y8764,191812,mouse,NCBI:txid10090,Plxnd1-CreER/wt;Ai166(TIT2L-MORF-ICL-tTA2)/wt,cell morphology,fMOST,VISp2/3,cells,1,Allen Institute for Brain Science ,Sorensen ,1-U19-MH114830-01,zeng_fmost,BIL,,,,85 Days,Female,,,,7921.237,926.88,2941.213
191812_6779_x4640_y7603,191812,mouse,NCBI:txid10090,Plxnd1-CreER/wt;Ai166(TIT2L-MORF-ICL-tTA2)/wt,cell morphology,fMOST,VISrl4,cells,1,Allen Institute for Brain Science ,Sorensen ,1-U19-MH114830-01,zeng_fmost,BIL,,,,85 Days,Female,,,,8240.211,1343.548,2462.546
191812_6854_x5676_y6355,191812,mouse,NCBI:txid10090,Plxnd1-CreER/wt;Ai166(TIT2L-MORF-ICL-tTA2)/wt,cell morphology,fMOST,VISal5,cells,1,Allen Institute for Brain Science ,Sorensen ,1-U19-MH114830-01,zeng_fmost,BIL,,,,85 Days,Female,,,,8364.008,1852.652,1867.991
191812_6895_x3630_y9992,191812,mouse,NCBI:txid10090,Plxnd1-CreER/wt;Ai166(TIT2L-MORF-ICL-tTA2)/wt,cell morphology,fMOST,VISp4,cells,1,Allen Institute for Brain Science ,Sorensen ,1-U19-MH114830-01,zeng_fmost,BIL,,,,85 Days,Female,,,,8330.492,900.093,3506.984
191812_7148_x3864_y9658,191812,mouse,NCBI:txid10090,Plxnd1-CreER/wt;Ai166(TIT2L-MORF-ICL-tTA2)/wt,cell morphology,fMOST,VISp5,cells,1,Allen Institute for Brain Science ,Sorensen ,1-U19-MH114830-01,zeng_fmost,BIL,,,,85 Days,Female,,,,8645.652,1034.132,3381.768
191812_7255_x5228_y7090,191812,mouse,NCBI:txid10090,Plxnd1-CreER/wt;Ai166(TIT2L-MORF-ICL-tTA2)/wt,cell morphology,fMOST,VISl4,cells,1,Allen Institute for Brain Science ,Sorensen ,1-U19-MH114830-01,zeng_fmost,BIL,,,,85 Days,Female,,,,8843.295,1638.195,2235.199
191812_7321_x4084_y22812,191812,mouse,NCBI:txid10090,Plxnd1-CreER/wt;Ai166(TIT2L-MORF-ICL-tTA2)/wt,cell morphology,fMOST,VISp4,cells,1,Allen Institute for Brain Science ,Sorensen ,1-U19-MH114830-01,zeng_fmost,BIL,,,,85 Days,Female,,,,8938.616,1439.141,8783.049
191812_7379_x5715_y24777,191812,mouse,NCBI:txid10090,Plxnd1-CreER/wt;Ai166(TIT2L-MORF-ICL-tTA2)/wt,cell morphology,fMOST,VISli5,cells,1,Allen Institute for Brain Science ,Sorensen ,1-U19-MH114830-01,zeng_fmost,BIL,,,,85 Days,Female,,,,9059.711,2279.079,9693.209
191812_7414_x5193_y24236,191812,mouse,NCBI:txid10090,Plxnd1-CreER/wt;Ai166(TIT2L-MORF-ICL-tTA2)/wt,cell morphology,fMOST,VISl5,cells,1,Allen Institute for Brain Science ,Sorensen ,1-U19-MH114830-01,zeng_fmost,BIL,,,,85 Days,Female,,,,9101.392,2008.012,9437.851
191812_7460_x2919_y19536,191812,mouse,NCBI:txid10090,Plxnd1-CreER/wt;Ai166(TIT2L-MORF-ICL-tTA2)/wt,cell morphology,fMOST,VISp5,cells,1,Allen Institute for Brain Science ,Sorensen ,1-U19-MH114830-01,zeng_fmost,BIL,,,,85 Days,Female,,,,9116.408,795.401,7398.537
191812_7487_x5132_y7313,191812,mouse,NCBI:txid10090,Plxnd1-CreER/wt;Ai166(TIT2L-MORF-ICL-tTA2)/wt,cell morphology,fMOST,VISp4,cells,1,Allen Institute for Brain Science ,Sorensen ,1-U19-MH114830-01,zeng_fmost,BIL,,,,85 Days,Female,,,,9128.266,1597.273,2350.411
191812_7534_x5622_y24592,191812,mouse,NCBI:txid10090,Plxnd1-CreER/wt;Ai166(TIT2L-MORF-ICL-tTA2)/wt,cell morphology,fMOST,VISli5,cells,1,Allen Institute for Brain Science ,Sorensen ,1-U19-MH114830-01,zeng_fmost,BIL,,,,85 Days,Female,,,,9235.013,2230.943,9594.914
191812_7586_x4315_y23900,191812,mouse,NCBI:txid10090,Plxnd1-CreER/wt;Ai166(TIT2L-MORF-ICL-tTA2)/wt,cell morphology,fMOST,VISl2/3,cells,1,Allen Institute for Brain Science ,Sorensen ,1-U19-MH114830-01,zeng_fmost,BIL,,,,85 Days,Female,,,,9324.966,1526.948,9316.312
191812_7597_x5133_y23993,191812,mouse,NCBI:txid10090,Plxnd1-CreER/wt;Ai166(TIT2L-MORF-ICL-tTA2)/wt,cell morphology,fMOST,VISl4,cells,1,Allen Institute for Brain Science ,Sorensen ,1-U19-MH114830-01,zeng_fmost,BIL,,,,85 Days,Female,,,,9332.6,1984.216,9315.739
191812_7717_x6201_y6443,191812,mouse,NCBI:txid10090,Plxnd1-CreER/wt;Ai166(TIT2L-MORF-ICL-tTA2)/wt,cell morphology,fMOST,VISl5,cells,1,Allen Institute for Brain Science ,Sorensen ,1-U19-MH114830-01,zeng_fmost,BIL,,,,85 Days,Female,,,,9408.853,2161.002,1944.765
191812_7881_x7006_y5915,191812,mouse,NCBI:txid10090,Plxnd1-CreER/wt;Ai166(TIT2L-MORF-ICL-tTA2)/wt,cell morphology,fMOST,VISpor5,cells,1,Allen Institute for Brain Science ,Sorensen ,1-U19-MH114830-01,zeng_fmost,BIL,,,,85 Days,Female,,,,9618.42,2589.923,1671.929
191812_7886_x4342_y22754,191812,mouse,NCBI:txid10090,Plxnd1-CreER/wt;Ai166(TIT2L-MORF-ICL-tTA2)/wt,cell morphology,fMOST,VISp2/3,cells,1,Allen Institute for Brain Science ,Sorensen ,1-U19-MH114830-01,zeng_fmost,BIL,,,,85 Days,Female,,,,9703.343,1562.708,8768.993
191812_7938_x6892_y25312,191812,mouse,NCBI:txid10090,Plxnd1-CreER/wt;Ai166(TIT2L-MORF-ICL-tTA2)/wt,cell morphology,fMOST,VISpor2/3,cells,1,Allen Institute for Brain Science ,Sorensen ,1-U19-MH114830-01,zeng_fmost,BIL,,,,85 Days,Female,,,,9761.024,2932.053,9945.052
191812_7977_x5136_y23324,191812,mouse,NCBI:txid10090,Plxnd1-CreER/wt;Ai166(TIT2L-MORF-ICL-tTA2)/wt,cell morphology,fMOST,VISp4,cells,1,Allen Institute for Brain Science ,Sorensen ,1-U19-MH114830-01,zeng_fmost,BIL,,,,85 Days,Female,,,,9830.941,1996.563,9013.06
191812_7998_x5408_y23691,191812,mouse,NCBI:txid10090,Plxnd1-CreER/wt;Ai166(TIT2L-MORF-ICL-tTA2)/wt,cell morphology,fMOST,VISpl5,cells,1,Allen Institute for Brain Science ,Sorensen ,1-U19-MH114830-01,zeng_fmost,BIL,,,,85 Days,Female,,,,9852.198,2137.898,9185.589
191812_8013_x7581_y5690,191812,mouse,NCBI:txid10090,Plxnd1-CreER/wt;Ai166(TIT2L-MORF-ICL-tTA2)/wt,cell morphology,fMOST,VISpor5,cells,1,Allen Institute for Brain Science ,Sorensen ,1-U19-MH114830-01,zeng_fmost,BIL,,,,85 Days,Female,,,,9771.481,2904.587,1560.794
191812_8096_x5297_y8332,191812,mouse,NCBI:txid10090,Plxnd1-CreER/wt;Ai166(TIT2L-MORF-ICL-tTA2)/wt,cell morphology,fMOST,VISp5,cells,1,Allen Institute for Brain Science ,Sorensen ,1-U19-MH114830-01,zeng_fmost,BIL,,,,85 Days,Female,,,,9919.771,1736.195,2822.348
191812_8172_x4789_y8339,191812,mouse,NCBI:txid10090,Plxnd1-CreER/wt;Ai166(TIT2L-MORF-ICL-tTA2)/wt,cell morphology,fMOST,VISp2/3,cells,1,Allen Institute for Brain Science ,Sorensen ,1-U19-MH114830-01,zeng_fmost,BIL,,,,85 Days,Female,,,,10054.788,1429.239,2805.027
191812_8233_x6397_y7234,191812,mouse,NCBI:txid10090,Plxnd1-CreER/wt;Ai166(TIT2L-MORF-ICL-tTA2)/wt,cell morphology,fMOST,VISpl5,cells,1,Allen Institute for Brain Science ,Sorensen ,1-U19-MH114830-01,zeng_fmost,BIL,,,,85 Days,Female,,,,10060.749,2300.078,2288.961
191812_8235_x5804_y7784,191812,mouse,NCBI:txid10090,Plxnd1-CreER/wt;Ai166(TIT2L-MORF-ICL-tTA2)/wt,cell morphology,fMOST,VISpl4,cells,1,Allen Institute for Brain Science ,Sorensen ,1-U19-MH114830-01,zeng_fmost,BIL,,,,85 Days,Female,,,,10086.985,1993.21,2558.472
191812_8356_x5861_y7841,191812,mouse,NCBI:txid10090,Plxnd1-CreER/wt;Ai166(TIT2L-MORF-ICL-tTA2)/wt,cell morphology,fMOST,VISpl2/3,cells,1,Allen Institute for Brain Science ,Sorensen ,1-U19-MH114830-01,zeng_fmost,BIL,,,,85 Days,Female,,,,10228.084,2031.704,2582.368
191813_6154_x4714_y9350,191813,mouse,NCBI:txid10090,Plxnd1-CreER;Ai166,cell morphology,fMOST,VISa4,cells,1,Allen Institute for Brain Science ,Sorensen ,1-U19-MH114830-01,zeng_fmost,BIL,,,,85 Days,Female,,,,7457.037,824.089,3616.699
191813_6215_x5154_y8328,191813,mouse,NCBI:txid10090,Plxnd1-CreER;Ai166,cell morphology,fMOST,VISa4,cells,1,Allen Institute for Brain Science ,Sorensen ,1-U19-MH114830-01,zeng_fmost,BIL,,,,85 Days,Female,,,,7570.693,966.048,3137.62
191813_6524_x2579_y18950,191813,mouse,NCBI:txid10090,Plxnd1-CreER;Ai166,cell morphology,fMOST,VISp4,cells,1,Allen Institute for Brain Science ,Sorensen ,1-U19-MH114830-01,zeng_fmost,BIL,,,,85 Days,Female,,,,7841.538,888.615,8109.927
191813_6588_x2661_y18498,191813,mouse,NCBI:txid10090,Plxnd1-CreER;Ai166,cell morphology,fMOST,VISpm4,cells,1,Allen Institute for Brain Science ,Sorensen ,1-U19-MH114830-01,zeng_fmost,BIL,,,,85 Days,Female,,,,7922.106,860.933,7903.921
191813_6745_x2825_y19481,191813,mouse,NCBI:txid10090,Plxnd1-CreER;Ai166,cell morphology,fMOST,VISp5,cells,1,Allen Institute for Brain Science ,Sorensen ,1-U19-MH114830-01,zeng_fmost,BIL,,,,85 Days,Female,,,,8169.146,1133.962,8311.258
191813_6829_x5209_y8545,191813,mouse,NCBI:txid10090,Plxnd1-CreER;Ai166,cell morphology,fMOST,VISp4,cells,1,Allen Institute for Brain Science ,Sorensen ,1-U19-MH114830-01,zeng_fmost,BIL,,,,85 Days,Female,,,,8414.051,1023.136,3270.29
191813_6871_x5237_y8478,191813,mouse,NCBI:txid10090,Plxnd1-CreER;Ai166,cell morphology,fMOST,VISp4,cells,1,Allen Institute for Brain Science ,Sorensen ,1-U19-MH114830-01,zeng_fmost,BIL,,,,85 Days,Female,,,,8475.528,1020.557,3238.444
191813_6879_x2723_y19955,191813,mouse,NCBI:txid10090,Plxnd1-CreER;Ai166,cell morphology,fMOST,VISp4,cells,1,Allen Institute for Brain Science ,Sorensen ,1-U19-MH114830-01,zeng_fmost,BIL,,,,85 Days,Female,,,,8343.835,1124.905,8533.732
191813_7160_x2719_y18910,191813,mouse,NCBI:txid10090,Plxnd1-CreER;Ai166,cell morphology,fMOST,VISp4,cells,1,Allen Institute for Brain Science ,Sorensen ,1-U19-MH114830-01,zeng_fmost,BIL,,,,85 Days,Female,,,,8693.049,940.481,8090.627
191813_7214_x4724_y9812,191813,mouse,NCBI:txid10090,Plxnd1-CreER;Ai166,cell morphology,fMOST,VISp5,cells,1,Allen Institute for Brain Science ,Sorensen ,1-U19-MH114830-01,zeng_fmost,BIL,,,,85 Days,Female,,,,8893.917,834.389,3891.844
191813_7224_x2864_y17670,191813,mouse,NCBI:txid10090,Plxnd1-CreER;Ai166,cell morphology,fMOST,VISp4,cells,1,Allen Institute for Brain Science ,Sorensen ,1-U19-MH114830-01,zeng_fmost,BIL,,,,85 Days,Female,,,,8788.935,803.576,7510.73
192337_6620_x4736_y30611,192337,mouse,NCBI:txid10090,Nxph4-T2A-CreERT2/wt;Ai166(TIT2L-MORF-ICL-tTA2)/wt,cell morphology,fMOST,or,cells,1,Allen Institute for Brain Science ,Sorensen ,1-U19-MH114830-01,zeng_fmost,BIL,,,,73 Days,Male,,,,8035.75,2085.281,9106.519
192337_6764_x4864_y14655,192337,mouse,NCBI:txid10090,Nxph4-T2A-CreERT2/wt;Ai166(TIT2L-MORF-ICL-tTA2)/wt,cell morphology,fMOST,cing,cells,1,Allen Institute for Brain Science ,Sorensen ,1-U19-MH114830-01,zeng_fmost,BIL,,,,73 Days,Male,,,,8054.529,1168.155,4332.442
192337_7344_x3850_y25781,192337,mouse,NCBI:txid10090,Nxph4-T2A-CreERT2/wt;Ai166(TIT2L-MORF-ICL-tTA2)/wt,cell morphology,fMOST,fp,cells,1,Allen Institute for Brain Science ,Sorensen ,1-U19-MH114830-01,zeng_fmost,BIL,,,,73 Days,Male,,,,8831.374,1507.378,7697.832
192337_7585_x7231_y9932,192337,mouse,NCBI:txid10090,Nxph4-T2A-CreERT2/wt;Ai166(TIT2L-MORF-ICL-tTA2)/wt,cell morphology,fMOST,VISp6a,cells,1,Allen Institute for Brain Science ,Sorensen ,1-U19-MH114830-01,zeng_fmost,BIL,,,,73 Days,Male,,,,9020.183,1830.875,2778.537
192337_7659_x5929_y12351,192337,mouse,NCBI:txid10090,Nxph4-T2A-CreERT2/wt;Ai166(TIT2L-MORF-ICL-tTA2)/wt,cell morphology,fMOST,VISp6b,cells,1,Allen Institute for Brain Science ,Sorensen ,1-U19-MH114830-01,zeng_fmost,BIL,,,,73 Days,Male,,,,9135.534,1488.728,3532.313
192339_6660_x3904_y20076,192339,mouse,NCBI:txid10090,Nxph4-T2A-CreERT2/wt;Ai166(TIT2L-MORF-ICL-tTA2)/wt,cell morphology,fMOST,VISp6a,cells,1,Allen Institute for Brain Science ,Sorensen ,1-U19-MH114830-01,zeng_fmost,BIL,,,,73 Days,Female,,,,8595.216,1410.775,7920.369
192339_6826_x4163_y21198,192339,mouse,NCBI:txid10090,Nxph4-T2A-CreERT2/wt;Ai166(TIT2L-MORF-ICL-tTA2)/wt,cell morphology,fMOST,or,cells,1,Allen Institute for Brain Science ,Sorensen ,1-U19-MH114830-01,zeng_fmost,BIL,,,,73 Days,Female,,,,8707.98,1743.925,8412.271
192339_6840_x3817_y19709,192339,mouse,NCBI:txid10090,Nxph4-T2A-CreERT2/wt;Ai166(TIT2L-MORF-ICL-tTA2)/wt,cell morphology,fMOST,VISp6a,cells,1,Allen Institute for Brain Science ,Sorensen ,1-U19-MH114830-01,zeng_fmost,BIL,,,,73 Days,Female,,,,8855.867,1388.794,7765.376
192339_7392_x6785_y6440,192339,mouse,NCBI:txid10090,Nxph4-T2A-CreERT2/wt;Ai166(TIT2L-MORF-ICL-tTA2)/wt,cell morphology,fMOST,VISpor6b,cells,1,Allen Institute for Brain Science ,Sorensen ,1-U19-MH114830-01,zeng_fmost,BIL,,,,73 Days,Female,,,,9314.347,2895.009,1898.852
192340_6224_x4867_y27176,192340,mouse,NCBI:txid10090,Nxph4-T2A-CreERT2/wt;Ai166(TIT2L-MORF-ICL-tTA2)/wt,cell morphology,fMOST,VISa6b,cells,1,Allen Institute for Brain Science ,Sorensen ,1-U19-MH114830-01,zeng_fmost,BIL,,,,73 Days,Female,,,,7716.559,1406.779,8080.997
192340_6365_x5976_y13673,192340,mouse,NCBI:txid10090,Nxph4-T2A-CreERT2/wt;Ai166(TIT2L-MORF-ICL-tTA2)/wt,cell morphology,fMOST,VISpm6a,cells,1,Allen Institute for Brain Science ,Sorensen ,1-U19-MH114830-01,zeng_fmost,BIL,,,,73 Days,Female,,,,8049.301,1173.615,4129.408
192341_6482_x3479_y8069,192341,mouse,NCBI:txid10090,Nxph4-T2A-CreERT2;Ai166,cell morphology,fMOST,or,cells,1,Allen Institute for Brain Science ,Sorensen ,1-U19-MH114830-01,zeng_fmost,BIL,,,,63 Days,Female,,,,8150.957,1822.733,2618.039
192341_6527_x4499_y23282,192341,mouse,NCBI:txid10090,Nxph4-T2A-CreERT2;Ai166,cell morphology,fMOST,or,cells,1,Allen Institute for Brain Science ,Sorensen ,1-U19-MH114830-01,zeng_fmost,BIL,,,,63 Days,Female,,,,7938.608,2362.765,9298.863
192341_7115_x3118_y9770,192341,mouse,NCBI:txid10090,Nxph4-T2A-CreERT2;Ai166,cell morphology,fMOST,or,cells,1,Allen Institute for Brain Science ,Sorensen ,1-U19-MH114830-01,zeng_fmost,BIL,,,,63 Days,Female,,,,8961.029,1689.738,3312.495
192341_7303_x4923_y6376,192341,mouse,NCBI:txid10090,Nxph4-T2A-CreERT2;Ai166,cell morphology,fMOST,or,cells,1,Allen Institute for Brain Science ,Sorensen ,1-U19-MH114830-01,zeng_fmost,BIL,,,,63 Days,Female,,,,9054.84,2702.789,1903.048
192342_6838_x4850_y2371,192342,mouse,NCBI:txid10090,Plxnd1-CreER/wt;Ai166(TIT2L-MORF-ICL-tTA2)/wt,cell morphology,fMOST,VISal4,cells,1,Allen Institute for Brain Science ,Sorensen ,1-U19-MH114830-01,zeng_fmost,BIL,,,,109 Days,Male,,,,8133.483,1580.143,9340.764
192342_6941_x3482_y21640,192342,mouse,NCBI:txid10090,Plxnd1-CreER/wt;Ai166(TIT2L-MORF-ICL-tTA2)/wt,cell morphology,fMOST,VISp2/3,cells,1,Allen Institute for Brain Science ,Sorensen ,1-U19-MH114830-01,zeng_fmost,BIL,,,,109 Days,Male,,,,8228.721,911.124,8428.291
192342_8032_x5502_y5809,192342,mouse,NCBI:txid10090,Plxnd1-CreER/wt;Ai166(TIT2L-MORF-ICL-tTA2)/wt,cell morphology,fMOST,VISpor4,cells,1,Allen Institute for Brain Science ,Sorensen ,1-U19-MH114830-01,zeng_fmost,BIL,,,,109 Days,Male,,,,9584.573,2643.932,1562.423
192342_8141_x6037_y23548,192342,mouse,NCBI:txid10090,Plxnd1-CreER/wt;Ai166(TIT2L-MORF-ICL-tTA2)/wt,cell morphology,fMOST,VISpl5,cells,1,Allen Institute for Brain Science ,Sorensen ,1-U19-MH114830-01,zeng_fmost,BIL,,,,109 Days,Male,,,,9803.029,2257.353,9282.664
192343_5742_x3633_y12817,192343,mouse,NCBI:txid10090,Plxnd1-CreER/wt;Ai166(TIT2L-MORF-ICL-tTA2)/wt,cell morphology,fMOST,VISa2/3,cells,1,Allen Institute for Brain Science ,Sorensen ,1-U19-MH114830-01,zeng_fmost,BIL,,,,109 Days,Female,,,,6973.247,548.667,4263.878
192343_6777_x4052_y23666,192343,mouse,NCBI:txid10090,Plxnd1-CreER/wt;Ai166(TIT2L-MORF-ICL-tTA2)/wt,cell morphology,fMOST,VISp4,cells,1,Allen Institute for Brain Science ,Sorensen ,1-U19-MH114830-01,zeng_fmost,BIL,,,,109 Days,Female,,,,8376.273,1271.926,8909.312
192343_7174_x3824_y23571,192343,mouse,NCBI:txid10090,Plxnd1-CreER/wt;Ai166(TIT2L-MORF-ICL-tTA2)/wt,cell morphology,fMOST,VISp2/3,cells,1,Allen Institute for Brain Science ,Sorensen ,1-U19-MH114830-01,zeng_fmost,BIL,,,,109 Days,Female,,,,8875.586,1271.628,8857.333
192343_7524_x5744_y25593,192343,mouse,NCBI:txid10090,Plxnd1-CreER/wt;Ai166(TIT2L-MORF-ICL-tTA2)/wt,cell morphology,fMOST,VISpor5,cells,1,Allen Institute for Brain Science ,Sorensen ,1-U19-MH114830-01,zeng_fmost,BIL,,,,109 Days,Female,,,,9147.339,2433.987,9797.163
192343_7862_x5206_y6520,192343,mouse,NCBI:txid10090,Plxnd1-CreER/wt;Ai166(TIT2L-MORF-ICL-tTA2)/wt,cell morphology,fMOST,VISpor2/3,cells,1,Allen Institute for Brain Science ,Sorensen ,1-U19-MH114830-01,zeng_fmost,BIL,,,,109 Days,Female,,,,9514.992,2433.05,1554.464
192348_8164_x3381_y21012,192348,mouse,NCBI:txid10090,Tacr1-T2A-Cre/wt;Sst-IRES-FlpO/wt;Ai188(TA2T2L-EGFP-ICF-tTA2)-hyg/wt,cell morphology,fMOST,VISp6a,cells,1,Allen Institute for Brain Science ,Sorensen ,1-U19-MH114830-01,zeng_fmost,BIL,,,,106 Days,Male,,,,9067.077,1403.1,7914.494
194065_6750_x3779_y21393,194065,mouse,NCBI:txid10090,Cux2-CreERT2/wt;Ai166(TIT2L-MORF-ICL-tTA2)/wt,cell morphology,fMOST,VISp2/3,cells,1,Allen Institute for Brain Science ,Sorensen ,1-U19-MH114830-01,zeng_fmost,BIL,,,,89 Days,Male,,,,8287.859,676.355,8100.243
194065_7154_x2800_y12603,194065,mouse,NCBI:txid10090,Cux2-CreERT2/wt;Ai166(TIT2L-MORF-ICL-tTA2)/wt,cell morphology,fMOST,VISpm2/3,cells,1,Allen Institute for Brain Science ,Sorensen ,1-U19-MH114830-01,zeng_fmost,BIL,,,,89 Days,Male,,,,8825.93,523.916,4181.065
194069_6480_x4276_y11858,194069,mouse,NCBI:txid10090,Fezf2-CreER/wt;Ai166(TIT2L-MORF-ICL-tTA2)/wt,cell morphology,fMOST,VISam5,cells,1,Allen Institute for Brain Science ,Sorensen ,1-U19-MH114830-01,zeng_fmost,BIL,,,,104 Days,Male,,,,7787.122,752.7,4180.768
194069_6614_x3338_y19996,194069,mouse,NCBI:txid10090,Fezf2-CreER/wt;Ai166(TIT2L-MORF-ICL-tTA2)/wt,cell morphology,fMOST,VISam5,cells,1,Allen Institute for Brain Science ,Sorensen ,1-U19-MH114830-01,zeng_fmost,BIL,,,,104 Days,Male,,,,7792.997,1013.929,7732.183
194069_6665_x4527_y10686,194069,mouse,NCBI:txid10090,Fezf2-CreER/wt;Ai166(TIT2L-MORF-ICL-tTA2)/wt,cell morphology,fMOST,VISpm5,cells,1,Allen Institute for Brain Science ,Sorensen ,1-U19-MH114830-01,zeng_fmost,BIL,,,,104 Days,Male,,,,8057.69,907.093,3658.428
194069_6771_x4023_y23667,194069,mouse,NCBI:txid10090,Fezf2-CreER/wt;Ai166(TIT2L-MORF-ICL-tTA2)/wt,cell morphology,fMOST,VISal5,cells,1,Allen Institute for Brain Science ,Sorensen ,1-U19-MH114830-01,zeng_fmost,BIL,,,,104 Days,Male,,,,7992.894,1786.669,9253.204
194069_7166_x5939_y8426,194069,mouse,NCBI:txid10090,Fezf2-CreER/wt;Ai166(TIT2L-MORF-ICL-tTA2)/wt,cell morphology,fMOST,VISp6a,cells,1,Allen Institute for Brain Science ,Sorensen ,1-U19-MH114830-01,zeng_fmost,BIL,,,,104 Days,Male,,,,8826.13,1746.026,2660.58
194069_7189_x5459_y8724,194069,mouse,NCBI:txid10090,Fezf2-CreER/wt;Ai166(TIT2L-MORF-ICL-tTA2)/wt,cell morphology,fMOST,VISp5,cells,1,Allen Institute for Brain Science ,Sorensen ,1-U19-MH114830-01,zeng_fmost,BIL,,,,104 Days,Male,,,,8831.455,1436.132,2803.568
194069_7216_x3715_y22464,194069,mouse,NCBI:txid10090,Fezf2-CreER/wt;Ai166(TIT2L-MORF-ICL-tTA2)/wt,cell morphology,fMOST,VISp6a,cells,1,Allen Institute for Brain Science ,Sorensen ,1-U19-MH114830-01,zeng_fmost,BIL,,,,104 Days,Male,,,,8538.248,1637.959,8752.509
194069_7313_x3495_y20668,194069,mouse,NCBI:txid10090,Fezf2-CreER/wt;Ai166(TIT2L-MORF-ICL-tTA2)/wt,cell morphology,fMOST,VISp6a,cells,1,Allen Institute for Brain Science ,Sorensen ,1-U19-MH114830-01,zeng_fmost,BIL,,,,104 Days,Male,,,,8629.486,1340.335,8021.846
194069_7382_x3692_y22255,194069,mouse,NCBI:txid10090,Fezf2-CreER/wt;Ai166(TIT2L-MORF-ICL-tTA2)/wt,cell morphology,fMOST,VISp5,cells,1,Allen Institute for Brain Science ,Sorensen ,1-U19-MH114830-01,zeng_fmost,BIL,,,,104 Days,Male,,,,8738.645,1616.034,8672.566
194069_7406_x4443_y11111,194069,mouse,NCBI:txid10090,Fezf2-CreER/wt;Ai166(TIT2L-MORF-ICL-tTA2)/wt,cell morphology,fMOST,VISp5,cells,1,Allen Institute for Brain Science ,Sorensen ,1-U19-MH114830-01,zeng_fmost,BIL,,,,104 Days,Male,,,,9005.195,877.66,3911.924
194069_7408_x5410_y9170,194069,mouse,NCBI:txid10090,Fezf2-CreER/wt;Ai166(TIT2L-MORF-ICL-tTA2)/wt,cell morphology,fMOST,VISp5,cells,1,Allen Institute for Brain Science ,Sorensen ,1-U19-MH114830-01,zeng_fmost,BIL,,,,104 Days,Male,,,,9080.715,1433.095,3008.959
194069_7499_x4635_y10487,194069,mouse,NCBI:txid10090,Fezf2-CreER/wt;Ai166(TIT2L-MORF-ICL-tTA2)/wt,cell morphology,fMOST,VISp5,cells,1,Allen Institute for Brain Science ,Sorensen ,1-U19-MH114830-01,zeng_fmost,BIL,,,,104 Days,Male,,,,9142.917,979.829,3631.155
194069_7541_x6312_y7823,194069,mouse,NCBI:txid10090,Fezf2-CreER/wt;Ai166(TIT2L-MORF-ICL-tTA2)/wt,cell morphology,fMOST,VISp5,cells,1,Allen Institute for Brain Science ,Sorensen ,1-U19-MH114830-01,zeng_fmost,BIL,,,,104 Days,Male,,,,9303.768,1842.224,2370.397
194069_7629_x6739_y7566,194069,mouse,NCBI:txid10090,Fezf2-CreER/wt;Ai166(TIT2L-MORF-ICL-tTA2)/wt,cell morphology,fMOST,VISl5,cells,1,Allen Institute for Brain Science ,Sorensen ,1-U19-MH114830-01,zeng_fmost,BIL,,,,104 Days,Male,,,,9414.374,2068.96,2236.475
194069_7724_x4289_y23661,194069,mouse,NCBI:txid10090,Fezf2-CreER/wt;Ai166(TIT2L-MORF-ICL-tTA2)/wt,cell morphology,fMOST,VISl5,cells,1,Allen Institute for Brain Science ,Sorensen ,1-U19-MH114830-01,zeng_fmost,BIL,,,,104 Days,Male,,,,9151.624,2060.447,9253.272
194069_7827_x3508_y20244,194069,mouse,NCBI:txid10090,Fezf2-CreER/wt;Ai166(TIT2L-MORF-ICL-tTA2)/wt,cell morphology,fMOST,VISp5,cells,1,Allen Institute for Brain Science ,Sorensen ,1-U19-MH114830-01,zeng_fmost,BIL,,,,104 Days,Male,,,,9324.79,1224.419,7843.777
194069_7890_x3746_y21746,194069,mouse,NCBI:txid10090,Fezf2-CreER/wt;Ai166(TIT2L-MORF-ICL-tTA2)/wt,cell morphology,fMOST,VISp5,cells,1,Allen Institute for Brain Science ,Sorensen ,1-U19-MH114830-01,zeng_fmost,BIL,,,,104 Days,Male,,,,9373.279,1557.115,8482.771
194069_7949_x5085_y10196,194069,mouse,NCBI:txid10090,Fezf2-CreER/wt;Ai166(TIT2L-MORF-ICL-tTA2)/wt,cell morphology,fMOST,VISp5,cells,1,Allen Institute for Brain Science ,Sorensen ,1-U19-MH114830-01,zeng_fmost,BIL,,,,104 Days,Male,,,,9771.997,1254.909,3525.114
194069_7960_x3680_y21513,194069,mouse,NCBI:txid10090,Fezf2-CreER/wt;Ai166(TIT2L-MORF-ICL-tTA2)/wt,cell morphology,fMOST,VISp5,cells,1,Allen Institute for Brain Science ,Sorensen ,1-U19-MH114830-01,zeng_fmost,BIL,,,,104 Days,Male,,,,9465.479,1479.763,8393.503
194069_8027_x4187_y22761,194069,mouse,NCBI:txid10090,Fezf2-CreER/wt;Ai166(TIT2L-MORF-ICL-tTA2)/wt,cell morphology,fMOST,VISp5,cells,1,Allen Institute for Brain Science ,Sorensen ,1-U19-MH114830-01,zeng_fmost,BIL,,,,104 Days,Male,,,,9512.728,1901.629,8899.271
194069_8053_x5370_y24809,194069,mouse,NCBI:txid10090,Fezf2-CreER/wt;Ai166(TIT2L-MORF-ICL-tTA2)/wt,cell morphology,fMOST,VISpor5,cells,1,Allen Institute for Brain Science ,Sorensen ,1-U19-MH114830-01,zeng_fmost,BIL,,,,104 Days,Male,,,,9484.96,2722.072,9723.736
194069_8063_x5880_y9133,194069,mouse,NCBI:txid10090,Fezf2-CreER/wt;Ai166(TIT2L-MORF-ICL-tTA2)/wt,cell morphology,fMOST,VISp5,cells,1,Allen Institute for Brain Science ,Sorensen ,1-U19-MH114830-01,zeng_fmost,BIL,,,,104 Days,Male,,,,9933.971,1668.795,3011.436
194069_8151_x5946_y25268,194069,mouse,NCBI:txid10090,Fezf2-CreER/wt;Ai166(TIT2L-MORF-ICL-tTA2)/wt,cell morphology,fMOST,VISpor5,cells,1,Allen Institute for Brain Science ,Sorensen ,1-U19-MH114830-01,zeng_fmost,BIL,,,,104 Days,Male,,,,9567.162,3072.881,9891.793
194069_8220_x4330_y22689,194069,mouse,NCBI:txid10090,Fezf2-CreER/wt;Ai166(TIT2L-MORF-ICL-tTA2)/wt,cell morphology,fMOST,VISp5,cells,1,Allen Institute for Brain Science ,Sorensen ,1-U19-MH114830-01,zeng_fmost,BIL,,,,104 Days,Male,,,,9733.056,1967.745,8873.22
194069_8231_x4410_y22897,194069,mouse,NCBI:txid10090,Fezf2-CreER/wt;Ai166(TIT2L-MORF-ICL-tTA2)/wt,cell morphology,fMOST,VISp5,cells,1,Allen Institute for Brain Science ,Sorensen ,1-U19-MH114830-01,zeng_fmost,BIL,,,,104 Days,Male,,,,9739.928,2029.189,8961.738
194079_7452_x4416_y23624,194079,mouse,NCBI:txid10090,Plxnd1-CreER/wt;Ai166(TIT2L-MORF-ICL-tTA2)/wt,cell morphology,fMOST,VISl5,cells,1,Allen Institute for Brain Science ,Sorensen ,1-U19-MH114830-01,zeng_fmost,BIL,,,,72 Days,Female,,,,9187.138,1877.787,9183.577
194083_6175_x4064_y8142,194083,mouse,NCBI:txid10090,Tle4-CreER/wt;Ai166(TIT2L-MORF-ICL-tTA2)/wt,cell morphology,fMOST,VISrl6a,cells,1,Allen Institute for Brain Science ,Sorensen ,1-U19-MH114830-01,zeng_fmost,BIL,,,,69 Days,Female,,,,7705.503,1527.456,2787.932
194083_6472_x2866_y11440,194083,mouse,NCBI:txid10090,Tle4-CreER/wt;Ai166(TIT2L-MORF-ICL-tTA2)/wt,cell morphology,fMOST,VISpm5,cells,1,Allen Institute for Brain Science ,Sorensen ,1-U19-MH114830-01,zeng_fmost,BIL,,,,69 Days,Female,,,,8134.304,790.497,4088.169
194083_6690_x3219_y11189,194083,mouse,NCBI:txid10090,Tle4-CreER/wt;Ai166(TIT2L-MORF-ICL-tTA2)/wt,cell morphology,fMOST,VISpm6a,cells,1,Allen Institute for Brain Science ,Sorensen ,1-U19-MH114830-01,zeng_fmost,BIL,,,,69 Days,Female,,,,8372.205,1067.902,4025.566
196476_6791_x3395_y20868,196476,mouse,NCBI:txid10090,Tle4-CreER/wt;Ai166(TIT2L-MORF-ICL-tTA2)/wt,cell morphology,fMOST,VISp6a,cells,1,Allen Institute for Brain Science ,Sorensen ,1-U19-MH114830-01,zeng_fmost,BIL,,,,60 Days,Male,,,,8029.98,1236.848,8073.168
196476_7159_x4408_y23171,196476,mouse,NCBI:txid10090,Tle4-CreER/wt;Ai166(TIT2L-MORF-ICL-tTA2)/wt,cell morphology,fMOST,VISl6a,cells,1,Allen Institute for Brain Science ,Sorensen ,1-U19-MH114830-01,zeng_fmost,BIL,,,,60 Days,Male,,,,8604.331,1883.15,8949.916
196476_7565_x3166_y19635,196476,mouse,NCBI:txid10090,Tle4-CreER/wt;Ai166(TIT2L-MORF-ICL-tTA2)/wt,cell morphology,fMOST,VISp5,cells,1,Allen Institute for Brain Science ,Sorensen ,1-U19-MH114830-01,zeng_fmost,BIL,,,,60 Days,Male,,,,8912.353,1015.514,7474.405
196476_7607_x3603_y20075,196476,mouse,NCBI:txid10090,Tle4-CreER/wt;Ai166(TIT2L-MORF-ICL-tTA2)/wt,cell morphology,fMOST,VISp6a,cells,1,Allen Institute for Brain Science ,Sorensen ,1-U19-MH114830-01,zeng_fmost,BIL,,,,60 Days,Male,,,,9028.855,1305.645,7634.894
196476_7824_x4173_y21243,196476,mouse,NCBI:txid10090,Tle4-CreER/wt;Ai166(TIT2L-MORF-ICL-tTA2)/wt,cell morphology,fMOST,VISp6a,cells,1,Allen Institute for Brain Science ,Sorensen ,1-U19-MH114830-01,zeng_fmost,BIL,,,,60 Days,Male,,,,9344.679,1653.466,8091.819
196476_7922_x4174_y21695,196476,mouse,NCBI:txid10090,Tle4-CreER/wt;Ai166(TIT2L-MORF-ICL-tTA2)/wt,cell morphology,fMOST,VISp6a,cells,1,Allen Institute for Brain Science ,Sorensen ,1-U19-MH114830-01,zeng_fmost,BIL,,,,60 Days,Male,,,,9471.523,1644.961,8288.503
196476_8116_x4425_y9934,196476,mouse,NCBI:txid10090,Tle4-CreER/wt;Ai166(TIT2L-MORF-ICL-tTA2)/wt,cell morphology,fMOST,VISp6a,cells,1,Allen Institute for Brain Science ,Sorensen ,1-U19-MH114830-01,zeng_fmost,BIL,,,,60 Days,Male,,,,9333.681,1514.461,3212.017
196476_8191_x6571_y6695,196476,mouse,NCBI:txid10090,Tle4-CreER/wt;Ai166(TIT2L-MORF-ICL-tTA2)/wt,cell morphology,fMOST,VISpor6a,cells,1,Allen Institute for Brain Science ,Sorensen ,1-U19-MH114830-01,zeng_fmost,BIL,,,,60 Days,Male,,,,9312.944,2665.418,1863.552
196476_8380_x4209_y10481,196476,mouse,NCBI:txid10090,Tle4-CreER/wt;Ai166(TIT2L-MORF-ICL-tTA2)/wt,cell morphology,fMOST,VISp5,cells,1,Allen Institute for Brain Science ,Sorensen ,1-U19-MH114830-01,zeng_fmost,BIL,,,,60 Days,Male,,,,9701.583,1356.403,3454.233
201603_6288_x7138_y5937,201603,mouse,NCBI:txid10090,Nxph4-T2A-CreERT2/wt;Ai166(TIT2L-MORF-ICL-tTA2)/wt,cell morphology,fMOST,or,cells,1,Allen Institute for Brain Science ,Sorensen ,1-U19-MH114830-01,zeng_fmost,BIL,,,,71 Days,Male,,,,7945.411,1635.282,8464.103
211541_5773_x16604_y16219,211541,mouse,NCBI:txid10090,Gpr139-IRES2-FlpO-WPRE,cell morphology,fMOST,VISa5,cells,1,Allen Institute for Brain Science ,Sorensen ,1-U19-MH114830-01,zeng_fmost,BIL,,,,60 days ,Female,,,,6932.923,1014.952,7246.842
211541_6633_x16017_y16343,211541,mouse,NCBI:txid10090,Gpr139-IRES2-FlpO-WPRE,cell morphology,fMOST,cing,cells,1,Allen Institute for Brain Science ,Sorensen ,1-U19-MH114830-01,zeng_fmost,BIL,,,,60 days ,Female,,,,8185.079,1135.652,7038.708
211541_6809_x4199_y14576,211541,mouse,NCBI:txid10090,Gpr139-IRES2-FlpO-WPRE,cell morphology,fMOST,VISli4,cells,1,Allen Institute for Brain Science ,Sorensen ,1-U19-MH114830-01,zeng_fmost,BIL,,,,60 days ,Female,,,,8871.871,2122.359,1687.54
211541_7083_x17997_y16517,211541,mouse,NCBI:txid10090,Gpr139-IRES2-FlpO-WPRE,cell morphology,fMOST,VISp5,cells,1,Allen Institute for Brain Science ,Sorensen ,1-U19-MH114830-01,zeng_fmost,BIL,,,,60 days ,Female,,,,8761.082,1203.302,7987.213
211541_7198_x4422_y13840,211541,mouse,NCBI:txid10090,Gpr139-IRES2-FlpO-WPRE,cell morphology,fMOST,VISpor6a,cells,1,Allen Institute for Brain Science ,Sorensen ,1-U19-MH114830-01,zeng_fmost,BIL,,,,60 days ,Female,,,,9168.771,2640.424,1881.371
211541_7381_x7249_y16155,211541,mouse,NCBI:txid10090,Gpr139-IRES2-FlpO-WPRE,cell morphology,fMOST,VISp5,cells,1,Allen Institute for Brain Science ,Sorensen ,1-U19-MH114830-01,zeng_fmost,BIL,,,,60 days ,Female,,,,9560.656,1468.289,3024.23
211541_7397_x6860_y15587,211541,mouse,NCBI:txid10090,Gpr139-IRES2-FlpO-WPRE,cell morphology,fMOST,VISp6a,cells,1,Allen Institute for Brain Science ,Sorensen ,1-U19-MH114830-01,zeng_fmost,BIL,,,,60 days ,Female,,,,9538.182,1807.493,2869.395
211541_7408_x19719_y16313,211541,mouse,NCBI:txid10090,Gpr139-IRES2-FlpO-WPRE,cell morphology,fMOST,VISp4,cells,1,Allen Institute for Brain Science ,Sorensen ,1-U19-MH114830-01,zeng_fmost,BIL,,,,60 days ,Female,,,,9141.486,1421.598,8768.263
211541_7642_x7572_y16296,211541,mouse,NCBI:txid10090,Gpr139-IRES2-FlpO-WPRE,cell morphology,fMOST,VISp5,cells,1,Allen Institute for Brain Science ,Sorensen ,1-U19-MH114830-01,zeng_fmost,BIL,,,,60 days ,Female,,,,9872.385,1460.035,3197.979
211541_7867_x20439_y14832,211541,mouse,NCBI:txid10090,Gpr139-IRES2-FlpO-WPRE,cell morphology,fMOST,VISl6a,cells,1,Allen Institute for Brain Science ,Sorensen ,1-U19-MH114830-01,zeng_fmost,BIL,,,,60 days ,Female,,,,9537.157,2311.059,9036.706
211541_8004_x20499_y15083,211541,mouse,NCBI:txid10090,Gpr139-IRES2-FlpO-WPRE,cell morphology,fMOST,VISpl5,cells,1,Allen Institute for Brain Science ,Sorensen ,1-U19-MH114830-01,zeng_fmost,BIL,,,,60 days ,Female,,,,9760.966,2192.188,9073.241
211550_6674_x20158_y16621,211550,mouse,NCBI:txid10090,Chrna6-IRES2-FlpO-WPRE-neo,cell morphology,fMOST,VISp5,cells,1,Allen Institute for Brain Science ,Sorensen ,1-U19-MH114830-01,zeng_fmost,BIL,,,,89 days ,Male,,,,8061.52,1352.11,8452.704
211550_6721_x20655_y16337,211550,mouse,NCBI:txid10090,Chrna6-IRES2-FlpO-WPRE-neo,cell morphology,fMOST,VISp5,cells,1,Allen Institute for Brain Science ,Sorensen ,1-U19-MH114830-01,zeng_fmost,BIL,,,,89 days ,Male,,,,8141.212,1449.084,8680.714
211550_6742_x19175_y17279,211550,mouse,NCBI:txid10090,Chrna6-IRES2-FlpO-WPRE-neo,cell morphology,fMOST,VISp5,cells,1,Allen Institute for Brain Science ,Sorensen ,1-U19-MH114830-01,zeng_fmost,BIL,,,,89 days ,Male,,,,8074.565,1079.299,7994.798
211550_7524_x21483_y15565,211550,mouse,NCBI:txid10090,Chrna6-IRES2-FlpO-WPRE-neo,cell morphology,fMOST,VISp5,cells,1,Allen Institute for Brain Science ,Sorensen ,1-U19-MH114830-01,zeng_fmost,BIL,,,,89 days ,Male,,,,9122.161,1759.56,8998.404
211550_7555_x20812_y16162,211550,mouse,NCBI:txid10090,Chrna6-IRES2-FlpO-WPRE-neo,cell morphology,fMOST,VISp5,cells,1,Allen Institute for Brain Science ,Sorensen ,1-U19-MH114830-01,zeng_fmost,BIL,,,,89 days ,Male,,,,9146.62,1524.503,8638.895
211550_7718_x19461_y16950,211550,mouse,NCBI:txid10090,Chrna6-IRES2-FlpO-WPRE-neo,cell morphology,fMOST,VISp5,cells,1,Allen Institute for Brain Science ,Sorensen ,1-U19-MH114830-01,zeng_fmost,BIL,,,,89 days ,Male,,,,9344.26,1204.98,7981.523
211550_7772_x7691_y18498,211550,mouse,NCBI:txid10090,Chrna6-IRES2-FlpO-WPRE-neo,cell morphology,fMOST,VISp5,cells,1,Allen Institute for Brain Science ,Sorensen ,1-U19-MH114830-01,zeng_fmost,BIL,,,,89 days ,Male,,,,8942.767,1381.315,2922.298
211550_7942_x7116_y18251,211550,mouse,NCBI:txid10090,Chrna6-IRES2-FlpO-WPRE-neo,cell morphology,fMOST,VISp5,cells,1,Allen Institute for Brain Science ,Sorensen ,1-U19-MH114830-01,zeng_fmost,BIL,,,,89 days ,Male,,,,9151.687,1533.45,2681.604
211796_6490_x17276_y17066,211796,mouse,NCBI:txid10090,Chrna6-IRES2-FlpO-WPRE-neo,cell morphology,fMOST,VISpm5,cells,1,Allen Institute for Brain Science ,Sorensen ,1-U19-MH114830-01,zeng_fmost,BIL,,,,103 days ,Male,,,,8036.827,797.965,7277.706
211796_7238_x7037_y16980,211796,mouse,NCBI:txid10090,Chrna6-IRES2-FlpO-WPRE-neo,cell morphology,fMOST,VISp5,cells,1,Allen Institute for Brain Science ,Sorensen ,1-U19-MH114830-01,zeng_fmost,BIL,,,,103 days ,Male,,,,8858.365,1523.342,2565.607
211796_7334_x21168_y15440,211796,mouse,NCBI:txid10090,Chrna6-IRES2-FlpO-WPRE-neo,cell morphology,fMOST,VISp5,cells,1,Allen Institute for Brain Science ,Sorensen ,1-U19-MH114830-01,zeng_fmost,BIL,,,,103 days ,Male,,,,9210.441,1789.601,9025.147
211796_7385_x18532_y16902,211796,mouse,NCBI:txid10090,Chrna6-IRES2-FlpO-WPRE-neo,cell morphology,fMOST,VISp4,cells,1,Allen Institute for Brain Science ,Sorensen ,1-U19-MH114830-01,zeng_fmost,BIL,,,,103 days ,Male,,,,9240.206,975.839,7777.722
211796_7534_x18739_y16699,211796,mouse,NCBI:txid10090,Chrna6-IRES2-FlpO-WPRE-neo,cell morphology,fMOST,VISp5,cells,1,Allen Institute for Brain Science ,Sorensen ,1-U19-MH114830-01,zeng_fmost,BIL,,,,103 days ,Male,,,,9441.458,1119.536,7854.668
220307_6913_x8802_y21284,220307,mouse,NCBI:txid10090,Batf3-IRES2-FlpO-WPRE-neo,cell morphology,fMOST,VISa5,cells,1,Allen Institute for Brain Science ,Sorensen ,1-U19-MH114830-01,zeng_fmost,BIL,,,,69 days ,Male,,,,7513.59,896.572,3861.875
220307_7080_x19635_y21599,220307,mouse,NCBI:txid10090,Batf3-IRES2-FlpO-WPRE-neo,cell morphology,fMOST,VISrl6a,cells,1,Allen Institute for Brain Science ,Sorensen ,1-U19-MH114830-01,zeng_fmost,BIL,,,,69 days ,Male,,,,7728.202,1638.2,8626.443
220307_7098_x6694_y19987,220307,mouse,NCBI:txid10090,Batf3-IRES2-FlpO-WPRE-neo,cell morphology,fMOST,VISrl6a,cells,1,Allen Institute for Brain Science ,Sorensen ,1-U19-MH114830-01,zeng_fmost,BIL,,,,69 days ,Male,,,,7914.611,1508.208,2938.555
220307_7116_x8416_y21177,220307,mouse,NCBI:txid10090,Batf3-IRES2-FlpO-WPRE-neo,cell morphology,fMOST,VISam5,cells,1,Allen Institute for Brain Science ,Sorensen ,1-U19-MH114830-01,zeng_fmost,BIL,,,,69 days ,Male,,,,7771.001,890.135,3684.043
220307_7229_x18109_y21959,220307,mouse,NCBI:txid10090,Batf3-IRES2-FlpO-WPRE-neo,cell morphology,fMOST,VISp6a,cells,1,Allen Institute for Brain Science ,Sorensen ,1-U19-MH114830-01,zeng_fmost,BIL,,,,69 days ,Male,,,,7879.491,1250.146,8029.042
220307_7390_x9129_y21344,220307,mouse,NCBI:txid10090,Batf3-IRES2-FlpO-WPRE-neo,cell morphology,fMOST,VISpm5,cells,1,Allen Institute for Brain Science ,Sorensen ,1-U19-MH114830-01,zeng_fmost,BIL,,,,69 days ,Male,,,,8094.675,726.073,4024.148
220307_7919_x20996_y20456,220307,mouse,NCBI:txid10090,Batf3-IRES2-FlpO-WPRE-neo,cell morphology,fMOST,VISl6a,cells,1,Allen Institute for Brain Science ,Sorensen ,1-U19-MH114830-01,zeng_fmost,BIL,,,,69 days ,Male,,,,8971.951,2097.926,9073.561
220307_8198_x20188_y20372,220307,mouse,NCBI:txid10090,Batf3-IRES2-FlpO-WPRE-neo,cell morphology,fMOST,VISp6a,cells,1,Allen Institute for Brain Science ,Sorensen ,1-U19-MH114830-01,zeng_fmost,BIL,,,,69 days ,Male,,,,9331.228,1984.373,8748.094
220308_6054_x20031_y16355,220308,mouse,NCBI:txid10090,Batf3-IRES2-FlpO-WPRE-neo,cell morphology,fMOST,VISa6a,cells,1,Allen Institute for Brain Science ,Sorensen ,1-U19-MH114830-01,zeng_fmost,BIL,,,,69 days ,Female,,,,7241.842,1251.297,7813.858
220308_6492_x9152_y16947,220308,mouse,NCBI:txid10090,Batf3-IRES2-FlpO-WPRE-neo,cell morphology,fMOST,VISp6a,cells,1,Allen Institute for Brain Science ,Sorensen ,1-U19-MH114830-01,zeng_fmost,BIL,,,,69 days ,Female,,,,7871.21,1333.21,3252.634
220308_6541_x9681_y17291,220308,mouse,NCBI:txid10090,Batf3-IRES2-FlpO-WPRE-neo,cell morphology,fMOST,VISp5,cells,1,Allen Institute for Brain Science ,Sorensen ,1-U19-MH114830-01,zeng_fmost,BIL,,,,69 days ,Female,,,,7912.973,1083.712,3457.463
220308_6638_x10400_y17315,220308,mouse,NCBI:txid10090,Batf3-IRES2-FlpO-WPRE-neo,cell morphology,fMOST,VISpm5,cells,1,Allen Institute for Brain Science ,Sorensen ,1-U19-MH114830-01,zeng_fmost,BIL,,,,69 days ,Female,,,,8024.634,1038.28,3773.239
220308_6660_x23024_y15563,220308,mouse,NCBI:txid10090,Batf3-IRES2-FlpO-WPRE-neo,cell morphology,fMOST,VISal5,cells,1,Allen Institute for Brain Science ,Sorensen ,1-U19-MH114830-01,zeng_fmost,BIL,,,,69 days ,Female,,,,8037.236,1662.965,9160.371
220308_6702_x23195_y15415,220308,mouse,NCBI:txid10090,Batf3-IRES2-FlpO-WPRE-neo,cell morphology,fMOST,VISal5,cells,1,Allen Institute for Brain Science ,Sorensen ,1-U19-MH114830-01,zeng_fmost,BIL,,,,69 days ,Female,,,,8088.384,1741.413,9236.375
220308_6723_x23664_y14930,220308,mouse,NCBI:txid10090,Batf3-IRES2-FlpO-WPRE-neo,cell morphology,fMOST,VISal5,cells,1,Allen Institute for Brain Science ,Sorensen ,1-U19-MH114830-01,zeng_fmost,BIL,,,,69 days ,Female,,,,8106.749,1989.407,9434.621
220308_6761_x10353_y16971,220308,mouse,NCBI:txid10090,Batf3-IRES2-FlpO-WPRE-neo,cell morphology,fMOST,or,cells,1,Allen Institute for Brain Science ,Sorensen ,1-U19-MH114830-01,zeng_fmost,BIL,,,,69 days ,Female,,,,8176.83,1307.747,3775.523
220308_7065_x21542_y16233,220308,mouse,NCBI:txid10090,Batf3-IRES2-FlpO-WPRE-neo,cell morphology,fMOST,VISp5,cells,1,Allen Institute for Brain Science ,Sorensen ,1-U19-MH114830-01,zeng_fmost,BIL,,,,69 days ,Female,,,,8533.034,1438.593,8503.56
220308_7099_x22371_y15536,220308,mouse,NCBI:txid10090,Batf3-IRES2-FlpO-WPRE-neo,cell morphology,fMOST,VISl6a,cells,1,Allen Institute for Brain Science ,Sorensen ,1-U19-MH114830-01,zeng_fmost,BIL,,,,69 days ,Female,,,,8570.68,1800.391,8855.953
220308_7209_x6269_y16507,220308,mouse,NCBI:txid10090,Batf3-IRES2-FlpO-WPRE-neo,cell morphology,fMOST,VISl2/3,cells,1,Allen Institute for Brain Science ,Sorensen ,1-U19-MH114830-01,zeng_fmost,BIL,,,,69 days ,Female,,,,8757.293,1628.939,2015.247
220308_7210_x22027_y15603,220308,mouse,NCBI:txid10090,Batf3-IRES2-FlpO-WPRE-neo,cell morphology,fMOST,VISp6a,cells,1,Allen Institute for Brain Science ,Sorensen ,1-U19-MH114830-01,zeng_fmost,BIL,,,,69 days ,Female,,,,8697.864,1803.188,8702.518
220308_7775_x8240_y16877,220308,mouse,NCBI:txid10090,Batf3-IRES2-FlpO-WPRE-neo,cell morphology,fMOST,VISp5,cells,1,Allen Institute for Brain Science ,Sorensen ,1-U19-MH114830-01,zeng_fmost,BIL,,,,69 days ,Female,,,,9435.525,1474.812,2898.801
220308_7820_x21073_y15878,220308,mouse,NCBI:txid10090,Batf3-IRES2-FlpO-WPRE-neo,cell morphology,fMOST,VISp6a,cells,1,Allen Institute for Brain Science ,Sorensen ,1-U19-MH114830-01,zeng_fmost,BIL,,,,69 days ,Female,,,,9497.661,1718.22,8277.396
220308_7875_x22200_y14877,220308,mouse,NCBI:txid10090,Batf3-IRES2-FlpO-WPRE-neo,cell morphology,fMOST,VISp6a,cells,1,Allen Institute for Brain Science ,Sorensen ,1-U19-MH114830-01,zeng_fmost,BIL,,,,69 days ,Female,,,,9516.658,2191.79,8785.096
220308_8021_x22273_y14515,220308,mouse,NCBI:txid10090,Batf3-IRES2-FlpO-WPRE-neo,cell morphology,fMOST,VISpl6b,cells,1,Allen Institute for Brain Science ,Sorensen ,1-U19-MH114830-01,zeng_fmost,BIL,,,,69 days ,Female,,,,9710.696,2374.79,8822.27
220309_6744_x9496_y18547,220309,mouse,NCBI:txid10090,Batf3-IRES2-FlpO-WPRE-neo,cell morphology,fMOST,VISpm2/3,cells,1,Allen Institute for Brain Science ,Sorensen ,1-U19-MH114830-01,zeng_fmost,BIL,,,,78 days ,Female,,,,8330.956,613.443,3896.957
220315_6442_x7542_y17434,220315,mouse,NCBI:txid10090,Chrna6-IRES2-FlpO-neo,cell morphology,fMOST,VISrl4,cells,1,Allen Institute for Brain Science ,Sorensen ,1-U19-MH114830-01,zeng_fmost,BIL,,,,117 days ,Male,,,,7748.333,1263.903,2541.564